State,District,Market,Commodity,Variety,Grade,Arrival_Date,Year,Month,Day,Season,Rainfall_mm,Temperature_C,Humidity_percent,Min_Price,Max_Price,Modal_Price
Bihar,East Champaran/ Motihari,Raxaul APMC,Onion,1st Sort,Grade A,01/02/2026,2026,2,1,Winter,12.9,18.2,43.7,4034.2,4165.0,4109.9
Bihar,East Champaran/ Motihari,Raxaul APMC,Onion,1st Sort,Grade A,01/03/2026,2026,3,1,Summer,11.5,22.5,50.0,4629.7,4810.9,4725.3
Bihar,East Champaran/ Motihari,Raxaul APMC,Onion,1st Sort,Grade A,02/08/2026,2026,8,2,Monsoon,113.4,32.9,60.7,5568.3,5952.2,5777.1
Bihar,East Champaran/ Motihari,Raxaul APMC,Onion,1st Sort,Grade A,02/11/2025,2025,11,2,Post-Monsoon,73.7,23.4,65.0,4224.5,4539.3,4351.9
Bihar,East Champaran/ Motihari,Raxaul APMC,Onion,1st Sort,Grade A,03/05/2026,2026,5,3,Summer,19.5,31.3,45.9,4784.7,4916.6,4866.1
Bihar,East Champaran/ Motihari,Raxaul APMC,Onion,1st Sort,Grade A,04/01/2026,2026,1,4,Winter,14.6,18.1,50.0,3819.3,4044.2,3918.9
Bihar,East Champaran/ Motihari,Raxaul APMC,Onion,1st Sort,Grade A,05/04/2026,2026,4,5,Summer,8.3,28.3,43.4,4525.9,4880.5,4708.6
Bihar,East Champaran/ Motihari,Raxaul APMC,Onion,1st Sort,Grade A,05/07/2026,2026,7,5,Monsoon,215.2,33.0,80.5,6257.1,6536.1,6435.4
Bihar,East Champaran/ Motihari,Raxaul APMC,Onion,1st Sort,Grade A,05/10/2025,2025,10,5,Post-Monsoon,26.3,27.6,45.2,4014.2,4237.1,4109.8
Bihar,East Champaran/ Motihari,Raxaul APMC,Onion,1st Sort,Grade A,06/09/2026,2026,9,6,Monsoon,169.3,31.7,74.5,5978.1,6204.9,6081.5
Bihar,East Champaran/ Motihari,Raxaul APMC,Onion,1st Sort,Grade A,07/06/2026,2026,6,7,Monsoon,134.4,35.2,63.8,5747.8,5908.5,5815.3
Bihar,East Champaran/ Motihari,Raxaul APMC,Onion,1st Sort,Grade A,07/12/2025,2025,12,7,Winter,3.2,21.6,39.3,3743.9,3902.4,3828.6
Bihar,East Champaran/ Motihari,Raxaul APMC,Onion,1st Sort,Grade A,08/02/2026,2026,2,8,Winter,13.2,21.2,50.2,4003.1,4191.8,4069.0
Bihar,East Champaran/ Motihari,Raxaul APMC,Onion,1st Sort,Grade A,08/03/2026,2026,3,8,Summer,8.7,21.4,50.1,4786.4,5073.7,4937.5
Bihar,East Champaran/ Motihari,Raxaul APMC,Onion,1st Sort,Grade A,09/08/2026,2026,8,9,Monsoon,127.8,29.2,67.0,5981.6,6272.1,6088.2
Bihar,East Champaran/ Motihari,Raxaul APMC,Onion,1st Sort,Grade A,09/11/2025,2025,11,9,Post-Monsoon,21.1,23.9,50.4,4354.9,4554.9,4451.1
Bihar,East Champaran/ Motihari,Raxaul APMC,Onion,1st Sort,Grade A,10/05/2026,2026,5,10,Summer,15.9,29.8,44.5,4836.3,5019.8,4919.7
Bihar,East Champaran/ Motihari,Raxaul APMC,Onion,1st Sort,Grade A,11/01/2026,2026,1,11,Winter,19.6,19.6,48.9,3798.8,3947.1,3882.8
Bihar,East Champaran/ Motihari,Raxaul APMC,Onion,1st Sort,Grade A,12/04/2026,2026,4,12,Summer,8.0,27.9,51.5,4748.8,5009.4,4852.1
Bihar,East Champaran/ Motihari,Raxaul APMC,Onion,1st Sort,Grade A,12/07/2026,2026,7,12,Monsoon,235.1,35.8,82.3,6408.8,6574.3,6508.5
Bihar,East Champaran/ Motihari,Raxaul APMC,Onion,1st Sort,Grade A,12/10/2025,2025,10,12,Post-Monsoon,30.3,27.1,50.1,3978.0,4252.2,4138.5
Bihar,East Champaran/ Motihari,Raxaul APMC,Onion,1st Sort,Grade A,13/09/2026,2026,9,13,Monsoon,236.5,33.7,83.0,6079.3,6196.5,6141.0
Bihar,East Champaran/ Motihari,Raxaul APMC,Onion,1st Sort,Grade A,14/06/2026,2026,6,14,Monsoon,94.6,34.1,60.8,5379.9,5553.3,5448.5
Bihar,East Champaran/ Motihari,Raxaul APMC,Onion,1st Sort,Grade A,14/12/2025,2025,12,14,Winter,6.9,23.1,43.3,3921.0,4348.7,4142.7
Bihar,East Champaran/ Motihari,Raxaul APMC,Onion,1st Sort,Grade A,15/02/2026,2026,2,15,Winter,18.2,18.9,47.7,4408.7,4706.0,4591.8
Bihar,East Champaran/ Motihari,Raxaul APMC,Onion,1st Sort,Grade A,15/03/2026,2026,3,15,Summer,10.8,20.0,47.8,4498.8,4736.9,4641.1
Bihar,East Champaran/ Motihari,Raxaul APMC,Onion,1st Sort,Grade A,16/08/2026,2026,8,16,Monsoon,225.0,36.1,82.8,6287.5,6680.6,6477.5
Bihar,East Champaran/ Motihari,Raxaul APMC,Onion,1st Sort,Grade A,16/11/2025,2025,11,16,Post-Monsoon,62.9,21.6,58.2,4270.1,4558.5,4433.6
Bihar,East Champaran/ Motihari,Raxaul APMC,Onion,1st Sort,Grade A,17/05/2026,2026,5,17,Summer,9.3,29.9,46.8,4414.6,4567.7,4497.8
Bihar,East Champaran/ Motihari,Raxaul APMC,Onion,1st Sort,Grade A,18/01/2026,2026,1,18,Winter,6.2,17.3,44.2,3887.1,4232.4,4076.1
Bihar,East Champaran/ Motihari,Raxaul APMC,Onion,1st Sort,Grade A,19/04/2026,2026,4,19,Summer,11.3,27.6,44.2,4465.1,4697.0,4601.4
Bihar,East Champaran/ Motihari,Raxaul APMC,Onion,1st Sort,Grade A,19/07/2026,2026,7,19,Monsoon,80.1,33.9,64.1,5522.9,5695.7,5594.1
Bihar,East Champaran/ Motihari,Raxaul APMC,Onion,1st Sort,Grade A,19/10/2025,2025,10,19,Post-Monsoon,70.3,27.0,54.8,4480.4,4651.4,4567.2
Bihar,East Champaran/ Motihari,Raxaul APMC,Onion,1st Sort,Grade A,20/09/2026,2026,9,20,Monsoon,174.0,30.7,72.8,6185.1,6420.2,6291.2
Bihar,East Champaran/ Motihari,Raxaul APMC,Onion,1st Sort,Grade A,21/06/2026,2026,6,21,Monsoon,198.5,35.0,75.6,6336.3,6563.2,6463.6
Bihar,East Champaran/ Motihari,Raxaul APMC,Onion,1st Sort,Grade A,21/12/2025,2025,12,21,Winter,13.2,18.5,41.1,3983.0,4280.5,4114.8
Bihar,East Champaran/ Motihari,Raxaul APMC,Onion,1st Sort,Grade A,22/02/2026,2026,2,22,Winter,14.1,19.6,45.1,3831.0,4157.9,3987.8
Bihar,East Champaran/ Motihari,Raxaul APMC,Onion,1st Sort,Grade A,22/03/2026,2026,3,22,Summer,11.6,21.6,44.8,4324.9,4523.8,4452.1
Bihar,East Champaran/ Motihari,Raxaul APMC,Onion,1st Sort,Grade A,23/08/2026,2026,8,23,Monsoon,236.6,36.2,81.4,6447.6,6599.7,6537.6
Bihar,East Champaran/ Motihari,Raxaul APMC,Onion,1st Sort,Grade A,23/11/2025,2025,11,23,Post-Monsoon,67.7,22.5,57.1,4150.6,4352.4,4237.7
Bihar,East Champaran/ Motihari,Raxaul APMC,Onion,1st Sort,Grade A,24/05/2026,2026,5,24,Summer,17.6,32.7,45.7,4663.0,4947.2,4769.3
Bihar,East Champaran/ Motihari,Raxaul APMC,Onion,1st Sort,Grade A,25/01/2026,2026,1,25,Winter,16.3,17.0,48.1,3732.4,3976.1,3838.6
Bihar,East Champaran/ Motihari,Raxaul APMC,Onion,1st Sort,Grade A,26/04/2026,2026,4,26,Summer,13.0,26.5,48.1,4561.7,4683.2,4608.8
Bihar,East Champaran/ Motihari,Raxaul APMC,Onion,1st Sort,Grade A,26/07/2026,2026,7,26,Monsoon,142.2,36.0,66.1,5420.5,5706.4,5540.7
Bihar,East Champaran/ Motihari,Raxaul APMC,Onion,1st Sort,Grade A,26/10/2025,2025,10,26,Post-Monsoon,62.4,25.7,53.0,4072.7,4317.8,4196.1
Bihar,East Champaran/ Motihari,Raxaul APMC,Onion,1st Sort,Grade A,28/06/2026,2026,6,28,Monsoon,122.3,31.7,68.9,5930.0,6197.5,6076.3
Bihar,East Champaran/ Motihari,Raxaul APMC,Onion,1st Sort,Grade A,28/12/2025,2025,12,28,Winter,11.9,20.0,43.8,4109.4,4277.1,4204.2
Bihar,East Champaran/ Motihari,Raxaul APMC,Onion,1st Sort,Grade A,29/03/2026,2026,3,29,Summer,7.0,25.4,41.9,4658.9,4973.8,4779.9
Bihar,East Champaran/ Motihari,Raxaul APMC,Onion,1st Sort,Grade A,30/08/2026,2026,8,30,Monsoon,144.2,31.4,67.4,6260.0,6479.6,6372.1
Bihar,East Champaran/ Motihari,Raxaul APMC,Onion,1st Sort,Grade A,30/11/2025,2025,11,30,Post-Monsoon,55.5,22.6,56.4,4058.9,4200.4,4147.6
Bihar,East Champaran/ Motihari,Raxaul APMC,Onion,1st Sort,Grade A,31/05/2026,2026,5,31,Summer,9.4,31.0,47.7,4401.2,4741.8,4574.0
Haryana,Hissar,Hansi APMC,Onion,Other,FAQ,01/02/2026,2026,2,1,Winter,1.8,20.3,48.3,4562.1,4798.4,4660.8
Haryana,Hissar,Hansi APMC,Onion,Other,FAQ,01/03/2026,2026,3,1,Summer,11.5,25.3,47.7,5316.1,5428.0,5373.8
Haryana,Hissar,Hansi APMC,Onion,Other,FAQ,02/08/2026,2026,8,2,Monsoon,112.1,36.1,60.5,6459.6,6615.1,6528.8
Haryana,Hissar,Hansi APMC,Onion,Other,FAQ,02/11/2025,2025,11,2,Post-Monsoon,42.9,21.3,55.1,4751.1,5069.7,4917.2
Haryana,Hissar,Hansi APMC,Onion,Other,FAQ,03/05/2026,2026,5,3,Summer,7.9,31.1,45.4,5320.3,5537.4,5443.5
Haryana,Hissar,Hansi APMC,Onion,Other,FAQ,04/01/2026,2026,1,4,Winter,18.9,19.9,46.3,4516.1,4811.9,4674.8
Haryana,Hissar,Hansi APMC,Onion,Other,FAQ,05/04/2026,2026,4,5,Summer,4.4,27.1,45.2,5097.6,5270.0,5160.2
Haryana,Hissar,Hansi APMC,Onion,Other,FAQ,05/07/2026,2026,7,5,Monsoon,207.6,33.2,75.5,7107.0,7348.9,7208.9
Haryana,Hissar,Hansi APMC,Onion,Other,FAQ,05/10/2025,2025,10,5,Post-Monsoon,21.6,30.3,51.7,4529.2,4843.0,4693.1
Haryana,Hissar,Hansi APMC,Onion,Other,FAQ,06/09/2026,2026,9,6,Monsoon,241.2,29.1,81.3,7019.7,7366.7,7175.7
Haryana,Hissar,Hansi APMC,Onion,Other,FAQ,07/06/2026,2026,6,7,Monsoon,164.9,30.3,70.8,6478.9,6615.9,6535.5
Haryana,Hissar,Hansi APMC,Onion,Other,FAQ,07/12/2025,2025,12,7,Winter,12.2,19.3,46.9,4495.6,4680.5,4577.7
Haryana,Hissar,Hansi APMC,Onion,Other,FAQ,08/02/2026,2026,2,8,Winter,19.1,21.2,49.7,4570.4,4825.1,4687.4
Haryana,Hissar,Hansi APMC,Onion,Other,FAQ,08/03/2026,2026,3,8,Summer,9.2,24.5,46.4,5201.7,5481.6,5343.7
Haryana,Hissar,Hansi APMC,Onion,Other,FAQ,09/08/2026,2026,8,9,Monsoon,168.4,33.7,73.4,6844.2,7123.9,6986.6
Haryana,Hissar,Hansi APMC,Onion,Other,FAQ,09/11/2025,2025,11,9,Post-Monsoon,61.8,23.2,62.7,5213.7,5362.2,5276.2
Haryana,Hissar,Hansi APMC,Onion,Other,FAQ,10/05/2026,2026,5,10,Summer,17.9,32.0,53.7,4985.7,5118.6,5053.8
Haryana,Hissar,Hansi APMC,Onion,Other,FAQ,11/01/2026,2026,1,11,Winter,8.1,17.2,43.1,4463.8,4792.7,4600.7
Haryana,Hissar,Hansi APMC,Onion,Other,FAQ,12/04/2026,2026,4,12,Summer,15.6,26.7,47.7,5436.9,5608.4,5532.1
Haryana,Hissar,Hansi APMC,Onion,Other,FAQ,12/07/2026,2026,7,12,Monsoon,96.4,38.3,56.9,6837.3,7099.7,6973.7
Haryana,Hissar,Hansi APMC,Onion,Other,FAQ,12/10/2025,2025,10,12,Post-Monsoon,63.2,29.3,54.7,5017.5,5156.5,5100.2
Haryana,Hissar,Hansi APMC,Onion,Other,FAQ,13/09/2026,2026,9,13,Monsoon,176.9,31.8,73.6,6790.7,7145.0,6997.4
Haryana,Hissar,Hansi APMC,Onion,Other,FAQ,14/06/2026,2026,6,14,Monsoon,99.0,36.6,60.0,6395.7,6730.5,6590.5
Haryana,Hissar,Hansi APMC,Onion,Other,FAQ,14/12/2025,2025,12,14,Winter,17.0,23.6,49.8,4330.8,4472.0,4390.9
Haryana,Hissar,Hansi APMC,Onion,Other,FAQ,15/02/2026,2026,2,15,Winter,6.1,21.7,48.5,4752.5,4936.1,4853.2
Haryana,Hissar,Hansi APMC,Onion,Other,FAQ,15/03/2026,2026,3,15,Summer,1.0,23.9,35.8,5221.4,5392.3,5302.6
Haryana,Hissar,Hansi APMC,Onion,Other,FAQ,16/08/2026,2026,8,16,Monsoon,236.2,33.5,84.3,7578.7,7844.3,7688.8
Haryana,Hissar,Hansi APMC,Onion,Other,FAQ,16/11/2025,2025,11,16,Post-Monsoon,76.7,25.6,58.2,5149.2,5289.4,5222.3
Haryana,Hissar,Hansi APMC,Onion,Other,FAQ,17/05/2026,2026,5,17,Summer,16.0,32.9,52.1,5098.1,5386.4,5242.0
Haryana,Hissar,Hansi APMC,Onion,Other,FAQ,18/01/2026,2026,1,18,Winter,0.7,19.6,45.3,4156.9,4319.6,4240.9
Haryana,Hissar,Hansi APMC,Onion,Other,FAQ,19/04/2026,2026,4,19,Summer,0.9,26.8,42.8,5034.7,5285.7,5142.9
Haryana,Hissar,Hansi APMC,Onion,Other,FAQ,19/07/2026,2026,7,19,Monsoon,126.9,34.1,67.1,6748.7,7012.3,6889.2
Haryana,Hissar,Hansi APMC,Onion,Other,FAQ,19/10/2025,2025,10,19,Post-Monsoon,60.5,26.6,50.0,4872.6,5101.1,4990.5
Haryana,Hissar,Hansi APMC,Onion,Other,FAQ,20/09/2026,2026,9,20,Monsoon,165.5,30.4,73.3,6758.6,7117.0,6909.0
Haryana,Hissar,Hansi APMC,Onion,Other,FAQ,21/06/2026,2026,6,21,Monsoon,228.7,35.1,79.2,7318.7,7624.2,7454.5
Haryana,Hissar,Hansi APMC,Onion,Other,FAQ,21/12/2025,2025,12,21,Winter,3.7,23.7,46.5,4499.3,4743.2,4595.0
Haryana,Hissar,Hansi APMC,Onion,Other,FAQ,22/02/2026,2026,2,22,Winter,13.0,19.4,49.8,4797.8,5137.6,4930.8
Haryana,Hissar,Hansi APMC,Onion,Other,FAQ,22/03/2026,2026,3,22,Summer,4.1,22.8,47.3,5532.7,5717.0,5602.4
Haryana,Hissar,Hansi APMC,Onion,Other,FAQ,23/08/2026,2026,8,23,Monsoon,139.0,32.5,67.1,6799.2,7024.7,6906.8
Haryana,Hissar,Hansi APMC,Onion,Other,FAQ,23/11/2025,2025,11,23,Post-Monsoon,71.2,24.8,61.1,4385.2,4810.9,4600.8
Haryana,Hissar,Hansi APMC,Onion,Other,FAQ,24/05/2026,2026,5,24,Summer,11.8,30.3,49.1,5260.9,5530.3,5373.8
Haryana,Hissar,Hansi APMC,Onion,Other,FAQ,25/01/2026,2026,1,25,Winter,12.2,16.3,45.0,4551.0,4760.9,4687.0
Haryana,Hissar,Hansi APMC,Onion,Other,FAQ,26/04/2026,2026,4,26,Summer,2.5,28.4,49.2,5119.6,5374.5,5251.4
Haryana,Hissar,Hansi APMC,Onion,Other,FAQ,26/07/2026,2026,7,26,Monsoon,152.3,33.2,65.8,6685.0,6919.4,6810.1
Haryana,Hissar,Hansi APMC,Onion,Other,FAQ,26/10/2025,2025,10,26,Post-Monsoon,56.1,30.2,51.8,5269.9,5486.8,5354.8
Haryana,Hissar,Hansi APMC,Onion,Other,FAQ,28/06/2026,2026,6,28,Monsoon,159.3,36.2,73.9,6703.8,6868.6,6766.7
Haryana,Hissar,Hansi APMC,Onion,Other,FAQ,28/12/2025,2025,12,28,Winter,12.4,23.0,44.7,4529.6,4750.2,4631.2
Haryana,Hissar,Hansi APMC,Onion,Other,FAQ,29/03/2026,2026,3,29,Summer,19.7,23.3,51.2,5318.2,5616.3,5460.2
Haryana,Hissar,Hansi APMC,Onion,Other,FAQ,30/08/2026,2026,8,30,Monsoon,206.6,31.1,79.5,6154.9,6483.6,6334.6
Haryana,Hissar,Hansi APMC,Onion,Other,FAQ,30/11/2025,2025,11,30,Post-Monsoon,28.5,22.1,54.2,4857.1,5055.6,4951.8
Haryana,Hissar,Hansi APMC,Onion,Other,FAQ,31/05/2026,2026,5,31,Summer,15.4,28.9,49.9,5099.1,5245.2,5180.3
Haryana,Rewari,Kosli APMC,Onion,Other,FAQ,01/02/2026,2026,2,1,Winter,4.4,17.3,46.5,2661.1,2857.3,2749.3
Haryana,Rewari,Kosli APMC,Onion,Other,FAQ,01/03/2026,2026,3,1,Summer,2.8,21.4,43.7,3146.2,3415.7,3251.7
Haryana,Rewari,Kosli APMC,Onion,Other,FAQ,02/08/2026,2026,8,2,Monsoon,108.2,35.4,63.2,4016.4,4256.8,4131.4
Haryana,Rewari,Kosli APMC,Onion,Other,FAQ,02/11/2025,2025,11,2,Post-Monsoon,49.6,23.1,57.3,2854.0,3037.0,2954.2
Haryana,Rewari,Kosli APMC,Onion,Other,FAQ,03/05/2026,2026,5,3,Summer,5.1,30.6,46.4,2907.4,3164.8,3039.2
Haryana,Rewari,Kosli APMC,Onion,Other,FAQ,04/01/2026,2026,1,4,Winter,8.4,18.3,48.9,2710.5,2888.6,2810.7
Haryana,Rewari,Kosli APMC,Onion,Other,FAQ,05/04/2026,2026,4,5,Summer,8.0,26.6,50.5,2922.3,3169.2,3067.3
Haryana,Rewari,Kosli APMC,Onion,Other,FAQ,05/07/2026,2026,7,5,Monsoon,152.7,35.3,69.3,4206.5,4527.1,4335.7
Haryana,Rewari,Kosli APMC,Onion,Other,FAQ,05/10/2025,2025,10,5,Post-Monsoon,21.0,28.2,52.5,2935.2,3167.9,3039.9
Haryana,Rewari,Kosli APMC,Onion,Other,FAQ,06/09/2026,2026,9,6,Monsoon,198.0,28.7,77.9,3949.6,4194.4,4076.8
Haryana,Rewari,Kosli APMC,Onion,Other,FAQ,07/06/2026,2026,6,7,Monsoon,116.8,33.8,66.7,3857.8,4130.5,3972.2
Haryana,Rewari,Kosli APMC,Onion,Other,FAQ,07/12/2025,2025,12,7,Winter,14.4,20.8,45.3,2703.2,2955.1,2835.9
Haryana,Rewari,Kosli APMC,Onion,Other,FAQ,08/02/2026,2026,2,8,Winter,3.5,20.3,42.9,2519.7,2830.2,2675.2
Haryana,Rewari,Kosli APMC,Onion,Other,FAQ,08/03/2026,2026,3,8,Summer,9.5,24.2,45.7,2940.3,3111.5,3022.3
Haryana,Rewari,Kosli APMC,Onion,Other,FAQ,09/08/2026,2026,8,9,Monsoon,86.5,35.8,60.8,3572.5,3882.4,3731.9
Haryana,Rewari,Kosli APMC,Onion,Other,FAQ,09/11/2025,2025,11,9,Post-Monsoon,22.8,20.1,46.3,3048.2,3209.4,3120.0
Haryana,Rewari,Kosli APMC,Onion,Other,FAQ,10/05/2026,2026,5,10,Summer,5.5,29.8,46.3,3237.8,3422.6,3329.9
Haryana,Rewari,Kosli APMC,Onion,Other,FAQ,11/01/2026,2026,1,11,Winter,15.8,20.2,48.9,2569.9,2719.9,2641.9
Haryana,Rewari,Kosli APMC,Onion,Other,FAQ,12/04/2026,2026,4,12,Summer,12.4,27.2,40.6,2999.2,3319.3,3114.1
Haryana,Rewari,Kosli APMC,Onion,Other,FAQ,12/07/2026,2026,7,12,Monsoon,127.2,34.8,62.4,3763.5,3946.1,3846.7
Haryana,Rewari,Kosli APMC,Onion,Other,FAQ,12/10/2025,2025,10,12,Post-Monsoon,44.0,26.0,53.7,2761.5,2976.4,2845.9
Haryana,Rewari,Kosli APMC,Onion,Other,FAQ,13/09/2026,2026,9,13,Monsoon,220.5,30.5,83.4,4033.2,4318.6,4184.3
Haryana,Rewari,Kosli APMC,Onion,Other,FAQ,14/06/2026,2026,6,14,Monsoon,164.1,33.3,73.5,4170.3,4344.0,4246.4
Haryana,Rewari,Kosli APMC,Onion,Other,FAQ,14/12/2025,2025,12,14,Winter,17.0,19.1,44.7,2630.8,2886.3,2793.4
Haryana,Rewari,Kosli APMC,Onion,Other,FAQ,15/02/2026,2026,2,15,Winter,10.8,20.8,48.6,2749.3,3068.8,2890.7
Haryana,Rewari,Kosli APMC,Onion,Other,FAQ,15/03/2026,2026,3,15,Summer,7.2,23.8,46.7,2856.0,3153.0,3009.6
Haryana,Rewari,Kosli APMC,Onion,Other,FAQ,16/08/2026,2026,8,16,Monsoon,162.6,35.1,70.6,3686.5,3971.8,3837.6
Haryana,Rewari,Kosli APMC,Onion,Other,FAQ,16/11/2025,2025,11,16,Post-Monsoon,47.3,23.7,47.1,3253.3,3419.3,3335.7
Haryana,Rewari,Kosli APMC,Onion,Other,FAQ,17/05/2026,2026,5,17,Summer,9.6,32.8,49.4,3045.4,3274.2,3150.8
Haryana,Rewari,Kosli APMC,Onion,Other,FAQ,18/01/2026,2026,1,18,Winter,13.1,20.0,43.2,2814.1,3015.3,2921.4
Haryana,Rewari,Kosli APMC,Onion,Other,FAQ,19/04/2026,2026,4,19,Summer,0.6,27.4,46.3,2878.7,3218.0,3095.8
Haryana,Rewari,Kosli APMC,Onion,Other,FAQ,19/07/2026,2026,7,19,Monsoon,152.8,36.2,68.9,4022.2,4215.6,4122.7
Haryana,Rewari,Kosli APMC,Onion,Other,FAQ,19/10/2025,2025,10,19,Post-Monsoon,41.5,24.7,51.0,2849.1,3075.0,2971.3
Haryana,Rewari,Kosli APMC,Onion,Other,FAQ,20/09/2026,2026,9,20,Monsoon,233.6,31.1,82.3,4116.7,4334.7,4224.1
Haryana,Rewari,Kosli APMC,Onion,Other,FAQ,21/06/2026,2026,6,21,Monsoon,243.4,36.1,87.9,4346.9,4534.6,4431.4
Haryana,Rewari,Kosli APMC,Onion,Other,FAQ,21/12/2025,2025,12,21,Winter,1.7,21.4,41.4,2595.0,2866.1,2753.1
Haryana,Rewari,Kosli APMC,Onion,Other,FAQ,22/02/2026,2026,2,22,Winter,15.1,21.1,45.5,2644.8,2798.9,2730.3
Haryana,Rewari,Kosli APMC,Onion,Other,FAQ,22/03/2026,2026,3,22,Summer,16.3,21.0,48.2,3232.0,3406.9,3318.3
Haryana,Rewari,Kosli APMC,Onion,Other,FAQ,23/08/2026,2026,8,23,Monsoon,229.2,33.8,77.7,4122.6,4467.1,4308.1
Haryana,Rewari,Kosli APMC,Onion,Other,FAQ,23/11/2025,2025,11,23,Post-Monsoon,30.7,22.0,52.5,2995.3,3165.8,3071.5
Haryana,Rewari,Kosli APMC,Onion,Other,FAQ,24/05/2026,2026,5,24,Summer,13.3,30.9,45.9,3193.6,3480.0,3336.7
Haryana,Rewari,Kosli APMC,Onion,Other,FAQ,25/01/2026,2026,1,25,Winter,6.8,17.9,50.1,2705.5,2867.6,2800.4
Haryana,Rewari,Kosli APMC,Onion,Other,FAQ,26/04/2026,2026,4,26,Summer,10.5,29.1,51.0,3047.2,3477.0,3273.5
Haryana,Rewari,Kosli APMC,Onion,Other,FAQ,26/07/2026,2026,7,26,Monsoon,241.8,34.9,80.8,4497.2,4669.4,4579.4
Haryana,Rewari,Kosli APMC,Onion,Other,FAQ,26/10/2025,2025,10,26,Post-Monsoon,67.3,28.2,57.1,2985.6,3233.9,3125.4
Haryana,Rewari,Kosli APMC,Onion,Other,FAQ,28/06/2026,2026,6,28,Monsoon,219.7,34.1,79.1,4057.2,4307.7,4185.7
Haryana,Rewari,Kosli APMC,Onion,Other,FAQ,28/12/2025,2025,12,28,Winter,19.8,19.4,39.2,2462.1,2859.4,2685.1
Haryana,Rewari,Kosli APMC,Onion,Other,FAQ,29/03/2026,2026,3,29,Summer,8.6,22.7,41.3,2783.1,3194.1,2995.7
Haryana,Rewari,Kosli APMC,Onion,Other,FAQ,30/08/2026,2026,8,30,Monsoon,232.3,33.9,83.7,4298.9,4645.8,4453.0
Haryana,Rewari,Kosli APMC,Onion,Other,FAQ,30/11/2025,2025,11,30,Post-Monsoon,22.3,24.4,48.0,2805.6,3033.3,2903.5
Haryana,Rewari,Kosli APMC,Onion,Other,FAQ,31/05/2026,2026,5,31,Summer,5.1,28.8,43.8,2890.6,3098.1,2996.9
Himachal Pradesh,Kangra,SMY Baijnath,Onion,Onion,Grade A,01/02/2026,2026,2,1,Winter,15.2,17.7,46.9,4581.2,4724.1,4644.0
Himachal Pradesh,Kangra,SMY Baijnath,Onion,Onion,Grade A,01/03/2026,2026,3,1,Summer,3.8,23.6,45.0,5398.8,5685.6,5541.0
Himachal Pradesh,Kangra,SMY Baijnath,Onion,Onion,Grade A,02/08/2026,2026,8,2,Monsoon,192.6,34.6,77.6,6978.6,7358.2,7134.4
Himachal Pradesh,Kangra,SMY Baijnath,Onion,Onion,Grade A,02/11/2025,2025,11,2,Post-Monsoon,59.0,23.8,50.4,5156.1,5467.4,5312.4
Himachal Pradesh,Kangra,SMY Baijnath,Onion,Onion,Grade A,03/05/2026,2026,5,3,Summer,13.6,31.2,51.7,5549.0,5770.2,5692.9
Himachal Pradesh,Kangra,SMY Baijnath,Onion,Onion,Grade A,04/01/2026,2026,1,4,Winter,7.6,18.9,42.9,4893.9,5109.6,5012.5
Himachal Pradesh,Kangra,SMY Baijnath,Onion,Onion,Grade A,05/04/2026,2026,4,5,Summer,7.3,26.5,49.1,5715.9,5910.1,5785.8
Himachal Pradesh,Kangra,SMY Baijnath,Onion,Onion,Grade A,05/07/2026,2026,7,5,Monsoon,249.3,33.5,83.7,7053.7,7329.7,7182.0
Himachal Pradesh,Kangra,SMY Baijnath,Onion,Onion,Grade A,05/10/2025,2025,10,5,Post-Monsoon,32.0,27.8,52.0,4914.7,5210.2,5017.6
Himachal Pradesh,Kangra,SMY Baijnath,Onion,Onion,Grade A,06/09/2026,2026,9,6,Monsoon,172.2,31.1,77.8,7628.7,7795.1,7716.9
Himachal Pradesh,Kangra,SMY Baijnath,Onion,Onion,Grade A,07/06/2026,2026,6,7,Monsoon,189.9,33.0,80.1,7191.8,7346.6,7260.0
Himachal Pradesh,Kangra,SMY Baijnath,Onion,Onion,Grade A,07/12/2025,2025,12,7,Winter,1.3,19.0,47.3,4848.8,5149.8,4972.9
Himachal Pradesh,Kangra,SMY Baijnath,Onion,Onion,Grade A,08/02/2026,2026,2,8,Winter,19.1,17.9,42.6,4988.8,5169.2,5064.4
Himachal Pradesh,Kangra,SMY Baijnath,Onion,Onion,Grade A,08/03/2026,2026,3,8,Summer,8.0,23.3,50.5,5310.8,5525.2,5416.4
Himachal Pradesh,Kangra,SMY Baijnath,Onion,Onion,Grade A,09/08/2026,2026,8,9,Monsoon,148.3,34.6,70.6,7250.2,7429.9,7347.4
Himachal Pradesh,Kangra,SMY Baijnath,Onion,Onion,Grade A,09/11/2025,2025,11,9,Post-Monsoon,65.0,21.8,56.8,4916.5,5241.5,5053.7
Himachal Pradesh,Kangra,SMY Baijnath,Onion,Onion,Grade A,10/05/2026,2026,5,10,Summer,1.6,31.4,47.2,5636.6,5847.6,5717.2
Himachal Pradesh,Kangra,SMY Baijnath,Onion,Onion,Grade A,11/01/2026,2026,1,11,Winter,4.9,20.3,48.0,4590.9,4780.3,4676.0
Himachal Pradesh,Kangra,SMY Baijnath,Onion,Onion,Grade A,12/04/2026,2026,4,12,Summer,6.0,27.5,43.8,5367.3,5535.1,5464.5
Himachal Pradesh,Kangra,SMY Baijnath,Onion,Onion,Grade A,12/07/2026,2026,7,12,Monsoon,235.4,35.0,84.2,7397.8,7686.8,7557.4
Himachal Pradesh,Kangra,SMY Baijnath,Onion,Onion,Grade A,12/10/2025,2025,10,12,Post-Monsoon,24.7,25.6,50.2,5461.1,5677.0,5543.2
Himachal Pradesh,Kangra,SMY Baijnath,Onion,Onion,Grade A,13/09/2026,2026,9,13,Monsoon,182.4,33.3,75.3,6942.2,7179.7,7073.3
Himachal Pradesh,Kangra,SMY Baijnath,Onion,Onion,Grade A,14/06/2026,2026,6,14,Monsoon,196.2,33.2,77.9,6779.7,7039.9,6899.5
Himachal Pradesh,Kangra,SMY Baijnath,Onion,Onion,Grade A,14/12/2025,2025,12,14,Winter,15.4,21.5,55.0,4628.6,4964.8,4798.9
Himachal Pradesh,Kangra,SMY Baijnath,Onion,Onion,Grade A,15/02/2026,2026,2,15,Winter,17.0,21.7,41.2,4581.7,4825.2,4705.1
Himachal Pradesh,Kangra,SMY Baijnath,Onion,Onion,Grade A,15/03/2026,2026,3,15,Summer,14.3,22.6,50.6,5387.9,5567.3,5479.9
Himachal Pradesh,Kangra,SMY Baijnath,Onion,Onion,Grade A,16/08/2026,2026,8,16,Monsoon,160.0,34.3,72.5,7079.4,7374.2,7255.5
Himachal Pradesh,Kangra,SMY Baijnath,Onion,Onion,Grade A,16/11/2025,2025,11,16,Post-Monsoon,68.9,22.8,56.9,5232.8,5487.8,5372.4
Himachal Pradesh,Kangra,SMY Baijnath,Onion,Onion,Grade A,17/05/2026,2026,5,17,Summer,4.9,29.9,45.0,5317.4,5554.1,5402.1
Himachal Pradesh,Kangra,SMY Baijnath,Onion,Onion,Grade A,18/01/2026,2026,1,18,Winter,14.1,19.2,43.8,4741.8,4908.9,4803.4
Himachal Pradesh,Kangra,SMY Baijnath,Onion,Onion,Grade A,19/04/2026,2026,4,19,Summer,20.0,24.8,43.5,5155.2,5468.9,5306.2
Himachal Pradesh,Kangra,SMY Baijnath,Onion,Onion,Grade A,19/07/2026,2026,7,19,Monsoon,219.7,33.5,82.2,8153.4,8350.0,8252.4
Himachal Pradesh,Kangra,SMY Baijnath,Onion,Onion,Grade A,19/10/2025,2025,10,19,Post-Monsoon,69.2,25.8,55.7,5050.4,5326.7,5189.7
Himachal Pradesh,Kangra,SMY Baijnath,Onion,Onion,Grade A,20/09/2026,2026,9,20,Monsoon,110.1,28.8,62.6,6941.0,7122.3,7029.8
Himachal Pradesh,Kangra,SMY Baijnath,Onion,Onion,Grade A,21/06/2026,2026,6,21,Monsoon,197.1,33.9,74.4,7418.8,7691.7,7541.5
Himachal Pradesh,Kangra,SMY Baijnath,Onion,Onion,Grade A,21/12/2025,2025,12,21,Winter,4.7,19.4,46.2,4502.5,4786.2,4645.3
Himachal Pradesh,Kangra,SMY Baijnath,Onion,Onion,Grade A,22/02/2026,2026,2,22,Winter,1.1,20.3,47.5,4358.7,4544.6,4477.3
Himachal Pradesh,Kangra,SMY Baijnath,Onion,Onion,Grade A,22/03/2026,2026,3,22,Summer,3.9,23.0,43.4,5054.7,5319.2,5213.6
Himachal Pradesh,Kangra,SMY Baijnath,Onion,Onion,Grade A,23/08/2026,2026,8,23,Monsoon,215.0,32.3,78.4,7589.6,7745.6,7662.8
Himachal Pradesh,Kangra,SMY Baijnath,Onion,Onion,Grade A,23/11/2025,2025,11,23,Post-Monsoon,30.6,22.7,49.2,4761.3,5089.6,4922.8
Himachal Pradesh,Kangra,SMY Baijnath,Onion,Onion,Grade A,24/05/2026,2026,5,24,Summer,11.2,32.5,43.4,5556.1,5734.8,5622.9
Himachal Pradesh,Kangra,SMY Baijnath,Onion,Onion,Grade A,25/01/2026,2026,1,25,Winter,9.8,20.0,47.1,4559.7,4952.3,4783.3
Himachal Pradesh,Kangra,SMY Baijnath,Onion,Onion,Grade A,26/04/2026,2026,4,26,Summer,1.6,27.3,49.9,5342.2,5600.5,5481.0
Himachal Pradesh,Kangra,SMY Baijnath,Onion,Onion,Grade A,26/07/2026,2026,7,26,Monsoon,230.8,32.8,87.6,8086.4,8363.7,8202.9
Himachal Pradesh,Kangra,SMY Baijnath,Onion,Onion,Grade A,26/10/2025,2025,10,26,Post-Monsoon,61.6,26.9,56.1,5499.3,5768.5,5623.3
Himachal Pradesh,Kangra,SMY Baijnath,Onion,Onion,Grade A,28/06/2026,2026,6,28,Monsoon,117.5,36.2,64.2,7339.9,7495.4,7411.1
Himachal Pradesh,Kangra,SMY Baijnath,Onion,Onion,Grade A,28/12/2025,2025,12,28,Winter,18.4,17.0,48.2,4525.0,4702.7,4612.6
Himachal Pradesh,Kangra,SMY Baijnath,Onion,Onion,Grade A,29/03/2026,2026,3,29,Summer,15.2,24.3,43.9,5489.5,5670.4,5582.5
Himachal Pradesh,Kangra,SMY Baijnath,Onion,Onion,Grade A,30/08/2026,2026,8,30,Monsoon,174.3,34.6,76.4,7189.3,7369.4,7278.4
Himachal Pradesh,Kangra,SMY Baijnath,Onion,Onion,Grade A,30/11/2025,2025,11,30,Post-Monsoon,44.3,23.9,50.5,5106.5,5415.3,5284.3
Himachal Pradesh,Kangra,SMY Baijnath,Onion,Onion,Grade A,31/05/2026,2026,5,31,Summer,4.7,32.8,46.6,5542.5,5892.9,5700.6
Himachal Pradesh,Kangra,SMY Dharamshala,Onion,Onion,FAQ,01/02/2026,2026,2,1,Winter,7.9,22.5,44.4,4379.4,4688.7,4532.4
Himachal Pradesh,Kangra,SMY Dharamshala,Onion,Onion,FAQ,01/03/2026,2026,3,1,Summer,5.3,20.9,37.5,5548.5,5696.1,5619.9
Himachal Pradesh,Kangra,SMY Dharamshala,Onion,Onion,FAQ,02/08/2026,2026,8,2,Monsoon,200.7,35.2,77.5,7724.5,7941.3,7840.2
Himachal Pradesh,Kangra,SMY Dharamshala,Onion,Onion,FAQ,02/11/2025,2025,11,2,Post-Monsoon,40.6,25.4,49.6,5108.6,5257.3,5181.0
Himachal Pradesh,Kangra,SMY Dharamshala,Onion,Onion,FAQ,03/05/2026,2026,5,3,Summer,9.1,30.1,47.4,5436.5,5586.3,5506.2
Himachal Pradesh,Kangra,SMY Dharamshala,Onion,Onion,FAQ,04/01/2026,2026,1,4,Winter,7.3,17.7,46.3,4474.4,4803.1,4637.7
Himachal Pradesh,Kangra,SMY Dharamshala,Onion,Onion,FAQ,05/04/2026,2026,4,5,Summer,3.3,29.7,46.1,5710.1,5913.2,5801.9
Himachal Pradesh,Kangra,SMY Dharamshala,Onion,Onion,FAQ,05/07/2026,2026,7,5,Monsoon,239.2,37.8,86.8,6871.8,7189.3,7010.1
Himachal Pradesh,Kangra,SMY Dharamshala,Onion,Onion,FAQ,05/10/2025,2025,10,5,Post-Monsoon,27.6,29.4,49.0,4750.5,5171.8,4951.9
Himachal Pradesh,Kangra,SMY Dharamshala,Onion,Onion,FAQ,06/09/2026,2026,9,6,Monsoon,243.2,31.5,84.8,7359.2,7566.8,7443.6
Himachal Pradesh,Kangra,SMY Dharamshala,Onion,Onion,FAQ,07/06/2026,2026,6,7,Monsoon,230.7,33.6,80.5,7878.5,8139.2,7993.3
Himachal Pradesh,Kangra,SMY Dharamshala,Onion,Onion,FAQ,07/12/2025,2025,12,7,Winter,8.4,20.5,52.2,4649.8,4867.2,4786.4
Himachal Pradesh,Kangra,SMY Dharamshala,Onion,Onion,FAQ,08/02/2026,2026,2,8,Winter,1.8,19.7,47.9,4388.4,4670.1,4526.8
Himachal Pradesh,Kangra,SMY Dharamshala,Onion,Onion,FAQ,08/03/2026,2026,3,8,Summer,11.8,23.7,51.7,5008.6,5160.7,5081.5
Himachal Pradesh,Kangra,SMY Dharamshala,Onion,Onion,FAQ,09/08/2026,2026,8,9,Monsoon,192.4,33.6,69.7,6777.9,6985.9,6895.4
Himachal Pradesh,Kangra,SMY Dharamshala,Onion,Onion,FAQ,09/11/2025,2025,11,9,Post-Monsoon,75.2,23.0,57.3,4950.3,5290.3,5085.7
Himachal Pradesh,Kangra,SMY Dharamshala,Onion,Onion,FAQ,10/05/2026,2026,5,10,Summer,19.5,32.0,47.2,5032.6,5172.8,5098.6
Himachal Pradesh,Kangra,SMY Dharamshala,Onion,Onion,FAQ,11/01/2026,2026,1,11,Winter,12.8,20.3,53.3,4663.9,4820.9,4730.2
Himachal Pradesh,Kangra,SMY Dharamshala,Onion,Onion,FAQ,12/04/2026,2026,4,12,Summer,10.0,25.5,41.6,5464.0,5618.9,5542.6
Himachal Pradesh,Kangra,SMY Dharamshala,Onion,Onion,FAQ,12/07/2026,2026,7,12,Monsoon,103.0,33.9,60.1,6405.2,6748.2,6597.2
Himachal Pradesh,Kangra,SMY Dharamshala,Onion,Onion,FAQ,12/10/2025,2025,10,12,Post-Monsoon,44.9,24.5,51.4,4859.5,5099.4,4998.2
Himachal Pradesh,Kangra,SMY Dharamshala,Onion,Onion,FAQ,13/09/2026,2026,9,13,Monsoon,85.4,29.8,58.1,6475.0,6656.8,6548.9
Himachal Pradesh,Kangra,SMY Dharamshala,Onion,Onion,FAQ,14/06/2026,2026,6,14,Monsoon,213.3,35.1,81.9,7139.2,7386.8,7246.0
Himachal Pradesh,Kangra,SMY Dharamshala,Onion,Onion,FAQ,14/12/2025,2025,12,14,Winter,13.4,18.4,42.7,4647.0,4831.1,4727.9
Himachal Pradesh,Kangra,SMY Dharamshala,Onion,Onion,FAQ,15/02/2026,2026,2,15,Winter,6.1,17.2,47.0,4559.3,4883.4,4702.3
Himachal Pradesh,Kangra,SMY Dharamshala,Onion,Onion,FAQ,15/03/2026,2026,3,15,Summer,6.6,24.0,48.7,5556.9,5795.0,5679.7
Himachal Pradesh,Kangra,SMY Dharamshala,Onion,Onion,FAQ,16/08/2026,2026,8,16,Monsoon,204.8,36.5,72.5,6946.4,7169.4,7052.8
Himachal Pradesh,Kangra,SMY Dharamshala,Onion,Onion,FAQ,16/11/2025,2025,11,16,Post-Monsoon,21.1,23.3,48.7,4705.1,4869.1,4798.0
Himachal Pradesh,Kangra,SMY Dharamshala,Onion,Onion,FAQ,17/05/2026,2026,5,17,Summer,19.1,33.0,48.3,5226.5,5468.5,5334.6
Himachal Pradesh,Kangra,SMY Dharamshala,Onion,Onion,FAQ,18/01/2026,2026,1,18,Winter,10.3,19.5,46.0,4735.5,4960.8,4869.6
Himachal Pradesh,Kangra,SMY Dharamshala,Onion,Onion,FAQ,19/04/2026,2026,4,19,Summer,5.1,25.1,48.5,5269.8,5466.8,5372.9
Himachal Pradesh,Kangra,SMY Dharamshala,Onion,Onion,FAQ,19/07/2026,2026,7,19,Monsoon,171.8,36.0,66.5,6914.9,7204.4,7044.2
Himachal Pradesh,Kangra,SMY Dharamshala,Onion,Onion,FAQ,19/10/2025,2025,10,19,Post-Monsoon,59.3,28.0,59.4,5262.6,5480.0,5339.2
Himachal Pradesh,Kangra,SMY Dharamshala,Onion,Onion,FAQ,20/09/2026,2026,9,20,Monsoon,175.7,31.0,72.9,6763.3,7090.9,6926.2
Himachal Pradesh,Kangra,SMY Dharamshala,Onion,Onion,FAQ,21/06/2026,2026,6,21,Monsoon,136.0,32.3,65.9,6520.5,6856.8,6665.8
Himachal Pradesh,Kangra,SMY Dharamshala,Onion,Onion,FAQ,21/12/2025,2025,12,21,Winter,16.2,18.0,50.9,4712.0,4946.7,4839.6
Himachal Pradesh,Kangra,SMY Dharamshala,Onion,Onion,FAQ,22/02/2026,2026,2,22,Winter,5.5,17.2,48.2,4646.5,5023.4,4821.7
Himachal Pradesh,Kangra,SMY Dharamshala,Onion,Onion,FAQ,22/03/2026,2026,3,22,Summer,12.7,22.6,47.1,5010.1,5404.1,5220.4
Himachal Pradesh,Kangra,SMY Dharamshala,Onion,Onion,FAQ,23/08/2026,2026,8,23,Monsoon,172.4,32.2,72.6,6701.0,6893.7,6806.3
Himachal Pradesh,Kangra,SMY Dharamshala,Onion,Onion,FAQ,23/11/2025,2025,11,23,Post-Monsoon,21.7,25.9,47.9,5271.2,5395.0,5337.2
Himachal Pradesh,Kangra,SMY Dharamshala,Onion,Onion,FAQ,24/05/2026,2026,5,24,Summer,17.2,31.1,45.6,5180.4,5407.2,5295.9
Himachal Pradesh,Kangra,SMY Dharamshala,Onion,Onion,FAQ,25/01/2026,2026,1,25,Winter,12.3,18.5,47.9,4883.5,5061.4,4947.9
Himachal Pradesh,Kangra,SMY Dharamshala,Onion,Onion,FAQ,26/04/2026,2026,4,26,Summer,11.3,28.6,41.2,5082.8,5396.9,5216.8
Himachal Pradesh,Kangra,SMY Dharamshala,Onion,Onion,FAQ,26/07/2026,2026,7,26,Monsoon,239.4,38.1,82.0,7348.3,7701.6,7514.1
Himachal Pradesh,Kangra,SMY Dharamshala,Onion,Onion,FAQ,26/10/2025,2025,10,26,Post-Monsoon,27.6,24.2,52.4,4616.5,4801.4,4713.5
Himachal Pradesh,Kangra,SMY Dharamshala,Onion,Onion,FAQ,28/06/2026,2026,6,28,Monsoon,153.6,33.9,67.2,6952.8,7215.0,7095.1
Himachal Pradesh,Kangra,SMY Dharamshala,Onion,Onion,FAQ,28/12/2025,2025,12,28,Winter,5.4,19.7,45.9,4443.2,4710.0,4538.2
Himachal Pradesh,Kangra,SMY Dharamshala,Onion,Onion,FAQ,29/03/2026,2026,3,29,Summer,5.0,25.2,44.0,5038.7,5265.6,5143.3
Himachal Pradesh,Kangra,SMY Dharamshala,Onion,Onion,FAQ,30/08/2026,2026,8,30,Monsoon,192.1,33.9,78.2,7074.7,7366.1,7239.0
Himachal Pradesh,Kangra,SMY Dharamshala,Onion,Onion,FAQ,30/11/2025,2025,11,30,Post-Monsoon,54.5,23.2,60.8,5078.0,5324.9,5170.3
Himachal Pradesh,Kangra,SMY Dharamshala,Onion,Onion,FAQ,31/05/2026,2026,5,31,Summer,15.5,31.2,40.0,4993.3,5172.5,5078.7
Keralam,Idukki,Kattappana Market,Onion,Big,Medium,01/02/2026,2026,2,1,Winter,5.8,23.1,44.4,5432.1,5599.4,5494.3
Keralam,Idukki,Kattappana Market,Onion,Big,Medium,01/03/2026,2026,3,1,Summer,6.1,21.7,43.3,6188.3,6417.9,6277.9
Keralam,Idukki,Kattappana Market,Onion,Big,Medium,02/08/2026,2026,8,2,Monsoon,83.9,35.1,54.3,8471.1,8702.4,8584.8
Keralam,Idukki,Kattappana Market,Onion,Big,Medium,02/11/2025,2025,11,2,Post-Monsoon,39.0,21.7,55.4,5686.3,5980.2,5848.5
Keralam,Idukki,Kattappana Market,Onion,Big,Medium,03/05/2026,2026,5,3,Summer,19.0,30.8,45.6,6812.5,7010.4,6933.3
Keralam,Idukki,Kattappana Market,Onion,Big,Medium,04/01/2026,2026,1,4,Winter,8.3,18.4,46.9,5421.8,5635.8,5532.9
Keralam,Idukki,Kattappana Market,Onion,Big,Medium,05/04/2026,2026,4,5,Summer,16.9,26.4,51.2,6847.3,7002.5,6934.6
Keralam,Idukki,Kattappana Market,Onion,Big,Medium,05/07/2026,2026,7,5,Monsoon,220.1,34.5,73.7,8924.9,9154.7,9070.3
Keralam,Idukki,Kattappana Market,Onion,Big,Medium,05/10/2025,2025,10,5,Post-Monsoon,60.8,26.8,55.2,5713.2,6005.9,5823.6
Keralam,Idukki,Kattappana Market,Onion,Big,Medium,06/09/2026,2026,9,6,Monsoon,184.8,32.9,73.8,8711.9,8842.9,8770.9
Keralam,Idukki,Kattappana Market,Onion,Big,Medium,07/06/2026,2026,6,7,Monsoon,244.2,35.3,81.2,9167.7,9295.3,9233.5
Keralam,Idukki,Kattappana Market,Onion,Big,Medium,07/12/2025,2025,12,7,Winter,18.6,21.1,40.3,5252.4,5504.7,5342.8
Keralam,Idukki,Kattappana Market,Onion,Big,Medium,08/02/2026,2026,2,8,Winter,8.0,20.0,45.7,5447.0,5863.9,5630.3
Keralam,Idukki,Kattappana Market,Onion,Big,Medium,08/03/2026,2026,3,8,Summer,8.4,22.9,43.3,6347.8,6536.7,6422.5
Keralam,Idukki,Kattappana Market,Onion,Big,Medium,09/08/2026,2026,8,9,Monsoon,179.8,33.3,73.0,8066.6,8376.9,8222.6
Keralam,Idukki,Kattappana Market,Onion,Big,Medium,09/11/2025,2025,11,9,Post-Monsoon,26.9,22.2,44.2,5799.6,6180.3,5999.8
Keralam,Idukki,Kattappana Market,Onion,Big,Medium,10/05/2026,2026,5,10,Summer,17.3,31.8,56.1,7146.7,7325.7,7227.3
Keralam,Idukki,Kattappana Market,Onion,Big,Medium,11/01/2026,2026,1,11,Winter,2.4,18.4,39.9,6028.4,6275.0,6167.0
Keralam,Idukki,Kattappana Market,Onion,Big,Medium,12/04/2026,2026,4,12,Summer,8.8,25.7,49.9,6798.4,7053.6,6924.6
Keralam,Idukki,Kattappana Market,Onion,Big,Medium,12/07/2026,2026,7,12,Monsoon,172.9,36.5,72.5,8222.5,8420.3,8342.7
Keralam,Idukki,Kattappana Market,Onion,Big,Medium,12/10/2025,2025,10,12,Post-Monsoon,63.7,25.3,59.9,6313.0,6609.9,6413.4
Keralam,Idukki,Kattappana Market,Onion,Big,Medium,13/09/2026,2026,9,13,Monsoon,121.6,30.3,61.2,8108.0,8407.5,8264.8
Keralam,Idukki,Kattappana Market,Onion,Big,Medium,14/06/2026,2026,6,14,Monsoon,223.4,34.7,81.7,8473.9,8682.9,8577.3
Keralam,Idukki,Kattappana Market,Onion,Big,Medium,14/12/2025,2025,12,14,Winter,13.4,21.1,47.7,5608.7,5913.3,5766.1
Keralam,Idukki,Kattappana Market,Onion,Big,Medium,15/02/2026,2026,2,15,Winter,4.0,21.4,48.7,5145.6,5547.7,5362.8
Keralam,Idukki,Kattappana Market,Onion,Big,Medium,15/03/2026,2026,3,15,Summer,15.8,22.1,52.3,6290.3,6480.2,6376.6
Keralam,Idukki,Kattappana Market,Onion,Big,Medium,16/08/2026,2026,8,16,Monsoon,189.9,36.6,76.5,8425.3,8666.9,8573.9
Keralam,Idukki,Kattappana Market,Onion,Big,Medium,16/11/2025,2025,11,16,Post-Monsoon,60.1,21.2,54.9,6130.9,6333.4,6227.7
Keralam,Idukki,Kattappana Market,Onion,Big,Medium,17/05/2026,2026,5,17,Summer,8.5,33.6,45.9,6080.0,6393.5,6278.0
Keralam,Idukki,Kattappana Market,Onion,Big,Medium,18/01/2026,2026,1,18,Winter,8.5,18.0,46.7,5361.9,5675.0,5504.7
Keralam,Idukki,Kattappana Market,Onion,Big,Medium,19/04/2026,2026,4,19,Summer,10.5,29.7,52.7,6687.0,6879.4,6757.2
Keralam,Idukki,Kattappana Market,Onion,Big,Medium,19/07/2026,2026,7,19,Monsoon,230.4,35.3,79.0,8984.5,9260.8,9115.9
Keralam,Idukki,Kattappana Market,Onion,Big,Medium,19/10/2025,2025,10,19,Post-Monsoon,75.7,27.2,54.0,6404.5,6624.2,6523.6
Keralam,Idukki,Kattappana Market,Onion,Big,Medium,20/09/2026,2026,9,20,Monsoon,223.2,30.3,84.4,9352.0,9552.5,9464.4
Keralam,Idukki,Kattappana Market,Onion,Big,Medium,21/06/2026,2026,6,21,Monsoon,146.8,36.9,69.0,8548.9,8865.5,8723.6
Keralam,Idukki,Kattappana Market,Onion,Big,Medium,21/12/2025,2025,12,21,Winter,13.9,22.4,51.9,5303.8,5532.9,5409.8
Keralam,Idukki,Kattappana Market,Onion,Big,Medium,22/02/2026,2026,2,22,Winter,1.7,19.0,44.6,5206.7,5428.2,5342.9
Keralam,Idukki,Kattappana Market,Onion,Big,Medium,22/03/2026,2026,3,22,Summer,11.1,23.2,45.8,6693.7,6803.0,6746.4
Keralam,Idukki,Kattappana Market,Onion,Big,Medium,23/08/2026,2026,8,23,Monsoon,131.1,34.0,67.8,8333.0,8608.7,8483.9
Keralam,Idukki,Kattappana Market,Onion,Big,Medium,23/11/2025,2025,11,23,Post-Monsoon,55.4,25.8,49.3,6057.1,6226.8,6160.0
Keralam,Idukki,Kattappana Market,Onion,Big,Medium,24/05/2026,2026,5,24,Summer,16.2,28.4,48.8,6789.7,7010.4,6898.7
Keralam,Idukki,Kattappana Market,Onion,Big,Medium,25/01/2026,2026,1,25,Winter,15.3,17.3,44.0,5374.1,5643.3,5517.1
Keralam,Idukki,Kattappana Market,Onion,Big,Medium,26/04/2026,2026,4,26,Summer,4.3,27.0,43.4,6498.8,6932.9,6708.4
Keralam,Idukki,Kattappana Market,Onion,Big,Medium,26/07/2026,2026,7,26,Monsoon,110.2,35.1,62.9,9022.6,9256.5,9120.0
Keralam,Idukki,Kattappana Market,Onion,Big,Medium,26/10/2025,2025,10,26,Post-Monsoon,37.5,26.5,55.0,6163.2,6384.0,6291.4
Keralam,Idukki,Kattappana Market,Onion,Big,Medium,28/06/2026,2026,6,28,Monsoon,205.2,34.7,73.6,8476.9,8661.0,8576.5
Keralam,Idukki,Kattappana Market,Onion,Big,Medium,28/12/2025,2025,12,28,Winter,4.2,22.8,45.7,5451.7,5761.7,5606.7
Keralam,Idukki,Kattappana Market,Onion,Big,Medium,29/03/2026,2026,3,29,Summer,18.5,23.6,49.8,6632.5,6869.2,6760.4
Keralam,Idukki,Kattappana Market,Onion,Big,Medium,30/08/2026,2026,8,30,Monsoon,216.4,34.6,81.0,9320.4,9593.9,9489.8
Keralam,Idukki,Kattappana Market,Onion,Big,Medium,30/11/2025,2025,11,30,Post-Monsoon,46.1,20.1,53.1,6111.4,6396.0,6262.4
Keralam,Idukki,Kattappana Market,Onion,Big,Medium,31/05/2026,2026,5,31,Summer,5.6,30.1,41.5,6022.2,6299.1,6186.8
Punjab,Amritsar,Rayya APMC,Onion,Other,FAQ,01/02/2026,2026,2,1,Winter,16.1,18.5,52.6,1282.1,1463.5,1383.5
Punjab,Amritsar,Rayya APMC,Onion,Other,FAQ,01/03/2026,2026,3,1,Summer,7.9,20.7,43.9,1471.2,1614.4,1555.5
Punjab,Amritsar,Rayya APMC,Onion,Other,FAQ,02/08/2026,2026,8,2,Monsoon,145.6,33.9,68.9,1992.4,2182.3,2101.8
Punjab,Amritsar,Rayya APMC,Onion,Other,FAQ,02/11/2025,2025,11,2,Post-Monsoon,36.2,20.6,52.6,1255.7,1474.3,1345.6
Punjab,Amritsar,Rayya APMC,Onion,Other,FAQ,03/05/2026,2026,5,3,Summer,16.5,31.8,42.7,1395.2,1588.9,1494.9
Punjab,Amritsar,Rayya APMC,Onion,Other,FAQ,04/01/2026,2026,1,4,Winter,14.3,17.3,50.8,1145.5,1457.5,1303.0
Punjab,Amritsar,Rayya APMC,Onion,Other,FAQ,05/04/2026,2026,4,5,Summer,13.7,27.6,49.4,1287.8,1656.7,1444.9
Punjab,Amritsar,Rayya APMC,Onion,Other,FAQ,05/07/2026,2026,7,5,Monsoon,206.5,33.9,78.1,2032.8,2239.0,2143.8
Punjab,Amritsar,Rayya APMC,Onion,Other,FAQ,05/10/2025,2025,10,5,Post-Monsoon,50.6,29.8,50.4,1147.4,1479.7,1307.5
Punjab,Amritsar,Rayya APMC,Onion,Other,FAQ,06/09/2026,2026,9,6,Monsoon,241.1,29.9,85.8,1990.5,2201.8,2071.0
Punjab,Amritsar,Rayya APMC,Onion,Other,FAQ,07/06/2026,2026,6,7,Monsoon,104.4,34.4,67.2,1740.1,2004.4,1861.0
Punjab,Amritsar,Rayya APMC,Onion,Other,FAQ,07/12/2025,2025,12,7,Winter,13.1,20.3,46.8,1202.1,1469.0,1313.9
Punjab,Amritsar,Rayya APMC,Onion,Other,FAQ,08/02/2026,2026,2,8,Winter,18.3,20.2,48.7,1168.7,1403.1,1275.5
Punjab,Amritsar,Rayya APMC,Onion,Other,FAQ,08/03/2026,2026,3,8,Summer,6.9,22.4,45.8,1309.9,1628.8,1503.4
Punjab,Amritsar,Rayya APMC,Onion,Other,FAQ,09/08/2026,2026,8,9,Monsoon,167.8,36.2,68.3,1948.7,2066.1,2008.0
Punjab,Amritsar,Rayya APMC,Onion,Other,FAQ,09/11/2025,2025,11,9,Post-Monsoon,53.9,24.0,56.9,1301.7,1542.8,1453.6
Punjab,Amritsar,Rayya APMC,Onion,Other,FAQ,10/05/2026,2026,5,10,Summer,8.8,31.4,45.0,1385.9,1599.5,1479.2
Punjab,Amritsar,Rayya APMC,Onion,Other,FAQ,11/01/2026,2026,1,11,Winter,3.1,20.2,49.1,1101.7,1252.3,1169.1
Punjab,Amritsar,Rayya APMC,Onion,Other,FAQ,12/04/2026,2026,4,12,Summer,19.9,26.6,47.1,1423.4,1708.5,1534.2
Punjab,Amritsar,Rayya APMC,Onion,Other,FAQ,12/07/2026,2026,7,12,Monsoon,231.2,35.9,82.3,2035.7,2363.0,2218.1
Punjab,Amritsar,Rayya APMC,Onion,Other,FAQ,12/10/2025,2025,10,12,Post-Monsoon,28.0,29.3,50.7,1332.9,1476.3,1411.5
Punjab,Amritsar,Rayya APMC,Onion,Other,FAQ,13/09/2026,2026,9,13,Monsoon,132.5,32.2,71.9,1798.8,2074.2,1907.5
Punjab,Amritsar,Rayya APMC,Onion,Other,FAQ,14/06/2026,2026,6,14,Monsoon,133.7,34.6,66.1,1854.3,2036.7,1938.7
Punjab,Amritsar,Rayya APMC,Onion,Other,FAQ,14/12/2025,2025,12,14,Winter,4.6,20.5,47.2,1188.4,1376.3,1269.4
Punjab,Amritsar,Rayya APMC,Onion,Other,FAQ,15/02/2026,2026,2,15,Winter,1.3,22.2,46.7,1084.8,1482.1,1270.8
Punjab,Amritsar,Rayya APMC,Onion,Other,FAQ,15/03/2026,2026,3,15,Summer,9.3,24.6,46.2,1346.3,1618.6,1522.4
Punjab,Amritsar,Rayya APMC,Onion,Other,FAQ,16/08/2026,2026,8,16,Monsoon,183.7,33.0,72.1,1916.4,2104.4,2000.6
Punjab,Amritsar,Rayya APMC,Onion,Other,FAQ,16/11/2025,2025,11,16,Post-Monsoon,58.6,22.0,55.8,1296.3,1565.8,1433.2
Punjab,Amritsar,Rayya APMC,Onion,Other,FAQ,17/05/2026,2026,5,17,Summer,7.4,30.1,51.3,1304.1,1487.1,1373.8
Punjab,Amritsar,Rayya APMC,Onion,Other,FAQ,18/01/2026,2026,1,18,Winter,13.6,20.1,47.9,1148.0,1446.2,1308.4
Punjab,Amritsar,Rayya APMC,Onion,Other,FAQ,19/04/2026,2026,4,19,Summer,5.5,25.0,44.6,1393.0,1672.5,1554.6
Punjab,Amritsar,Rayya APMC,Onion,Other,FAQ,19/07/2026,2026,7,19,Monsoon,133.3,33.8,68.5,1885.3,2145.4,2024.7
Punjab,Amritsar,Rayya APMC,Onion,Other,FAQ,19/10/2025,2025,10,19,Post-Monsoon,27.8,25.3,47.3,1223.0,1513.0,1378.6
Punjab,Amritsar,Rayya APMC,Onion,Other,FAQ,20/09/2026,2026,9,20,Monsoon,232.3,26.0,80.7,2177.2,2376.2,2262.8
Punjab,Amritsar,Rayya APMC,Onion,Other,FAQ,21/06/2026,2026,6,21,Monsoon,124.8,33.9,64.0,1835.9,2107.5,1967.1
Punjab,Amritsar,Rayya APMC,Onion,Other,FAQ,21/12/2025,2025,12,21,Winter,3.7,18.2,46.2,1168.5,1390.3,1255.8
Punjab,Amritsar,Rayya APMC,Onion,Other,FAQ,22/02/2026,2026,2,22,Winter,9.7,20.6,49.0,1142.7,1449.0,1305.6
Punjab,Amritsar,Rayya APMC,Onion,Other,FAQ,22/03/2026,2026,3,22,Summer,8.1,25.4,47.0,1409.4,1656.0,1540.5
Punjab,Amritsar,Rayya APMC,Onion,Other,FAQ,23/08/2026,2026,8,23,Monsoon,83.3,34.7,59.2,1882.7,2216.4,2013.6
Punjab,Amritsar,Rayya APMC,Onion,Other,FAQ,23/11/2025,2025,11,23,Post-Monsoon,36.2,22.4,46.0,1247.7,1363.2,1304.0
Punjab,Amritsar,Rayya APMC,Onion,Other,FAQ,24/05/2026,2026,5,24,Summer,8.7,30.3,46.1,1549.0,1799.7,1697.4
Punjab,Amritsar,Rayya APMC,Onion,Other,FAQ,25/01/2026,2026,1,25,Winter,2.7,18.5,45.2,1168.2,1529.6,1344.0
Punjab,Amritsar,Rayya APMC,Onion,Other,FAQ,26/04/2026,2026,4,26,Summer,0.7,24.6,43.0,1409.6,1664.2,1537.0
Punjab,Amritsar,Rayya APMC,Onion,Other,FAQ,26/07/2026,2026,7,26,Monsoon,140.5,34.5,65.0,1790.2,2062.8,1916.3
Punjab,Amritsar,Rayya APMC,Onion,Other,FAQ,26/10/2025,2025,10,26,Post-Monsoon,31.9,26.0,50.5,1309.5,1452.1,1386.1
Punjab,Amritsar,Rayya APMC,Onion,Other,FAQ,28/06/2026,2026,6,28,Monsoon,237.7,34.1,81.5,2128.6,2302.4,2207.9
Punjab,Amritsar,Rayya APMC,Onion,Other,FAQ,28/12/2025,2025,12,28,Winter,3.1,17.4,47.8,1223.1,1412.1,1302.1
Punjab,Amritsar,Rayya APMC,Onion,Other,FAQ,29/03/2026,2026,3,29,Summer,10.4,21.6,52.1,1480.7,1642.6,1562.9
Punjab,Amritsar,Rayya APMC,Onion,Other,FAQ,30/08/2026,2026,8,30,Monsoon,214.6,33.5,76.4,1942.3,2134.5,2043.1
Punjab,Amritsar,Rayya APMC,Onion,Other,FAQ,30/11/2025,2025,11,30,Post-Monsoon,46.6,23.3,52.8,1312.2,1579.9,1418.4
Punjab,Amritsar,Rayya APMC,Onion,Other,FAQ,31/05/2026,2026,5,31,Summer,5.0,30.8,45.8,1378.3,1523.9,1443.0
Punjab,Bhatinda,Bhagta Bhai Ka APMC,Onion,Other,Medium,01/02/2026,2026,2,1,Winter,14.2,21.4,41.1,4515.3,4822.8,4635.5
Punjab,Bhatinda,Bhagta Bhai Ka APMC,Onion,Other,Medium,01/03/2026,2026,3,1,Summer,1.2,23.6,47.9,5152.0,5324.3,5216.8
Punjab,Bhatinda,Bhagta Bhai Ka APMC,Onion,Other,Medium,02/08/2026,2026,8,2,Monsoon,159.8,34.3,75.9,6070.8,6398.6,6246.8
Punjab,Bhatinda,Bhagta Bhai Ka APMC,Onion,Other,Medium,02/11/2025,2025,11,2,Post-Monsoon,25.6,20.0,51.7,5007.2,5255.8,5130.6
Punjab,Bhatinda,Bhagta Bhai Ka APMC,Onion,Other,Medium,03/05/2026,2026,5,3,Summer,18.5,30.0,54.6,5255.0,5534.9,5401.4
Punjab,Bhatinda,Bhagta Bhai Ka APMC,Onion,Other,Medium,04/01/2026,2026,1,4,Winter,14.4,20.1,51.7,4225.2,4413.8,4318.4
Punjab,Bhatinda,Bhagta Bhai Ka APMC,Onion,Other,Medium,05/04/2026,2026,4,5,Summer,9.2,23.6,48.4,4952.4,5307.6,5100.5
Punjab,Bhatinda,Bhagta Bhai Ka APMC,Onion,Other,Medium,05/07/2026,2026,7,5,Monsoon,184.4,35.0,67.7,6692.1,6874.0,6788.4
Punjab,Bhatinda,Bhagta Bhai Ka APMC,Onion,Other,Medium,05/10/2025,2025,10,5,Post-Monsoon,63.7,26.7,56.5,4837.9,5030.2,4928.3
Punjab,Bhatinda,Bhagta Bhai Ka APMC,Onion,Other,Medium,06/09/2026,2026,9,6,Monsoon,198.5,33.0,80.3,6903.4,7065.9,6988.6
Punjab,Bhatinda,Bhagta Bhai Ka APMC,Onion,Other,Medium,07/06/2026,2026,6,7,Monsoon,226.1,32.9,77.0,7047.4,7238.3,7166.3
Punjab,Bhatinda,Bhagta Bhai Ka APMC,Onion,Other,Medium,07/12/2025,2025,12,7,Winter,15.4,18.4,45.2,4393.9,4556.0,4473.5
Punjab,Bhatinda,Bhagta Bhai Ka APMC,Onion,Other,Medium,08/02/2026,2026,2,8,Winter,12.3,18.2,43.1,4120.0,4462.7,4323.0
Punjab,Bhatinda,Bhagta Bhai Ka APMC,Onion,Other,Medium,08/03/2026,2026,3,8,Summer,16.7,22.5,48.3,4935.8,5259.1,5082.5
Punjab,Bhatinda,Bhagta Bhai Ka APMC,Onion,Other,Medium,09/08/2026,2026,8,9,Monsoon,92.7,32.5,62.8,6165.6,6370.7,6269.2
Punjab,Bhatinda,Bhagta Bhai Ka APMC,Onion,Other,Medium,09/11/2025,2025,11,9,Post-Monsoon,44.2,22.6,54.7,4623.9,4807.2,4728.4
Punjab,Bhatinda,Bhagta Bhai Ka APMC,Onion,Other,Medium,10/05/2026,2026,5,10,Summer,5.7,30.7,49.4,5049.4,5226.4,5150.0
Punjab,Bhatinda,Bhagta Bhai Ka APMC,Onion,Other,Medium,11/01/2026,2026,1,11,Winter,10.8,20.8,48.6,4171.0,4585.3,4382.3
Punjab,Bhatinda,Bhagta Bhai Ka APMC,Onion,Other,Medium,12/04/2026,2026,4,12,Summer,7.6,25.7,37.1,5103.7,5277.7,5182.6
Punjab,Bhatinda,Bhagta Bhai Ka APMC,Onion,Other,Medium,12/07/2026,2026,7,12,Monsoon,164.2,34.4,72.9,6589.4,6788.2,6682.1
Punjab,Bhatinda,Bhagta Bhai Ka APMC,Onion,Other,Medium,12/10/2025,2025,10,12,Post-Monsoon,60.7,27.9,55.0,5088.1,5331.0,5244.1
Punjab,Bhatinda,Bhagta Bhai Ka APMC,Onion,Other,Medium,13/09/2026,2026,9,13,Monsoon,144.5,32.7,63.5,6440.0,6707.6,6589.8
Punjab,Bhatinda,Bhagta Bhai Ka APMC,Onion,Other,Medium,14/06/2026,2026,6,14,Monsoon,205.1,35.2,81.9,6701.2,7148.3,6925.7
Punjab,Bhatinda,Bhagta Bhai Ka APMC,Onion,Other,Medium,14/12/2025,2025,12,14,Winter,13.7,19.2,50.6,4402.9,4527.5,4465.6
Punjab,Bhatinda,Bhagta Bhai Ka APMC,Onion,Other,Medium,15/02/2026,2026,2,15,Winter,6.8,21.0,48.9,4153.9,4410.4,4290.8
Punjab,Bhatinda,Bhagta Bhai Ka APMC,Onion,Other,Medium,15/03/2026,2026,3,15,Summer,8.4,22.1,43.7,5559.6,5915.1,5748.4
Punjab,Bhatinda,Bhagta Bhai Ka APMC,Onion,Other,Medium,16/08/2026,2026,8,16,Monsoon,93.3,33.6,61.7,6101.7,6367.8,6229.3
Punjab,Bhatinda,Bhagta Bhai Ka APMC,Onion,Other,Medium,16/11/2025,2025,11,16,Post-Monsoon,64.1,25.6,55.0,4769.4,4936.8,4848.0
Punjab,Bhatinda,Bhagta Bhai Ka APMC,Onion,Other,Medium,17/05/2026,2026,5,17,Summer,5.9,31.6,49.1,4815.7,4984.8,4878.0
Punjab,Bhatinda,Bhagta Bhai Ka APMC,Onion,Other,Medium,18/01/2026,2026,1,18,Winter,18.9,18.6,46.6,4469.9,4709.2,4614.8
Punjab,Bhatinda,Bhagta Bhai Ka APMC,Onion,Other,Medium,19/04/2026,2026,4,19,Summer,4.6,24.4,41.5,4999.9,5235.0,5096.1
Punjab,Bhatinda,Bhagta Bhai Ka APMC,Onion,Other,Medium,19/07/2026,2026,7,19,Monsoon,174.7,34.7,74.9,6413.8,6635.8,6530.6
Punjab,Bhatinda,Bhagta Bhai Ka APMC,Onion,Other,Medium,19/10/2025,2025,10,19,Post-Monsoon,50.1,25.2,56.1,4744.1,5085.8,4913.5
Punjab,Bhatinda,Bhagta Bhai Ka APMC,Onion,Other,Medium,20/09/2026,2026,9,20,Monsoon,90.5,32.5,59.1,6028.5,6271.8,6149.3
Punjab,Bhatinda,Bhagta Bhai Ka APMC,Onion,Other,Medium,21/06/2026,2026,6,21,Monsoon,167.1,33.1,65.2,6795.9,7021.9,6912.0
Punjab,Bhatinda,Bhagta Bhai Ka APMC,Onion,Other,Medium,21/12/2025,2025,12,21,Winter,2.9,18.6,42.1,4567.6,4792.4,4694.1
Punjab,Bhatinda,Bhagta Bhai Ka APMC,Onion,Other,Medium,22/02/2026,2026,2,22,Winter,12.7,22.4,53.0,4139.3,4447.9,4297.1
Punjab,Bhatinda,Bhagta Bhai Ka APMC,Onion,Other,Medium,22/03/2026,2026,3,22,Summer,15.6,23.8,49.9,4759.8,5000.2,4901.9
Punjab,Bhatinda,Bhagta Bhai Ka APMC,Onion,Other,Medium,23/08/2026,2026,8,23,Monsoon,85.7,35.6,55.0,6251.0,6450.8,6346.6
Punjab,Bhatinda,Bhagta Bhai Ka APMC,Onion,Other,Medium,23/11/2025,2025,11,23,Post-Monsoon,40.1,24.6,54.6,4560.5,4894.5,4729.7
Punjab,Bhatinda,Bhagta Bhai Ka APMC,Onion,Other,Medium,24/05/2026,2026,5,24,Summer,3.4,30.6,44.4,4867.5,5045.8,4962.8
Punjab,Bhatinda,Bhagta Bhai Ka APMC,Onion,Other,Medium,25/01/2026,2026,1,25,Winter,5.0,19.0,43.6,4340.6,4527.2,4430.9
Punjab,Bhatinda,Bhagta Bhai Ka APMC,Onion,Other,Medium,26/04/2026,2026,4,26,Summer,15.1,26.9,44.4,5049.7,5247.1,5148.7
Punjab,Bhatinda,Bhagta Bhai Ka APMC,Onion,Other,Medium,26/07/2026,2026,7,26,Monsoon,172.6,34.9,70.2,6612.6,6886.5,6770.7
Punjab,Bhatinda,Bhagta Bhai Ka APMC,Onion,Other,Medium,26/10/2025,2025,10,26,Post-Monsoon,23.9,26.5,48.6,4540.7,4877.7,4749.9
Punjab,Bhatinda,Bhagta Bhai Ka APMC,Onion,Other,Medium,28/06/2026,2026,6,28,Monsoon,246.4,34.5,83.3,7299.1,7426.4,7358.0
Punjab,Bhatinda,Bhagta Bhai Ka APMC,Onion,Other,Medium,28/12/2025,2025,12,28,Winter,5.8,20.5,44.7,4279.1,4450.5,4351.4
Punjab,Bhatinda,Bhagta Bhai Ka APMC,Onion,Other,Medium,29/03/2026,2026,3,29,Summer,0.2,24.0,39.9,4956.3,5308.3,5168.1
Punjab,Bhatinda,Bhagta Bhai Ka APMC,Onion,Other,Medium,30/08/2026,2026,8,30,Monsoon,136.8,33.9,65.3,6793.7,7073.1,6912.1
Punjab,Bhatinda,Bhagta Bhai Ka APMC,Onion,Other,Medium,30/11/2025,2025,11,30,Post-Monsoon,32.0,25.8,49.7,4578.1,4814.3,4693.6
Punjab,Bhatinda,Bhagta Bhai Ka APMC,Onion,Other,Medium,31/05/2026,2026,5,31,Summer,6.5,27.5,44.4,4581.7,4796.4,4687.1
Punjab,Bhatinda,Rampuraphul(Nabha Mandi) APMC,Onion,Other,Grade A,01/02/2026,2026,2,1,Winter,3.3,20.2,47.5,3171.8,3401.4,3280.2
Punjab,Bhatinda,Rampuraphul(Nabha Mandi) APMC,Onion,Other,Grade A,01/03/2026,2026,3,1,Summer,2.6,24.8,44.0,3712.5,3991.0,3850.8
Punjab,Bhatinda,Rampuraphul(Nabha Mandi) APMC,Onion,Other,Grade A,02/08/2026,2026,8,2,Monsoon,232.0,31.6,83.5,4927.6,5124.9,5047.5
Punjab,Bhatinda,Rampuraphul(Nabha Mandi) APMC,Onion,Other,Grade A,02/11/2025,2025,11,2,Post-Monsoon,23.3,23.9,50.6,3124.8,3412.9,3297.2
Punjab,Bhatinda,Rampuraphul(Nabha Mandi) APMC,Onion,Other,Grade A,03/05/2026,2026,5,3,Summer,19.2,30.6,48.1,3633.5,3782.3,3705.0
Punjab,Bhatinda,Rampuraphul(Nabha Mandi) APMC,Onion,Other,Grade A,04/01/2026,2026,1,4,Winter,10.8,19.5,42.2,3128.1,3271.5,3211.2
Punjab,Bhatinda,Rampuraphul(Nabha Mandi) APMC,Onion,Other,Grade A,05/04/2026,2026,4,5,Summer,12.1,25.2,47.1,3378.7,3666.5,3513.9
Punjab,Bhatinda,Rampuraphul(Nabha Mandi) APMC,Onion,Other,Grade A,05/07/2026,2026,7,5,Monsoon,215.4,38.0,78.8,5198.9,5498.9,5359.4
Punjab,Bhatinda,Rampuraphul(Nabha Mandi) APMC,Onion,Other,Grade A,05/10/2025,2025,10,5,Post-Monsoon,52.3,26.0,54.0,3425.6,3616.0,3519.7
Punjab,Bhatinda,Rampuraphul(Nabha Mandi) APMC,Onion,Other,Grade A,06/09/2026,2026,9,6,Monsoon,207.3,29.9,78.7,5204.9,5408.9,5306.7
Punjab,Bhatinda,Rampuraphul(Nabha Mandi) APMC,Onion,Other,Grade A,07/06/2026,2026,6,7,Monsoon,227.8,32.2,83.7,5308.1,5544.6,5423.0
Punjab,Bhatinda,Rampuraphul(Nabha Mandi) APMC,Onion,Other,Grade A,07/12/2025,2025,12,7,Winter,13.2,20.7,42.2,2923.0,3201.4,3070.8
Punjab,Bhatinda,Rampuraphul(Nabha Mandi) APMC,Onion,Other,Grade A,08/02/2026,2026,2,8,Winter,12.7,20.3,50.1,3167.6,3349.0,3252.1
Punjab,Bhatinda,Rampuraphul(Nabha Mandi) APMC,Onion,Other,Grade A,08/03/2026,2026,3,8,Summer,14.8,21.0,49.4,3424.4,3697.8,3563.3
Punjab,Bhatinda,Rampuraphul(Nabha Mandi) APMC,Onion,Other,Grade A,09/08/2026,2026,8,9,Monsoon,128.7,35.6,64.9,4520.0,4834.3,4630.9
Punjab,Bhatinda,Rampuraphul(Nabha Mandi) APMC,Onion,Other,Grade A,09/11/2025,2025,11,9,Post-Monsoon,73.4,22.1,52.8,3234.5,3515.6,3389.4
Punjab,Bhatinda,Rampuraphul(Nabha Mandi) APMC,Onion,Other,Grade A,10/05/2026,2026,5,10,Summer,11.0,28.7,44.4,3842.8,4071.0,3959.0
Punjab,Bhatinda,Rampuraphul(Nabha Mandi) APMC,Onion,Other,Grade A,11/01/2026,2026,1,11,Winter,6.9,19.9,43.4,3047.7,3276.4,3199.0
Punjab,Bhatinda,Rampuraphul(Nabha Mandi) APMC,Onion,Other,Grade A,12/04/2026,2026,4,12,Summer,8.2,26.6,47.5,3732.9,3862.0,3785.5
Punjab,Bhatinda,Rampuraphul(Nabha Mandi) APMC,Onion,Other,Grade A,12/07/2026,2026,7,12,Monsoon,223.3,36.1,83.2,5235.1,5476.9,5332.0
Punjab,Bhatinda,Rampuraphul(Nabha Mandi) APMC,Onion,Other,Grade A,12/10/2025,2025,10,12,Post-Monsoon,75.2,29.5,54.4,3626.8,3826.0,3726.6
Punjab,Bhatinda,Rampuraphul(Nabha Mandi) APMC,Onion,Other,Grade A,13/09/2026,2026,9,13,Monsoon,185.1,30.6,66.4,4881.7,5078.4,5010.7
Punjab,Bhatinda,Rampuraphul(Nabha Mandi) APMC,Onion,Other,Grade A,14/06/2026,2026,6,14,Monsoon,133.9,33.8,70.2,4287.2,4588.5,4464.0
Punjab,Bhatinda,Rampuraphul(Nabha Mandi) APMC,Onion,Other,Grade A,14/12/2025,2025,12,14,Winter,6.5,20.7,42.6,3079.7,3219.6,3142.4
Punjab,Bhatinda,Rampuraphul(Nabha Mandi) APMC,Onion,Other,Grade A,15/02/2026,2026,2,15,Winter,6.2,18.5,48.6,3248.2,3527.8,3396.0
Punjab,Bhatinda,Rampuraphul(Nabha Mandi) APMC,Onion,Other,Grade A,15/03/2026,2026,3,15,Summer,3.6,21.5,47.2,3651.9,3854.6,3736.5
Punjab,Bhatinda,Rampuraphul(Nabha Mandi) APMC,Onion,Other,Grade A,16/08/2026,2026,8,16,Monsoon,116.0,34.0,61.2,4552.5,4805.9,4683.0
Punjab,Bhatinda,Rampuraphul(Nabha Mandi) APMC,Onion,Other,Grade A,16/11/2025,2025,11,16,Post-Monsoon,28.6,26.2,52.2,3314.8,3590.3,3413.3
Punjab,Bhatinda,Rampuraphul(Nabha Mandi) APMC,Onion,Other,Grade A,17/05/2026,2026,5,17,Summer,16.8,29.8,42.0,3633.5,3767.1,3721.2
Punjab,Bhatinda,Rampuraphul(Nabha Mandi) APMC,Onion,Other,Grade A,18/01/2026,2026,1,18,Winter,6.1,20.5,43.4,2920.5,3077.6,2999.3
Punjab,Bhatinda,Rampuraphul(Nabha Mandi) APMC,Onion,Other,Grade A,19/04/2026,2026,4,19,Summer,8.6,28.3,44.4,3614.5,3803.9,3720.8
Punjab,Bhatinda,Rampuraphul(Nabha Mandi) APMC,Onion,Other,Grade A,19/07/2026,2026,7,19,Monsoon,236.3,35.6,86.3,4931.6,5169.2,5058.9
Punjab,Bhatinda,Rampuraphul(Nabha Mandi) APMC,Onion,Other,Grade A,19/10/2025,2025,10,19,Post-Monsoon,30.5,27.2,49.0,3193.6,3435.1,3315.2
Punjab,Bhatinda,Rampuraphul(Nabha Mandi) APMC,Onion,Other,Grade A,20/09/2026,2026,9,20,Monsoon,100.8,29.6,63.8,4691.8,4841.6,4768.2
Punjab,Bhatinda,Rampuraphul(Nabha Mandi) APMC,Onion,Other,Grade A,21/06/2026,2026,6,21,Monsoon,185.3,34.0,77.9,4746.0,4968.5,4854.0
Punjab,Bhatinda,Rampuraphul(Nabha Mandi) APMC,Onion,Other,Grade A,21/12/2025,2025,12,21,Winter,9.1,23.3,47.9,3090.8,3378.7,3227.3
Punjab,Bhatinda,Rampuraphul(Nabha Mandi) APMC,Onion,Other,Grade A,22/02/2026,2026,2,22,Winter,7.2,21.0,48.6,3146.3,3366.9,3245.4
Punjab,Bhatinda,Rampuraphul(Nabha Mandi) APMC,Onion,Other,Grade A,22/03/2026,2026,3,22,Summer,4.2,20.2,45.0,3515.7,3718.5,3595.1
Punjab,Bhatinda,Rampuraphul(Nabha Mandi) APMC,Onion,Other,Grade A,23/08/2026,2026,8,23,Monsoon,86.0,34.3,59.6,4640.4,4939.2,4751.5
Punjab,Bhatinda,Rampuraphul(Nabha Mandi) APMC,Onion,Other,Grade A,23/11/2025,2025,11,23,Post-Monsoon,39.6,24.7,53.4,3314.2,3667.7,3487.5
Punjab,Bhatinda,Rampuraphul(Nabha Mandi) APMC,Onion,Other,Grade A,24/05/2026,2026,5,24,Summer,13.2,31.9,46.1,3305.0,3578.9,3426.2
Punjab,Bhatinda,Rampuraphul(Nabha Mandi) APMC,Onion,Other,Grade A,25/01/2026,2026,1,25,Winter,10.1,21.4,42.8,2854.4,3132.1,3010.1
Punjab,Bhatinda,Rampuraphul(Nabha Mandi) APMC,Onion,Other,Grade A,26/04/2026,2026,4,26,Summer,0.8,24.0,48.8,3678.1,3818.4,3746.7
Punjab,Bhatinda,Rampuraphul(Nabha Mandi) APMC,Onion,Other,Grade A,26/07/2026,2026,7,26,Monsoon,176.8,35.9,75.0,4634.0,4864.7,4740.9
Punjab,Bhatinda,Rampuraphul(Nabha Mandi) APMC,Onion,Other,Grade A,26/10/2025,2025,10,26,Post-Monsoon,39.5,27.8,55.5,3362.3,3624.5,3469.3
Punjab,Bhatinda,Rampuraphul(Nabha Mandi) APMC,Onion,Other,Grade A,28/06/2026,2026,6,28,Monsoon,95.5,31.6,59.9,4428.9,4616.1,4495.3
Punjab,Bhatinda,Rampuraphul(Nabha Mandi) APMC,Onion,Other,Grade A,28/12/2025,2025,12,28,Winter,14.3,20.7,48.0,3005.8,3339.4,3194.2
Punjab,Bhatinda,Rampuraphul(Nabha Mandi) APMC,Onion,Other,Grade A,29/03/2026,2026,3,29,Summer,14.6,23.8,48.5,3681.7,3936.8,3795.7
Punjab,Bhatinda,Rampuraphul(Nabha Mandi) APMC,Onion,Other,Grade A,30/08/2026,2026,8,30,Monsoon,128.4,36.8,68.9,4873.5,5168.0,5047.8
Punjab,Bhatinda,Rampuraphul(Nabha Mandi) APMC,Onion,Other,Grade A,30/11/2025,2025,11,30,Post-Monsoon,75.3,23.6,60.7,3338.8,3558.1,3443.2
Punjab,Bhatinda,Rampuraphul(Nabha Mandi) APMC,Onion,Other,Grade A,31/05/2026,2026,5,31,Summer,18.6,31.0,49.8,3683.2,3883.2,3778.0
Punjab,Hoshiarpur,GarhShankar (Kotfatuhi) APMC,Onion,Other,FAQ,01/02/2026,2026,2,1,Winter,3.7,16.8,47.1,3394.0,3650.3,3554.2
Punjab,Hoshiarpur,GarhShankar (Kotfatuhi) APMC,Onion,Other,FAQ,01/03/2026,2026,3,1,Summer,18.6,23.4,43.8,4097.6,4292.9,4187.5
Punjab,Hoshiarpur,GarhShankar (Kotfatuhi) APMC,Onion,Other,FAQ,02/08/2026,2026,8,2,Monsoon,111.3,34.2,66.4,5301.1,5537.4,5434.1
Punjab,Hoshiarpur,GarhShankar (Kotfatuhi) APMC,Onion,Other,FAQ,02/11/2025,2025,11,2,Post-Monsoon,20.3,23.0,48.7,3707.8,3856.7,3765.3
Punjab,Hoshiarpur,GarhShankar (Kotfatuhi) APMC,Onion,Other,FAQ,03/05/2026,2026,5,3,Summer,14.8,32.0,51.8,4070.5,4330.1,4225.2
Punjab,Hoshiarpur,GarhShankar (Kotfatuhi) APMC,Onion,Other,FAQ,04/01/2026,2026,1,4,Winter,17.9,20.5,46.7,3433.8,3759.8,3615.0
Punjab,Hoshiarpur,GarhShankar (Kotfatuhi) APMC,Onion,Other,FAQ,05/04/2026,2026,4,5,Summer,4.6,27.1,41.8,3852.3,4092.6,3971.7
Punjab,Hoshiarpur,GarhShankar (Kotfatuhi) APMC,Onion,Other,FAQ,05/07/2026,2026,7,5,Monsoon,249.6,34.6,89.9,5613.2,5832.7,5730.0
Punjab,Hoshiarpur,GarhShankar (Kotfatuhi) APMC,Onion,Other,FAQ,05/10/2025,2025,10,5,Post-Monsoon,58.1,27.7,53.3,3847.5,4282.3,4063.3
Punjab,Hoshiarpur,GarhShankar (Kotfatuhi) APMC,Onion,Other,FAQ,06/09/2026,2026,9,6,Monsoon,245.4,33.1,79.3,5668.2,5832.5,5731.8
Punjab,Hoshiarpur,GarhShankar (Kotfatuhi) APMC,Onion,Other,FAQ,07/06/2026,2026,6,7,Monsoon,94.1,32.4,58.5,5423.2,5813.9,5641.7
Punjab,Hoshiarpur,GarhShankar (Kotfatuhi) APMC,Onion,Other,FAQ,07/12/2025,2025,12,7,Winter,6.5,19.5,47.4,3500.5,3765.4,3631.0
Punjab,Hoshiarpur,GarhShankar (Kotfatuhi) APMC,Onion,Other,FAQ,08/02/2026,2026,2,8,Winter,9.9,19.7,46.5,3068.8,3356.8,3253.4
Punjab,Hoshiarpur,GarhShankar (Kotfatuhi) APMC,Onion,Other,FAQ,08/03/2026,2026,3,8,Summer,8.8,24.8,40.4,4041.3,4151.0,4099.9
Punjab,Hoshiarpur,GarhShankar (Kotfatuhi) APMC,Onion,Other,FAQ,09/08/2026,2026,8,9,Monsoon,234.9,30.1,83.2,5405.2,5549.8,5482.4
Punjab,Hoshiarpur,GarhShankar (Kotfatuhi) APMC,Onion,Other,FAQ,09/11/2025,2025,11,9,Post-Monsoon,20.8,23.7,46.0,3722.7,3918.6,3795.0
Punjab,Hoshiarpur,GarhShankar (Kotfatuhi) APMC,Onion,Other,FAQ,10/05/2026,2026,5,10,Summer,6.9,30.7,37.3,4318.8,4572.2,4448.7
Punjab,Hoshiarpur,GarhShankar (Kotfatuhi) APMC,Onion,Other,FAQ,11/01/2026,2026,1,11,Winter,15.7,18.0,51.2,3636.8,3907.7,3766.4
Punjab,Hoshiarpur,GarhShankar (Kotfatuhi) APMC,Onion,Other,FAQ,12/04/2026,2026,4,12,Summer,8.4,24.5,43.4,4079.9,4314.0,4206.5
Punjab,Hoshiarpur,GarhShankar (Kotfatuhi) APMC,Onion,Other,FAQ,12/07/2026,2026,7,12,Monsoon,172.8,36.2,71.8,5728.8,5920.3,5823.4
Punjab,Hoshiarpur,GarhShankar (Kotfatuhi) APMC,Onion,Other,FAQ,12/10/2025,2025,10,12,Post-Monsoon,77.1,28.3,57.3,3681.4,3962.0,3799.1
Punjab,Hoshiarpur,GarhShankar (Kotfatuhi) APMC,Onion,Other,FAQ,13/09/2026,2026,9,13,Monsoon,227.5,34.4,84.9,5923.5,6159.9,6031.6
Punjab,Hoshiarpur,GarhShankar (Kotfatuhi) APMC,Onion,Other,FAQ,14/06/2026,2026,6,14,Monsoon,211.8,34.3,74.9,5516.1,5714.9,5622.6
Punjab,Hoshiarpur,GarhShankar (Kotfatuhi) APMC,Onion,Other,FAQ,14/12/2025,2025,12,14,Winter,19.2,19.9,48.0,3289.5,3611.0,3458.8
Punjab,Hoshiarpur,GarhShankar (Kotfatuhi) APMC,Onion,Other,FAQ,15/02/2026,2026,2,15,Winter,6.5,18.7,40.8,3076.6,3331.3,3225.4
Punjab,Hoshiarpur,GarhShankar (Kotfatuhi) APMC,Onion,Other,FAQ,15/03/2026,2026,3,15,Summer,6.7,22.8,48.3,4109.7,4394.3,4277.9
Punjab,Hoshiarpur,GarhShankar (Kotfatuhi) APMC,Onion,Other,FAQ,16/08/2026,2026,8,16,Monsoon,121.5,34.5,64.7,5316.0,5611.9,5453.3
Punjab,Hoshiarpur,GarhShankar (Kotfatuhi) APMC,Onion,Other,FAQ,16/11/2025,2025,11,16,Post-Monsoon,55.5,23.4,55.8,3765.8,4050.1,3912.2
Punjab,Hoshiarpur,GarhShankar (Kotfatuhi) APMC,Onion,Other,FAQ,17/05/2026,2026,5,17,Summer,18.5,29.6,48.5,4101.5,4380.1,4245.8
Punjab,Hoshiarpur,GarhShankar (Kotfatuhi) APMC,Onion,Other,FAQ,18/01/2026,2026,1,18,Winter,15.6,17.8,45.4,3399.6,3590.2,3500.4
Punjab,Hoshiarpur,GarhShankar (Kotfatuhi) APMC,Onion,Other,FAQ,19/04/2026,2026,4,19,Summer,7.2,27.6,51.4,4228.3,4502.9,4405.8
Punjab,Hoshiarpur,GarhShankar (Kotfatuhi) APMC,Onion,Other,FAQ,19/07/2026,2026,7,19,Monsoon,83.5,33.6,62.4,4833.0,5000.8,4926.1
Punjab,Hoshiarpur,GarhShankar (Kotfatuhi) APMC,Onion,Other,FAQ,19/10/2025,2025,10,19,Post-Monsoon,65.7,28.3,52.8,3543.9,3743.0,3652.0
Punjab,Hoshiarpur,GarhShankar (Kotfatuhi) APMC,Onion,Other,FAQ,20/09/2026,2026,9,20,Monsoon,198.3,30.4,76.8,5638.6,5935.5,5763.8
Punjab,Hoshiarpur,GarhShankar (Kotfatuhi) APMC,Onion,Other,FAQ,21/06/2026,2026,6,21,Monsoon,207.7,33.0,75.6,5475.7,5849.9,5659.3
Punjab,Hoshiarpur,GarhShankar (Kotfatuhi) APMC,Onion,Other,FAQ,21/12/2025,2025,12,21,Winter,15.5,21.9,42.5,3495.1,3755.4,3654.1
Punjab,Hoshiarpur,GarhShankar (Kotfatuhi) APMC,Onion,Other,FAQ,22/02/2026,2026,2,22,Winter,14.2,20.1,50.3,3316.3,3480.4,3392.3
Punjab,Hoshiarpur,GarhShankar (Kotfatuhi) APMC,Onion,Other,FAQ,22/03/2026,2026,3,22,Summer,17.7,20.6,43.0,3891.0,4183.9,4025.5
Punjab,Hoshiarpur,GarhShankar (Kotfatuhi) APMC,Onion,Other,FAQ,23/08/2026,2026,8,23,Monsoon,99.1,34.4,64.4,4914.1,5152.3,5051.4
Punjab,Hoshiarpur,GarhShankar (Kotfatuhi) APMC,Onion,Other,FAQ,23/11/2025,2025,11,23,Post-Monsoon,70.8,23.7,59.8,3930.6,4226.0,4054.4
Punjab,Hoshiarpur,GarhShankar (Kotfatuhi) APMC,Onion,Other,FAQ,24/05/2026,2026,5,24,Summer,11.9,29.1,49.1,3988.8,4215.9,4128.0
Punjab,Hoshiarpur,GarhShankar (Kotfatuhi) APMC,Onion,Other,FAQ,25/01/2026,2026,1,25,Winter,11.4,19.0,44.8,3533.7,3778.2,3632.2
Punjab,Hoshiarpur,GarhShankar (Kotfatuhi) APMC,Onion,Other,FAQ,26/04/2026,2026,4,26,Summer,4.4,28.3,47.9,4026.7,4294.3,4163.0
Punjab,Hoshiarpur,GarhShankar (Kotfatuhi) APMC,Onion,Other,FAQ,26/07/2026,2026,7,26,Monsoon,215.5,35.9,81.5,5149.9,5411.6,5275.3
Punjab,Hoshiarpur,GarhShankar (Kotfatuhi) APMC,Onion,Other,FAQ,26/10/2025,2025,10,26,Post-Monsoon,69.5,27.8,51.7,3903.5,4139.3,4000.6
Punjab,Hoshiarpur,GarhShankar (Kotfatuhi) APMC,Onion,Other,FAQ,28/06/2026,2026,6,28,Monsoon,177.2,35.2,75.8,5382.1,5522.6,5448.5
Punjab,Hoshiarpur,GarhShankar (Kotfatuhi) APMC,Onion,Other,FAQ,28/12/2025,2025,12,28,Winter,18.0,21.7,48.3,3435.0,3673.0,3552.6
Punjab,Hoshiarpur,GarhShankar (Kotfatuhi) APMC,Onion,Other,FAQ,29/03/2026,2026,3,29,Summer,6.4,22.7,44.9,4174.4,4372.1,4263.7
Punjab,Hoshiarpur,GarhShankar (Kotfatuhi) APMC,Onion,Other,FAQ,30/08/2026,2026,8,30,Monsoon,170.9,32.8,70.8,5688.4,6054.9,5893.5
Punjab,Hoshiarpur,GarhShankar (Kotfatuhi) APMC,Onion,Other,FAQ,30/11/2025,2025,11,30,Post-Monsoon,32.0,25.6,52.6,3818.5,4212.0,4006.6
Punjab,Hoshiarpur,GarhShankar (Kotfatuhi) APMC,Onion,Other,FAQ,31/05/2026,2026,5,31,Summer,14.9,29.2,43.4,3910.8,4256.9,4063.9
Punjab,Mohali,Lalru APMC,Onion,Other,Local,01/02/2026,2026,2,1,Winter,15.1,18.9,51.8,3800.7,3963.0,3860.4
Punjab,Mohali,Lalru APMC,Onion,Other,Local,01/03/2026,2026,3,1,Summer,4.0,20.5,40.7,4288.3,4465.7,4377.6
Punjab,Mohali,Lalru APMC,Onion,Other,Local,02/08/2026,2026,8,2,Monsoon,130.3,33.9,62.1,5390.1,5644.9,5526.3
Punjab,Mohali,Lalru APMC,Onion,Other,Local,02/11/2025,2025,11,2,Post-Monsoon,49.7,24.5,52.9,4232.2,4368.9,4316.5
Punjab,Mohali,Lalru APMC,Onion,Other,Local,03/05/2026,2026,5,3,Summer,4.9,29.1,47.9,4410.0,4667.1,4565.5
Punjab,Mohali,Lalru APMC,Onion,Other,Local,04/01/2026,2026,1,4,Winter,17.3,18.8,48.1,3996.9,4278.7,4171.6
Punjab,Mohali,Lalru APMC,Onion,Other,Local,05/04/2026,2026,4,5,Summer,2.8,27.3,46.6,4160.7,4372.8,4268.5
Punjab,Mohali,Lalru APMC,Onion,Other,Local,05/07/2026,2026,7,5,Monsoon,172.0,36.4,69.1,6103.3,6239.5,6162.3
Punjab,Mohali,Lalru APMC,Onion,Other,Local,05/10/2025,2025,10,5,Post-Monsoon,76.4,26.3,56.4,4175.3,4417.8,4294.8
Punjab,Mohali,Lalru APMC,Onion,Other,Local,06/09/2026,2026,9,6,Monsoon,235.6,29.5,85.0,6536.8,6894.4,6690.1
Punjab,Mohali,Lalru APMC,Onion,Other,Local,07/06/2026,2026,6,7,Monsoon,174.1,34.3,72.0,5719.8,6099.8,5901.2
Punjab,Mohali,Lalru APMC,Onion,Other,Local,07/12/2025,2025,12,7,Winter,17.9,18.4,50.5,3767.3,4110.9,3914.6
Punjab,Mohali,Lalru APMC,Onion,Other,Local,08/02/2026,2026,2,8,Winter,11.7,17.9,46.3,3884.0,4154.4,3999.4
Punjab,Mohali,Lalru APMC,Onion,Other,Local,08/03/2026,2026,3,8,Summer,9.7,22.3,47.2,4482.2,4844.4,4687.7
Punjab,Mohali,Lalru APMC,Onion,Other,Local,09/08/2026,2026,8,9,Monsoon,136.4,33.9,71.8,5850.2,6066.4,5974.0
Punjab,Mohali,Lalru APMC,Onion,Other,Local,09/11/2025,2025,11,9,Post-Monsoon,35.0,24.9,48.2,4017.1,4321.3,4145.9
Punjab,Mohali,Lalru APMC,Onion,Other,Local,10/05/2026,2026,5,10,Summer,4.8,29.0,50.3,4153.6,4366.1,4270.1
Punjab,Mohali,Lalru APMC,Onion,Other,Local,11/01/2026,2026,1,11,Winter,8.6,17.3,45.7,3687.9,3845.9,3775.5
Punjab,Mohali,Lalru APMC,Onion,Other,Local,12/04/2026,2026,4,12,Summer,2.2,27.9,46.0,4480.8,4674.8,4583.9
Punjab,Mohali,Lalru APMC,Onion,Other,Local,12/07/2026,2026,7,12,Monsoon,227.1,32.0,81.1,5991.7,6394.0,6191.2
Punjab,Mohali,Lalru APMC,Onion,Other,Local,12/10/2025,2025,10,12,Post-Monsoon,38.0,28.8,55.2,3968.4,4198.3,4077.9
Punjab,Mohali,Lalru APMC,Onion,Other,Local,13/09/2026,2026,9,13,Monsoon,87.5,30.2,54.8,5701.1,5914.5,5792.0
Punjab,Mohali,Lalru APMC,Onion,Other,Local,14/06/2026,2026,6,14,Monsoon,120.2,33.7,60.2,5626.7,5814.3,5737.6
Punjab,Mohali,Lalru APMC,Onion,Other,Local,14/12/2025,2025,12,14,Winter,12.7,21.4,48.2,3690.3,3843.6,3774.1
Punjab,Mohali,Lalru APMC,Onion,Other,Local,15/02/2026,2026,2,15,Winter,2.6,21.2,45.7,3560.3,3805.8,3688.3
Punjab,Mohali,Lalru APMC,Onion,Other,Local,15/03/2026,2026,3,15,Summer,1.0,22.5,41.4,4048.3,4294.4,4162.7
Punjab,Mohali,Lalru APMC,Onion,Other,Local,16/08/2026,2026,8,16,Monsoon,235.5,34.2,84.1,6198.4,6566.3,6382.3
Punjab,Mohali,Lalru APMC,Onion,Other,Local,16/11/2025,2025,11,16,Post-Monsoon,50.0,23.0,50.1,4235.7,4605.8,4411.4
Punjab,Mohali,Lalru APMC,Onion,Other,Local,17/05/2026,2026,5,17,Summer,18.2,32.4,50.8,4711.1,4912.4,4809.0
Punjab,Mohali,Lalru APMC,Onion,Other,Local,18/01/2026,2026,1,18,Winter,17.0,18.0,43.4,3798.6,3928.0,3862.9
Punjab,Mohali,Lalru APMC,Onion,Other,Local,19/04/2026,2026,4,19,Summer,7.1,25.3,46.2,4862.0,5077.4,4975.6
Punjab,Mohali,Lalru APMC,Onion,Other,Local,19/07/2026,2026,7,19,Monsoon,151.7,36.1,73.2,5851.9,6028.6,5954.3
Punjab,Mohali,Lalru APMC,Onion,Other,Local,19/10/2025,2025,10,19,Post-Monsoon,75.3,27.3,56.1,4248.4,4529.0,4390.3
Punjab,Mohali,Lalru APMC,Onion,Other,Local,20/09/2026,2026,9,20,Monsoon,150.8,30.9,69.4,5882.5,6205.3,6041.3
Punjab,Mohali,Lalru APMC,Onion,Other,Local,21/06/2026,2026,6,21,Monsoon,201.5,35.8,77.7,6088.6,6531.9,6318.7
Punjab,Mohali,Lalru APMC,Onion,Other,Local,21/12/2025,2025,12,21,Winter,0.4,20.3,40.7,3810.0,4025.5,3917.1
Punjab,Mohali,Lalru APMC,Onion,Other,Local,22/02/2026,2026,2,22,Winter,18.5,18.3,44.9,3732.3,3952.3,3857.6
Punjab,Mohali,Lalru APMC,Onion,Other,Local,22/03/2026,2026,3,22,Summer,18.7,22.0,48.1,4692.0,5004.0,4816.6
Punjab,Mohali,Lalru APMC,Onion,Other,Local,23/08/2026,2026,8,23,Monsoon,225.8,33.4,84.9,6343.4,6553.6,6443.1
Punjab,Mohali,Lalru APMC,Onion,Other,Local,23/11/2025,2025,11,23,Post-Monsoon,22.0,25.9,46.8,3977.6,4373.3,4143.7
Punjab,Mohali,Lalru APMC,Onion,Other,Local,24/05/2026,2026,5,24,Summer,5.8,31.1,48.4,4305.4,4515.6,4433.1
Punjab,Mohali,Lalru APMC,Onion,Other,Local,25/01/2026,2026,1,25,Winter,15.2,20.9,52.5,3754.5,3973.6,3863.7
Punjab,Mohali,Lalru APMC,Onion,Other,Local,26/04/2026,2026,4,26,Summer,7.2,24.4,45.3,4464.4,4700.8,4589.1
Punjab,Mohali,Lalru APMC,Onion,Other,Local,26/07/2026,2026,7,26,Monsoon,186.4,32.5,73.6,5792.4,6236.0,6001.7
Punjab,Mohali,Lalru APMC,Onion,Other,Local,26/10/2025,2025,10,26,Post-Monsoon,50.8,26.7,48.2,4416.6,4675.9,4527.5
Punjab,Mohali,Lalru APMC,Onion,Other,Local,28/06/2026,2026,6,28,Monsoon,218.1,33.5,76.0,6199.6,6553.8,6363.6
Punjab,Mohali,Lalru APMC,Onion,Other,Local,28/12/2025,2025,12,28,Winter,7.2,14.6,47.1,3904.0,4128.3,4029.8
Punjab,Mohali,Lalru APMC,Onion,Other,Local,29/03/2026,2026,3,29,Summer,18.5,21.8,48.8,4521.8,4809.1,4626.8
Punjab,Mohali,Lalru APMC,Onion,Other,Local,30/08/2026,2026,8,30,Monsoon,105.0,35.4,60.7,5503.6,5781.3,5644.1
Punjab,Mohali,Lalru APMC,Onion,Other,Local,30/11/2025,2025,11,30,Post-Monsoon,23.4,21.7,50.6,4292.3,4548.2,4455.0
Punjab,Mohali,Lalru APMC,Onion,Other,Local,31/05/2026,2026,5,31,Summer,5.9,31.5,45.0,4391.0,4584.6,4493.6
Rajasthan,Rajsamand,Rajsamand APMC,Onion,Onion,FAQ,01/02/2026,2026,2,1,Winter,13.5,20.2,45.4,2204.1,2384.5,2321.1
Rajasthan,Rajsamand,Rajsamand APMC,Onion,Onion,FAQ,01/03/2026,2026,3,1,Summer,1.2,24.8,38.5,2716.5,3017.5,2906.2
Rajasthan,Rajsamand,Rajsamand APMC,Onion,Onion,FAQ,02/08/2026,2026,8,2,Monsoon,227.4,36.2,84.7,3757.9,3994.9,3883.3
Rajasthan,Rajsamand,Rajsamand APMC,Onion,Onion,FAQ,02/11/2025,2025,11,2,Post-Monsoon,74.2,22.8,55.7,2437.9,2723.8,2543.9
Rajasthan,Rajsamand,Rajsamand APMC,Onion,Onion,FAQ,03/05/2026,2026,5,3,Summer,10.8,34.2,50.1,2708.3,2916.9,2831.1
Rajasthan,Rajsamand,Rajsamand APMC,Onion,Onion,FAQ,04/01/2026,2026,1,4,Winter,4.0,18.0,42.8,2127.3,2470.3,2310.3
Rajasthan,Rajsamand,Rajsamand APMC,Onion,Onion,FAQ,05/04/2026,2026,4,5,Summer,5.0,23.6,43.9,2749.0,2949.1,2838.3
Rajasthan,Rajsamand,Rajsamand APMC,Onion,Onion,FAQ,05/07/2026,2026,7,5,Monsoon,229.9,37.4,79.9,3721.4,3924.6,3811.4
Rajasthan,Rajsamand,Rajsamand APMC,Onion,Onion,FAQ,05/10/2025,2025,10,5,Post-Monsoon,46.0,27.1,54.3,2564.0,2768.0,2666.7
Rajasthan,Rajsamand,Rajsamand APMC,Onion,Onion,FAQ,06/09/2026,2026,9,6,Monsoon,96.5,28.6,61.2,3295.0,3573.7,3419.4
Rajasthan,Rajsamand,Rajsamand APMC,Onion,Onion,FAQ,07/06/2026,2026,6,7,Monsoon,165.6,34.4,67.7,3624.8,3936.1,3758.9
Rajasthan,Rajsamand,Rajsamand APMC,Onion,Onion,FAQ,07/12/2025,2025,12,7,Winter,3.9,21.0,43.6,2351.7,2520.2,2431.6
Rajasthan,Rajsamand,Rajsamand APMC,Onion,Onion,FAQ,08/02/2026,2026,2,8,Winter,15.1,20.7,39.6,2169.9,2314.6,2252.7
Rajasthan,Rajsamand,Rajsamand APMC,Onion,Onion,FAQ,08/03/2026,2026,3,8,Summer,3.9,22.4,47.8,2549.1,2887.7,2747.4
Rajasthan,Rajsamand,Rajsamand APMC,Onion,Onion,FAQ,09/08/2026,2026,8,9,Monsoon,208.1,33.2,77.4,3387.1,3649.6,3548.8
Rajasthan,Rajsamand,Rajsamand APMC,Onion,Onion,FAQ,09/11/2025,2025,11,9,Post-Monsoon,74.9,22.5,53.1,2824.4,2983.5,2886.2
Rajasthan,Rajsamand,Rajsamand APMC,Onion,Onion,FAQ,10/05/2026,2026,5,10,Summer,18.7,33.2,45.8,2735.2,3023.8,2898.4
Rajasthan,Rajsamand,Rajsamand APMC,Onion,Onion,FAQ,11/01/2026,2026,1,11,Winter,18.7,17.3,54.0,2425.2,2571.6,2492.5
Rajasthan,Rajsamand,Rajsamand APMC,Onion,Onion,FAQ,12/04/2026,2026,4,12,Summer,4.8,26.7,43.8,2571.2,2969.9,2779.4
Rajasthan,Rajsamand,Rajsamand APMC,Onion,Onion,FAQ,12/07/2026,2026,7,12,Monsoon,216.7,36.2,80.2,3565.5,3831.9,3733.2
Rajasthan,Rajsamand,Rajsamand APMC,Onion,Onion,FAQ,12/10/2025,2025,10,12,Post-Monsoon,66.4,26.8,59.9,2382.2,2792.4,2595.9
Rajasthan,Rajsamand,Rajsamand APMC,Onion,Onion,FAQ,13/09/2026,2026,9,13,Monsoon,119.7,33.1,62.8,3210.0,3549.3,3391.8
Rajasthan,Rajsamand,Rajsamand APMC,Onion,Onion,FAQ,14/06/2026,2026,6,14,Monsoon,153.6,37.0,76.1,3488.9,3640.7,3565.6
Rajasthan,Rajsamand,Rajsamand APMC,Onion,Onion,FAQ,14/12/2025,2025,12,14,Winter,18.9,18.9,45.1,2224.8,2504.6,2346.4
Rajasthan,Rajsamand,Rajsamand APMC,Onion,Onion,FAQ,15/02/2026,2026,2,15,Winter,10.8,21.8,49.8,2222.7,2492.3,2369.2
Rajasthan,Rajsamand,Rajsamand APMC,Onion,Onion,FAQ,15/03/2026,2026,3,15,Summer,8.6,21.2,46.1,2568.0,2747.8,2666.8
Rajasthan,Rajsamand,Rajsamand APMC,Onion,Onion,FAQ,16/08/2026,2026,8,16,Monsoon,243.6,33.4,85.6,3787.0,4017.6,3891.7
Rajasthan,Rajsamand,Rajsamand APMC,Onion,Onion,FAQ,16/11/2025,2025,11,16,Post-Monsoon,74.5,21.3,60.2,2372.0,2604.5,2497.3
Rajasthan,Rajsamand,Rajsamand APMC,Onion,Onion,FAQ,17/05/2026,2026,5,17,Summer,9.8,30.9,47.2,2607.0,2849.1,2727.7
Rajasthan,Rajsamand,Rajsamand APMC,Onion,Onion,FAQ,18/01/2026,2026,1,18,Winter,14.0,16.9,50.5,2251.6,2438.7,2358.1
Rajasthan,Rajsamand,Rajsamand APMC,Onion,Onion,FAQ,19/04/2026,2026,4,19,Summer,12.1,29.4,45.2,2597.7,2899.0,2762.1
Rajasthan,Rajsamand,Rajsamand APMC,Onion,Onion,FAQ,19/07/2026,2026,7,19,Monsoon,170.8,34.7,75.2,3452.2,3667.5,3539.4
Rajasthan,Rajsamand,Rajsamand APMC,Onion,Onion,FAQ,19/10/2025,2025,10,19,Post-Monsoon,48.9,26.2,54.2,2450.1,2805.5,2592.8
Rajasthan,Rajsamand,Rajsamand APMC,Onion,Onion,FAQ,20/09/2026,2026,9,20,Monsoon,165.3,32.1,75.0,3814.2,4032.7,3936.8
Rajasthan,Rajsamand,Rajsamand APMC,Onion,Onion,FAQ,21/06/2026,2026,6,21,Monsoon,132.7,34.3,67.7,3321.8,3579.3,3486.0
Rajasthan,Rajsamand,Rajsamand APMC,Onion,Onion,FAQ,21/12/2025,2025,12,21,Winter,18.6,19.8,40.8,2182.4,2343.1,2244.6
Rajasthan,Rajsamand,Rajsamand APMC,Onion,Onion,FAQ,22/02/2026,2026,2,22,Winter,6.0,21.0,50.2,2143.9,2368.8,2240.2
Rajasthan,Rajsamand,Rajsamand APMC,Onion,Onion,FAQ,22/03/2026,2026,3,22,Summer,13.3,21.8,46.4,2745.5,2949.4,2840.7
Rajasthan,Rajsamand,Rajsamand APMC,Onion,Onion,FAQ,23/08/2026,2026,8,23,Monsoon,204.1,35.9,83.0,3406.5,3675.7,3573.2
Rajasthan,Rajsamand,Rajsamand APMC,Onion,Onion,FAQ,23/11/2025,2025,11,23,Post-Monsoon,24.3,23.1,46.5,2350.9,2557.7,2443.2
Rajasthan,Rajsamand,Rajsamand APMC,Onion,Onion,FAQ,24/05/2026,2026,5,24,Summer,18.9,34.0,48.7,2638.7,2866.8,2731.9
Rajasthan,Rajsamand,Rajsamand APMC,Onion,Onion,FAQ,25/01/2026,2026,1,25,Winter,6.3,17.7,46.0,2380.6,2631.7,2504.3
Rajasthan,Rajsamand,Rajsamand APMC,Onion,Onion,FAQ,26/04/2026,2026,4,26,Summer,13.3,28.0,42.2,2482.3,2774.5,2618.5
Rajasthan,Rajsamand,Rajsamand APMC,Onion,Onion,FAQ,26/07/2026,2026,7,26,Monsoon,128.1,35.0,71.5,3370.5,3554.9,3455.5
Rajasthan,Rajsamand,Rajsamand APMC,Onion,Onion,FAQ,26/10/2025,2025,10,26,Post-Monsoon,31.8,28.0,46.9,2540.4,2717.6,2618.5
Rajasthan,Rajsamand,Rajsamand APMC,Onion,Onion,FAQ,28/06/2026,2026,6,28,Monsoon,120.2,32.6,59.9,3539.6,3653.3,3591.0
Rajasthan,Rajsamand,Rajsamand APMC,Onion,Onion,FAQ,28/12/2025,2025,12,28,Winter,5.3,19.4,47.1,2271.2,2546.9,2386.2
Rajasthan,Rajsamand,Rajsamand APMC,Onion,Onion,FAQ,29/03/2026,2026,3,29,Summer,16.6,22.0,51.3,2787.6,2897.9,2843.5
Rajasthan,Rajsamand,Rajsamand APMC,Onion,Onion,FAQ,30/08/2026,2026,8,30,Monsoon,226.2,31.4,80.3,3655.7,4004.5,3809.4
Rajasthan,Rajsamand,Rajsamand APMC,Onion,Onion,FAQ,30/11/2025,2025,11,30,Post-Monsoon,50.2,20.6,53.7,2388.1,2620.2,2519.0
Rajasthan,Rajsamand,Rajsamand APMC,Onion,Onion,FAQ,31/05/2026,2026,5,31,Summer,3.1,31.5,44.1,2489.8,2698.7,2615.5
Tamil Nadu,Ariyalur,Ariyalur(Uzhavar Sandhai),Onion,Bellary,Local,01/02/2026,2026,2,1,Winter,10.6,21.3,39.7,5296.1,5487.2,5371.8
Tamil Nadu,Ariyalur,Ariyalur(Uzhavar Sandhai),Onion,Bellary,Local,01/03/2026,2026,3,1,Summer,6.4,23.5,45.9,6041.9,6191.1,6111.0
Tamil Nadu,Ariyalur,Ariyalur(Uzhavar Sandhai),Onion,Bellary,Local,02/08/2026,2026,8,2,Monsoon,241.6,34.7,84.1,8432.1,8688.5,8563.9
Tamil Nadu,Ariyalur,Ariyalur(Uzhavar Sandhai),Onion,Bellary,Local,02/11/2025,2025,11,2,Post-Monsoon,49.9,23.7,55.5,5684.1,5863.5,5788.1
Tamil Nadu,Ariyalur,Ariyalur(Uzhavar Sandhai),Onion,Bellary,Local,03/05/2026,2026,5,3,Summer,18.7,31.8,56.1,5790.3,6081.7,5916.8
Tamil Nadu,Ariyalur,Ariyalur(Uzhavar Sandhai),Onion,Bellary,Local,04/01/2026,2026,1,4,Winter,7.0,19.9,50.1,5417.3,5643.9,5527.1
Tamil Nadu,Ariyalur,Ariyalur(Uzhavar Sandhai),Onion,Bellary,Local,05/04/2026,2026,4,5,Summer,17.4,25.4,46.5,5532.6,5852.0,5688.9
Tamil Nadu,Ariyalur,Ariyalur(Uzhavar Sandhai),Onion,Bellary,Local,05/07/2026,2026,7,5,Monsoon,126.1,34.0,67.3,7792.1,8017.6,7908.1
Tamil Nadu,Ariyalur,Ariyalur(Uzhavar Sandhai),Onion,Bellary,Local,05/10/2025,2025,10,5,Post-Monsoon,57.4,24.6,56.5,5434.2,5714.4,5558.7
Tamil Nadu,Ariyalur,Ariyalur(Uzhavar Sandhai),Onion,Bellary,Local,06/09/2026,2026,9,6,Monsoon,163.4,31.2,72.5,7815.2,8146.4,8012.0
Tamil Nadu,Ariyalur,Ariyalur(Uzhavar Sandhai),Onion,Bellary,Local,07/06/2026,2026,6,7,Monsoon,197.4,34.1,77.7,8492.7,8664.7,8582.0
Tamil Nadu,Ariyalur,Ariyalur(Uzhavar Sandhai),Onion,Bellary,Local,07/12/2025,2025,12,7,Winter,13.1,19.4,45.0,4811.7,5025.5,4923.8
Tamil Nadu,Ariyalur,Ariyalur(Uzhavar Sandhai),Onion,Bellary,Local,08/02/2026,2026,2,8,Winter,7.4,20.4,47.3,4980.7,5295.9,5172.2
Tamil Nadu,Ariyalur,Ariyalur(Uzhavar Sandhai),Onion,Bellary,Local,08/03/2026,2026,3,8,Summer,18.9,21.2,46.1,6027.4,6203.5,6112.3
Tamil Nadu,Ariyalur,Ariyalur(Uzhavar Sandhai),Onion,Bellary,Local,09/08/2026,2026,8,9,Monsoon,187.8,34.4,76.1,8257.3,8512.5,8377.6
Tamil Nadu,Ariyalur,Ariyalur(Uzhavar Sandhai),Onion,Bellary,Local,09/11/2025,2025,11,9,Post-Monsoon,56.8,23.0,52.6,5708.3,5907.6,5824.8
Tamil Nadu,Ariyalur,Ariyalur(Uzhavar Sandhai),Onion,Bellary,Local,10/05/2026,2026,5,10,Summer,3.7,33.6,46.9,6491.1,6742.7,6600.6
Tamil Nadu,Ariyalur,Ariyalur(Uzhavar Sandhai),Onion,Bellary,Local,11/01/2026,2026,1,11,Winter,17.6,18.8,46.5,5390.5,5748.6,5554.2
Tamil Nadu,Ariyalur,Ariyalur(Uzhavar Sandhai),Onion,Bellary,Local,12/04/2026,2026,4,12,Summer,18.6,22.8,54.2,5889.2,6178.6,6032.0
Tamil Nadu,Ariyalur,Ariyalur(Uzhavar Sandhai),Onion,Bellary,Local,12/07/2026,2026,7,12,Monsoon,222.5,34.2,78.5,8703.3,8951.6,8809.4
Tamil Nadu,Ariyalur,Ariyalur(Uzhavar Sandhai),Onion,Bellary,Local,12/10/2025,2025,10,12,Post-Monsoon,34.6,27.2,53.5,5696.9,6053.6,5867.2
Tamil Nadu,Ariyalur,Ariyalur(Uzhavar Sandhai),Onion,Bellary,Local,13/09/2026,2026,9,13,Monsoon,166.0,33.2,80.4,7770.7,8048.8,7939.1
Tamil Nadu,Ariyalur,Ariyalur(Uzhavar Sandhai),Onion,Bellary,Local,14/06/2026,2026,6,14,Monsoon,192.5,37.1,76.3,8106.5,8512.2,8306.1
Tamil Nadu,Ariyalur,Ariyalur(Uzhavar Sandhai),Onion,Bellary,Local,14/12/2025,2025,12,14,Winter,11.3,19.0,46.9,5123.6,5346.8,5230.1
Tamil Nadu,Ariyalur,Ariyalur(Uzhavar Sandhai),Onion,Bellary,Local,15/02/2026,2026,2,15,Winter,1.6,16.3,43.8,4761.3,5132.8,4937.9
Tamil Nadu,Ariyalur,Ariyalur(Uzhavar Sandhai),Onion,Bellary,Local,15/03/2026,2026,3,15,Summer,12.4,22.9,44.7,5694.6,5850.3,5786.8
Tamil Nadu,Ariyalur,Ariyalur(Uzhavar Sandhai),Onion,Bellary,Local,16/08/2026,2026,8,16,Monsoon,157.5,33.4,70.1,7835.6,8134.5,7972.0
Tamil Nadu,Ariyalur,Ariyalur(Uzhavar Sandhai),Onion,Bellary,Local,16/11/2025,2025,11,16,Post-Monsoon,64.0,25.1,51.8,5765.3,6125.4,5900.8
Tamil Nadu,Ariyalur,Ariyalur(Uzhavar Sandhai),Onion,Bellary,Local,17/05/2026,2026,5,17,Summer,18.6,31.2,48.9,5438.1,5805.9,5599.7
Tamil Nadu,Ariyalur,Ariyalur(Uzhavar Sandhai),Onion,Bellary,Local,18/01/2026,2026,1,18,Winter,3.2,20.1,47.7,4849.2,5060.3,4940.0
Tamil Nadu,Ariyalur,Ariyalur(Uzhavar Sandhai),Onion,Bellary,Local,19/04/2026,2026,4,19,Summer,18.4,30.7,48.5,5829.4,6137.0,5974.1
Tamil Nadu,Ariyalur,Ariyalur(Uzhavar Sandhai),Onion,Bellary,Local,19/07/2026,2026,7,19,Monsoon,83.2,33.9,57.8,6626.3,6814.9,6708.2
Tamil Nadu,Ariyalur,Ariyalur(Uzhavar Sandhai),Onion,Bellary,Local,19/10/2025,2025,10,19,Post-Monsoon,46.0,27.4,50.2,5636.6,5786.1,5731.3
Tamil Nadu,Ariyalur,Ariyalur(Uzhavar Sandhai),Onion,Bellary,Local,20/09/2026,2026,9,20,Monsoon,176.9,31.1,78.8,8258.3,8407.7,8341.9
Tamil Nadu,Ariyalur,Ariyalur(Uzhavar Sandhai),Onion,Bellary,Local,21/06/2026,2026,6,21,Monsoon,178.8,33.8,70.7,8056.3,8262.5,8136.6
Tamil Nadu,Ariyalur,Ariyalur(Uzhavar Sandhai),Onion,Bellary,Local,21/12/2025,2025,12,21,Winter,14.5,19.1,45.5,4865.2,5166.6,5009.5
Tamil Nadu,Ariyalur,Ariyalur(Uzhavar Sandhai),Onion,Bellary,Local,22/02/2026,2026,2,22,Winter,17.9,23.2,46.6,5092.5,5233.2,5153.0
Tamil Nadu,Ariyalur,Ariyalur(Uzhavar Sandhai),Onion,Bellary,Local,22/03/2026,2026,3,22,Summer,15.6,25.8,46.6,5536.2,5711.5,5635.7
Tamil Nadu,Ariyalur,Ariyalur(Uzhavar Sandhai),Onion,Bellary,Local,23/08/2026,2026,8,23,Monsoon,138.6,32.0,64.5,8109.0,8413.0,8264.8
Tamil Nadu,Ariyalur,Ariyalur(Uzhavar Sandhai),Onion,Bellary,Local,23/11/2025,2025,11,23,Post-Monsoon,20.4,21.8,46.3,5702.7,5902.1,5795.5
Tamil Nadu,Ariyalur,Ariyalur(Uzhavar Sandhai),Onion,Bellary,Local,24/05/2026,2026,5,24,Summer,9.1,32.4,48.5,6254.0,6470.5,6375.3
Tamil Nadu,Ariyalur,Ariyalur(Uzhavar Sandhai),Onion,Bellary,Local,25/01/2026,2026,1,25,Winter,4.9,20.5,42.8,5040.0,5226.5,5107.0
Tamil Nadu,Ariyalur,Ariyalur(Uzhavar Sandhai),Onion,Bellary,Local,26/04/2026,2026,4,26,Summer,3.5,25.9,45.1,6336.6,6715.8,6537.7
Tamil Nadu,Ariyalur,Ariyalur(Uzhavar Sandhai),Onion,Bellary,Local,26/07/2026,2026,7,26,Monsoon,208.6,33.8,82.6,7948.5,8165.7,8052.0
Tamil Nadu,Ariyalur,Ariyalur(Uzhavar Sandhai),Onion,Bellary,Local,26/10/2025,2025,10,26,Post-Monsoon,30.2,27.9,44.9,5813.3,6081.6,5938.5
Tamil Nadu,Ariyalur,Ariyalur(Uzhavar Sandhai),Onion,Bellary,Local,28/06/2026,2026,6,28,Monsoon,134.6,36.6,69.0,7310.0,7571.1,7428.4
Tamil Nadu,Ariyalur,Ariyalur(Uzhavar Sandhai),Onion,Bellary,Local,28/12/2025,2025,12,28,Winter,19.3,21.4,50.5,4951.7,5228.4,5075.8
Tamil Nadu,Ariyalur,Ariyalur(Uzhavar Sandhai),Onion,Bellary,Local,29/03/2026,2026,3,29,Summer,7.2,23.5,48.2,5958.3,6277.2,6148.6
Tamil Nadu,Ariyalur,Ariyalur(Uzhavar Sandhai),Onion,Bellary,Local,30/08/2026,2026,8,30,Monsoon,176.5,33.3,74.6,7896.0,8237.3,8019.2
Tamil Nadu,Ariyalur,Ariyalur(Uzhavar Sandhai),Onion,Bellary,Local,30/11/2025,2025,11,30,Post-Monsoon,46.4,24.0,55.3,5945.9,6133.6,6041.4
Tamil Nadu,Ariyalur,Ariyalur(Uzhavar Sandhai),Onion,Bellary,Local,31/05/2026,2026,5,31,Summer,7.9,31.0,47.3,6044.0,6204.3,6130.6
Tamil Nadu,Ariyalur,Jeyankondam (Uzhavar Sandhai ),Onion,Bellary,Local,01/02/2026,2026,2,1,Winter,0.9,21.1,44.5,4439.8,4783.4,4638.2
Tamil Nadu,Ariyalur,Jeyankondam (Uzhavar Sandhai ),Onion,Bellary,Local,01/03/2026,2026,3,1,Summer,14.1,22.6,51.3,5587.1,5933.3,5809.0
Tamil Nadu,Ariyalur,Jeyankondam (Uzhavar Sandhai ),Onion,Bellary,Local,02/08/2026,2026,8,2,Monsoon,87.2,36.4,62.8,7558.5,7690.6,7621.6
Tamil Nadu,Ariyalur,Jeyankondam (Uzhavar Sandhai ),Onion,Bellary,Local,02/11/2025,2025,11,2,Post-Monsoon,76.4,25.7,59.4,5454.9,5738.6,5618.4
Tamil Nadu,Ariyalur,Jeyankondam (Uzhavar Sandhai ),Onion,Bellary,Local,03/05/2026,2026,5,3,Summer,16.5,33.6,46.8,5635.0,5752.3,5689.4
Tamil Nadu,Ariyalur,Jeyankondam (Uzhavar Sandhai ),Onion,Bellary,Local,04/01/2026,2026,1,4,Winter,18.4,17.5,42.9,4799.8,5051.9,4919.2
Tamil Nadu,Ariyalur,Jeyankondam (Uzhavar Sandhai ),Onion,Bellary,Local,05/04/2026,2026,4,5,Summer,5.3,26.8,46.3,5449.1,5861.4,5676.4
Tamil Nadu,Ariyalur,Jeyankondam (Uzhavar Sandhai ),Onion,Bellary,Local,05/07/2026,2026,7,5,Monsoon,192.1,35.2,76.6,7703.7,7979.4,7861.1
Tamil Nadu,Ariyalur,Jeyankondam (Uzhavar Sandhai ),Onion,Bellary,Local,05/10/2025,2025,10,5,Post-Monsoon,50.0,25.4,54.4,5139.3,5361.8,5255.0
Tamil Nadu,Ariyalur,Jeyankondam (Uzhavar Sandhai ),Onion,Bellary,Local,06/09/2026,2026,9,6,Monsoon,113.9,30.0,61.1,7030.0,7222.6,7141.2
Tamil Nadu,Ariyalur,Jeyankondam (Uzhavar Sandhai ),Onion,Bellary,Local,07/06/2026,2026,6,7,Monsoon,169.0,32.3,75.3,6880.2,7159.7,7044.8
Tamil Nadu,Ariyalur,Jeyankondam (Uzhavar Sandhai ),Onion,Bellary,Local,07/12/2025,2025,12,7,Winter,1.4,19.0,39.8,4729.3,5000.2,4853.2
Tamil Nadu,Ariyalur,Jeyankondam (Uzhavar Sandhai ),Onion,Bellary,Local,08/02/2026,2026,2,8,Winter,15.1,20.8,52.3,4878.4,5133.1,5017.9
Tamil Nadu,Ariyalur,Jeyankondam (Uzhavar Sandhai ),Onion,Bellary,Local,08/03/2026,2026,3,8,Summer,17.6,22.2,43.7,6084.6,6344.4,6184.2
Tamil Nadu,Ariyalur,Jeyankondam (Uzhavar Sandhai ),Onion,Bellary,Local,09/08/2026,2026,8,9,Monsoon,126.2,33.7,64.2,7199.7,7558.3,7350.1
Tamil Nadu,Ariyalur,Jeyankondam (Uzhavar Sandhai ),Onion,Bellary,Local,09/11/2025,2025,11,9,Post-Monsoon,32.0,21.7,45.6,5205.6,5403.0,5304.8
Tamil Nadu,Ariyalur,Jeyankondam (Uzhavar Sandhai ),Onion,Bellary,Local,10/05/2026,2026,5,10,Summer,5.2,31.0,48.6,5880.6,6263.5,6035.0
Tamil Nadu,Ariyalur,Jeyankondam (Uzhavar Sandhai ),Onion,Bellary,Local,11/01/2026,2026,1,11,Winter,17.9,17.7,48.4,5127.0,5404.6,5261.7
Tamil Nadu,Ariyalur,Jeyankondam (Uzhavar Sandhai ),Onion,Bellary,Local,12/04/2026,2026,4,12,Summer,13.9,26.5,44.9,5832.3,6133.7,6008.0
Tamil Nadu,Ariyalur,Jeyankondam (Uzhavar Sandhai ),Onion,Bellary,Local,12/07/2026,2026,7,12,Monsoon,179.7,34.4,76.2,7569.7,7848.1,7726.0
Tamil Nadu,Ariyalur,Jeyankondam (Uzhavar Sandhai ),Onion,Bellary,Local,12/10/2025,2025,10,12,Post-Monsoon,55.6,26.4,47.9,5450.0,5586.7,5519.8
Tamil Nadu,Ariyalur,Jeyankondam (Uzhavar Sandhai ),Onion,Bellary,Local,13/09/2026,2026,9,13,Monsoon,109.2,30.4,62.5,6982.8,7264.1,7097.3
Tamil Nadu,Ariyalur,Jeyankondam (Uzhavar Sandhai ),Onion,Bellary,Local,14/06/2026,2026,6,14,Monsoon,247.7,32.9,83.6,7989.3,8260.5,8131.5
Tamil Nadu,Ariyalur,Jeyankondam (Uzhavar Sandhai ),Onion,Bellary,Local,14/12/2025,2025,12,14,Winter,2.5,19.8,43.1,5019.8,5277.8,5154.5
Tamil Nadu,Ariyalur,Jeyankondam (Uzhavar Sandhai ),Onion,Bellary,Local,15/02/2026,2026,2,15,Winter,17.5,20.1,48.3,5000.0,5124.5,5068.1
Tamil Nadu,Ariyalur,Jeyankondam (Uzhavar Sandhai ),Onion,Bellary,Local,15/03/2026,2026,3,15,Summer,8.8,21.3,44.1,5720.3,5938.0,5832.6
Tamil Nadu,Ariyalur,Jeyankondam (Uzhavar Sandhai ),Onion,Bellary,Local,16/08/2026,2026,8,16,Monsoon,150.9,34.5,67.9,7285.4,7566.7,7413.3
Tamil Nadu,Ariyalur,Jeyankondam (Uzhavar Sandhai ),Onion,Bellary,Local,16/11/2025,2025,11,16,Post-Monsoon,25.5,23.5,51.2,5518.5,5799.0,5654.8
Tamil Nadu,Ariyalur,Jeyankondam (Uzhavar Sandhai ),Onion,Bellary,Local,17/05/2026,2026,5,17,Summer,12.3,34.1,46.8,5468.4,5845.8,5643.3
Tamil Nadu,Ariyalur,Jeyankondam (Uzhavar Sandhai ),Onion,Bellary,Local,18/01/2026,2026,1,18,Winter,9.6,16.8,46.4,4896.5,5065.1,4976.5
Tamil Nadu,Ariyalur,Jeyankondam (Uzhavar Sandhai ),Onion,Bellary,Local,19/04/2026,2026,4,19,Summer,7.9,24.5,49.7,5810.9,6135.5,5979.9
Tamil Nadu,Ariyalur,Jeyankondam (Uzhavar Sandhai ),Onion,Bellary,Local,19/07/2026,2026,7,19,Monsoon,139.9,35.7,71.1,7403.8,7577.8,7489.6
Tamil Nadu,Ariyalur,Jeyankondam (Uzhavar Sandhai ),Onion,Bellary,Local,19/10/2025,2025,10,19,Post-Monsoon,62.4,27.9,57.5,5088.6,5349.3,5246.4
Tamil Nadu,Ariyalur,Jeyankondam (Uzhavar Sandhai ),Onion,Bellary,Local,20/09/2026,2026,9,20,Monsoon,190.6,32.5,76.2,8089.3,8436.4,8299.4
Tamil Nadu,Ariyalur,Jeyankondam (Uzhavar Sandhai ),Onion,Bellary,Local,21/06/2026,2026,6,21,Monsoon,175.5,32.0,74.0,7654.5,8006.9,7848.7
Tamil Nadu,Ariyalur,Jeyankondam (Uzhavar Sandhai ),Onion,Bellary,Local,21/12/2025,2025,12,21,Winter,6.0,20.3,47.7,4577.4,4825.1,4719.4
Tamil Nadu,Ariyalur,Jeyankondam (Uzhavar Sandhai ),Onion,Bellary,Local,22/02/2026,2026,2,22,Winter,19.7,19.1,44.3,4810.6,5083.9,4957.3
Tamil Nadu,Ariyalur,Jeyankondam (Uzhavar Sandhai ),Onion,Bellary,Local,22/03/2026,2026,3,22,Summer,2.7,20.2,49.1,5338.5,5457.1,5402.4
Tamil Nadu,Ariyalur,Jeyankondam (Uzhavar Sandhai ),Onion,Bellary,Local,23/08/2026,2026,8,23,Monsoon,114.9,35.0,54.6,6838.3,7129.5,6973.1
Tamil Nadu,Ariyalur,Jeyankondam (Uzhavar Sandhai ),Onion,Bellary,Local,23/11/2025,2025,11,23,Post-Monsoon,20.3,25.4,48.9,5091.3,5315.8,5211.2
Tamil Nadu,Ariyalur,Jeyankondam (Uzhavar Sandhai ),Onion,Bellary,Local,24/05/2026,2026,5,24,Summer,18.2,31.8,51.3,5886.0,6325.9,6114.1
Tamil Nadu,Ariyalur,Jeyankondam (Uzhavar Sandhai ),Onion,Bellary,Local,25/01/2026,2026,1,25,Winter,8.5,15.9,45.7,4602.7,4925.2,4716.3
Tamil Nadu,Ariyalur,Jeyankondam (Uzhavar Sandhai ),Onion,Bellary,Local,26/04/2026,2026,4,26,Summer,5.1,27.5,40.4,5493.6,5846.0,5713.0
Tamil Nadu,Ariyalur,Jeyankondam (Uzhavar Sandhai ),Onion,Bellary,Local,26/07/2026,2026,7,26,Monsoon,174.8,35.2,74.9,8027.4,8327.8,8140.0
Tamil Nadu,Ariyalur,Jeyankondam (Uzhavar Sandhai ),Onion,Bellary,Local,26/10/2025,2025,10,26,Post-Monsoon,74.5,28.5,56.9,5273.4,5586.5,5426.8
Tamil Nadu,Ariyalur,Jeyankondam (Uzhavar Sandhai ),Onion,Bellary,Local,28/06/2026,2026,6,28,Monsoon,81.3,32.4,54.4,7259.9,7556.7,7392.8
Tamil Nadu,Ariyalur,Jeyankondam (Uzhavar Sandhai ),Onion,Bellary,Local,28/12/2025,2025,12,28,Winter,15.8,18.5,39.8,5228.1,5545.8,5353.2
Tamil Nadu,Ariyalur,Jeyankondam (Uzhavar Sandhai ),Onion,Bellary,Local,29/03/2026,2026,3,29,Summer,9.8,26.7,48.5,5585.3,5892.5,5736.3
Tamil Nadu,Ariyalur,Jeyankondam (Uzhavar Sandhai ),Onion,Bellary,Local,30/08/2026,2026,8,30,Monsoon,214.2,33.4,77.8,7715.6,7837.1,7773.4
Tamil Nadu,Ariyalur,Jeyankondam (Uzhavar Sandhai ),Onion,Bellary,Local,30/11/2025,2025,11,30,Post-Monsoon,42.1,25.6,49.5,5489.7,5636.6,5558.4
Tamil Nadu,Ariyalur,Jeyankondam (Uzhavar Sandhai ),Onion,Bellary,Local,31/05/2026,2026,5,31,Summer,15.3,31.6,42.7,5333.6,5581.1,5460.3
Tamil Nadu,Chengalpattu,Chengalpet(Uzhavar Sandhai ),Onion,Bellary,Local,01/02/2026,2026,2,1,Winter,15.9,21.7,48.0,5897.3,6264.6,6078.9
Tamil Nadu,Chengalpattu,Chengalpet(Uzhavar Sandhai ),Onion,Bellary,Local,01/03/2026,2026,3,1,Summer,2.5,24.4,47.7,6349.7,6641.6,6517.1
Tamil Nadu,Chengalpattu,Chengalpet(Uzhavar Sandhai ),Onion,Bellary,Local,02/08/2026,2026,8,2,Monsoon,186.0,36.1,73.6,8852.0,9072.7,8966.8
Tamil Nadu,Chengalpattu,Chengalpet(Uzhavar Sandhai ),Onion,Bellary,Local,02/11/2025,2025,11,2,Post-Monsoon,22.4,22.8,49.8,6356.1,6515.7,6454.1
Tamil Nadu,Chengalpattu,Chengalpet(Uzhavar Sandhai ),Onion,Bellary,Local,03/05/2026,2026,5,3,Summer,12.5,30.6,54.5,6241.0,6493.0,6341.5
Tamil Nadu,Chengalpattu,Chengalpet(Uzhavar Sandhai ),Onion,Bellary,Local,04/01/2026,2026,1,4,Winter,3.3,19.2,44.8,5880.9,6106.8,6009.2
Tamil Nadu,Chengalpattu,Chengalpet(Uzhavar Sandhai ),Onion,Bellary,Local,05/04/2026,2026,4,5,Summer,0.8,27.9,39.5,6790.9,7076.1,6942.6
Tamil Nadu,Chengalpattu,Chengalpet(Uzhavar Sandhai ),Onion,Bellary,Local,05/07/2026,2026,7,5,Monsoon,208.8,36.5,75.5,8872.3,9163.0,8993.1
Tamil Nadu,Chengalpattu,Chengalpet(Uzhavar Sandhai ),Onion,Bellary,Local,05/10/2025,2025,10,5,Post-Monsoon,34.8,26.7,51.2,6571.3,7000.6,6791.1
Tamil Nadu,Chengalpattu,Chengalpet(Uzhavar Sandhai ),Onion,Bellary,Local,06/09/2026,2026,9,6,Monsoon,102.7,31.3,62.7,8705.8,8905.0,8793.3
Tamil Nadu,Chengalpattu,Chengalpet(Uzhavar Sandhai ),Onion,Bellary,Local,07/06/2026,2026,6,7,Monsoon,222.4,31.5,78.4,9155.5,9390.1,9302.1
Tamil Nadu,Chengalpattu,Chengalpet(Uzhavar Sandhai ),Onion,Bellary,Local,07/12/2025,2025,12,7,Winter,16.0,22.2,46.6,6035.4,6296.8,6134.1
Tamil Nadu,Chengalpattu,Chengalpet(Uzhavar Sandhai ),Onion,Bellary,Local,08/02/2026,2026,2,8,Winter,7.9,19.9,44.6,5628.2,5930.9,5765.5
Tamil Nadu,Chengalpattu,Chengalpet(Uzhavar Sandhai ),Onion,Bellary,Local,08/03/2026,2026,3,8,Summer,14.6,25.3,49.3,6309.3,6587.0,6409.3
Tamil Nadu,Chengalpattu,Chengalpet(Uzhavar Sandhai ),Onion,Bellary,Local,09/08/2026,2026,8,9,Monsoon,195.0,32.6,74.5,9160.0,9324.5,9260.1
Tamil Nadu,Chengalpattu,Chengalpet(Uzhavar Sandhai ),Onion,Bellary,Local,09/11/2025,2025,11,9,Post-Monsoon,78.9,22.8,61.6,6396.4,6595.8,6511.5
Tamil Nadu,Chengalpattu,Chengalpet(Uzhavar Sandhai ),Onion,Bellary,Local,10/05/2026,2026,5,10,Summer,3.7,31.5,45.2,6488.2,6744.4,6623.9
Tamil Nadu,Chengalpattu,Chengalpet(Uzhavar Sandhai ),Onion,Bellary,Local,11/01/2026,2026,1,11,Winter,19.0,19.9,52.6,5795.6,6022.8,5903.8
Tamil Nadu,Chengalpattu,Chengalpet(Uzhavar Sandhai ),Onion,Bellary,Local,12/04/2026,2026,4,12,Summer,18.6,28.3,42.9,6921.2,7060.6,7005.7
Tamil Nadu,Chengalpattu,Chengalpet(Uzhavar Sandhai ),Onion,Bellary,Local,12/07/2026,2026,7,12,Monsoon,235.2,36.4,89.2,9167.9,9502.7,9337.7
Tamil Nadu,Chengalpattu,Chengalpet(Uzhavar Sandhai ),Onion,Bellary,Local,12/10/2025,2025,10,12,Post-Monsoon,73.3,27.1,54.8,6299.6,6484.3,6391.4
Tamil Nadu,Chengalpattu,Chengalpet(Uzhavar Sandhai ),Onion,Bellary,Local,13/09/2026,2026,9,13,Monsoon,210.1,30.7,80.6,9676.0,9809.0,9745.1
Tamil Nadu,Chengalpattu,Chengalpet(Uzhavar Sandhai ),Onion,Bellary,Local,14/06/2026,2026,6,14,Monsoon,178.1,35.7,72.9,8928.2,9073.4,8997.7
Tamil Nadu,Chengalpattu,Chengalpet(Uzhavar Sandhai ),Onion,Bellary,Local,14/12/2025,2025,12,14,Winter,6.3,20.3,44.3,5686.0,5810.9,5744.6
Tamil Nadu,Chengalpattu,Chengalpet(Uzhavar Sandhai ),Onion,Bellary,Local,15/02/2026,2026,2,15,Winter,3.7,23.0,46.5,6174.5,6357.8,6252.4
Tamil Nadu,Chengalpattu,Chengalpet(Uzhavar Sandhai ),Onion,Bellary,Local,15/03/2026,2026,3,15,Summer,2.4,24.3,48.4,6565.9,6823.3,6691.0
Tamil Nadu,Chengalpattu,Chengalpet(Uzhavar Sandhai ),Onion,Bellary,Local,16/08/2026,2026,8,16,Monsoon,135.4,36.4,63.1,8675.3,8953.3,8819.0
Tamil Nadu,Chengalpattu,Chengalpet(Uzhavar Sandhai ),Onion,Bellary,Local,16/11/2025,2025,11,16,Post-Monsoon,28.8,23.4,52.2,5909.7,6141.8,6035.4
Tamil Nadu,Chengalpattu,Chengalpet(Uzhavar Sandhai ),Onion,Bellary,Local,17/05/2026,2026,5,17,Summer,11.2,31.8,46.2,6781.8,6974.8,6902.7
Tamil Nadu,Chengalpattu,Chengalpet(Uzhavar Sandhai ),Onion,Bellary,Local,18/01/2026,2026,1,18,Winter,8.5,16.5,47.3,5759.0,5981.6,5875.7
Tamil Nadu,Chengalpattu,Chengalpet(Uzhavar Sandhai ),Onion,Bellary,Local,19/04/2026,2026,4,19,Summer,6.1,30.7,49.7,6431.9,6695.4,6550.7
Tamil Nadu,Chengalpattu,Chengalpet(Uzhavar Sandhai ),Onion,Bellary,Local,19/07/2026,2026,7,19,Monsoon,96.9,33.2,64.6,7911.2,8095.5,7997.0
Tamil Nadu,Chengalpattu,Chengalpet(Uzhavar Sandhai ),Onion,Bellary,Local,19/10/2025,2025,10,19,Post-Monsoon,52.7,27.7,50.8,6218.5,6511.1,6367.2
Tamil Nadu,Chengalpattu,Chengalpet(Uzhavar Sandhai ),Onion,Bellary,Local,20/09/2026,2026,9,20,Monsoon,131.8,32.8,64.6,9086.5,9271.9,9200.5
Tamil Nadu,Chengalpattu,Chengalpet(Uzhavar Sandhai ),Onion,Bellary,Local,21/06/2026,2026,6,21,Monsoon,177.1,31.6,69.6,8696.9,8827.6,8769.3
Tamil Nadu,Chengalpattu,Chengalpet(Uzhavar Sandhai ),Onion,Bellary,Local,21/12/2025,2025,12,21,Winter,1.8,18.0,42.1,5718.8,5929.0,5849.9
Tamil Nadu,Chengalpattu,Chengalpet(Uzhavar Sandhai ),Onion,Bellary,Local,22/02/2026,2026,2,22,Winter,9.7,18.7,38.8,5798.1,6062.7,5920.9
Tamil Nadu,Chengalpattu,Chengalpet(Uzhavar Sandhai ),Onion,Bellary,Local,22/03/2026,2026,3,22,Summer,17.1,24.3,46.6,6840.3,7123.9,6968.6
Tamil Nadu,Chengalpattu,Chengalpet(Uzhavar Sandhai ),Onion,Bellary,Local,23/08/2026,2026,8,23,Monsoon,114.6,33.3,67.8,8498.6,8653.8,8567.4
Tamil Nadu,Chengalpattu,Chengalpet(Uzhavar Sandhai ),Onion,Bellary,Local,23/11/2025,2025,11,23,Post-Monsoon,55.8,21.3,52.6,6762.0,6895.7,6827.7
Tamil Nadu,Chengalpattu,Chengalpet(Uzhavar Sandhai ),Onion,Bellary,Local,24/05/2026,2026,5,24,Summer,9.5,32.2,48.3,6754.5,6905.7,6825.8
Tamil Nadu,Chengalpattu,Chengalpet(Uzhavar Sandhai ),Onion,Bellary,Local,25/01/2026,2026,1,25,Winter,18.2,21.3,49.1,5684.2,5933.2,5827.5
Tamil Nadu,Chengalpattu,Chengalpet(Uzhavar Sandhai ),Onion,Bellary,Local,26/04/2026,2026,4,26,Summer,14.6,27.5,47.6,6852.5,7108.0,6959.0
Tamil Nadu,Chengalpattu,Chengalpet(Uzhavar Sandhai ),Onion,Bellary,Local,26/07/2026,2026,7,26,Monsoon,177.9,35.3,70.4,8820.4,9214.2,9003.4
Tamil Nadu,Chengalpattu,Chengalpet(Uzhavar Sandhai ),Onion,Bellary,Local,26/10/2025,2025,10,26,Post-Monsoon,58.7,25.7,54.9,6153.8,6297.7,6224.8
Tamil Nadu,Chengalpattu,Chengalpet(Uzhavar Sandhai ),Onion,Bellary,Local,28/06/2026,2026,6,28,Monsoon,210.3,34.3,81.7,8904.1,9175.3,9038.5
Tamil Nadu,Chengalpattu,Chengalpet(Uzhavar Sandhai ),Onion,Bellary,Local,28/12/2025,2025,12,28,Winter,19.3,21.1,45.7,6069.4,6305.7,6202.2
Tamil Nadu,Chengalpattu,Chengalpet(Uzhavar Sandhai ),Onion,Bellary,Local,29/03/2026,2026,3,29,Summer,3.3,22.8,46.5,7240.1,7463.3,7351.0
Tamil Nadu,Chengalpattu,Chengalpet(Uzhavar Sandhai ),Onion,Bellary,Local,30/08/2026,2026,8,30,Monsoon,230.5,34.0,82.1,9110.5,9475.6,9268.0
Tamil Nadu,Chengalpattu,Chengalpet(Uzhavar Sandhai ),Onion,Bellary,Local,30/11/2025,2025,11,30,Post-Monsoon,38.0,24.8,56.1,6028.5,6314.0,6157.1
Tamil Nadu,Chengalpattu,Chengalpet(Uzhavar Sandhai ),Onion,Bellary,Local,31/05/2026,2026,5,31,Summer,9.7,34.6,47.7,6780.6,6949.0,6863.6
Tamil Nadu,Coimbatore,Kurichi(Uzhavar Sandhai ),Onion,Bellary,Local,01/02/2026,2026,2,1,Winter,7.4,19.6,41.1,4957.0,5198.7,5082.4
Tamil Nadu,Coimbatore,Kurichi(Uzhavar Sandhai ),Onion,Bellary,Local,01/03/2026,2026,3,1,Summer,15.7,22.2,44.4,5854.5,6113.1,6008.9
Tamil Nadu,Coimbatore,Kurichi(Uzhavar Sandhai ),Onion,Bellary,Local,02/08/2026,2026,8,2,Monsoon,148.2,33.5,67.4,8611.4,8747.8,8695.9
Tamil Nadu,Coimbatore,Kurichi(Uzhavar Sandhai ),Onion,Bellary,Local,02/11/2025,2025,11,2,Post-Monsoon,59.2,23.1,56.3,5633.2,5839.2,5723.4
Tamil Nadu,Coimbatore,Kurichi(Uzhavar Sandhai ),Onion,Bellary,Local,03/05/2026,2026,5,3,Summer,16.8,30.2,43.5,6271.3,6541.8,6391.2
Tamil Nadu,Coimbatore,Kurichi(Uzhavar Sandhai ),Onion,Bellary,Local,04/01/2026,2026,1,4,Winter,11.0,19.9,47.5,4750.7,4982.7,4861.8
Tamil Nadu,Coimbatore,Kurichi(Uzhavar Sandhai ),Onion,Bellary,Local,05/04/2026,2026,4,5,Summer,3.7,28.5,45.6,6145.7,6453.4,6334.1
Tamil Nadu,Coimbatore,Kurichi(Uzhavar Sandhai ),Onion,Bellary,Local,05/07/2026,2026,7,5,Monsoon,186.4,33.3,76.8,8692.6,8846.9,8777.2
Tamil Nadu,Coimbatore,Kurichi(Uzhavar Sandhai ),Onion,Bellary,Local,05/10/2025,2025,10,5,Post-Monsoon,37.2,25.8,50.2,5558.0,5844.8,5703.1
Tamil Nadu,Coimbatore,Kurichi(Uzhavar Sandhai ),Onion,Bellary,Local,06/09/2026,2026,9,6,Monsoon,233.0,29.2,87.0,9245.4,9380.2,9308.7
Tamil Nadu,Coimbatore,Kurichi(Uzhavar Sandhai ),Onion,Bellary,Local,07/06/2026,2026,6,7,Monsoon,95.8,32.2,56.9,7178.6,7482.8,7310.7
Tamil Nadu,Coimbatore,Kurichi(Uzhavar Sandhai ),Onion,Bellary,Local,07/12/2025,2025,12,7,Winter,1.9,20.8,40.7,5387.7,5663.2,5480.5
Tamil Nadu,Coimbatore,Kurichi(Uzhavar Sandhai ),Onion,Bellary,Local,08/02/2026,2026,2,8,Winter,16.8,20.0,50.5,5367.9,5584.2,5476.5
Tamil Nadu,Coimbatore,Kurichi(Uzhavar Sandhai ),Onion,Bellary,Local,08/03/2026,2026,3,8,Summer,18.1,21.6,49.7,5910.1,6121.0,5999.6
Tamil Nadu,Coimbatore,Kurichi(Uzhavar Sandhai ),Onion,Bellary,Local,09/08/2026,2026,8,9,Monsoon,158.9,36.5,72.4,8474.9,8665.8,8565.6
Tamil Nadu,Coimbatore,Kurichi(Uzhavar Sandhai ),Onion,Bellary,Local,09/11/2025,2025,11,9,Post-Monsoon,49.8,24.0,54.9,5476.4,5608.2,5533.6
Tamil Nadu,Coimbatore,Kurichi(Uzhavar Sandhai ),Onion,Bellary,Local,10/05/2026,2026,5,10,Summer,1.0,30.6,46.0,6405.9,6707.1,6571.8
Tamil Nadu,Coimbatore,Kurichi(Uzhavar Sandhai ),Onion,Bellary,Local,11/01/2026,2026,1,11,Winter,6.4,17.8,48.3,5439.6,5747.0,5561.0
Tamil Nadu,Coimbatore,Kurichi(Uzhavar Sandhai ),Onion,Bellary,Local,12/04/2026,2026,4,12,Summer,7.9,27.8,51.0,6158.1,6459.1,6326.8
Tamil Nadu,Coimbatore,Kurichi(Uzhavar Sandhai ),Onion,Bellary,Local,12/07/2026,2026,7,12,Monsoon,249.8,33.7,82.7,8718.3,8855.3,8770.9
Tamil Nadu,Coimbatore,Kurichi(Uzhavar Sandhai ),Onion,Bellary,Local,12/10/2025,2025,10,12,Post-Monsoon,32.1,25.0,49.2,5568.1,5805.0,5700.2
Tamil Nadu,Coimbatore,Kurichi(Uzhavar Sandhai ),Onion,Bellary,Local,13/09/2026,2026,9,13,Monsoon,125.3,31.6,63.7,7449.3,7754.9,7632.8
Tamil Nadu,Coimbatore,Kurichi(Uzhavar Sandhai ),Onion,Bellary,Local,14/06/2026,2026,6,14,Monsoon,201.3,33.2,76.9,8303.6,8587.5,8456.5
Tamil Nadu,Coimbatore,Kurichi(Uzhavar Sandhai ),Onion,Bellary,Local,14/12/2025,2025,12,14,Winter,3.4,22.0,48.4,5045.3,5223.7,5141.8
Tamil Nadu,Coimbatore,Kurichi(Uzhavar Sandhai ),Onion,Bellary,Local,15/02/2026,2026,2,15,Winter,3.1,22.1,44.7,4898.0,5092.9,5003.3
Tamil Nadu,Coimbatore,Kurichi(Uzhavar Sandhai ),Onion,Bellary,Local,15/03/2026,2026,3,15,Summer,14.0,22.4,50.5,6301.5,6590.3,6445.7
Tamil Nadu,Coimbatore,Kurichi(Uzhavar Sandhai ),Onion,Bellary,Local,16/08/2026,2026,8,16,Monsoon,231.2,33.0,76.8,8746.6,8911.8,8823.6
Tamil Nadu,Coimbatore,Kurichi(Uzhavar Sandhai ),Onion,Bellary,Local,16/11/2025,2025,11,16,Post-Monsoon,44.6,21.3,49.6,5387.9,5623.3,5531.2
Tamil Nadu,Coimbatore,Kurichi(Uzhavar Sandhai ),Onion,Bellary,Local,17/05/2026,2026,5,17,Summer,16.1,31.5,47.1,5931.7,6102.8,6017.8
Tamil Nadu,Coimbatore,Kurichi(Uzhavar Sandhai ),Onion,Bellary,Local,18/01/2026,2026,1,18,Winter,8.4,20.3,47.0,4737.5,5145.3,4953.4
Tamil Nadu,Coimbatore,Kurichi(Uzhavar Sandhai ),Onion,Bellary,Local,19/04/2026,2026,4,19,Summer,13.4,26.5,51.1,6080.5,6239.1,6170.3
Tamil Nadu,Coimbatore,Kurichi(Uzhavar Sandhai ),Onion,Bellary,Local,19/07/2026,2026,7,19,Monsoon,162.2,38.5,70.6,7634.8,7838.4,7713.1
Tamil Nadu,Coimbatore,Kurichi(Uzhavar Sandhai ),Onion,Bellary,Local,19/10/2025,2025,10,19,Post-Monsoon,70.1,27.1,57.1,5741.7,5898.3,5815.0
Tamil Nadu,Coimbatore,Kurichi(Uzhavar Sandhai ),Onion,Bellary,Local,20/09/2026,2026,9,20,Monsoon,225.4,31.9,81.1,8610.7,8875.5,8732.2
Tamil Nadu,Coimbatore,Kurichi(Uzhavar Sandhai ),Onion,Bellary,Local,21/06/2026,2026,6,21,Monsoon,240.4,33.6,83.4,8831.2,9056.9,8941.5
Tamil Nadu,Coimbatore,Kurichi(Uzhavar Sandhai ),Onion,Bellary,Local,21/12/2025,2025,12,21,Winter,10.8,19.1,45.4,4994.4,5135.6,5051.7
Tamil Nadu,Coimbatore,Kurichi(Uzhavar Sandhai ),Onion,Bellary,Local,22/02/2026,2026,2,22,Winter,7.4,20.3,44.1,5166.2,5449.5,5328.6
Tamil Nadu,Coimbatore,Kurichi(Uzhavar Sandhai ),Onion,Bellary,Local,22/03/2026,2026,3,22,Summer,14.8,23.3,47.0,5582.1,5920.1,5717.5
Tamil Nadu,Coimbatore,Kurichi(Uzhavar Sandhai ),Onion,Bellary,Local,23/08/2026,2026,8,23,Monsoon,113.4,34.0,61.7,7421.8,7641.2,7540.3
Tamil Nadu,Coimbatore,Kurichi(Uzhavar Sandhai ),Onion,Bellary,Local,23/11/2025,2025,11,23,Post-Monsoon,61.1,22.3,53.6,5493.5,5726.0,5627.3
Tamil Nadu,Coimbatore,Kurichi(Uzhavar Sandhai ),Onion,Bellary,Local,24/05/2026,2026,5,24,Summer,9.9,30.2,46.0,5604.1,5806.6,5688.8
Tamil Nadu,Coimbatore,Kurichi(Uzhavar Sandhai ),Onion,Bellary,Local,25/01/2026,2026,1,25,Winter,0.1,18.6,42.5,4878.6,5257.9,5058.2
Tamil Nadu,Coimbatore,Kurichi(Uzhavar Sandhai ),Onion,Bellary,Local,26/04/2026,2026,4,26,Summer,16.7,27.6,44.9,6037.7,6314.1,6219.8
Tamil Nadu,Coimbatore,Kurichi(Uzhavar Sandhai ),Onion,Bellary,Local,26/07/2026,2026,7,26,Monsoon,141.5,34.0,70.0,8165.1,8387.8,8277.6
Tamil Nadu,Coimbatore,Kurichi(Uzhavar Sandhai ),Onion,Bellary,Local,26/10/2025,2025,10,26,Post-Monsoon,57.8,25.5,56.1,5830.1,6171.5,5967.9
Tamil Nadu,Coimbatore,Kurichi(Uzhavar Sandhai ),Onion,Bellary,Local,28/06/2026,2026,6,28,Monsoon,164.7,33.3,72.7,8419.3,8635.4,8510.7
Tamil Nadu,Coimbatore,Kurichi(Uzhavar Sandhai ),Onion,Bellary,Local,28/12/2025,2025,12,28,Winter,13.9,20.9,53.0,5196.5,5381.2,5294.7
Tamil Nadu,Coimbatore,Kurichi(Uzhavar Sandhai ),Onion,Bellary,Local,29/03/2026,2026,3,29,Summer,19.7,23.5,45.9,6193.6,6411.6,6291.7
Tamil Nadu,Coimbatore,Kurichi(Uzhavar Sandhai ),Onion,Bellary,Local,30/08/2026,2026,8,30,Monsoon,184.5,35.1,68.7,8231.7,8568.8,8438.2
Tamil Nadu,Coimbatore,Kurichi(Uzhavar Sandhai ),Onion,Bellary,Local,30/11/2025,2025,11,30,Post-Monsoon,61.4,21.4,55.7,5744.2,5871.7,5807.1
Tamil Nadu,Coimbatore,Kurichi(Uzhavar Sandhai ),Onion,Bellary,Local,31/05/2026,2026,5,31,Summer,14.2,29.5,52.1,6011.9,6309.8,6176.1
Tamil Nadu,Coimbatore,Mettupalayam(Uzhavar Sandhai ),Onion,Bellary,Local,01/02/2026,2026,2,1,Winter,9.5,20.3,46.9,5399.1,5591.8,5505.0
Tamil Nadu,Coimbatore,Mettupalayam(Uzhavar Sandhai ),Onion,Bellary,Local,01/03/2026,2026,3,1,Summer,8.9,24.9,41.2,6076.9,6384.9,6223.5
Tamil Nadu,Coimbatore,Mettupalayam(Uzhavar Sandhai ),Onion,Bellary,Local,02/08/2026,2026,8,2,Monsoon,153.8,33.0,72.1,8713.4,8987.1,8836.6
Tamil Nadu,Coimbatore,Mettupalayam(Uzhavar Sandhai ),Onion,Bellary,Local,02/11/2025,2025,11,2,Post-Monsoon,47.5,21.6,57.0,5503.3,5753.6,5654.8
Tamil Nadu,Coimbatore,Mettupalayam(Uzhavar Sandhai ),Onion,Bellary,Local,03/05/2026,2026,5,3,Summer,18.8,28.3,45.8,6246.4,6486.9,6341.7
Tamil Nadu,Coimbatore,Mettupalayam(Uzhavar Sandhai ),Onion,Bellary,Local,04/01/2026,2026,1,4,Winter,5.5,20.7,43.5,5287.5,5481.9,5397.2
Tamil Nadu,Coimbatore,Mettupalayam(Uzhavar Sandhai ),Onion,Bellary,Local,05/04/2026,2026,4,5,Summer,15.7,26.8,47.1,6293.0,6483.4,6367.7
Tamil Nadu,Coimbatore,Mettupalayam(Uzhavar Sandhai ),Onion,Bellary,Local,05/07/2026,2026,7,5,Monsoon,84.3,37.2,56.6,7387.3,7651.7,7533.7
Tamil Nadu,Coimbatore,Mettupalayam(Uzhavar Sandhai ),Onion,Bellary,Local,05/10/2025,2025,10,5,Post-Monsoon,51.3,25.5,49.3,5574.9,5851.8,5735.0
Tamil Nadu,Coimbatore,Mettupalayam(Uzhavar Sandhai ),Onion,Bellary,Local,06/09/2026,2026,9,6,Monsoon,114.8,32.7,64.5,7517.3,7727.5,7652.0
Tamil Nadu,Coimbatore,Mettupalayam(Uzhavar Sandhai ),Onion,Bellary,Local,07/06/2026,2026,6,7,Monsoon,126.4,34.1,62.7,7612.3,7896.8,7727.0
Tamil Nadu,Coimbatore,Mettupalayam(Uzhavar Sandhai ),Onion,Bellary,Local,07/12/2025,2025,12,7,Winter,11.0,20.5,43.9,5303.1,5615.8,5496.9
Tamil Nadu,Coimbatore,Mettupalayam(Uzhavar Sandhai ),Onion,Bellary,Local,08/02/2026,2026,2,8,Winter,16.4,20.2,43.8,5728.1,5867.3,5779.9
Tamil Nadu,Coimbatore,Mettupalayam(Uzhavar Sandhai ),Onion,Bellary,Local,08/03/2026,2026,3,8,Summer,3.1,25.4,45.0,6677.3,6945.0,6812.9
Tamil Nadu,Coimbatore,Mettupalayam(Uzhavar Sandhai ),Onion,Bellary,Local,09/08/2026,2026,8,9,Monsoon,189.9,34.5,77.2,8614.0,8749.4,8681.1
Tamil Nadu,Coimbatore,Mettupalayam(Uzhavar Sandhai ),Onion,Bellary,Local,09/11/2025,2025,11,9,Post-Monsoon,78.9,22.2,55.9,6233.2,6504.2,6342.7
Tamil Nadu,Coimbatore,Mettupalayam(Uzhavar Sandhai ),Onion,Bellary,Local,10/05/2026,2026,5,10,Summer,15.5,30.6,51.0,6421.0,6602.6,6490.9
Tamil Nadu,Coimbatore,Mettupalayam(Uzhavar Sandhai ),Onion,Bellary,Local,11/01/2026,2026,1,11,Winter,12.1,19.1,47.2,4896.9,5067.0,5001.0
Tamil Nadu,Coimbatore,Mettupalayam(Uzhavar Sandhai ),Onion,Bellary,Local,12/04/2026,2026,4,12,Summer,11.3,27.3,54.2,6319.2,6547.2,6405.3
Tamil Nadu,Coimbatore,Mettupalayam(Uzhavar Sandhai ),Onion,Bellary,Local,12/07/2026,2026,7,12,Monsoon,175.4,35.1,73.5,8796.8,8973.3,8885.0
Tamil Nadu,Coimbatore,Mettupalayam(Uzhavar Sandhai ),Onion,Bellary,Local,12/10/2025,2025,10,12,Post-Monsoon,61.5,25.5,52.1,5756.5,6052.8,5894.2
Tamil Nadu,Coimbatore,Mettupalayam(Uzhavar Sandhai ),Onion,Bellary,Local,13/09/2026,2026,9,13,Monsoon,107.3,30.8,59.8,8046.8,8224.0,8121.2
Tamil Nadu,Coimbatore,Mettupalayam(Uzhavar Sandhai ),Onion,Bellary,Local,14/06/2026,2026,6,14,Monsoon,246.3,35.2,82.7,8456.4,8682.3,8558.9
Tamil Nadu,Coimbatore,Mettupalayam(Uzhavar Sandhai ),Onion,Bellary,Local,14/12/2025,2025,12,14,Winter,11.0,21.9,46.6,5205.0,5518.8,5342.1
Tamil Nadu,Coimbatore,Mettupalayam(Uzhavar Sandhai ),Onion,Bellary,Local,15/02/2026,2026,2,15,Winter,9.1,21.2,47.6,5635.5,5939.9,5748.3
Tamil Nadu,Coimbatore,Mettupalayam(Uzhavar Sandhai ),Onion,Bellary,Local,15/03/2026,2026,3,15,Summer,1.7,20.2,50.3,6364.7,6590.2,6478.4
Tamil Nadu,Coimbatore,Mettupalayam(Uzhavar Sandhai ),Onion,Bellary,Local,16/08/2026,2026,8,16,Monsoon,225.3,32.4,82.5,8322.4,8529.1,8438.2
Tamil Nadu,Coimbatore,Mettupalayam(Uzhavar Sandhai ),Onion,Bellary,Local,16/11/2025,2025,11,16,Post-Monsoon,41.4,21.6,44.0,6255.6,6619.2,6447.8
Tamil Nadu,Coimbatore,Mettupalayam(Uzhavar Sandhai ),Onion,Bellary,Local,17/05/2026,2026,5,17,Summer,16.6,33.0,47.7,5949.1,6165.7,6047.1
Tamil Nadu,Coimbatore,Mettupalayam(Uzhavar Sandhai ),Onion,Bellary,Local,18/01/2026,2026,1,18,Winter,1.2,17.9,44.4,5147.3,5502.0,5318.6
Tamil Nadu,Coimbatore,Mettupalayam(Uzhavar Sandhai ),Onion,Bellary,Local,19/04/2026,2026,4,19,Summer,11.0,25.9,46.4,5991.5,6187.5,6111.7
Tamil Nadu,Coimbatore,Mettupalayam(Uzhavar Sandhai ),Onion,Bellary,Local,19/07/2026,2026,7,19,Monsoon,180.4,33.7,74.2,9187.6,9494.5,9348.0
Tamil Nadu,Coimbatore,Mettupalayam(Uzhavar Sandhai ),Onion,Bellary,Local,19/10/2025,2025,10,19,Post-Monsoon,32.0,25.1,51.6,5669.8,5909.0,5792.5
Tamil Nadu,Coimbatore,Mettupalayam(Uzhavar Sandhai ),Onion,Bellary,Local,20/09/2026,2026,9,20,Monsoon,147.8,30.9,68.3,8273.3,8550.0,8374.5
Tamil Nadu,Coimbatore,Mettupalayam(Uzhavar Sandhai ),Onion,Bellary,Local,21/06/2026,2026,6,21,Monsoon,228.3,35.2,85.7,9027.9,9244.7,9140.7
Tamil Nadu,Coimbatore,Mettupalayam(Uzhavar Sandhai ),Onion,Bellary,Local,21/12/2025,2025,12,21,Winter,19.2,17.6,47.4,5331.8,5472.1,5396.4
Tamil Nadu,Coimbatore,Mettupalayam(Uzhavar Sandhai ),Onion,Bellary,Local,22/02/2026,2026,2,22,Winter,19.9,22.1,51.7,5609.7,5829.6,5729.7
Tamil Nadu,Coimbatore,Mettupalayam(Uzhavar Sandhai ),Onion,Bellary,Local,22/03/2026,2026,3,22,Summer,3.2,22.9,43.8,6318.3,6665.7,6444.0
Tamil Nadu,Coimbatore,Mettupalayam(Uzhavar Sandhai ),Onion,Bellary,Local,23/08/2026,2026,8,23,Monsoon,200.4,31.9,80.1,8602.3,8887.0,8729.6
Tamil Nadu,Coimbatore,Mettupalayam(Uzhavar Sandhai ),Onion,Bellary,Local,23/11/2025,2025,11,23,Post-Monsoon,61.3,23.1,52.0,5913.5,6068.9,5986.5
Tamil Nadu,Coimbatore,Mettupalayam(Uzhavar Sandhai ),Onion,Bellary,Local,24/05/2026,2026,5,24,Summer,3.0,30.7,45.9,6222.6,6395.4,6288.3
Tamil Nadu,Coimbatore,Mettupalayam(Uzhavar Sandhai ),Onion,Bellary,Local,25/01/2026,2026,1,25,Winter,14.6,18.3,45.2,5495.3,5814.0,5668.7
Tamil Nadu,Coimbatore,Mettupalayam(Uzhavar Sandhai ),Onion,Bellary,Local,26/04/2026,2026,4,26,Summer,10.3,29.5,48.0,6261.2,6584.6,6463.0
Tamil Nadu,Coimbatore,Mettupalayam(Uzhavar Sandhai ),Onion,Bellary,Local,26/07/2026,2026,7,26,Monsoon,205.3,35.3,77.8,8519.0,8740.4,8651.4
Tamil Nadu,Coimbatore,Mettupalayam(Uzhavar Sandhai ),Onion,Bellary,Local,26/10/2025,2025,10,26,Post-Monsoon,21.9,25.3,43.6,5546.0,5758.5,5678.6
Tamil Nadu,Coimbatore,Mettupalayam(Uzhavar Sandhai ),Onion,Bellary,Local,28/06/2026,2026,6,28,Monsoon,117.9,34.0,65.8,7958.1,8267.1,8089.3
Tamil Nadu,Coimbatore,Mettupalayam(Uzhavar Sandhai ),Onion,Bellary,Local,28/12/2025,2025,12,28,Winter,9.4,20.1,42.6,5095.5,5295.8,5194.0
Tamil Nadu,Coimbatore,Mettupalayam(Uzhavar Sandhai ),Onion,Bellary,Local,29/03/2026,2026,3,29,Summer,13.2,21.7,46.9,6179.6,6616.2,6400.8
Tamil Nadu,Coimbatore,Mettupalayam(Uzhavar Sandhai ),Onion,Bellary,Local,30/08/2026,2026,8,30,Monsoon,90.1,35.1,62.7,7658.8,7804.3,7737.2
Tamil Nadu,Coimbatore,Mettupalayam(Uzhavar Sandhai ),Onion,Bellary,Local,30/11/2025,2025,11,30,Post-Monsoon,59.0,22.8,55.9,6131.3,6387.4,6242.6
Tamil Nadu,Coimbatore,Mettupalayam(Uzhavar Sandhai ),Onion,Bellary,Local,31/05/2026,2026,5,31,Summer,11.5,32.7,47.7,5850.3,6128.5,5984.9
Tamil Nadu,Coimbatore,Pollachi(Uzhavar Sandhai ),Onion,Bellary,Local,01/02/2026,2026,2,1,Winter,9.5,21.3,51.7,5414.8,5619.6,5512.1
Tamil Nadu,Coimbatore,Pollachi(Uzhavar Sandhai ),Onion,Bellary,Local,01/03/2026,2026,3,1,Summer,10.3,24.1,48.4,5658.7,5907.5,5791.3
Tamil Nadu,Coimbatore,Pollachi(Uzhavar Sandhai ),Onion,Bellary,Local,02/08/2026,2026,8,2,Monsoon,239.6,33.4,86.3,8788.0,9133.5,8993.8
Tamil Nadu,Coimbatore,Pollachi(Uzhavar Sandhai ),Onion,Bellary,Local,02/11/2025,2025,11,2,Post-Monsoon,48.2,21.6,54.8,5783.1,5907.7,5844.2
Tamil Nadu,Coimbatore,Pollachi(Uzhavar Sandhai ),Onion,Bellary,Local,03/05/2026,2026,5,3,Summer,18.6,33.5,47.6,6506.1,6754.5,6626.1
Tamil Nadu,Coimbatore,Pollachi(Uzhavar Sandhai ),Onion,Bellary,Local,04/01/2026,2026,1,4,Winter,7.0,20.3,48.3,5241.7,5516.0,5399.6
Tamil Nadu,Coimbatore,Pollachi(Uzhavar Sandhai ),Onion,Bellary,Local,05/04/2026,2026,4,5,Summer,0.1,29.6,44.9,6006.7,6199.4,6115.1
Tamil Nadu,Coimbatore,Pollachi(Uzhavar Sandhai ),Onion,Bellary,Local,05/07/2026,2026,7,5,Monsoon,122.9,36.4,62.3,7579.7,7792.3,7670.4
Tamil Nadu,Coimbatore,Pollachi(Uzhavar Sandhai ),Onion,Bellary,Local,05/10/2025,2025,10,5,Post-Monsoon,47.3,27.2,55.5,5834.0,6026.6,5924.7
Tamil Nadu,Coimbatore,Pollachi(Uzhavar Sandhai ),Onion,Bellary,Local,06/09/2026,2026,9,6,Monsoon,215.4,32.8,82.1,8191.5,8463.1,8299.6
Tamil Nadu,Coimbatore,Pollachi(Uzhavar Sandhai ),Onion,Bellary,Local,07/06/2026,2026,6,7,Monsoon,228.5,31.9,87.0,8491.6,8745.6,8595.2
Tamil Nadu,Coimbatore,Pollachi(Uzhavar Sandhai ),Onion,Bellary,Local,07/12/2025,2025,12,7,Winter,2.1,21.0,48.8,5281.3,5614.5,5455.3
Tamil Nadu,Coimbatore,Pollachi(Uzhavar Sandhai ),Onion,Bellary,Local,08/02/2026,2026,2,8,Winter,3.3,19.5,50.2,5575.6,5800.8,5699.0
Tamil Nadu,Coimbatore,Pollachi(Uzhavar Sandhai ),Onion,Bellary,Local,08/03/2026,2026,3,8,Summer,1.5,25.7,44.2,6120.6,6312.8,6214.3
Tamil Nadu,Coimbatore,Pollachi(Uzhavar Sandhai ),Onion,Bellary,Local,09/08/2026,2026,8,9,Monsoon,246.2,36.7,90.3,8929.0,9069.1,9009.5
Tamil Nadu,Coimbatore,Pollachi(Uzhavar Sandhai ),Onion,Bellary,Local,09/11/2025,2025,11,9,Post-Monsoon,73.4,25.1,53.9,5765.8,6100.4,5894.9
Tamil Nadu,Coimbatore,Pollachi(Uzhavar Sandhai ),Onion,Bellary,Local,10/05/2026,2026,5,10,Summer,5.3,31.8,47.3,6273.5,6553.5,6403.4
Tamil Nadu,Coimbatore,Pollachi(Uzhavar Sandhai ),Onion,Bellary,Local,11/01/2026,2026,1,11,Winter,3.0,21.7,45.5,5125.8,5299.2,5198.5
Tamil Nadu,Coimbatore,Pollachi(Uzhavar Sandhai ),Onion,Bellary,Local,12/04/2026,2026,4,12,Summer,8.9,27.7,44.6,6386.9,6618.7,6538.8
Tamil Nadu,Coimbatore,Pollachi(Uzhavar Sandhai ),Onion,Bellary,Local,12/07/2026,2026,7,12,Monsoon,121.9,35.2,64.6,7026.2,7233.6,7155.8
Tamil Nadu,Coimbatore,Pollachi(Uzhavar Sandhai ),Onion,Bellary,Local,12/10/2025,2025,10,12,Post-Monsoon,51.8,28.2,50.1,5947.8,6274.0,6115.7
Tamil Nadu,Coimbatore,Pollachi(Uzhavar Sandhai ),Onion,Bellary,Local,13/09/2026,2026,9,13,Monsoon,168.9,29.7,73.8,7787.2,8041.1,7912.6
Tamil Nadu,Coimbatore,Pollachi(Uzhavar Sandhai ),Onion,Bellary,Local,14/06/2026,2026,6,14,Monsoon,173.6,36.3,76.4,8065.1,8232.9,8149.8
Tamil Nadu,Coimbatore,Pollachi(Uzhavar Sandhai ),Onion,Bellary,Local,14/12/2025,2025,12,14,Winter,14.0,19.1,49.0,5272.4,5513.9,5380.9
Tamil Nadu,Coimbatore,Pollachi(Uzhavar Sandhai ),Onion,Bellary,Local,15/02/2026,2026,2,15,Winter,7.5,20.5,46.8,5274.2,5580.6,5379.2
Tamil Nadu,Coimbatore,Pollachi(Uzhavar Sandhai ),Onion,Bellary,Local,15/03/2026,2026,3,15,Summer,12.2,27.0,48.4,6058.5,6302.7,6170.4
Tamil Nadu,Coimbatore,Pollachi(Uzhavar Sandhai ),Onion,Bellary,Local,16/08/2026,2026,8,16,Monsoon,169.6,33.9,70.0,8468.4,8744.9,8613.7
Tamil Nadu,Coimbatore,Pollachi(Uzhavar Sandhai ),Onion,Bellary,Local,16/11/2025,2025,11,16,Post-Monsoon,60.0,23.2,57.4,6021.9,6389.6,6219.0
Tamil Nadu,Coimbatore,Pollachi(Uzhavar Sandhai ),Onion,Bellary,Local,17/05/2026,2026,5,17,Summer,6.3,31.0,44.1,5969.3,6294.0,6139.5
Tamil Nadu,Coimbatore,Pollachi(Uzhavar Sandhai ),Onion,Bellary,Local,18/01/2026,2026,1,18,Winter,10.9,20.1,43.3,5076.4,5255.7,5157.3
Tamil Nadu,Coimbatore,Pollachi(Uzhavar Sandhai ),Onion,Bellary,Local,19/04/2026,2026,4,19,Summer,11.8,28.3,49.3,6496.0,6659.9,6571.8
Tamil Nadu,Coimbatore,Pollachi(Uzhavar Sandhai ),Onion,Bellary,Local,19/07/2026,2026,7,19,Monsoon,243.2,36.0,78.7,8376.5,8798.8,8605.0
Tamil Nadu,Coimbatore,Pollachi(Uzhavar Sandhai ),Onion,Bellary,Local,19/10/2025,2025,10,19,Post-Monsoon,48.9,28.0,50.0,5773.7,5930.7,5837.2
Tamil Nadu,Coimbatore,Pollachi(Uzhavar Sandhai ),Onion,Bellary,Local,20/09/2026,2026,9,20,Monsoon,223.5,30.3,74.4,8637.6,9063.4,8838.3
Tamil Nadu,Coimbatore,Pollachi(Uzhavar Sandhai ),Onion,Bellary,Local,21/06/2026,2026,6,21,Monsoon,95.0,32.9,54.5,8157.1,8326.2,8245.3
Tamil Nadu,Coimbatore,Pollachi(Uzhavar Sandhai ),Onion,Bellary,Local,21/12/2025,2025,12,21,Winter,12.5,20.5,43.7,5078.5,5447.5,5278.9
Tamil Nadu,Coimbatore,Pollachi(Uzhavar Sandhai ),Onion,Bellary,Local,22/02/2026,2026,2,22,Winter,15.5,21.5,43.0,5024.1,5201.5,5119.1
Tamil Nadu,Coimbatore,Pollachi(Uzhavar Sandhai ),Onion,Bellary,Local,22/03/2026,2026,3,22,Summer,19.3,26.1,45.8,6461.3,6684.9,6588.8
Tamil Nadu,Coimbatore,Pollachi(Uzhavar Sandhai ),Onion,Bellary,Local,23/08/2026,2026,8,23,Monsoon,177.4,33.3,69.1,8512.2,8686.9,8617.5
Tamil Nadu,Coimbatore,Pollachi(Uzhavar Sandhai ),Onion,Bellary,Local,23/11/2025,2025,11,23,Post-Monsoon,58.0,25.3,55.8,5533.0,5753.4,5646.8
Tamil Nadu,Coimbatore,Pollachi(Uzhavar Sandhai ),Onion,Bellary,Local,24/05/2026,2026,5,24,Summer,8.5,30.7,43.6,5904.4,6291.1,6114.8
Tamil Nadu,Coimbatore,Pollachi(Uzhavar Sandhai ),Onion,Bellary,Local,25/01/2026,2026,1,25,Winter,19.4,17.1,48.1,5607.2,5792.6,5700.4
Tamil Nadu,Coimbatore,Pollachi(Uzhavar Sandhai ),Onion,Bellary,Local,26/04/2026,2026,4,26,Summer,1.9,28.4,43.3,6463.3,6894.7,6667.4
Tamil Nadu,Coimbatore,Pollachi(Uzhavar Sandhai ),Onion,Bellary,Local,26/07/2026,2026,7,26,Monsoon,83.1,33.8,61.9,7248.0,7502.3,7395.0
Tamil Nadu,Coimbatore,Pollachi(Uzhavar Sandhai ),Onion,Bellary,Local,26/10/2025,2025,10,26,Post-Monsoon,66.2,25.4,56.8,5970.9,6230.6,6113.8
Tamil Nadu,Coimbatore,Pollachi(Uzhavar Sandhai ),Onion,Bellary,Local,28/06/2026,2026,6,28,Monsoon,150.0,34.9,66.1,8246.5,8509.1,8375.7
Tamil Nadu,Coimbatore,Pollachi(Uzhavar Sandhai ),Onion,Bellary,Local,28/12/2025,2025,12,28,Winter,1.5,22.6,48.8,5067.8,5392.2,5238.5
Tamil Nadu,Coimbatore,Pollachi(Uzhavar Sandhai ),Onion,Bellary,Local,29/03/2026,2026,3,29,Summer,5.1,23.5,45.6,6266.5,6660.3,6450.4
Tamil Nadu,Coimbatore,Pollachi(Uzhavar Sandhai ),Onion,Bellary,Local,30/08/2026,2026,8,30,Monsoon,83.9,34.7,53.9,7733.0,7897.4,7821.1
Tamil Nadu,Coimbatore,Pollachi(Uzhavar Sandhai ),Onion,Bellary,Local,30/11/2025,2025,11,30,Post-Monsoon,65.9,23.5,52.8,5976.1,6283.4,6162.9
Tamil Nadu,Coimbatore,Pollachi(Uzhavar Sandhai ),Onion,Bellary,Local,31/05/2026,2026,5,31,Summer,12.5,31.5,43.1,6216.3,6460.8,6350.1
Tamil Nadu,Coimbatore,RSPuram(Uzhavar Sandhai ),Onion,Bellary,Local,01/02/2026,2026,2,1,Winter,16.0,19.0,47.6,4826.8,5128.7,4954.5
Tamil Nadu,Coimbatore,RSPuram(Uzhavar Sandhai ),Onion,Bellary,Local,01/03/2026,2026,3,1,Summer,16.3,25.7,47.0,5775.0,6090.9,5920.7
Tamil Nadu,Coimbatore,RSPuram(Uzhavar Sandhai ),Onion,Bellary,Local,02/08/2026,2026,8,2,Monsoon,172.8,33.0,71.9,7553.1,7800.5,7665.1
Tamil Nadu,Coimbatore,RSPuram(Uzhavar Sandhai ),Onion,Bellary,Local,02/11/2025,2025,11,2,Post-Monsoon,46.5,24.8,47.6,5083.9,5246.4,5151.7
Tamil Nadu,Coimbatore,RSPuram(Uzhavar Sandhai ),Onion,Bellary,Local,03/05/2026,2026,5,3,Summer,3.8,30.7,44.1,5586.9,5783.2,5693.4
Tamil Nadu,Coimbatore,RSPuram(Uzhavar Sandhai ),Onion,Bellary,Local,04/01/2026,2026,1,4,Winter,8.2,17.0,47.3,5068.2,5335.5,5212.9
Tamil Nadu,Coimbatore,RSPuram(Uzhavar Sandhai ),Onion,Bellary,Local,05/04/2026,2026,4,5,Summer,7.4,24.1,42.3,5531.8,5887.4,5736.7
Tamil Nadu,Coimbatore,RSPuram(Uzhavar Sandhai ),Onion,Bellary,Local,05/07/2026,2026,7,5,Monsoon,122.8,35.4,67.3,7113.6,7361.3,7242.8
Tamil Nadu,Coimbatore,RSPuram(Uzhavar Sandhai ),Onion,Bellary,Local,05/10/2025,2025,10,5,Post-Monsoon,36.8,25.3,50.4,5517.3,5750.6,5655.7
Tamil Nadu,Coimbatore,RSPuram(Uzhavar Sandhai ),Onion,Bellary,Local,06/09/2026,2026,9,6,Monsoon,238.7,32.2,85.8,7460.7,7688.0,7573.9
Tamil Nadu,Coimbatore,RSPuram(Uzhavar Sandhai ),Onion,Bellary,Local,07/06/2026,2026,6,7,Monsoon,136.3,35.0,64.7,7138.2,7453.6,7296.9
Tamil Nadu,Coimbatore,RSPuram(Uzhavar Sandhai ),Onion,Bellary,Local,07/12/2025,2025,12,7,Winter,17.5,20.3,45.8,4374.3,4739.7,4551.5
Tamil Nadu,Coimbatore,RSPuram(Uzhavar Sandhai ),Onion,Bellary,Local,08/02/2026,2026,2,8,Winter,15.5,20.3,53.8,4951.0,5114.1,5030.0
Tamil Nadu,Coimbatore,RSPuram(Uzhavar Sandhai ),Onion,Bellary,Local,08/03/2026,2026,3,8,Summer,2.6,25.8,47.1,5403.8,5563.6,5489.5
Tamil Nadu,Coimbatore,RSPuram(Uzhavar Sandhai ),Onion,Bellary,Local,09/08/2026,2026,8,9,Monsoon,98.3,33.6,54.3,6769.8,7087.5,6932.3
Tamil Nadu,Coimbatore,RSPuram(Uzhavar Sandhai ),Onion,Bellary,Local,09/11/2025,2025,11,9,Post-Monsoon,52.2,24.5,53.8,4891.6,5288.1,5114.3
Tamil Nadu,Coimbatore,RSPuram(Uzhavar Sandhai ),Onion,Bellary,Local,10/05/2026,2026,5,10,Summer,14.2,31.4,47.1,5428.3,5693.1,5564.9
Tamil Nadu,Coimbatore,RSPuram(Uzhavar Sandhai ),Onion,Bellary,Local,11/01/2026,2026,1,11,Winter,3.1,17.6,50.3,4684.6,5023.6,4860.4
Tamil Nadu,Coimbatore,RSPuram(Uzhavar Sandhai ),Onion,Bellary,Local,12/04/2026,2026,4,12,Summer,16.6,25.2,48.0,6056.4,6175.4,6123.8
Tamil Nadu,Coimbatore,RSPuram(Uzhavar Sandhai ),Onion,Bellary,Local,12/07/2026,2026,7,12,Monsoon,169.7,35.5,77.6,7902.7,8274.1,8073.6
Tamil Nadu,Coimbatore,RSPuram(Uzhavar Sandhai ),Onion,Bellary,Local,12/10/2025,2025,10,12,Post-Monsoon,71.4,26.9,59.8,5756.5,5882.9,5822.4
Tamil Nadu,Coimbatore,RSPuram(Uzhavar Sandhai ),Onion,Bellary,Local,13/09/2026,2026,9,13,Monsoon,237.8,30.5,86.6,8017.6,8221.2,8119.4
Tamil Nadu,Coimbatore,RSPuram(Uzhavar Sandhai ),Onion,Bellary,Local,14/06/2026,2026,6,14,Monsoon,106.8,32.3,63.1,6726.0,6876.6,6813.4
Tamil Nadu,Coimbatore,RSPuram(Uzhavar Sandhai ),Onion,Bellary,Local,14/12/2025,2025,12,14,Winter,8.3,19.7,45.8,4830.1,5086.0,4994.1
Tamil Nadu,Coimbatore,RSPuram(Uzhavar Sandhai ),Onion,Bellary,Local,15/02/2026,2026,2,15,Winter,5.9,19.1,47.2,4817.8,5025.5,4913.8
Tamil Nadu,Coimbatore,RSPuram(Uzhavar Sandhai ),Onion,Bellary,Local,15/03/2026,2026,3,15,Summer,8.8,21.8,45.3,5694.1,5862.4,5769.3
Tamil Nadu,Coimbatore,RSPuram(Uzhavar Sandhai ),Onion,Bellary,Local,16/08/2026,2026,8,16,Monsoon,126.4,36.6,71.1,7308.6,7580.7,7449.3
Tamil Nadu,Coimbatore,RSPuram(Uzhavar Sandhai ),Onion,Bellary,Local,16/11/2025,2025,11,16,Post-Monsoon,34.6,23.4,52.5,5100.6,5265.1,5182.8
Tamil Nadu,Coimbatore,RSPuram(Uzhavar Sandhai ),Onion,Bellary,Local,17/05/2026,2026,5,17,Summer,19.2,32.7,50.1,5481.0,5745.0,5605.6
Tamil Nadu,Coimbatore,RSPuram(Uzhavar Sandhai ),Onion,Bellary,Local,18/01/2026,2026,1,18,Winter,1.2,19.5,42.8,4796.7,5109.2,4961.4
Tamil Nadu,Coimbatore,RSPuram(Uzhavar Sandhai ),Onion,Bellary,Local,19/04/2026,2026,4,19,Summer,6.3,28.5,49.5,5310.5,5451.0,5372.2
Tamil Nadu,Coimbatore,RSPuram(Uzhavar Sandhai ),Onion,Bellary,Local,19/07/2026,2026,7,19,Monsoon,241.2,34.3,83.3,7899.8,8037.7,7979.4
Tamil Nadu,Coimbatore,RSPuram(Uzhavar Sandhai ),Onion,Bellary,Local,19/10/2025,2025,10,19,Post-Monsoon,74.8,28.8,55.0,5373.6,5546.3,5459.6
Tamil Nadu,Coimbatore,RSPuram(Uzhavar Sandhai ),Onion,Bellary,Local,20/09/2026,2026,9,20,Monsoon,239.2,29.7,86.0,7935.3,8230.6,8112.8
Tamil Nadu,Coimbatore,RSPuram(Uzhavar Sandhai ),Onion,Bellary,Local,21/06/2026,2026,6,21,Monsoon,150.8,34.8,68.0,7118.0,7371.0,7240.7
Tamil Nadu,Coimbatore,RSPuram(Uzhavar Sandhai ),Onion,Bellary,Local,21/12/2025,2025,12,21,Winter,2.2,19.9,50.0,4428.8,4620.0,4539.7
Tamil Nadu,Coimbatore,RSPuram(Uzhavar Sandhai ),Onion,Bellary,Local,22/02/2026,2026,2,22,Winter,6.4,22.4,50.8,4638.0,4956.2,4798.7
Tamil Nadu,Coimbatore,RSPuram(Uzhavar Sandhai ),Onion,Bellary,Local,22/03/2026,2026,3,22,Summer,3.7,23.6,47.7,5742.0,5994.5,5897.3
Tamil Nadu,Coimbatore,RSPuram(Uzhavar Sandhai ),Onion,Bellary,Local,23/08/2026,2026,8,23,Monsoon,198.5,35.8,77.3,7613.7,7727.7,7674.5
Tamil Nadu,Coimbatore,RSPuram(Uzhavar Sandhai ),Onion,Bellary,Local,23/11/2025,2025,11,23,Post-Monsoon,30.9,24.6,53.1,5073.8,5411.4,5237.5
Tamil Nadu,Coimbatore,RSPuram(Uzhavar Sandhai ),Onion,Bellary,Local,24/05/2026,2026,5,24,Summer,2.9,32.0,46.9,5531.0,5722.9,5640.3
Tamil Nadu,Coimbatore,RSPuram(Uzhavar Sandhai ),Onion,Bellary,Local,25/01/2026,2026,1,25,Winter,12.9,16.8,48.4,4636.5,4908.2,4783.8
Tamil Nadu,Coimbatore,RSPuram(Uzhavar Sandhai ),Onion,Bellary,Local,26/04/2026,2026,4,26,Summer,16.5,24.8,42.3,6052.1,6238.2,6140.5
Tamil Nadu,Coimbatore,RSPuram(Uzhavar Sandhai ),Onion,Bellary,Local,26/07/2026,2026,7,26,Monsoon,167.4,34.0,70.2,7828.5,8168.3,7962.8
Tamil Nadu,Coimbatore,RSPuram(Uzhavar Sandhai ),Onion,Bellary,Local,26/10/2025,2025,10,26,Post-Monsoon,49.3,31.0,53.8,5533.9,5762.3,5661.2
Tamil Nadu,Coimbatore,RSPuram(Uzhavar Sandhai ),Onion,Bellary,Local,28/06/2026,2026,6,28,Monsoon,140.8,37.0,62.4,7097.2,7209.6,7149.9
Tamil Nadu,Coimbatore,RSPuram(Uzhavar Sandhai ),Onion,Bellary,Local,28/12/2025,2025,12,28,Winter,9.1,20.1,52.7,4698.6,4969.0,4854.5
Tamil Nadu,Coimbatore,RSPuram(Uzhavar Sandhai ),Onion,Bellary,Local,29/03/2026,2026,3,29,Summer,9.0,22.5,47.0,5862.7,6086.6,5970.0
Tamil Nadu,Coimbatore,RSPuram(Uzhavar Sandhai ),Onion,Bellary,Local,30/08/2026,2026,8,30,Monsoon,208.3,31.7,78.4,7982.4,8223.5,8089.9
Tamil Nadu,Coimbatore,RSPuram(Uzhavar Sandhai ),Onion,Bellary,Local,30/11/2025,2025,11,30,Post-Monsoon,44.8,19.7,46.0,5285.2,5566.4,5444.9
Tamil Nadu,Coimbatore,RSPuram(Uzhavar Sandhai ),Onion,Bellary,Local,31/05/2026,2026,5,31,Summer,11.3,29.9,44.2,5761.8,5915.2,5818.6
Tamil Nadu,Coimbatore,Singanallur(Uzhavar Sandhai ),Onion,Bellary,Local,01/02/2026,2026,2,1,Winter,15.2,20.4,38.8,5066.2,5344.6,5236.9
Tamil Nadu,Coimbatore,Singanallur(Uzhavar Sandhai ),Onion,Bellary,Local,01/03/2026,2026,3,1,Summer,13.6,23.2,44.7,5848.6,6018.0,5930.6
Tamil Nadu,Coimbatore,Singanallur(Uzhavar Sandhai ),Onion,Bellary,Local,02/08/2026,2026,8,2,Monsoon,149.4,33.2,71.0,7153.4,7393.4,7295.7
Tamil Nadu,Coimbatore,Singanallur(Uzhavar Sandhai ),Onion,Bellary,Local,02/11/2025,2025,11,2,Post-Monsoon,29.3,23.9,54.5,5745.4,5886.6,5821.3
Tamil Nadu,Coimbatore,Singanallur(Uzhavar Sandhai ),Onion,Bellary,Local,03/05/2026,2026,5,3,Summer,4.2,32.1,48.9,6353.7,6584.2,6441.0
Tamil Nadu,Coimbatore,Singanallur(Uzhavar Sandhai ),Onion,Bellary,Local,04/01/2026,2026,1,4,Winter,7.3,19.1,47.1,5210.3,5376.0,5287.7
Tamil Nadu,Coimbatore,Singanallur(Uzhavar Sandhai ),Onion,Bellary,Local,05/04/2026,2026,4,5,Summer,10.5,26.1,45.6,5713.7,5909.0,5832.1
Tamil Nadu,Coimbatore,Singanallur(Uzhavar Sandhai ),Onion,Bellary,Local,05/07/2026,2026,7,5,Monsoon,83.3,36.3,57.2,6979.0,7219.4,7117.3
Tamil Nadu,Coimbatore,Singanallur(Uzhavar Sandhai ),Onion,Bellary,Local,05/10/2025,2025,10,5,Post-Monsoon,64.1,26.9,55.2,5624.6,5822.2,5722.5
Tamil Nadu,Coimbatore,Singanallur(Uzhavar Sandhai ),Onion,Bellary,Local,06/09/2026,2026,9,6,Monsoon,159.4,31.2,71.1,7793.9,8101.3,7985.2
Tamil Nadu,Coimbatore,Singanallur(Uzhavar Sandhai ),Onion,Bellary,Local,07/06/2026,2026,6,7,Monsoon,220.2,32.9,75.4,8465.1,8570.6,8517.8
Tamil Nadu,Coimbatore,Singanallur(Uzhavar Sandhai ),Onion,Bellary,Local,07/12/2025,2025,12,7,Winter,13.2,20.3,46.9,4589.3,4900.1,4758.7
Tamil Nadu,Coimbatore,Singanallur(Uzhavar Sandhai ),Onion,Bellary,Local,08/02/2026,2026,2,8,Winter,15.2,19.2,44.0,5163.2,5528.5,5346.1
Tamil Nadu,Coimbatore,Singanallur(Uzhavar Sandhai ),Onion,Bellary,Local,08/03/2026,2026,3,8,Summer,7.0,22.4,49.6,5688.3,5874.4,5782.5
Tamil Nadu,Coimbatore,Singanallur(Uzhavar Sandhai ),Onion,Bellary,Local,09/08/2026,2026,8,9,Monsoon,132.5,35.3,66.1,7904.6,8201.5,8051.8
Tamil Nadu,Coimbatore,Singanallur(Uzhavar Sandhai ),Onion,Bellary,Local,09/11/2025,2025,11,9,Post-Monsoon,48.0,22.2,54.0,5338.9,5661.1,5542.4
Tamil Nadu,Coimbatore,Singanallur(Uzhavar Sandhai ),Onion,Bellary,Local,10/05/2026,2026,5,10,Summer,3.5,31.4,42.9,5678.4,5921.2,5805.4
Tamil Nadu,Coimbatore,Singanallur(Uzhavar Sandhai ),Onion,Bellary,Local,11/01/2026,2026,1,11,Winter,11.2,19.9,47.3,4970.6,5112.3,5060.6
Tamil Nadu,Coimbatore,Singanallur(Uzhavar Sandhai ),Onion,Bellary,Local,12/04/2026,2026,4,12,Summer,16.2,27.0,52.0,5768.2,5971.1,5848.8
Tamil Nadu,Coimbatore,Singanallur(Uzhavar Sandhai ),Onion,Bellary,Local,12/07/2026,2026,7,12,Monsoon,195.2,34.3,79.5,8021.9,8295.3,8164.6
Tamil Nadu,Coimbatore,Singanallur(Uzhavar Sandhai ),Onion,Bellary,Local,12/10/2025,2025,10,12,Post-Monsoon,20.6,30.0,51.3,5341.5,5593.8,5461.4
Tamil Nadu,Coimbatore,Singanallur(Uzhavar Sandhai ),Onion,Bellary,Local,13/09/2026,2026,9,13,Monsoon,125.1,31.4,67.2,7252.6,7439.9,7339.6
Tamil Nadu,Coimbatore,Singanallur(Uzhavar Sandhai ),Onion,Bellary,Local,14/06/2026,2026,6,14,Monsoon,124.6,38.0,67.4,7207.0,7456.3,7362.2
Tamil Nadu,Coimbatore,Singanallur(Uzhavar Sandhai ),Onion,Bellary,Local,14/12/2025,2025,12,14,Winter,4.3,17.5,43.5,5234.4,5392.7,5329.3
Tamil Nadu,Coimbatore,Singanallur(Uzhavar Sandhai ),Onion,Bellary,Local,15/02/2026,2026,2,15,Winter,14.4,18.1,50.5,5040.9,5186.7,5126.4
Tamil Nadu,Coimbatore,Singanallur(Uzhavar Sandhai ),Onion,Bellary,Local,15/03/2026,2026,3,15,Summer,15.3,24.4,45.8,5881.6,6038.7,5975.4
Tamil Nadu,Coimbatore,Singanallur(Uzhavar Sandhai ),Onion,Bellary,Local,16/08/2026,2026,8,16,Monsoon,108.4,33.9,63.0,7270.2,7508.0,7414.9
Tamil Nadu,Coimbatore,Singanallur(Uzhavar Sandhai ),Onion,Bellary,Local,16/11/2025,2025,11,16,Post-Monsoon,44.1,22.1,54.3,5150.7,5403.6,5306.8
Tamil Nadu,Coimbatore,Singanallur(Uzhavar Sandhai ),Onion,Bellary,Local,17/05/2026,2026,5,17,Summer,7.3,30.8,47.7,5514.1,5900.1,5697.8
Tamil Nadu,Coimbatore,Singanallur(Uzhavar Sandhai ),Onion,Bellary,Local,18/01/2026,2026,1,18,Winter,2.7,20.2,41.3,4867.3,5167.7,5025.3
Tamil Nadu,Coimbatore,Singanallur(Uzhavar Sandhai ),Onion,Bellary,Local,19/04/2026,2026,4,19,Summer,19.1,25.9,48.8,5548.8,5983.4,5766.7
Tamil Nadu,Coimbatore,Singanallur(Uzhavar Sandhai ),Onion,Bellary,Local,19/07/2026,2026,7,19,Monsoon,158.7,38.0,68.3,7240.1,7411.6,7322.2
Tamil Nadu,Coimbatore,Singanallur(Uzhavar Sandhai ),Onion,Bellary,Local,19/10/2025,2025,10,19,Post-Monsoon,45.5,26.8,50.8,5600.8,5929.2,5763.1
Tamil Nadu,Coimbatore,Singanallur(Uzhavar Sandhai ),Onion,Bellary,Local,20/09/2026,2026,9,20,Monsoon,189.2,28.9,73.7,7844.0,8140.0,7987.2
Tamil Nadu,Coimbatore,Singanallur(Uzhavar Sandhai ),Onion,Bellary,Local,21/06/2026,2026,6,21,Monsoon,162.5,35.3,69.7,8021.9,8180.0,8105.3
Tamil Nadu,Coimbatore,Singanallur(Uzhavar Sandhai ),Onion,Bellary,Local,21/12/2025,2025,12,21,Winter,19.4,20.3,48.0,5098.2,5243.7,5175.7
Tamil Nadu,Coimbatore,Singanallur(Uzhavar Sandhai ),Onion,Bellary,Local,22/02/2026,2026,2,22,Winter,0.5,19.9,43.8,4524.8,4653.6,4585.0
Tamil Nadu,Coimbatore,Singanallur(Uzhavar Sandhai ),Onion,Bellary,Local,22/03/2026,2026,3,22,Summer,18.4,22.7,49.3,5762.8,6148.6,5979.8
Tamil Nadu,Coimbatore,Singanallur(Uzhavar Sandhai ),Onion,Bellary,Local,23/08/2026,2026,8,23,Monsoon,117.5,35.8,66.9,7276.0,7520.9,7375.1
Tamil Nadu,Coimbatore,Singanallur(Uzhavar Sandhai ),Onion,Bellary,Local,23/11/2025,2025,11,23,Post-Monsoon,55.3,24.3,55.5,5946.2,6171.8,6043.4
Tamil Nadu,Coimbatore,Singanallur(Uzhavar Sandhai ),Onion,Bellary,Local,24/05/2026,2026,5,24,Summer,10.4,31.8,47.6,5895.8,6168.5,6043.1
Tamil Nadu,Coimbatore,Singanallur(Uzhavar Sandhai ),Onion,Bellary,Local,25/01/2026,2026,1,25,Winter,11.2,17.5,44.9,4707.4,4968.2,4833.6
Tamil Nadu,Coimbatore,Singanallur(Uzhavar Sandhai ),Onion,Bellary,Local,26/04/2026,2026,4,26,Summer,16.4,28.0,46.6,5927.0,6123.7,6028.2
Tamil Nadu,Coimbatore,Singanallur(Uzhavar Sandhai ),Onion,Bellary,Local,26/07/2026,2026,7,26,Monsoon,228.2,34.2,76.7,8256.3,8478.6,8338.0
Tamil Nadu,Coimbatore,Singanallur(Uzhavar Sandhai ),Onion,Bellary,Local,26/10/2025,2025,10,26,Post-Monsoon,27.3,25.3,51.7,5095.6,5362.0,5233.2
Tamil Nadu,Coimbatore,Singanallur(Uzhavar Sandhai ),Onion,Bellary,Local,28/06/2026,2026,6,28,Monsoon,220.3,34.5,89.6,8375.7,8519.5,8457.3
Tamil Nadu,Coimbatore,Singanallur(Uzhavar Sandhai ),Onion,Bellary,Local,28/12/2025,2025,12,28,Winter,6.7,19.3,42.9,5043.4,5401.8,5205.5
Tamil Nadu,Coimbatore,Singanallur(Uzhavar Sandhai ),Onion,Bellary,Local,29/03/2026,2026,3,29,Summer,17.3,22.8,48.8,6311.6,6502.5,6430.0
Tamil Nadu,Coimbatore,Singanallur(Uzhavar Sandhai ),Onion,Bellary,Local,30/08/2026,2026,8,30,Monsoon,145.2,34.9,64.1,7534.4,7751.0,7640.6
Tamil Nadu,Coimbatore,Singanallur(Uzhavar Sandhai ),Onion,Bellary,Local,30/11/2025,2025,11,30,Post-Monsoon,77.0,21.8,54.8,6003.2,6229.9,6112.5
Tamil Nadu,Coimbatore,Singanallur(Uzhavar Sandhai ),Onion,Bellary,Local,31/05/2026,2026,5,31,Summer,17.4,31.2,48.1,5833.9,6141.9,5961.4
Tamil Nadu,Coimbatore,Sulur(Uzhavar Sandhai ),Onion,Bellary,Local,01/02/2026,2026,2,1,Winter,8.1,21.2,45.9,4790.6,4937.4,4863.0
Tamil Nadu,Coimbatore,Sulur(Uzhavar Sandhai ),Onion,Bellary,Local,01/03/2026,2026,3,1,Summer,1.2,24.3,48.0,5356.1,5687.5,5547.4
Tamil Nadu,Coimbatore,Sulur(Uzhavar Sandhai ),Onion,Bellary,Local,02/08/2026,2026,8,2,Monsoon,109.8,34.8,59.4,6315.9,6482.3,6401.5
Tamil Nadu,Coimbatore,Sulur(Uzhavar Sandhai ),Onion,Bellary,Local,02/11/2025,2025,11,2,Post-Monsoon,49.5,21.8,45.0,5518.5,5799.3,5667.0
Tamil Nadu,Coimbatore,Sulur(Uzhavar Sandhai ),Onion,Bellary,Local,03/05/2026,2026,5,3,Summer,17.1,30.9,45.0,5755.5,6039.6,5917.6
Tamil Nadu,Coimbatore,Sulur(Uzhavar Sandhai ),Onion,Bellary,Local,04/01/2026,2026,1,4,Winter,12.6,21.3,44.8,4865.3,5110.8,5001.2
Tamil Nadu,Coimbatore,Sulur(Uzhavar Sandhai ),Onion,Bellary,Local,05/04/2026,2026,4,5,Summer,2.1,27.5,47.1,5893.0,6086.8,5996.4
Tamil Nadu,Coimbatore,Sulur(Uzhavar Sandhai ),Onion,Bellary,Local,05/07/2026,2026,7,5,Monsoon,232.2,35.4,83.4,8122.1,8304.2,8231.1
Tamil Nadu,Coimbatore,Sulur(Uzhavar Sandhai ),Onion,Bellary,Local,05/10/2025,2025,10,5,Post-Monsoon,45.6,28.2,49.1,5992.4,6205.9,6082.2
Tamil Nadu,Coimbatore,Sulur(Uzhavar Sandhai ),Onion,Bellary,Local,06/09/2026,2026,9,6,Monsoon,183.6,31.8,74.4,8623.2,8830.5,8727.4
Tamil Nadu,Coimbatore,Sulur(Uzhavar Sandhai ),Onion,Bellary,Local,07/06/2026,2026,6,7,Monsoon,113.2,35.5,68.8,7997.5,8238.7,8081.6
Tamil Nadu,Coimbatore,Sulur(Uzhavar Sandhai ),Onion,Bellary,Local,07/12/2025,2025,12,7,Winter,19.1,21.1,50.3,4942.3,5281.9,5118.1
Tamil Nadu,Coimbatore,Sulur(Uzhavar Sandhai ),Onion,Bellary,Local,08/02/2026,2026,2,8,Winter,4.6,21.3,43.3,5009.4,5225.3,5129.7
Tamil Nadu,Coimbatore,Sulur(Uzhavar Sandhai ),Onion,Bellary,Local,08/03/2026,2026,3,8,Summer,10.5,24.9,46.1,5626.7,5848.5,5712.0
Tamil Nadu,Coimbatore,Sulur(Uzhavar Sandhai ),Onion,Bellary,Local,09/08/2026,2026,8,9,Monsoon,231.4,36.1,78.9,8322.8,8457.3,8397.4
Tamil Nadu,Coimbatore,Sulur(Uzhavar Sandhai ),Onion,Bellary,Local,09/11/2025,2025,11,9,Post-Monsoon,71.7,25.4,61.5,5974.0,6168.8,6044.8
Tamil Nadu,Coimbatore,Sulur(Uzhavar Sandhai ),Onion,Bellary,Local,10/05/2026,2026,5,10,Summer,2.3,31.7,43.4,5537.7,5871.3,5676.7
Tamil Nadu,Coimbatore,Sulur(Uzhavar Sandhai ),Onion,Bellary,Local,11/01/2026,2026,1,11,Winter,9.8,23.1,42.3,4969.4,5273.1,5110.8
Tamil Nadu,Coimbatore,Sulur(Uzhavar Sandhai ),Onion,Bellary,Local,12/04/2026,2026,4,12,Summer,14.0,30.0,49.3,5791.4,5980.8,5896.8
Tamil Nadu,Coimbatore,Sulur(Uzhavar Sandhai ),Onion,Bellary,Local,12/07/2026,2026,7,12,Monsoon,179.5,33.6,76.1,8160.7,8376.5,8289.0
Tamil Nadu,Coimbatore,Sulur(Uzhavar Sandhai ),Onion,Bellary,Local,12/10/2025,2025,10,12,Post-Monsoon,63.1,28.3,53.0,5412.3,5653.5,5543.6
Tamil Nadu,Coimbatore,Sulur(Uzhavar Sandhai ),Onion,Bellary,Local,13/09/2026,2026,9,13,Monsoon,83.3,30.8,58.1,7207.2,7588.0,7363.1
Tamil Nadu,Coimbatore,Sulur(Uzhavar Sandhai ),Onion,Bellary,Local,14/06/2026,2026,6,14,Monsoon,220.6,35.6,79.3,7600.9,8005.0,7804.4
Tamil Nadu,Coimbatore,Sulur(Uzhavar Sandhai ),Onion,Bellary,Local,14/12/2025,2025,12,14,Winter,16.8,19.9,47.2,4859.1,5053.6,4957.9
Tamil Nadu,Coimbatore,Sulur(Uzhavar Sandhai ),Onion,Bellary,Local,15/02/2026,2026,2,15,Winter,1.3,20.8,48.2,4910.4,5114.7,5014.4
Tamil Nadu,Coimbatore,Sulur(Uzhavar Sandhai ),Onion,Bellary,Local,15/03/2026,2026,3,15,Summer,3.0,24.2,46.3,5874.4,6113.2,6000.8
Tamil Nadu,Coimbatore,Sulur(Uzhavar Sandhai ),Onion,Bellary,Local,16/08/2026,2026,8,16,Monsoon,131.2,35.0,62.2,7207.9,7450.5,7359.2
Tamil Nadu,Coimbatore,Sulur(Uzhavar Sandhai ),Onion,Bellary,Local,16/11/2025,2025,11,16,Post-Monsoon,27.7,24.1,48.2,5438.0,5627.1,5515.8
Tamil Nadu,Coimbatore,Sulur(Uzhavar Sandhai ),Onion,Bellary,Local,17/05/2026,2026,5,17,Summer,9.8,32.0,44.4,6148.5,6352.8,6279.3
Tamil Nadu,Coimbatore,Sulur(Uzhavar Sandhai ),Onion,Bellary,Local,18/01/2026,2026,1,18,Winter,3.1,16.1,46.6,4656.5,4824.2,4743.7
Tamil Nadu,Coimbatore,Sulur(Uzhavar Sandhai ),Onion,Bellary,Local,19/04/2026,2026,4,19,Summer,12.3,29.0,41.8,5897.9,6267.9,6099.2
Tamil Nadu,Coimbatore,Sulur(Uzhavar Sandhai ),Onion,Bellary,Local,19/07/2026,2026,7,19,Monsoon,230.3,34.2,82.0,8056.1,8460.6,8260.6
Tamil Nadu,Coimbatore,Sulur(Uzhavar Sandhai ),Onion,Bellary,Local,19/10/2025,2025,10,19,Post-Monsoon,72.2,25.7,54.0,5160.2,5410.2,5305.2
Tamil Nadu,Coimbatore,Sulur(Uzhavar Sandhai ),Onion,Bellary,Local,20/09/2026,2026,9,20,Monsoon,182.5,31.8,69.7,7675.0,7990.1,7866.1
Tamil Nadu,Coimbatore,Sulur(Uzhavar Sandhai ),Onion,Bellary,Local,21/06/2026,2026,6,21,Monsoon,232.9,33.5,85.0,7879.0,8094.2,7997.8
Tamil Nadu,Coimbatore,Sulur(Uzhavar Sandhai ),Onion,Bellary,Local,21/12/2025,2025,12,21,Winter,4.2,20.8,42.5,4986.6,5188.0,5064.7
Tamil Nadu,Coimbatore,Sulur(Uzhavar Sandhai ),Onion,Bellary,Local,22/02/2026,2026,2,22,Winter,9.6,19.1,44.1,4814.9,5199.9,5004.2
Tamil Nadu,Coimbatore,Sulur(Uzhavar Sandhai ),Onion,Bellary,Local,22/03/2026,2026,3,22,Summer,15.7,22.3,48.0,5582.5,5890.5,5780.9
Tamil Nadu,Coimbatore,Sulur(Uzhavar Sandhai ),Onion,Bellary,Local,23/08/2026,2026,8,23,Monsoon,231.3,34.1,83.8,8196.3,8400.5,8308.2
Tamil Nadu,Coimbatore,Sulur(Uzhavar Sandhai ),Onion,Bellary,Local,23/11/2025,2025,11,23,Post-Monsoon,59.2,22.4,51.2,5409.7,5820.1,5612.4
Tamil Nadu,Coimbatore,Sulur(Uzhavar Sandhai ),Onion,Bellary,Local,24/05/2026,2026,5,24,Summer,19.5,29.7,53.9,5612.3,5881.4,5778.2
Tamil Nadu,Coimbatore,Sulur(Uzhavar Sandhai ),Onion,Bellary,Local,25/01/2026,2026,1,25,Winter,6.8,18.9,39.8,4827.9,5154.7,5016.8
Tamil Nadu,Coimbatore,Sulur(Uzhavar Sandhai ),Onion,Bellary,Local,26/04/2026,2026,4,26,Summer,11.2,28.4,46.2,6061.6,6444.7,6258.7
Tamil Nadu,Coimbatore,Sulur(Uzhavar Sandhai ),Onion,Bellary,Local,26/07/2026,2026,7,26,Monsoon,90.4,36.3,61.0,7060.5,7386.3,7224.4
Tamil Nadu,Coimbatore,Sulur(Uzhavar Sandhai ),Onion,Bellary,Local,26/10/2025,2025,10,26,Post-Monsoon,73.5,27.8,63.7,5317.0,5625.2,5449.8
Tamil Nadu,Coimbatore,Sulur(Uzhavar Sandhai ),Onion,Bellary,Local,28/06/2026,2026,6,28,Monsoon,104.0,30.5,56.5,7165.5,7475.0,7278.8
Tamil Nadu,Coimbatore,Sulur(Uzhavar Sandhai ),Onion,Bellary,Local,28/12/2025,2025,12,28,Winter,19.4,21.3,44.1,4782.0,5073.1,4942.0
Tamil Nadu,Coimbatore,Sulur(Uzhavar Sandhai ),Onion,Bellary,Local,29/03/2026,2026,3,29,Summer,18.8,23.2,46.6,5747.0,5901.0,5833.7
Tamil Nadu,Coimbatore,Sulur(Uzhavar Sandhai ),Onion,Bellary,Local,30/08/2026,2026,8,30,Monsoon,176.5,33.3,73.3,7908.0,8015.5,7961.0
Tamil Nadu,Coimbatore,Sulur(Uzhavar Sandhai ),Onion,Bellary,Local,30/11/2025,2025,11,30,Post-Monsoon,73.9,24.1,57.2,5506.2,5808.3,5700.8
Tamil Nadu,Coimbatore,Sulur(Uzhavar Sandhai ),Onion,Bellary,Local,31/05/2026,2026,5,31,Summer,14.4,31.5,53.1,5679.2,5887.5,5768.0
Tamil Nadu,Coimbatore,Udumalpet APMC,Onion,Bellary,Local,01/02/2026,2026,2,1,Winter,4.8,17.3,45.7,6089.6,6390.8,6266.3
Tamil Nadu,Coimbatore,Udumalpet APMC,Onion,Bellary,Local,01/03/2026,2026,3,1,Summer,15.6,23.7,48.9,6384.8,6549.8,6473.1
Tamil Nadu,Coimbatore,Udumalpet APMC,Onion,Bellary,Local,02/08/2026,2026,8,2,Monsoon,218.7,35.0,77.3,9778.5,9977.7,9870.9
Tamil Nadu,Coimbatore,Udumalpet APMC,Onion,Bellary,Local,02/11/2025,2025,11,2,Post-Monsoon,40.9,21.8,58.0,6073.5,6368.8,6208.0
Tamil Nadu,Coimbatore,Udumalpet APMC,Onion,Bellary,Local,03/05/2026,2026,5,3,Summer,3.2,32.3,44.6,6897.7,7213.2,7058.1
Tamil Nadu,Coimbatore,Udumalpet APMC,Onion,Bellary,Local,04/01/2026,2026,1,4,Winter,11.4,20.2,46.5,5971.3,6138.7,6045.7
Tamil Nadu,Coimbatore,Udumalpet APMC,Onion,Bellary,Local,05/04/2026,2026,4,5,Summer,12.9,26.6,53.5,6544.8,6785.7,6669.9
Tamil Nadu,Coimbatore,Udumalpet APMC,Onion,Bellary,Local,05/07/2026,2026,7,5,Monsoon,171.5,32.8,67.1,9405.9,9592.0,9490.7
Tamil Nadu,Coimbatore,Udumalpet APMC,Onion,Bellary,Local,05/10/2025,2025,10,5,Post-Monsoon,25.2,25.8,49.4,5885.6,6153.8,6022.4
Tamil Nadu,Coimbatore,Udumalpet APMC,Onion,Bellary,Local,06/09/2026,2026,9,6,Monsoon,107.7,31.1,62.7,8032.5,8262.3,8167.4
Tamil Nadu,Coimbatore,Udumalpet APMC,Onion,Bellary,Local,07/06/2026,2026,6,7,Monsoon,180.3,37.2,76.8,9123.5,9440.1,9250.3
Tamil Nadu,Coimbatore,Udumalpet APMC,Onion,Bellary,Local,07/12/2025,2025,12,7,Winter,1.7,20.2,44.1,5488.2,5645.9,5570.2
Tamil Nadu,Coimbatore,Udumalpet APMC,Onion,Bellary,Local,08/02/2026,2026,2,8,Winter,2.3,20.4,41.2,5740.3,5886.9,5818.7
Tamil Nadu,Coimbatore,Udumalpet APMC,Onion,Bellary,Local,08/03/2026,2026,3,8,Summer,11.2,23.3,54.4,6736.1,6866.7,6785.1
Tamil Nadu,Coimbatore,Udumalpet APMC,Onion,Bellary,Local,09/08/2026,2026,8,9,Monsoon,87.4,32.2,53.8,8005.3,8317.4,8160.8
Tamil Nadu,Coimbatore,Udumalpet APMC,Onion,Bellary,Local,09/11/2025,2025,11,9,Post-Monsoon,43.4,21.8,53.5,6046.5,6441.8,6222.3
Tamil Nadu,Coimbatore,Udumalpet APMC,Onion,Bellary,Local,10/05/2026,2026,5,10,Summer,16.1,33.0,46.6,6715.4,7020.5,6900.9
Tamil Nadu,Coimbatore,Udumalpet APMC,Onion,Bellary,Local,11/01/2026,2026,1,11,Winter,4.5,17.1,42.4,5772.7,5941.3,5853.0
Tamil Nadu,Coimbatore,Udumalpet APMC,Onion,Bellary,Local,12/04/2026,2026,4,12,Summer,6.6,26.9,49.9,6793.0,7088.3,6967.8
Tamil Nadu,Coimbatore,Udumalpet APMC,Onion,Bellary,Local,12/07/2026,2026,7,12,Monsoon,155.4,36.8,68.4,8484.7,8637.2,8553.3
Tamil Nadu,Coimbatore,Udumalpet APMC,Onion,Bellary,Local,12/10/2025,2025,10,12,Post-Monsoon,46.3,24.4,54.0,6061.5,6264.2,6192.8
Tamil Nadu,Coimbatore,Udumalpet APMC,Onion,Bellary,Local,13/09/2026,2026,9,13,Monsoon,116.1,29.0,65.6,7249.7,7487.7,7391.6
Tamil Nadu,Coimbatore,Udumalpet APMC,Onion,Bellary,Local,14/06/2026,2026,6,14,Monsoon,100.8,34.3,63.8,8453.0,8644.9,8550.3
Tamil Nadu,Coimbatore,Udumalpet APMC,Onion,Bellary,Local,14/12/2025,2025,12,14,Winter,18.0,17.4,46.8,5315.2,5661.2,5530.6
Tamil Nadu,Coimbatore,Udumalpet APMC,Onion,Bellary,Local,15/02/2026,2026,2,15,Winter,15.1,24.3,48.6,5730.7,5945.2,5841.9
Tamil Nadu,Coimbatore,Udumalpet APMC,Onion,Bellary,Local,15/03/2026,2026,3,15,Summer,3.9,23.9,51.8,7152.5,7320.4,7227.1
Tamil Nadu,Coimbatore,Udumalpet APMC,Onion,Bellary,Local,16/08/2026,2026,8,16,Monsoon,201.9,31.8,73.4,9462.9,9571.5,9515.6
Tamil Nadu,Coimbatore,Udumalpet APMC,Onion,Bellary,Local,16/11/2025,2025,11,16,Post-Monsoon,26.2,20.6,42.1,5787.8,6116.7,5950.9
Tamil Nadu,Coimbatore,Udumalpet APMC,Onion,Bellary,Local,17/05/2026,2026,5,17,Summer,12.1,29.8,41.0,6433.1,6590.6,6493.2
Tamil Nadu,Coimbatore,Udumalpet APMC,Onion,Bellary,Local,18/01/2026,2026,1,18,Winter,2.3,19.0,45.5,5656.5,5823.3,5719.5
Tamil Nadu,Coimbatore,Udumalpet APMC,Onion,Bellary,Local,19/04/2026,2026,4,19,Summer,1.9,27.6,48.1,6478.4,6830.2,6623.8
Tamil Nadu,Coimbatore,Udumalpet APMC,Onion,Bellary,Local,19/07/2026,2026,7,19,Monsoon,172.0,35.3,70.4,8722.5,8857.4,8808.1
Tamil Nadu,Coimbatore,Udumalpet APMC,Onion,Bellary,Local,19/10/2025,2025,10,19,Post-Monsoon,34.1,24.4,51.8,6287.2,6482.9,6392.5
Tamil Nadu,Coimbatore,Udumalpet APMC,Onion,Bellary,Local,20/09/2026,2026,9,20,Monsoon,233.7,29.2,80.5,9815.0,9967.9,9889.9
Tamil Nadu,Coimbatore,Udumalpet APMC,Onion,Bellary,Local,21/06/2026,2026,6,21,Monsoon,165.6,32.7,66.5,8558.6,8746.7,8666.8
Tamil Nadu,Coimbatore,Udumalpet APMC,Onion,Bellary,Local,21/12/2025,2025,12,21,Winter,10.2,21.5,49.8,5673.7,5854.8,5758.9
Tamil Nadu,Coimbatore,Udumalpet APMC,Onion,Bellary,Local,22/02/2026,2026,2,22,Winter,18.9,23.0,46.7,5719.4,5917.6,5826.3
Tamil Nadu,Coimbatore,Udumalpet APMC,Onion,Bellary,Local,22/03/2026,2026,3,22,Summer,12.5,21.0,43.1,6652.8,6978.4,6786.8
Tamil Nadu,Coimbatore,Udumalpet APMC,Onion,Bellary,Local,23/08/2026,2026,8,23,Monsoon,139.8,35.0,70.3,8196.0,8491.1,8323.7
Tamil Nadu,Coimbatore,Udumalpet APMC,Onion,Bellary,Local,23/11/2025,2025,11,23,Post-Monsoon,60.2,23.7,55.1,6563.6,6931.1,6733.8
Tamil Nadu,Coimbatore,Udumalpet APMC,Onion,Bellary,Local,24/05/2026,2026,5,24,Summer,15.0,32.7,46.2,6675.2,7028.9,6877.7
Tamil Nadu,Coimbatore,Udumalpet APMC,Onion,Bellary,Local,25/01/2026,2026,1,25,Winter,9.9,18.6,48.2,5701.6,5879.4,5786.6
Tamil Nadu,Coimbatore,Udumalpet APMC,Onion,Bellary,Local,26/04/2026,2026,4,26,Summer,11.5,27.1,45.4,6489.5,6749.2,6628.3
Tamil Nadu,Coimbatore,Udumalpet APMC,Onion,Bellary,Local,26/07/2026,2026,7,26,Monsoon,115.0,36.1,59.5,8433.7,8813.6,8624.8
Tamil Nadu,Coimbatore,Udumalpet APMC,Onion,Bellary,Local,26/10/2025,2025,10,26,Post-Monsoon,36.4,24.3,49.6,6022.9,6305.2,6184.5
Tamil Nadu,Coimbatore,Udumalpet APMC,Onion,Bellary,Local,28/06/2026,2026,6,28,Monsoon,247.6,34.2,95.0,9558.0,9707.4,9651.4
Tamil Nadu,Coimbatore,Udumalpet APMC,Onion,Bellary,Local,28/12/2025,2025,12,28,Winter,12.2,22.4,49.9,5562.6,5763.2,5652.1
Tamil Nadu,Coimbatore,Udumalpet APMC,Onion,Bellary,Local,29/03/2026,2026,3,29,Summer,12.2,22.4,46.6,6741.7,7065.1,6909.2
Tamil Nadu,Coimbatore,Udumalpet APMC,Onion,Bellary,Local,30/08/2026,2026,8,30,Monsoon,142.5,37.5,68.1,8678.4,8834.0,8762.2
Tamil Nadu,Coimbatore,Udumalpet APMC,Onion,Bellary,Local,30/11/2025,2025,11,30,Post-Monsoon,42.6,22.4,52.7,5960.6,6159.6,6047.7
Tamil Nadu,Coimbatore,Udumalpet APMC,Onion,Bellary,Local,31/05/2026,2026,5,31,Summer,14.9,29.9,50.9,6601.9,6843.1,6751.6
Tamil Nadu,Coimbatore,Vadavalli(Uzhavar Sandhai ),Onion,Bellary,Local,01/02/2026,2026,2,1,Winter,9.5,20.4,47.8,4691.6,4826.8,4760.9
Tamil Nadu,Coimbatore,Vadavalli(Uzhavar Sandhai ),Onion,Bellary,Local,01/03/2026,2026,3,1,Summer,16.7,21.3,48.7,5413.2,5751.7,5627.9
Tamil Nadu,Coimbatore,Vadavalli(Uzhavar Sandhai ),Onion,Bellary,Local,02/08/2026,2026,8,2,Monsoon,165.2,32.8,70.7,7492.1,7777.3,7626.3
Tamil Nadu,Coimbatore,Vadavalli(Uzhavar Sandhai ),Onion,Bellary,Local,02/11/2025,2025,11,2,Post-Monsoon,58.0,22.3,61.6,5210.7,5475.3,5375.8
Tamil Nadu,Coimbatore,Vadavalli(Uzhavar Sandhai ),Onion,Bellary,Local,03/05/2026,2026,5,3,Summer,9.2,32.6,44.5,5759.0,5972.5,5894.5
Tamil Nadu,Coimbatore,Vadavalli(Uzhavar Sandhai ),Onion,Bellary,Local,04/01/2026,2026,1,4,Winter,7.7,16.9,44.8,4914.2,5174.4,5045.7
Tamil Nadu,Coimbatore,Vadavalli(Uzhavar Sandhai ),Onion,Bellary,Local,05/04/2026,2026,4,5,Summer,0.2,26.0,47.5,5589.0,5732.9,5641.9
Tamil Nadu,Coimbatore,Vadavalli(Uzhavar Sandhai ),Onion,Bellary,Local,05/07/2026,2026,7,5,Monsoon,221.5,33.3,79.8,8277.5,8441.1,8357.2
Tamil Nadu,Coimbatore,Vadavalli(Uzhavar Sandhai ),Onion,Bellary,Local,05/10/2025,2025,10,5,Post-Monsoon,40.7,23.3,49.6,5326.6,5504.9,5406.8
Tamil Nadu,Coimbatore,Vadavalli(Uzhavar Sandhai ),Onion,Bellary,Local,06/09/2026,2026,9,6,Monsoon,128.9,29.7,63.4,6962.4,7229.0,7097.3
Tamil Nadu,Coimbatore,Vadavalli(Uzhavar Sandhai ),Onion,Bellary,Local,07/06/2026,2026,6,7,Monsoon,185.4,32.3,71.6,7699.2,7948.7,7834.7
Tamil Nadu,Coimbatore,Vadavalli(Uzhavar Sandhai ),Onion,Bellary,Local,07/12/2025,2025,12,7,Winter,15.2,21.4,45.1,4958.6,5172.2,5034.1
Tamil Nadu,Coimbatore,Vadavalli(Uzhavar Sandhai ),Onion,Bellary,Local,08/02/2026,2026,2,8,Winter,0.5,17.3,39.9,4955.7,5147.3,5060.5
Tamil Nadu,Coimbatore,Vadavalli(Uzhavar Sandhai ),Onion,Bellary,Local,08/03/2026,2026,3,8,Summer,6.4,24.4,47.4,5590.1,5741.9,5654.8
Tamil Nadu,Coimbatore,Vadavalli(Uzhavar Sandhai ),Onion,Bellary,Local,09/08/2026,2026,8,9,Monsoon,131.9,33.5,65.9,6891.3,7237.8,7078.4
Tamil Nadu,Coimbatore,Vadavalli(Uzhavar Sandhai ),Onion,Bellary,Local,09/11/2025,2025,11,9,Post-Monsoon,37.1,25.4,49.6,5205.1,5475.5,5328.6
Tamil Nadu,Coimbatore,Vadavalli(Uzhavar Sandhai ),Onion,Bellary,Local,10/05/2026,2026,5,10,Summer,7.5,30.4,48.0,6266.4,6445.0,6332.5
Tamil Nadu,Coimbatore,Vadavalli(Uzhavar Sandhai ),Onion,Bellary,Local,11/01/2026,2026,1,11,Winter,4.6,20.8,42.3,4896.1,5135.5,4990.9
Tamil Nadu,Coimbatore,Vadavalli(Uzhavar Sandhai ),Onion,Bellary,Local,12/04/2026,2026,4,12,Summer,6.4,28.2,45.9,5706.8,5934.7,5808.0
Tamil Nadu,Coimbatore,Vadavalli(Uzhavar Sandhai ),Onion,Bellary,Local,12/07/2026,2026,7,12,Monsoon,83.1,37.4,63.4,7413.7,7660.0,7543.0
Tamil Nadu,Coimbatore,Vadavalli(Uzhavar Sandhai ),Onion,Bellary,Local,12/10/2025,2025,10,12,Post-Monsoon,61.8,27.5,53.8,4956.8,5285.6,5150.5
Tamil Nadu,Coimbatore,Vadavalli(Uzhavar Sandhai ),Onion,Bellary,Local,13/09/2026,2026,9,13,Monsoon,177.7,29.0,71.1,6954.3,7284.2,7142.4
Tamil Nadu,Coimbatore,Vadavalli(Uzhavar Sandhai ),Onion,Bellary,Local,14/06/2026,2026,6,14,Monsoon,140.1,32.6,67.4,7462.4,7628.1,7558.4
Tamil Nadu,Coimbatore,Vadavalli(Uzhavar Sandhai ),Onion,Bellary,Local,14/12/2025,2025,12,14,Winter,4.6,18.0,48.4,4628.8,4941.1,4744.2
Tamil Nadu,Coimbatore,Vadavalli(Uzhavar Sandhai ),Onion,Bellary,Local,15/02/2026,2026,2,15,Winter,0.6,19.2,39.8,4724.2,4985.0,4872.2
Tamil Nadu,Coimbatore,Vadavalli(Uzhavar Sandhai ),Onion,Bellary,Local,15/03/2026,2026,3,15,Summer,18.1,22.1,47.1,5662.2,5918.7,5796.8
Tamil Nadu,Coimbatore,Vadavalli(Uzhavar Sandhai ),Onion,Bellary,Local,16/08/2026,2026,8,16,Monsoon,124.8,36.7,66.2,7231.7,7489.1,7375.9
Tamil Nadu,Coimbatore,Vadavalli(Uzhavar Sandhai ),Onion,Bellary,Local,16/11/2025,2025,11,16,Post-Monsoon,34.8,25.5,52.4,5506.8,5806.5,5623.7
Tamil Nadu,Coimbatore,Vadavalli(Uzhavar Sandhai ),Onion,Bellary,Local,17/05/2026,2026,5,17,Summer,9.1,30.6,45.3,5744.7,5928.6,5846.8
Tamil Nadu,Coimbatore,Vadavalli(Uzhavar Sandhai ),Onion,Bellary,Local,18/01/2026,2026,1,18,Winter,13.6,19.9,44.7,5201.0,5525.8,5386.7
Tamil Nadu,Coimbatore,Vadavalli(Uzhavar Sandhai ),Onion,Bellary,Local,19/04/2026,2026,4,19,Summer,2.8,29.9,41.3,5673.1,5865.7,5757.1
Tamil Nadu,Coimbatore,Vadavalli(Uzhavar Sandhai ),Onion,Bellary,Local,19/07/2026,2026,7,19,Monsoon,122.2,34.0,69.0,7440.2,7728.8,7603.1
Tamil Nadu,Coimbatore,Vadavalli(Uzhavar Sandhai ),Onion,Bellary,Local,19/10/2025,2025,10,19,Post-Monsoon,46.7,26.6,54.8,5538.8,5808.9,5669.6
Tamil Nadu,Coimbatore,Vadavalli(Uzhavar Sandhai ),Onion,Bellary,Local,20/09/2026,2026,9,20,Monsoon,197.2,30.1,73.2,7582.6,7726.7,7667.9
Tamil Nadu,Coimbatore,Vadavalli(Uzhavar Sandhai ),Onion,Bellary,Local,21/06/2026,2026,6,21,Monsoon,181.5,34.4,76.9,7358.8,7635.9,7512.8
Tamil Nadu,Coimbatore,Vadavalli(Uzhavar Sandhai ),Onion,Bellary,Local,21/12/2025,2025,12,21,Winter,16.8,21.0,46.3,4959.9,5140.7,5072.7
Tamil Nadu,Coimbatore,Vadavalli(Uzhavar Sandhai ),Onion,Bellary,Local,22/02/2026,2026,2,22,Winter,2.1,18.7,47.7,4825.5,5094.3,4960.0
Tamil Nadu,Coimbatore,Vadavalli(Uzhavar Sandhai ),Onion,Bellary,Local,22/03/2026,2026,3,22,Summer,10.3,21.7,47.2,5813.1,5958.4,5891.5
Tamil Nadu,Coimbatore,Vadavalli(Uzhavar Sandhai ),Onion,Bellary,Local,23/08/2026,2026,8,23,Monsoon,221.7,33.0,78.2,7738.7,8116.1,7925.3
Tamil Nadu,Coimbatore,Vadavalli(Uzhavar Sandhai ),Onion,Bellary,Local,23/11/2025,2025,11,23,Post-Monsoon,39.4,20.5,51.7,5092.1,5269.6,5205.0
Tamil Nadu,Coimbatore,Vadavalli(Uzhavar Sandhai ),Onion,Bellary,Local,24/05/2026,2026,5,24,Summer,6.5,28.4,47.9,5536.6,5733.6,5641.6
Tamil Nadu,Coimbatore,Vadavalli(Uzhavar Sandhai ),Onion,Bellary,Local,25/01/2026,2026,1,25,Winter,12.0,18.8,46.9,4847.2,5070.1,4958.4
Tamil Nadu,Coimbatore,Vadavalli(Uzhavar Sandhai ),Onion,Bellary,Local,26/04/2026,2026,4,26,Summer,11.8,26.0,43.7,5856.4,6039.1,5936.8
Tamil Nadu,Coimbatore,Vadavalli(Uzhavar Sandhai ),Onion,Bellary,Local,26/07/2026,2026,7,26,Monsoon,248.0,35.8,85.1,8038.5,8243.0,8139.5
Tamil Nadu,Coimbatore,Vadavalli(Uzhavar Sandhai ),Onion,Bellary,Local,26/10/2025,2025,10,26,Post-Monsoon,41.2,26.9,51.3,5699.1,5840.4,5776.8
Tamil Nadu,Coimbatore,Vadavalli(Uzhavar Sandhai ),Onion,Bellary,Local,28/06/2026,2026,6,28,Monsoon,123.1,32.4,63.7,7644.6,7920.0,7787.6
Tamil Nadu,Coimbatore,Vadavalli(Uzhavar Sandhai ),Onion,Bellary,Local,28/12/2025,2025,12,28,Winter,3.1,17.5,46.5,4959.8,5155.0,5043.0
Tamil Nadu,Coimbatore,Vadavalli(Uzhavar Sandhai ),Onion,Bellary,Local,29/03/2026,2026,3,29,Summer,10.8,23.0,52.1,6086.0,6402.6,6237.4
Tamil Nadu,Coimbatore,Vadavalli(Uzhavar Sandhai ),Onion,Bellary,Local,30/08/2026,2026,8,30,Monsoon,242.2,33.3,84.4,8944.3,9147.7,9030.1
Tamil Nadu,Coimbatore,Vadavalli(Uzhavar Sandhai ),Onion,Bellary,Local,30/11/2025,2025,11,30,Post-Monsoon,25.9,26.8,50.9,4951.3,5324.6,5162.5
Tamil Nadu,Coimbatore,Vadavalli(Uzhavar Sandhai ),Onion,Bellary,Local,31/05/2026,2026,5,31,Summer,13.9,30.3,49.6,5940.6,6103.7,6038.4
Tamil Nadu,Cuddalore,Chidambaram(Uzhavar Sandhai ),Onion,Bellary,Local,01/02/2026,2026,2,1,Winter,5.1,18.2,40.3,4348.6,4515.7,4418.1
Tamil Nadu,Cuddalore,Chidambaram(Uzhavar Sandhai ),Onion,Bellary,Local,01/03/2026,2026,3,1,Summer,9.7,22.6,49.9,5009.2,5246.2,5116.4
Tamil Nadu,Cuddalore,Chidambaram(Uzhavar Sandhai ),Onion,Bellary,Local,02/08/2026,2026,8,2,Monsoon,240.1,30.4,80.1,7445.0,7708.8,7597.1
Tamil Nadu,Cuddalore,Chidambaram(Uzhavar Sandhai ),Onion,Bellary,Local,02/11/2025,2025,11,2,Post-Monsoon,60.0,24.1,50.2,4899.9,5026.2,4969.3
Tamil Nadu,Cuddalore,Chidambaram(Uzhavar Sandhai ),Onion,Bellary,Local,03/05/2026,2026,5,3,Summer,2.0,32.0,46.9,5050.4,5261.6,5145.9
Tamil Nadu,Cuddalore,Chidambaram(Uzhavar Sandhai ),Onion,Bellary,Local,04/01/2026,2026,1,4,Winter,3.8,20.2,43.5,4143.8,4436.1,4258.8
Tamil Nadu,Cuddalore,Chidambaram(Uzhavar Sandhai ),Onion,Bellary,Local,05/04/2026,2026,4,5,Summer,10.9,26.7,47.1,5302.0,5455.4,5399.0
Tamil Nadu,Cuddalore,Chidambaram(Uzhavar Sandhai ),Onion,Bellary,Local,05/07/2026,2026,7,5,Monsoon,80.7,35.3,58.7,6520.0,6638.8,6567.8
Tamil Nadu,Cuddalore,Chidambaram(Uzhavar Sandhai ),Onion,Bellary,Local,05/10/2025,2025,10,5,Post-Monsoon,63.4,26.9,51.3,5216.4,5525.4,5419.9
Tamil Nadu,Cuddalore,Chidambaram(Uzhavar Sandhai ),Onion,Bellary,Local,06/09/2026,2026,9,6,Monsoon,128.0,33.0,66.0,6394.1,6618.7,6507.3
Tamil Nadu,Cuddalore,Chidambaram(Uzhavar Sandhai ),Onion,Bellary,Local,07/06/2026,2026,6,7,Monsoon,127.5,33.2,66.1,6812.9,7162.0,6956.1
Tamil Nadu,Cuddalore,Chidambaram(Uzhavar Sandhai ),Onion,Bellary,Local,07/12/2025,2025,12,7,Winter,17.6,20.2,44.7,4650.8,4814.2,4730.8
Tamil Nadu,Cuddalore,Chidambaram(Uzhavar Sandhai ),Onion,Bellary,Local,08/02/2026,2026,2,8,Winter,2.7,19.7,42.8,4534.1,4823.4,4693.0
Tamil Nadu,Cuddalore,Chidambaram(Uzhavar Sandhai ),Onion,Bellary,Local,08/03/2026,2026,3,8,Summer,14.1,20.7,42.2,4911.0,5337.8,5122.7
Tamil Nadu,Cuddalore,Chidambaram(Uzhavar Sandhai ),Onion,Bellary,Local,09/08/2026,2026,8,9,Monsoon,155.9,33.5,69.0,6777.0,7004.7,6858.9
Tamil Nadu,Cuddalore,Chidambaram(Uzhavar Sandhai ),Onion,Bellary,Local,09/11/2025,2025,11,9,Post-Monsoon,47.2,24.1,48.0,4799.2,5107.2,4978.7
Tamil Nadu,Cuddalore,Chidambaram(Uzhavar Sandhai ),Onion,Bellary,Local,10/05/2026,2026,5,10,Summer,10.5,30.1,43.7,5025.5,5350.9,5201.9
Tamil Nadu,Cuddalore,Chidambaram(Uzhavar Sandhai ),Onion,Bellary,Local,11/01/2026,2026,1,11,Winter,5.3,18.3,41.2,4271.3,4511.9,4374.0
Tamil Nadu,Cuddalore,Chidambaram(Uzhavar Sandhai ),Onion,Bellary,Local,12/04/2026,2026,4,12,Summer,14.4,24.2,48.2,5029.4,5394.6,5234.3
Tamil Nadu,Cuddalore,Chidambaram(Uzhavar Sandhai ),Onion,Bellary,Local,12/07/2026,2026,7,12,Monsoon,96.3,34.1,58.8,6531.2,6729.0,6626.3
Tamil Nadu,Cuddalore,Chidambaram(Uzhavar Sandhai ),Onion,Bellary,Local,12/10/2025,2025,10,12,Post-Monsoon,55.3,27.6,56.5,4865.2,5238.3,5039.2
Tamil Nadu,Cuddalore,Chidambaram(Uzhavar Sandhai ),Onion,Bellary,Local,13/09/2026,2026,9,13,Monsoon,172.2,30.8,69.5,6753.8,7016.5,6870.7
Tamil Nadu,Cuddalore,Chidambaram(Uzhavar Sandhai ),Onion,Bellary,Local,14/06/2026,2026,6,14,Monsoon,237.5,34.4,82.5,7041.2,7398.7,7178.3
Tamil Nadu,Cuddalore,Chidambaram(Uzhavar Sandhai ),Onion,Bellary,Local,14/12/2025,2025,12,14,Winter,2.4,22.1,43.0,4360.3,4587.9,4451.0
Tamil Nadu,Cuddalore,Chidambaram(Uzhavar Sandhai ),Onion,Bellary,Local,15/02/2026,2026,2,15,Winter,19.7,20.5,44.4,4015.2,4442.7,4229.8
Tamil Nadu,Cuddalore,Chidambaram(Uzhavar Sandhai ),Onion,Bellary,Local,15/03/2026,2026,3,15,Summer,5.5,23.3,47.0,5271.2,5432.9,5351.5
Tamil Nadu,Cuddalore,Chidambaram(Uzhavar Sandhai ),Onion,Bellary,Local,16/08/2026,2026,8,16,Monsoon,88.1,32.2,58.1,6241.3,6561.5,6393.8
Tamil Nadu,Cuddalore,Chidambaram(Uzhavar Sandhai ),Onion,Bellary,Local,16/11/2025,2025,11,16,Post-Monsoon,30.0,23.4,47.7,4490.9,4757.8,4584.7
Tamil Nadu,Cuddalore,Chidambaram(Uzhavar Sandhai ),Onion,Bellary,Local,17/05/2026,2026,5,17,Summer,15.7,32.6,48.0,4794.6,5030.2,4907.3
Tamil Nadu,Cuddalore,Chidambaram(Uzhavar Sandhai ),Onion,Bellary,Local,18/01/2026,2026,1,18,Winter,6.7,18.5,47.2,4416.1,4713.3,4539.3
Tamil Nadu,Cuddalore,Chidambaram(Uzhavar Sandhai ),Onion,Bellary,Local,19/04/2026,2026,4,19,Summer,2.1,26.4,45.2,5367.1,5583.0,5476.7
Tamil Nadu,Cuddalore,Chidambaram(Uzhavar Sandhai ),Onion,Bellary,Local,19/07/2026,2026,7,19,Monsoon,108.7,32.6,68.2,7104.0,7276.9,7171.7
Tamil Nadu,Cuddalore,Chidambaram(Uzhavar Sandhai ),Onion,Bellary,Local,19/10/2025,2025,10,19,Post-Monsoon,71.8,27.2,57.5,4647.9,4883.3,4775.9
Tamil Nadu,Cuddalore,Chidambaram(Uzhavar Sandhai ),Onion,Bellary,Local,20/09/2026,2026,9,20,Monsoon,191.5,32.5,77.2,7201.0,7459.7,7341.5
Tamil Nadu,Cuddalore,Chidambaram(Uzhavar Sandhai ),Onion,Bellary,Local,21/06/2026,2026,6,21,Monsoon,169.6,33.8,69.4,6555.0,6808.9,6682.0
Tamil Nadu,Cuddalore,Chidambaram(Uzhavar Sandhai ),Onion,Bellary,Local,21/12/2025,2025,12,21,Winter,17.4,20.4,40.5,4450.5,4809.9,4587.1
Tamil Nadu,Cuddalore,Chidambaram(Uzhavar Sandhai ),Onion,Bellary,Local,22/02/2026,2026,2,22,Winter,19.5,21.7,45.4,4428.5,4691.8,4569.9
Tamil Nadu,Cuddalore,Chidambaram(Uzhavar Sandhai ),Onion,Bellary,Local,22/03/2026,2026,3,22,Summer,15.8,21.4,48.8,4983.6,5195.1,5097.3
Tamil Nadu,Cuddalore,Chidambaram(Uzhavar Sandhai ),Onion,Bellary,Local,23/08/2026,2026,8,23,Monsoon,198.7,34.3,74.2,7238.9,7537.0,7394.1
Tamil Nadu,Cuddalore,Chidambaram(Uzhavar Sandhai ),Onion,Bellary,Local,23/11/2025,2025,11,23,Post-Monsoon,24.6,23.7,46.7,4804.6,5027.6,4895.8
Tamil Nadu,Cuddalore,Chidambaram(Uzhavar Sandhai ),Onion,Bellary,Local,24/05/2026,2026,5,24,Summer,13.0,30.9,53.6,5106.7,5445.7,5299.6
Tamil Nadu,Cuddalore,Chidambaram(Uzhavar Sandhai ),Onion,Bellary,Local,25/01/2026,2026,1,25,Winter,7.7,17.6,42.4,4201.2,4514.5,4315.5
Tamil Nadu,Cuddalore,Chidambaram(Uzhavar Sandhai ),Onion,Bellary,Local,26/04/2026,2026,4,26,Summer,10.5,25.9,53.7,5124.9,5394.7,5239.8
Tamil Nadu,Cuddalore,Chidambaram(Uzhavar Sandhai ),Onion,Bellary,Local,26/07/2026,2026,7,26,Monsoon,198.9,36.3,77.7,6661.5,6952.8,6816.3
Tamil Nadu,Cuddalore,Chidambaram(Uzhavar Sandhai ),Onion,Bellary,Local,26/10/2025,2025,10,26,Post-Monsoon,38.7,27.7,52.1,4788.2,4991.2,4890.8
Tamil Nadu,Cuddalore,Chidambaram(Uzhavar Sandhai ),Onion,Bellary,Local,28/06/2026,2026,6,28,Monsoon,95.0,32.5,59.9,6747.0,7081.8,6941.4
Tamil Nadu,Cuddalore,Chidambaram(Uzhavar Sandhai ),Onion,Bellary,Local,28/12/2025,2025,12,28,Winter,9.9,21.0,46.3,4483.7,4812.5,4616.7
Tamil Nadu,Cuddalore,Chidambaram(Uzhavar Sandhai ),Onion,Bellary,Local,29/03/2026,2026,3,29,Summer,1.9,23.8,42.2,5511.8,5699.0,5621.3
Tamil Nadu,Cuddalore,Chidambaram(Uzhavar Sandhai ),Onion,Bellary,Local,30/08/2026,2026,8,30,Monsoon,223.9,34.4,83.8,6967.3,7311.3,7120.7
Tamil Nadu,Cuddalore,Chidambaram(Uzhavar Sandhai ),Onion,Bellary,Local,30/11/2025,2025,11,30,Post-Monsoon,20.8,22.8,47.3,4433.3,4756.9,4594.0
Tamil Nadu,Cuddalore,Chidambaram(Uzhavar Sandhai ),Onion,Bellary,Local,31/05/2026,2026,5,31,Summer,7.9,33.2,48.4,5268.0,5421.8,5356.5
Tamil Nadu,Cuddalore,Cuddalore(Uzhavar Sandhai ),Onion,Bellary,Local,01/02/2026,2026,2,1,Winter,4.6,22.0,36.9,5511.6,5719.8,5640.9
Tamil Nadu,Cuddalore,Cuddalore(Uzhavar Sandhai ),Onion,Bellary,Local,01/03/2026,2026,3,1,Summer,19.8,24.3,46.3,6942.1,7313.6,7122.8
Tamil Nadu,Cuddalore,Cuddalore(Uzhavar Sandhai ),Onion,Bellary,Local,02/08/2026,2026,8,2,Monsoon,203.0,33.3,79.5,9135.3,9309.6,9215.0
Tamil Nadu,Cuddalore,Cuddalore(Uzhavar Sandhai ),Onion,Bellary,Local,02/11/2025,2025,11,2,Post-Monsoon,21.6,24.8,42.4,6220.2,6481.8,6340.2
Tamil Nadu,Cuddalore,Cuddalore(Uzhavar Sandhai ),Onion,Bellary,Local,03/05/2026,2026,5,3,Summer,11.7,31.7,47.5,6952.6,7171.3,7051.4
Tamil Nadu,Cuddalore,Cuddalore(Uzhavar Sandhai ),Onion,Bellary,Local,04/01/2026,2026,1,4,Winter,8.2,19.3,49.8,5325.2,5650.3,5508.0
Tamil Nadu,Cuddalore,Cuddalore(Uzhavar Sandhai ),Onion,Bellary,Local,05/04/2026,2026,4,5,Summer,13.4,25.8,40.2,6732.6,6956.0,6856.5
Tamil Nadu,Cuddalore,Cuddalore(Uzhavar Sandhai ),Onion,Bellary,Local,05/07/2026,2026,7,5,Monsoon,81.3,34.3,57.2,8837.1,9225.9,9044.4
Tamil Nadu,Cuddalore,Cuddalore(Uzhavar Sandhai ),Onion,Bellary,Local,05/10/2025,2025,10,5,Post-Monsoon,64.2,28.7,54.8,7024.1,7169.0,7107.2
Tamil Nadu,Cuddalore,Cuddalore(Uzhavar Sandhai ),Onion,Bellary,Local,06/09/2026,2026,9,6,Monsoon,206.1,30.4,74.9,9022.3,9181.3,9101.6
Tamil Nadu,Cuddalore,Cuddalore(Uzhavar Sandhai ),Onion,Bellary,Local,07/06/2026,2026,6,7,Monsoon,205.6,36.2,76.7,8919.8,9162.3,9058.7
Tamil Nadu,Cuddalore,Cuddalore(Uzhavar Sandhai ),Onion,Bellary,Local,07/12/2025,2025,12,7,Winter,16.8,19.8,53.7,5852.5,6073.3,5977.7
Tamil Nadu,Cuddalore,Cuddalore(Uzhavar Sandhai ),Onion,Bellary,Local,08/02/2026,2026,2,8,Winter,8.3,18.4,38.8,5727.6,5874.8,5812.9
Tamil Nadu,Cuddalore,Cuddalore(Uzhavar Sandhai ),Onion,Bellary,Local,08/03/2026,2026,3,8,Summer,9.5,22.9,47.7,6773.7,7057.3,6910.4
Tamil Nadu,Cuddalore,Cuddalore(Uzhavar Sandhai ),Onion,Bellary,Local,09/08/2026,2026,8,9,Monsoon,182.9,35.4,75.1,9067.3,9498.6,9276.7
Tamil Nadu,Cuddalore,Cuddalore(Uzhavar Sandhai ),Onion,Bellary,Local,09/11/2025,2025,11,9,Post-Monsoon,22.9,23.1,53.2,6399.4,6624.7,6525.7
Tamil Nadu,Cuddalore,Cuddalore(Uzhavar Sandhai ),Onion,Bellary,Local,10/05/2026,2026,5,10,Summer,12.1,30.3,57.1,6883.4,7066.9,6987.9
Tamil Nadu,Cuddalore,Cuddalore(Uzhavar Sandhai ),Onion,Bellary,Local,11/01/2026,2026,1,11,Winter,14.3,20.4,51.5,5535.7,5679.2,5616.3
Tamil Nadu,Cuddalore,Cuddalore(Uzhavar Sandhai ),Onion,Bellary,Local,12/04/2026,2026,4,12,Summer,9.1,28.0,41.7,7209.4,7421.2,7344.7
Tamil Nadu,Cuddalore,Cuddalore(Uzhavar Sandhai ),Onion,Bellary,Local,12/07/2026,2026,7,12,Monsoon,216.8,33.5,82.1,10357.1,10546.6,10450.1
Tamil Nadu,Cuddalore,Cuddalore(Uzhavar Sandhai ),Onion,Bellary,Local,12/10/2025,2025,10,12,Post-Monsoon,56.1,28.0,55.3,6547.0,6815.3,6693.3
Tamil Nadu,Cuddalore,Cuddalore(Uzhavar Sandhai ),Onion,Bellary,Local,13/09/2026,2026,9,13,Monsoon,164.0,30.9,68.3,8977.5,9336.9,9158.5
Tamil Nadu,Cuddalore,Cuddalore(Uzhavar Sandhai ),Onion,Bellary,Local,14/06/2026,2026,6,14,Monsoon,94.8,33.1,61.5,8522.6,8803.0,8668.5
Tamil Nadu,Cuddalore,Cuddalore(Uzhavar Sandhai ),Onion,Bellary,Local,14/12/2025,2025,12,14,Winter,8.7,21.6,47.2,6315.8,6464.8,6376.9
Tamil Nadu,Cuddalore,Cuddalore(Uzhavar Sandhai ),Onion,Bellary,Local,15/02/2026,2026,2,15,Winter,1.5,20.8,41.0,5680.4,5850.0,5771.2
Tamil Nadu,Cuddalore,Cuddalore(Uzhavar Sandhai ),Onion,Bellary,Local,15/03/2026,2026,3,15,Summer,8.3,20.7,48.2,6787.7,7036.2,6891.1
Tamil Nadu,Cuddalore,Cuddalore(Uzhavar Sandhai ),Onion,Bellary,Local,16/08/2026,2026,8,16,Monsoon,224.6,35.6,80.6,9938.9,10160.2,10055.3
Tamil Nadu,Cuddalore,Cuddalore(Uzhavar Sandhai ),Onion,Bellary,Local,16/11/2025,2025,11,16,Post-Monsoon,79.9,24.0,56.3,6447.8,6806.1,6639.4
Tamil Nadu,Cuddalore,Cuddalore(Uzhavar Sandhai ),Onion,Bellary,Local,17/05/2026,2026,5,17,Summer,7.8,33.2,42.9,6729.0,6931.2,6826.3
Tamil Nadu,Cuddalore,Cuddalore(Uzhavar Sandhai ),Onion,Bellary,Local,18/01/2026,2026,1,18,Winter,11.5,19.2,48.0,6381.3,6484.9,6431.8
Tamil Nadu,Cuddalore,Cuddalore(Uzhavar Sandhai ),Onion,Bellary,Local,19/04/2026,2026,4,19,Summer,5.9,28.4,45.3,6492.9,6831.9,6699.3
Tamil Nadu,Cuddalore,Cuddalore(Uzhavar Sandhai ),Onion,Bellary,Local,19/07/2026,2026,7,19,Monsoon,127.8,37.0,68.9,9040.3,9363.1,9188.8
Tamil Nadu,Cuddalore,Cuddalore(Uzhavar Sandhai ),Onion,Bellary,Local,19/10/2025,2025,10,19,Post-Monsoon,68.9,27.1,60.0,6835.4,7100.7,6980.8
Tamil Nadu,Cuddalore,Cuddalore(Uzhavar Sandhai ),Onion,Bellary,Local,20/09/2026,2026,9,20,Monsoon,247.8,32.0,85.2,9228.1,9457.1,9354.4
Tamil Nadu,Cuddalore,Cuddalore(Uzhavar Sandhai ),Onion,Bellary,Local,21/06/2026,2026,6,21,Monsoon,176.7,33.4,74.5,9135.8,9276.1,9210.8
Tamil Nadu,Cuddalore,Cuddalore(Uzhavar Sandhai ),Onion,Bellary,Local,21/12/2025,2025,12,21,Winter,16.4,19.3,47.3,5769.9,5994.2,5877.1
Tamil Nadu,Cuddalore,Cuddalore(Uzhavar Sandhai ),Onion,Bellary,Local,22/02/2026,2026,2,22,Winter,11.2,22.0,43.7,5587.0,5898.0,5772.4
Tamil Nadu,Cuddalore,Cuddalore(Uzhavar Sandhai ),Onion,Bellary,Local,22/03/2026,2026,3,22,Summer,6.8,22.0,45.3,6800.8,7051.2,6939.1
Tamil Nadu,Cuddalore,Cuddalore(Uzhavar Sandhai ),Onion,Bellary,Local,23/08/2026,2026,8,23,Monsoon,127.9,35.9,62.2,8405.3,8576.3,8502.4
Tamil Nadu,Cuddalore,Cuddalore(Uzhavar Sandhai ),Onion,Bellary,Local,23/11/2025,2025,11,23,Post-Monsoon,68.2,23.9,52.8,6225.9,6464.0,6356.9
Tamil Nadu,Cuddalore,Cuddalore(Uzhavar Sandhai ),Onion,Bellary,Local,24/05/2026,2026,5,24,Summer,13.2,30.8,45.1,6768.4,7100.1,6905.0
Tamil Nadu,Cuddalore,Cuddalore(Uzhavar Sandhai ),Onion,Bellary,Local,25/01/2026,2026,1,25,Winter,3.1,18.7,45.2,6089.0,6305.3,6200.6
Tamil Nadu,Cuddalore,Cuddalore(Uzhavar Sandhai ),Onion,Bellary,Local,26/04/2026,2026,4,26,Summer,1.2,26.0,44.5,6570.1,6872.9,6724.3
Tamil Nadu,Cuddalore,Cuddalore(Uzhavar Sandhai ),Onion,Bellary,Local,26/07/2026,2026,7,26,Monsoon,145.5,33.6,72.4,8551.8,8769.3,8670.0
Tamil Nadu,Cuddalore,Cuddalore(Uzhavar Sandhai ),Onion,Bellary,Local,26/10/2025,2025,10,26,Post-Monsoon,45.7,25.4,55.9,6396.2,6637.8,6510.5
Tamil Nadu,Cuddalore,Cuddalore(Uzhavar Sandhai ),Onion,Bellary,Local,28/06/2026,2026,6,28,Monsoon,191.9,32.5,76.1,8749.1,9003.0,8885.4
Tamil Nadu,Cuddalore,Cuddalore(Uzhavar Sandhai ),Onion,Bellary,Local,28/12/2025,2025,12,28,Winter,10.7,16.3,45.8,5985.1,6351.8,6187.4
Tamil Nadu,Cuddalore,Cuddalore(Uzhavar Sandhai ),Onion,Bellary,Local,29/03/2026,2026,3,29,Summer,5.9,22.0,48.4,7087.7,7382.7,7260.2
Tamil Nadu,Cuddalore,Cuddalore(Uzhavar Sandhai ),Onion,Bellary,Local,30/08/2026,2026,8,30,Monsoon,166.3,33.9,73.9,9329.4,9484.1,9392.6
Tamil Nadu,Cuddalore,Cuddalore(Uzhavar Sandhai ),Onion,Bellary,Local,30/11/2025,2025,11,30,Post-Monsoon,24.0,24.0,52.1,6418.9,6693.3,6548.6
Tamil Nadu,Cuddalore,Cuddalore(Uzhavar Sandhai ),Onion,Bellary,Local,31/05/2026,2026,5,31,Summer,18.3,29.5,50.0,7269.9,7551.1,7370.4
Tamil Nadu,Cuddalore,Panruti(Uzhavar Sandhai ),Onion,Bellary,Local,01/02/2026,2026,2,1,Winter,11.8,18.3,48.3,4610.7,4898.4,4725.5
Tamil Nadu,Cuddalore,Panruti(Uzhavar Sandhai ),Onion,Bellary,Local,01/03/2026,2026,3,1,Summer,15.1,23.2,42.6,5059.5,5296.3,5204.7
Tamil Nadu,Cuddalore,Panruti(Uzhavar Sandhai ),Onion,Bellary,Local,02/08/2026,2026,8,2,Monsoon,239.7,35.4,81.5,7523.0,7928.9,7710.1
Tamil Nadu,Cuddalore,Panruti(Uzhavar Sandhai ),Onion,Bellary,Local,02/11/2025,2025,11,2,Post-Monsoon,65.8,21.6,59.2,5042.0,5208.1,5120.3
Tamil Nadu,Cuddalore,Panruti(Uzhavar Sandhai ),Onion,Bellary,Local,03/05/2026,2026,5,3,Summer,1.4,29.4,45.7,4922.8,5072.9,5016.2
Tamil Nadu,Cuddalore,Panruti(Uzhavar Sandhai ),Onion,Bellary,Local,04/01/2026,2026,1,4,Winter,13.3,19.2,48.9,4406.7,4626.7,4506.8
Tamil Nadu,Cuddalore,Panruti(Uzhavar Sandhai ),Onion,Bellary,Local,05/04/2026,2026,4,5,Summer,15.8,26.3,45.0,5145.6,5499.7,5365.3
Tamil Nadu,Cuddalore,Panruti(Uzhavar Sandhai ),Onion,Bellary,Local,05/07/2026,2026,7,5,Monsoon,222.7,34.1,79.4,6799.8,7155.8,6950.6
Tamil Nadu,Cuddalore,Panruti(Uzhavar Sandhai ),Onion,Bellary,Local,05/10/2025,2025,10,5,Post-Monsoon,22.6,24.8,50.3,4549.2,4750.4,4652.5
Tamil Nadu,Cuddalore,Panruti(Uzhavar Sandhai ),Onion,Bellary,Local,06/09/2026,2026,9,6,Monsoon,183.9,28.9,75.1,6755.6,7016.1,6911.9
Tamil Nadu,Cuddalore,Panruti(Uzhavar Sandhai ),Onion,Bellary,Local,07/06/2026,2026,6,7,Monsoon,157.3,36.9,68.8,7100.8,7273.1,7179.6
Tamil Nadu,Cuddalore,Panruti(Uzhavar Sandhai ),Onion,Bellary,Local,07/12/2025,2025,12,7,Winter,2.3,20.9,46.0,4214.0,4536.1,4415.2
Tamil Nadu,Cuddalore,Panruti(Uzhavar Sandhai ),Onion,Bellary,Local,08/02/2026,2026,2,8,Winter,14.3,16.6,50.2,4201.1,4564.1,4378.0
Tamil Nadu,Cuddalore,Panruti(Uzhavar Sandhai ),Onion,Bellary,Local,08/03/2026,2026,3,8,Summer,5.9,21.7,45.6,5209.9,5615.9,5439.7
Tamil Nadu,Cuddalore,Panruti(Uzhavar Sandhai ),Onion,Bellary,Local,09/08/2026,2026,8,9,Monsoon,108.5,34.9,66.2,6697.5,6927.6,6811.3
Tamil Nadu,Cuddalore,Panruti(Uzhavar Sandhai ),Onion,Bellary,Local,09/11/2025,2025,11,9,Post-Monsoon,60.6,24.6,57.5,4727.2,5088.5,4894.8
Tamil Nadu,Cuddalore,Panruti(Uzhavar Sandhai ),Onion,Bellary,Local,10/05/2026,2026,5,10,Summer,13.5,28.8,42.3,5170.5,5478.6,5320.2
Tamil Nadu,Cuddalore,Panruti(Uzhavar Sandhai ),Onion,Bellary,Local,11/01/2026,2026,1,11,Winter,6.0,19.3,41.9,4603.6,4915.7,4782.6
Tamil Nadu,Cuddalore,Panruti(Uzhavar Sandhai ),Onion,Bellary,Local,12/04/2026,2026,4,12,Summer,14.1,27.2,50.9,5155.1,5432.9,5271.9
Tamil Nadu,Cuddalore,Panruti(Uzhavar Sandhai ),Onion,Bellary,Local,12/07/2026,2026,7,12,Monsoon,124.3,35.3,65.2,5867.0,6252.4,6076.2
Tamil Nadu,Cuddalore,Panruti(Uzhavar Sandhai ),Onion,Bellary,Local,12/10/2025,2025,10,12,Post-Monsoon,57.6,28.0,52.8,4800.7,5039.1,4949.6
Tamil Nadu,Cuddalore,Panruti(Uzhavar Sandhai ),Onion,Bellary,Local,13/09/2026,2026,9,13,Monsoon,203.4,29.7,79.7,7104.6,7335.1,7214.5
Tamil Nadu,Cuddalore,Panruti(Uzhavar Sandhai ),Onion,Bellary,Local,14/06/2026,2026,6,14,Monsoon,220.8,32.7,82.4,7504.4,7672.6,7585.1
Tamil Nadu,Cuddalore,Panruti(Uzhavar Sandhai ),Onion,Bellary,Local,14/12/2025,2025,12,14,Winter,8.1,21.7,49.7,4292.2,4541.2,4419.8
Tamil Nadu,Cuddalore,Panruti(Uzhavar Sandhai ),Onion,Bellary,Local,15/02/2026,2026,2,15,Winter,18.1,19.1,50.2,4436.1,4734.1,4556.1
Tamil Nadu,Cuddalore,Panruti(Uzhavar Sandhai ),Onion,Bellary,Local,15/03/2026,2026,3,15,Summer,5.8,22.2,47.2,5356.1,5577.2,5449.2
Tamil Nadu,Cuddalore,Panruti(Uzhavar Sandhai ),Onion,Bellary,Local,16/08/2026,2026,8,16,Monsoon,221.3,35.6,76.9,7515.1,7755.4,7642.5
Tamil Nadu,Cuddalore,Panruti(Uzhavar Sandhai ),Onion,Bellary,Local,16/11/2025,2025,11,16,Post-Monsoon,61.6,23.4,55.3,5221.2,5636.9,5441.0
Tamil Nadu,Cuddalore,Panruti(Uzhavar Sandhai ),Onion,Bellary,Local,17/05/2026,2026,5,17,Summer,15.2,33.4,52.2,5438.3,5784.8,5641.4
Tamil Nadu,Cuddalore,Panruti(Uzhavar Sandhai ),Onion,Bellary,Local,18/01/2026,2026,1,18,Winter,6.7,18.5,49.3,4821.4,5018.3,4913.4
Tamil Nadu,Cuddalore,Panruti(Uzhavar Sandhai ),Onion,Bellary,Local,19/04/2026,2026,4,19,Summer,14.9,24.0,48.9,4902.7,5144.2,5012.9
Tamil Nadu,Cuddalore,Panruti(Uzhavar Sandhai ),Onion,Bellary,Local,19/07/2026,2026,7,19,Monsoon,117.7,35.5,63.6,6942.4,7175.5,7063.0
Tamil Nadu,Cuddalore,Panruti(Uzhavar Sandhai ),Onion,Bellary,Local,19/10/2025,2025,10,19,Post-Monsoon,37.4,25.1,46.1,4999.1,5296.7,5169.4
Tamil Nadu,Cuddalore,Panruti(Uzhavar Sandhai ),Onion,Bellary,Local,20/09/2026,2026,9,20,Monsoon,179.6,32.4,73.7,6387.0,6615.4,6506.8
Tamil Nadu,Cuddalore,Panruti(Uzhavar Sandhai ),Onion,Bellary,Local,21/06/2026,2026,6,21,Monsoon,227.0,34.0,78.9,7588.5,7880.4,7753.6
Tamil Nadu,Cuddalore,Panruti(Uzhavar Sandhai ),Onion,Bellary,Local,21/12/2025,2025,12,21,Winter,19.5,19.9,50.2,4612.6,4879.1,4732.7
Tamil Nadu,Cuddalore,Panruti(Uzhavar Sandhai ),Onion,Bellary,Local,22/02/2026,2026,2,22,Winter,0.1,19.1,44.1,4263.3,4453.5,4357.9
Tamil Nadu,Cuddalore,Panruti(Uzhavar Sandhai ),Onion,Bellary,Local,22/03/2026,2026,3,22,Summer,14.7,22.0,46.2,5106.9,5300.5,5191.9
Tamil Nadu,Cuddalore,Panruti(Uzhavar Sandhai ),Onion,Bellary,Local,23/08/2026,2026,8,23,Monsoon,107.5,32.6,65.3,6689.8,6807.3,6739.4
Tamil Nadu,Cuddalore,Panruti(Uzhavar Sandhai ),Onion,Bellary,Local,23/11/2025,2025,11,23,Post-Monsoon,56.8,23.3,53.0,5124.5,5284.8,5214.4
Tamil Nadu,Cuddalore,Panruti(Uzhavar Sandhai ),Onion,Bellary,Local,24/05/2026,2026,5,24,Summer,11.5,30.6,44.8,5414.5,5644.2,5559.1
Tamil Nadu,Cuddalore,Panruti(Uzhavar Sandhai ),Onion,Bellary,Local,25/01/2026,2026,1,25,Winter,4.3,19.8,44.9,4405.2,4627.7,4494.7
Tamil Nadu,Cuddalore,Panruti(Uzhavar Sandhai ),Onion,Bellary,Local,26/04/2026,2026,4,26,Summer,18.1,24.9,48.9,5241.1,5496.3,5356.0
Tamil Nadu,Cuddalore,Panruti(Uzhavar Sandhai ),Onion,Bellary,Local,26/07/2026,2026,7,26,Monsoon,199.5,35.8,77.0,7429.9,7634.0,7538.6
Tamil Nadu,Cuddalore,Panruti(Uzhavar Sandhai ),Onion,Bellary,Local,26/10/2025,2025,10,26,Post-Monsoon,28.8,25.8,56.0,4713.8,4893.7,4788.9
Tamil Nadu,Cuddalore,Panruti(Uzhavar Sandhai ),Onion,Bellary,Local,28/06/2026,2026,6,28,Monsoon,110.5,35.3,60.6,6481.9,6725.3,6594.4
Tamil Nadu,Cuddalore,Panruti(Uzhavar Sandhai ),Onion,Bellary,Local,28/12/2025,2025,12,28,Winter,6.4,20.9,42.3,4347.9,4607.7,4484.6
Tamil Nadu,Cuddalore,Panruti(Uzhavar Sandhai ),Onion,Bellary,Local,29/03/2026,2026,3,29,Summer,14.3,22.4,45.8,5094.8,5308.9,5176.3
Tamil Nadu,Cuddalore,Panruti(Uzhavar Sandhai ),Onion,Bellary,Local,30/08/2026,2026,8,30,Monsoon,205.4,33.2,75.7,6996.4,7187.1,7080.1
Tamil Nadu,Cuddalore,Panruti(Uzhavar Sandhai ),Onion,Bellary,Local,30/11/2025,2025,11,30,Post-Monsoon,65.6,24.1,57.8,4771.8,4949.1,4839.5
Tamil Nadu,Cuddalore,Panruti(Uzhavar Sandhai ),Onion,Bellary,Local,31/05/2026,2026,5,31,Summer,9.3,30.5,45.9,5287.9,5436.5,5355.8
Tamil Nadu,Cuddalore,Vadalur(Uzhavar Sandhai ),Onion,Bellary,Local,01/02/2026,2026,2,1,Winter,14.1,20.0,48.6,5010.8,5384.3,5175.2
Tamil Nadu,Cuddalore,Vadalur(Uzhavar Sandhai ),Onion,Bellary,Local,01/03/2026,2026,3,1,Summer,13.5,23.1,45.2,5502.4,5713.6,5618.3
Tamil Nadu,Cuddalore,Vadalur(Uzhavar Sandhai ),Onion,Bellary,Local,02/08/2026,2026,8,2,Monsoon,132.3,32.2,62.1,7562.6,7838.9,7684.7
Tamil Nadu,Cuddalore,Vadalur(Uzhavar Sandhai ),Onion,Bellary,Local,02/11/2025,2025,11,2,Post-Monsoon,39.9,17.8,50.3,5476.2,5627.7,5530.0
Tamil Nadu,Cuddalore,Vadalur(Uzhavar Sandhai ),Onion,Bellary,Local,03/05/2026,2026,5,3,Summer,11.7,32.1,45.9,5299.7,5678.0,5463.1
Tamil Nadu,Cuddalore,Vadalur(Uzhavar Sandhai ),Onion,Bellary,Local,04/01/2026,2026,1,4,Winter,7.4,20.6,49.2,4981.5,5330.2,5149.4
Tamil Nadu,Cuddalore,Vadalur(Uzhavar Sandhai ),Onion,Bellary,Local,05/04/2026,2026,4,5,Summer,8.0,26.1,43.8,5563.9,5771.5,5666.9
Tamil Nadu,Cuddalore,Vadalur(Uzhavar Sandhai ),Onion,Bellary,Local,05/07/2026,2026,7,5,Monsoon,155.5,34.0,69.9,7775.0,7942.9,7868.3
Tamil Nadu,Cuddalore,Vadalur(Uzhavar Sandhai ),Onion,Bellary,Local,05/10/2025,2025,10,5,Post-Monsoon,67.3,27.2,57.0,5105.2,5313.5,5224.3
Tamil Nadu,Cuddalore,Vadalur(Uzhavar Sandhai ),Onion,Bellary,Local,06/09/2026,2026,9,6,Monsoon,121.7,30.6,64.0,7151.3,7350.2,7227.6
Tamil Nadu,Cuddalore,Vadalur(Uzhavar Sandhai ),Onion,Bellary,Local,07/06/2026,2026,6,7,Monsoon,216.9,31.8,80.3,8334.1,8594.0,8486.8
Tamil Nadu,Cuddalore,Vadalur(Uzhavar Sandhai ),Onion,Bellary,Local,07/12/2025,2025,12,7,Winter,6.5,21.4,47.8,4687.0,5114.1,4890.5
Tamil Nadu,Cuddalore,Vadalur(Uzhavar Sandhai ),Onion,Bellary,Local,08/02/2026,2026,2,8,Winter,1.0,18.6,50.6,4833.5,5160.4,4962.9
Tamil Nadu,Cuddalore,Vadalur(Uzhavar Sandhai ),Onion,Bellary,Local,08/03/2026,2026,3,8,Summer,14.7,21.3,45.3,5691.0,5973.1,5824.4
Tamil Nadu,Cuddalore,Vadalur(Uzhavar Sandhai ),Onion,Bellary,Local,09/08/2026,2026,8,9,Monsoon,174.1,33.9,68.7,7570.0,7954.6,7753.5
Tamil Nadu,Cuddalore,Vadalur(Uzhavar Sandhai ),Onion,Bellary,Local,09/11/2025,2025,11,9,Post-Monsoon,50.4,24.9,52.0,5211.5,5543.8,5383.3
Tamil Nadu,Cuddalore,Vadalur(Uzhavar Sandhai ),Onion,Bellary,Local,10/05/2026,2026,5,10,Summer,3.8,29.7,45.2,5772.7,5981.5,5870.3
Tamil Nadu,Cuddalore,Vadalur(Uzhavar Sandhai ),Onion,Bellary,Local,11/01/2026,2026,1,11,Winter,5.5,18.9,44.3,4990.0,5225.0,5084.7
Tamil Nadu,Cuddalore,Vadalur(Uzhavar Sandhai ),Onion,Bellary,Local,12/04/2026,2026,4,12,Summer,13.1,27.1,48.3,5748.1,5915.4,5831.1
Tamil Nadu,Cuddalore,Vadalur(Uzhavar Sandhai ),Onion,Bellary,Local,12/07/2026,2026,7,12,Monsoon,191.4,35.0,73.5,7647.3,7776.0,7708.4
Tamil Nadu,Cuddalore,Vadalur(Uzhavar Sandhai ),Onion,Bellary,Local,12/10/2025,2025,10,12,Post-Monsoon,31.5,24.7,50.1,5306.6,5540.4,5435.7
Tamil Nadu,Cuddalore,Vadalur(Uzhavar Sandhai ),Onion,Bellary,Local,13/09/2026,2026,9,13,Monsoon,184.8,27.9,78.8,8073.8,8353.2,8239.3
Tamil Nadu,Cuddalore,Vadalur(Uzhavar Sandhai ),Onion,Bellary,Local,14/06/2026,2026,6,14,Monsoon,143.1,35.0,68.4,7667.5,7892.6,7775.8
Tamil Nadu,Cuddalore,Vadalur(Uzhavar Sandhai ),Onion,Bellary,Local,14/12/2025,2025,12,14,Winter,15.1,18.4,51.8,4577.0,4825.1,4679.0
Tamil Nadu,Cuddalore,Vadalur(Uzhavar Sandhai ),Onion,Bellary,Local,15/02/2026,2026,2,15,Winter,11.1,18.6,45.9,4596.7,4979.6,4781.3
Tamil Nadu,Cuddalore,Vadalur(Uzhavar Sandhai ),Onion,Bellary,Local,15/03/2026,2026,3,15,Summer,13.7,22.4,46.7,5825.1,6132.8,5980.8
Tamil Nadu,Cuddalore,Vadalur(Uzhavar Sandhai ),Onion,Bellary,Local,16/08/2026,2026,8,16,Monsoon,226.0,33.3,85.9,7622.0,7896.4,7734.6
Tamil Nadu,Cuddalore,Vadalur(Uzhavar Sandhai ),Onion,Bellary,Local,16/11/2025,2025,11,16,Post-Monsoon,29.1,24.4,50.0,5509.1,5672.1,5603.4
Tamil Nadu,Cuddalore,Vadalur(Uzhavar Sandhai ),Onion,Bellary,Local,17/05/2026,2026,5,17,Summer,14.5,31.3,47.4,5689.4,5951.4,5838.4
Tamil Nadu,Cuddalore,Vadalur(Uzhavar Sandhai ),Onion,Bellary,Local,18/01/2026,2026,1,18,Winter,17.1,20.6,50.5,5048.7,5257.8,5162.2
Tamil Nadu,Cuddalore,Vadalur(Uzhavar Sandhai ),Onion,Bellary,Local,19/04/2026,2026,4,19,Summer,13.0,27.3,50.6,5968.2,6202.7,6087.3
Tamil Nadu,Cuddalore,Vadalur(Uzhavar Sandhai ),Onion,Bellary,Local,19/07/2026,2026,7,19,Monsoon,192.9,35.2,76.4,7567.2,7737.9,7654.5
Tamil Nadu,Cuddalore,Vadalur(Uzhavar Sandhai ),Onion,Bellary,Local,19/10/2025,2025,10,19,Post-Monsoon,46.2,26.7,54.0,5911.7,6180.3,6042.4
Tamil Nadu,Cuddalore,Vadalur(Uzhavar Sandhai ),Onion,Bellary,Local,20/09/2026,2026,9,20,Monsoon,165.0,27.5,74.4,7473.3,7717.8,7614.8
Tamil Nadu,Cuddalore,Vadalur(Uzhavar Sandhai ),Onion,Bellary,Local,21/06/2026,2026,6,21,Monsoon,232.2,35.6,84.1,8720.6,8919.9,8829.1
Tamil Nadu,Cuddalore,Vadalur(Uzhavar Sandhai ),Onion,Bellary,Local,21/12/2025,2025,12,21,Winter,14.2,20.8,45.6,5073.4,5211.6,5134.4
Tamil Nadu,Cuddalore,Vadalur(Uzhavar Sandhai ),Onion,Bellary,Local,22/02/2026,2026,2,22,Winter,5.0,18.6,49.1,5154.9,5468.5,5359.7
Tamil Nadu,Cuddalore,Vadalur(Uzhavar Sandhai ),Onion,Bellary,Local,22/03/2026,2026,3,22,Summer,4.0,22.8,50.2,5616.1,5750.4,5683.3
Tamil Nadu,Cuddalore,Vadalur(Uzhavar Sandhai ),Onion,Bellary,Local,23/08/2026,2026,8,23,Monsoon,119.0,34.5,64.4,7838.9,7959.0,7900.8
Tamil Nadu,Cuddalore,Vadalur(Uzhavar Sandhai ),Onion,Bellary,Local,23/11/2025,2025,11,23,Post-Monsoon,27.7,24.0,41.8,5129.2,5280.5,5212.6
Tamil Nadu,Cuddalore,Vadalur(Uzhavar Sandhai ),Onion,Bellary,Local,24/05/2026,2026,5,24,Summer,14.3,31.5,49.0,5626.4,5786.6,5693.9
Tamil Nadu,Cuddalore,Vadalur(Uzhavar Sandhai ),Onion,Bellary,Local,25/01/2026,2026,1,25,Winter,15.7,19.1,45.4,5232.0,5365.6,5318.2
Tamil Nadu,Cuddalore,Vadalur(Uzhavar Sandhai ),Onion,Bellary,Local,26/04/2026,2026,4,26,Summer,12.0,26.7,47.8,6098.2,6330.9,6233.4
Tamil Nadu,Cuddalore,Vadalur(Uzhavar Sandhai ),Onion,Bellary,Local,26/07/2026,2026,7,26,Monsoon,167.6,35.5,65.4,7739.6,7998.4,7870.4
Tamil Nadu,Cuddalore,Vadalur(Uzhavar Sandhai ),Onion,Bellary,Local,26/10/2025,2025,10,26,Post-Monsoon,73.6,29.1,55.6,5432.6,5600.2,5528.6
Tamil Nadu,Cuddalore,Vadalur(Uzhavar Sandhai ),Onion,Bellary,Local,28/06/2026,2026,6,28,Monsoon,155.2,32.8,71.4,7589.6,7744.9,7680.5
Tamil Nadu,Cuddalore,Vadalur(Uzhavar Sandhai ),Onion,Bellary,Local,28/12/2025,2025,12,28,Winter,5.9,20.2,48.9,5059.4,5218.7,5139.2
Tamil Nadu,Cuddalore,Vadalur(Uzhavar Sandhai ),Onion,Bellary,Local,29/03/2026,2026,3,29,Summer,8.6,21.0,46.6,6038.1,6309.0,6177.3
Tamil Nadu,Cuddalore,Vadalur(Uzhavar Sandhai ),Onion,Bellary,Local,30/08/2026,2026,8,30,Monsoon,108.2,33.5,63.6,6992.3,7185.2,7086.0
Tamil Nadu,Cuddalore,Vadalur(Uzhavar Sandhai ),Onion,Bellary,Local,30/11/2025,2025,11,30,Post-Monsoon,63.8,21.5,58.9,5586.3,5882.3,5740.8
Tamil Nadu,Cuddalore,Vadalur(Uzhavar Sandhai ),Onion,Bellary,Local,31/05/2026,2026,5,31,Summer,14.7,29.7,52.2,5993.9,6187.5,6093.6
Tamil Nadu,Cuddalore,Viruthachalam(Uzhavar Sandhai ),Onion,Bellary,Local,01/02/2026,2026,2,1,Winter,11.5,17.5,46.6,4592.7,4881.9,4704.8
Tamil Nadu,Cuddalore,Viruthachalam(Uzhavar Sandhai ),Onion,Bellary,Local,01/03/2026,2026,3,1,Summer,6.9,23.6,45.5,4968.2,5194.4,5110.0
Tamil Nadu,Cuddalore,Viruthachalam(Uzhavar Sandhai ),Onion,Bellary,Local,02/08/2026,2026,8,2,Monsoon,114.9,33.9,61.2,6151.3,6566.4,6347.9
Tamil Nadu,Cuddalore,Viruthachalam(Uzhavar Sandhai ),Onion,Bellary,Local,02/11/2025,2025,11,2,Post-Monsoon,41.9,22.3,50.7,4589.2,4797.5,4689.3
Tamil Nadu,Cuddalore,Viruthachalam(Uzhavar Sandhai ),Onion,Bellary,Local,03/05/2026,2026,5,3,Summer,15.1,31.7,48.0,4639.5,4858.7,4723.6
Tamil Nadu,Cuddalore,Viruthachalam(Uzhavar Sandhai ),Onion,Bellary,Local,04/01/2026,2026,1,4,Winter,14.2,18.9,51.3,4131.9,4339.3,4236.2
Tamil Nadu,Cuddalore,Viruthachalam(Uzhavar Sandhai ),Onion,Bellary,Local,05/04/2026,2026,4,5,Summer,18.8,25.3,44.2,4885.4,5041.2,4985.5
Tamil Nadu,Cuddalore,Viruthachalam(Uzhavar Sandhai ),Onion,Bellary,Local,05/07/2026,2026,7,5,Monsoon,247.6,35.5,86.8,6682.5,7057.6,6858.7
Tamil Nadu,Cuddalore,Viruthachalam(Uzhavar Sandhai ),Onion,Bellary,Local,05/10/2025,2025,10,5,Post-Monsoon,59.0,25.6,56.9,4867.4,5149.3,4998.4
Tamil Nadu,Cuddalore,Viruthachalam(Uzhavar Sandhai ),Onion,Bellary,Local,06/09/2026,2026,9,6,Monsoon,120.0,32.4,64.9,5984.3,6284.4,6111.9
Tamil Nadu,Cuddalore,Viruthachalam(Uzhavar Sandhai ),Onion,Bellary,Local,07/06/2026,2026,6,7,Monsoon,242.0,33.6,79.9,6776.7,6985.4,6902.1
Tamil Nadu,Cuddalore,Viruthachalam(Uzhavar Sandhai ),Onion,Bellary,Local,07/12/2025,2025,12,7,Winter,11.9,18.4,45.6,3996.4,4221.9,4135.7
Tamil Nadu,Cuddalore,Viruthachalam(Uzhavar Sandhai ),Onion,Bellary,Local,08/02/2026,2026,2,8,Winter,14.9,19.5,43.1,4261.8,4516.3,4390.2
Tamil Nadu,Cuddalore,Viruthachalam(Uzhavar Sandhai ),Onion,Bellary,Local,08/03/2026,2026,3,8,Summer,12.5,20.1,46.5,5306.8,5461.4,5372.6
Tamil Nadu,Cuddalore,Viruthachalam(Uzhavar Sandhai ),Onion,Bellary,Local,09/08/2026,2026,8,9,Monsoon,118.5,33.2,58.0,6333.9,6546.6,6461.6
Tamil Nadu,Cuddalore,Viruthachalam(Uzhavar Sandhai ),Onion,Bellary,Local,09/11/2025,2025,11,9,Post-Monsoon,63.0,21.7,53.6,4422.3,4641.9,4528.2
Tamil Nadu,Cuddalore,Viruthachalam(Uzhavar Sandhai ),Onion,Bellary,Local,10/05/2026,2026,5,10,Summer,18.3,29.4,47.4,4810.5,4978.3,4890.1
Tamil Nadu,Cuddalore,Viruthachalam(Uzhavar Sandhai ),Onion,Bellary,Local,11/01/2026,2026,1,11,Winter,2.6,17.8,46.5,4150.4,4386.8,4278.5
Tamil Nadu,Cuddalore,Viruthachalam(Uzhavar Sandhai ),Onion,Bellary,Local,12/04/2026,2026,4,12,Summer,19.3,24.7,46.6,4794.0,4957.9,4886.1
Tamil Nadu,Cuddalore,Viruthachalam(Uzhavar Sandhai ),Onion,Bellary,Local,12/07/2026,2026,7,12,Monsoon,156.5,33.7,69.1,6302.7,6501.5,6404.4
Tamil Nadu,Cuddalore,Viruthachalam(Uzhavar Sandhai ),Onion,Bellary,Local,12/10/2025,2025,10,12,Post-Monsoon,40.7,26.2,50.3,4802.3,5146.6,4934.0
Tamil Nadu,Cuddalore,Viruthachalam(Uzhavar Sandhai ),Onion,Bellary,Local,13/09/2026,2026,9,13,Monsoon,111.1,32.8,60.4,5960.2,6116.2,6016.7
Tamil Nadu,Cuddalore,Viruthachalam(Uzhavar Sandhai ),Onion,Bellary,Local,14/06/2026,2026,6,14,Monsoon,191.1,31.2,76.2,6552.7,6844.3,6722.3
Tamil Nadu,Cuddalore,Viruthachalam(Uzhavar Sandhai ),Onion,Bellary,Local,14/12/2025,2025,12,14,Winter,2.6,20.9,46.3,3933.9,4113.1,4029.9
Tamil Nadu,Cuddalore,Viruthachalam(Uzhavar Sandhai ),Onion,Bellary,Local,15/02/2026,2026,2,15,Winter,9.2,19.7,45.4,4056.4,4272.5,4161.9
Tamil Nadu,Cuddalore,Viruthachalam(Uzhavar Sandhai ),Onion,Bellary,Local,15/03/2026,2026,3,15,Summer,17.9,25.3,41.8,4867.0,5122.7,4983.3
Tamil Nadu,Cuddalore,Viruthachalam(Uzhavar Sandhai ),Onion,Bellary,Local,16/08/2026,2026,8,16,Monsoon,119.7,35.4,66.4,5880.4,6110.2,5963.0
Tamil Nadu,Cuddalore,Viruthachalam(Uzhavar Sandhai ),Onion,Bellary,Local,16/11/2025,2025,11,16,Post-Monsoon,64.4,23.6,46.8,4466.9,4711.0,4591.1
Tamil Nadu,Cuddalore,Viruthachalam(Uzhavar Sandhai ),Onion,Bellary,Local,17/05/2026,2026,5,17,Summer,1.9,32.3,44.5,4790.4,5199.2,5005.3
Tamil Nadu,Cuddalore,Viruthachalam(Uzhavar Sandhai ),Onion,Bellary,Local,18/01/2026,2026,1,18,Winter,19.3,17.3,53.5,4223.2,4489.0,4383.9
Tamil Nadu,Cuddalore,Viruthachalam(Uzhavar Sandhai ),Onion,Bellary,Local,19/04/2026,2026,4,19,Summer,10.4,27.5,47.0,4421.4,4757.6,4575.1
Tamil Nadu,Cuddalore,Viruthachalam(Uzhavar Sandhai ),Onion,Bellary,Local,19/07/2026,2026,7,19,Monsoon,95.0,36.4,61.1,6139.4,6365.8,6268.5
Tamil Nadu,Cuddalore,Viruthachalam(Uzhavar Sandhai ),Onion,Bellary,Local,19/10/2025,2025,10,19,Post-Monsoon,69.5,26.9,53.5,4580.3,5014.1,4777.7
Tamil Nadu,Cuddalore,Viruthachalam(Uzhavar Sandhai ),Onion,Bellary,Local,20/09/2026,2026,9,20,Monsoon,92.8,32.3,59.0,5979.2,6217.4,6119.6
Tamil Nadu,Cuddalore,Viruthachalam(Uzhavar Sandhai ),Onion,Bellary,Local,21/06/2026,2026,6,21,Monsoon,113.2,35.8,60.6,6559.2,6736.6,6639.0
Tamil Nadu,Cuddalore,Viruthachalam(Uzhavar Sandhai ),Onion,Bellary,Local,21/12/2025,2025,12,21,Winter,10.1,22.6,46.5,4207.7,4408.5,4302.7
Tamil Nadu,Cuddalore,Viruthachalam(Uzhavar Sandhai ),Onion,Bellary,Local,22/02/2026,2026,2,22,Winter,6.5,18.8,48.6,4101.9,4377.9,4220.6
Tamil Nadu,Cuddalore,Viruthachalam(Uzhavar Sandhai ),Onion,Bellary,Local,22/03/2026,2026,3,22,Summer,16.3,20.9,48.6,4741.5,4862.4,4803.8
Tamil Nadu,Cuddalore,Viruthachalam(Uzhavar Sandhai ),Onion,Bellary,Local,23/08/2026,2026,8,23,Monsoon,227.7,34.7,77.1,6919.7,7268.2,7121.7
Tamil Nadu,Cuddalore,Viruthachalam(Uzhavar Sandhai ),Onion,Bellary,Local,23/11/2025,2025,11,23,Post-Monsoon,59.9,25.4,52.5,4463.4,4801.6,4623.0
Tamil Nadu,Cuddalore,Viruthachalam(Uzhavar Sandhai ),Onion,Bellary,Local,24/05/2026,2026,5,24,Summer,9.3,32.3,43.9,4541.2,4782.2,4642.1
Tamil Nadu,Cuddalore,Viruthachalam(Uzhavar Sandhai ),Onion,Bellary,Local,25/01/2026,2026,1,25,Winter,4.3,20.6,45.6,4139.2,4349.8,4247.6
Tamil Nadu,Cuddalore,Viruthachalam(Uzhavar Sandhai ),Onion,Bellary,Local,26/04/2026,2026,4,26,Summer,2.3,28.1,47.7,5043.6,5326.6,5165.8
Tamil Nadu,Cuddalore,Viruthachalam(Uzhavar Sandhai ),Onion,Bellary,Local,26/07/2026,2026,7,26,Monsoon,225.4,37.9,82.9,6927.2,7259.0,7135.7
Tamil Nadu,Cuddalore,Viruthachalam(Uzhavar Sandhai ),Onion,Bellary,Local,26/10/2025,2025,10,26,Post-Monsoon,49.0,24.8,51.1,4643.4,4855.6,4735.8
Tamil Nadu,Cuddalore,Viruthachalam(Uzhavar Sandhai ),Onion,Bellary,Local,28/06/2026,2026,6,28,Monsoon,98.3,34.9,61.5,6018.7,6238.6,6132.5
Tamil Nadu,Cuddalore,Viruthachalam(Uzhavar Sandhai ),Onion,Bellary,Local,28/12/2025,2025,12,28,Winter,9.2,22.9,43.8,4105.5,4395.8,4238.3
Tamil Nadu,Cuddalore,Viruthachalam(Uzhavar Sandhai ),Onion,Bellary,Local,29/03/2026,2026,3,29,Summer,6.7,23.0,52.2,4609.6,4821.6,4734.6
Tamil Nadu,Cuddalore,Viruthachalam(Uzhavar Sandhai ),Onion,Bellary,Local,30/08/2026,2026,8,30,Monsoon,81.0,33.4,62.0,5733.3,5907.4,5826.6
Tamil Nadu,Cuddalore,Viruthachalam(Uzhavar Sandhai ),Onion,Bellary,Local,30/11/2025,2025,11,30,Post-Monsoon,26.4,21.3,49.8,4445.3,4831.5,4625.8
Tamil Nadu,Cuddalore,Viruthachalam(Uzhavar Sandhai ),Onion,Bellary,Local,31/05/2026,2026,5,31,Summer,5.2,30.5,47.7,4861.0,5096.8,5011.4
Tamil Nadu,Dharmapuri,AJattihalli(Uzhavar Sandhai ),Onion,Bellary,Local,01/02/2026,2026,2,1,Winter,6.3,21.1,40.4,5498.9,5736.1,5624.1
Tamil Nadu,Dharmapuri,AJattihalli(Uzhavar Sandhai ),Onion,Bellary,Local,01/03/2026,2026,3,1,Summer,14.5,23.5,48.7,6383.5,6568.0,6475.4
Tamil Nadu,Dharmapuri,AJattihalli(Uzhavar Sandhai ),Onion,Bellary,Local,02/08/2026,2026,8,2,Monsoon,244.3,35.5,88.8,8455.2,8646.1,8540.3
Tamil Nadu,Dharmapuri,AJattihalli(Uzhavar Sandhai ),Onion,Bellary,Local,02/11/2025,2025,11,2,Post-Monsoon,74.5,21.8,56.6,5937.5,6067.9,5990.5
Tamil Nadu,Dharmapuri,AJattihalli(Uzhavar Sandhai ),Onion,Bellary,Local,03/05/2026,2026,5,3,Summer,16.1,30.1,45.8,6242.9,6473.4,6381.4
Tamil Nadu,Dharmapuri,AJattihalli(Uzhavar Sandhai ),Onion,Bellary,Local,04/01/2026,2026,1,4,Winter,12.4,19.7,43.7,5252.5,5477.0,5361.8
Tamil Nadu,Dharmapuri,AJattihalli(Uzhavar Sandhai ),Onion,Bellary,Local,05/04/2026,2026,4,5,Summer,1.0,25.5,45.4,6118.4,6350.7,6263.1
Tamil Nadu,Dharmapuri,AJattihalli(Uzhavar Sandhai ),Onion,Bellary,Local,05/07/2026,2026,7,5,Monsoon,119.5,33.8,61.8,7629.3,7945.9,7749.6
Tamil Nadu,Dharmapuri,AJattihalli(Uzhavar Sandhai ),Onion,Bellary,Local,05/10/2025,2025,10,5,Post-Monsoon,20.3,25.6,53.8,5532.4,5726.8,5607.7
Tamil Nadu,Dharmapuri,AJattihalli(Uzhavar Sandhai ),Onion,Bellary,Local,06/09/2026,2026,9,6,Monsoon,127.0,31.9,65.3,8431.6,8637.8,8510.5
Tamil Nadu,Dharmapuri,AJattihalli(Uzhavar Sandhai ),Onion,Bellary,Local,07/06/2026,2026,6,7,Monsoon,213.3,32.5,79.6,8644.3,8878.8,8754.4
Tamil Nadu,Dharmapuri,AJattihalli(Uzhavar Sandhai ),Onion,Bellary,Local,07/12/2025,2025,12,7,Winter,17.3,20.4,49.1,4895.0,5263.9,5103.0
Tamil Nadu,Dharmapuri,AJattihalli(Uzhavar Sandhai ),Onion,Bellary,Local,08/02/2026,2026,2,8,Winter,1.9,17.8,46.5,5167.8,5513.7,5309.2
Tamil Nadu,Dharmapuri,AJattihalli(Uzhavar Sandhai ),Onion,Bellary,Local,08/03/2026,2026,3,8,Summer,9.8,22.7,42.8,6932.8,7225.5,7094.4
Tamil Nadu,Dharmapuri,AJattihalli(Uzhavar Sandhai ),Onion,Bellary,Local,09/08/2026,2026,8,9,Monsoon,246.5,35.0,84.2,8706.9,8944.5,8830.4
Tamil Nadu,Dharmapuri,AJattihalli(Uzhavar Sandhai ),Onion,Bellary,Local,09/11/2025,2025,11,9,Post-Monsoon,78.7,23.8,57.3,5753.7,5921.4,5855.9
Tamil Nadu,Dharmapuri,AJattihalli(Uzhavar Sandhai ),Onion,Bellary,Local,10/05/2026,2026,5,10,Summer,9.1,30.6,49.1,6269.7,6543.1,6385.6
Tamil Nadu,Dharmapuri,AJattihalli(Uzhavar Sandhai ),Onion,Bellary,Local,11/01/2026,2026,1,11,Winter,16.4,20.8,52.0,4880.0,5194.5,5048.4
Tamil Nadu,Dharmapuri,AJattihalli(Uzhavar Sandhai ),Onion,Bellary,Local,12/04/2026,2026,4,12,Summer,8.3,27.0,43.9,6324.2,6512.8,6398.1
Tamil Nadu,Dharmapuri,AJattihalli(Uzhavar Sandhai ),Onion,Bellary,Local,12/07/2026,2026,7,12,Monsoon,227.8,33.3,85.7,9197.2,9600.7,9430.3
Tamil Nadu,Dharmapuri,AJattihalli(Uzhavar Sandhai ),Onion,Bellary,Local,12/10/2025,2025,10,12,Post-Monsoon,46.0,26.6,52.8,5644.7,5813.9,5733.1
Tamil Nadu,Dharmapuri,AJattihalli(Uzhavar Sandhai ),Onion,Bellary,Local,13/09/2026,2026,9,13,Monsoon,187.4,32.2,74.7,8007.0,8310.1,8144.0
Tamil Nadu,Dharmapuri,AJattihalli(Uzhavar Sandhai ),Onion,Bellary,Local,14/06/2026,2026,6,14,Monsoon,245.6,34.8,89.7,8628.8,8825.8,8737.7
Tamil Nadu,Dharmapuri,AJattihalli(Uzhavar Sandhai ),Onion,Bellary,Local,14/12/2025,2025,12,14,Winter,12.8,19.3,46.3,5021.4,5385.5,5217.7
Tamil Nadu,Dharmapuri,AJattihalli(Uzhavar Sandhai ),Onion,Bellary,Local,15/02/2026,2026,2,15,Winter,3.1,20.2,43.0,5226.0,5499.8,5388.5
Tamil Nadu,Dharmapuri,AJattihalli(Uzhavar Sandhai ),Onion,Bellary,Local,15/03/2026,2026,3,15,Summer,13.3,24.6,45.3,6484.2,6716.6,6591.3
Tamil Nadu,Dharmapuri,AJattihalli(Uzhavar Sandhai ),Onion,Bellary,Local,16/08/2026,2026,8,16,Monsoon,96.3,34.4,66.5,7414.9,7591.6,7492.0
Tamil Nadu,Dharmapuri,AJattihalli(Uzhavar Sandhai ),Onion,Bellary,Local,16/11/2025,2025,11,16,Post-Monsoon,34.4,23.4,46.4,5777.3,5943.2,5854.5
Tamil Nadu,Dharmapuri,AJattihalli(Uzhavar Sandhai ),Onion,Bellary,Local,17/05/2026,2026,5,17,Summer,6.2,30.8,43.6,6573.5,6867.6,6721.0
Tamil Nadu,Dharmapuri,AJattihalli(Uzhavar Sandhai ),Onion,Bellary,Local,18/01/2026,2026,1,18,Winter,19.4,16.9,47.8,5411.7,5737.2,5576.1
Tamil Nadu,Dharmapuri,AJattihalli(Uzhavar Sandhai ),Onion,Bellary,Local,19/04/2026,2026,4,19,Summer,19.4,27.2,48.5,6390.6,6617.0,6527.8
Tamil Nadu,Dharmapuri,AJattihalli(Uzhavar Sandhai ),Onion,Bellary,Local,19/07/2026,2026,7,19,Monsoon,224.0,32.4,78.0,8161.3,8325.7,8230.7
Tamil Nadu,Dharmapuri,AJattihalli(Uzhavar Sandhai ),Onion,Bellary,Local,19/10/2025,2025,10,19,Post-Monsoon,68.2,26.3,50.1,5742.0,6063.0,5915.6
Tamil Nadu,Dharmapuri,AJattihalli(Uzhavar Sandhai ),Onion,Bellary,Local,20/09/2026,2026,9,20,Monsoon,158.4,31.7,71.7,7979.5,8132.2,8047.5
Tamil Nadu,Dharmapuri,AJattihalli(Uzhavar Sandhai ),Onion,Bellary,Local,21/06/2026,2026,6,21,Monsoon,109.4,33.7,70.4,7903.0,8122.7,8003.0
Tamil Nadu,Dharmapuri,AJattihalli(Uzhavar Sandhai ),Onion,Bellary,Local,21/12/2025,2025,12,21,Winter,19.8,18.3,47.9,5099.5,5358.8,5198.2
Tamil Nadu,Dharmapuri,AJattihalli(Uzhavar Sandhai ),Onion,Bellary,Local,22/02/2026,2026,2,22,Winter,17.0,21.3,48.0,5333.0,5523.8,5444.3
Tamil Nadu,Dharmapuri,AJattihalli(Uzhavar Sandhai ),Onion,Bellary,Local,22/03/2026,2026,3,22,Summer,18.2,23.2,50.4,6386.5,6743.2,6560.7
Tamil Nadu,Dharmapuri,AJattihalli(Uzhavar Sandhai ),Onion,Bellary,Local,23/08/2026,2026,8,23,Monsoon,232.4,34.5,76.0,8359.5,8514.5,8434.6
Tamil Nadu,Dharmapuri,AJattihalli(Uzhavar Sandhai ),Onion,Bellary,Local,23/11/2025,2025,11,23,Post-Monsoon,27.9,24.6,51.1,6052.8,6273.7,6159.7
Tamil Nadu,Dharmapuri,AJattihalli(Uzhavar Sandhai ),Onion,Bellary,Local,24/05/2026,2026,5,24,Summer,8.8,33.4,50.4,5937.6,6270.9,6101.4
Tamil Nadu,Dharmapuri,AJattihalli(Uzhavar Sandhai ),Onion,Bellary,Local,25/01/2026,2026,1,25,Winter,1.1,20.3,45.7,5427.8,5575.5,5505.2
Tamil Nadu,Dharmapuri,AJattihalli(Uzhavar Sandhai ),Onion,Bellary,Local,26/04/2026,2026,4,26,Summer,1.1,31.0,48.8,5858.3,6179.0,5990.7
Tamil Nadu,Dharmapuri,AJattihalli(Uzhavar Sandhai ),Onion,Bellary,Local,26/07/2026,2026,7,26,Monsoon,166.8,34.2,67.5,8068.5,8410.3,8220.9
Tamil Nadu,Dharmapuri,AJattihalli(Uzhavar Sandhai ),Onion,Bellary,Local,26/10/2025,2025,10,26,Post-Monsoon,50.2,29.5,53.2,5850.9,6151.4,5984.0
Tamil Nadu,Dharmapuri,AJattihalli(Uzhavar Sandhai ),Onion,Bellary,Local,28/06/2026,2026,6,28,Monsoon,160.4,37.7,68.6,7590.3,7866.8,7683.6
Tamil Nadu,Dharmapuri,AJattihalli(Uzhavar Sandhai ),Onion,Bellary,Local,28/12/2025,2025,12,28,Winter,2.0,19.9,44.9,5263.7,5531.9,5410.2
Tamil Nadu,Dharmapuri,AJattihalli(Uzhavar Sandhai ),Onion,Bellary,Local,29/03/2026,2026,3,29,Summer,8.3,23.7,45.9,5926.0,6311.6,6114.2
Tamil Nadu,Dharmapuri,AJattihalli(Uzhavar Sandhai ),Onion,Bellary,Local,30/08/2026,2026,8,30,Monsoon,81.0,35.8,57.8,7589.2,7790.8,7698.8
Tamil Nadu,Dharmapuri,AJattihalli(Uzhavar Sandhai ),Onion,Bellary,Local,30/11/2025,2025,11,30,Post-Monsoon,78.0,23.5,56.8,5693.9,5963.5,5849.9
Tamil Nadu,Dharmapuri,AJattihalli(Uzhavar Sandhai ),Onion,Bellary,Local,31/05/2026,2026,5,31,Summer,18.5,31.4,47.8,6387.1,6667.2,6541.6
Tamil Nadu,Dharmapuri,Dharmapuri(Uzhavar Sandhai ),Onion,Bellary,Local,01/02/2026,2026,2,1,Winter,15.6,18.6,44.4,5481.5,5819.2,5654.9
Tamil Nadu,Dharmapuri,Dharmapuri(Uzhavar Sandhai ),Onion,Bellary,Local,01/03/2026,2026,3,1,Summer,10.1,20.6,49.7,6495.8,6754.7,6636.0
Tamil Nadu,Dharmapuri,Dharmapuri(Uzhavar Sandhai ),Onion,Bellary,Local,02/08/2026,2026,8,2,Monsoon,223.0,33.6,77.3,9401.7,9681.6,9556.0
Tamil Nadu,Dharmapuri,Dharmapuri(Uzhavar Sandhai ),Onion,Bellary,Local,02/11/2025,2025,11,2,Post-Monsoon,66.4,25.2,54.7,6501.7,6704.1,6577.3
Tamil Nadu,Dharmapuri,Dharmapuri(Uzhavar Sandhai ),Onion,Bellary,Local,03/05/2026,2026,5,3,Summer,15.5,32.1,49.9,6463.1,6688.8,6556.4
Tamil Nadu,Dharmapuri,Dharmapuri(Uzhavar Sandhai ),Onion,Bellary,Local,04/01/2026,2026,1,4,Winter,12.4,17.3,43.8,5445.2,5720.2,5582.1
Tamil Nadu,Dharmapuri,Dharmapuri(Uzhavar Sandhai ),Onion,Bellary,Local,05/04/2026,2026,4,5,Summer,15.9,26.6,48.5,6470.8,6740.4,6601.0
Tamil Nadu,Dharmapuri,Dharmapuri(Uzhavar Sandhai ),Onion,Bellary,Local,05/07/2026,2026,7,5,Monsoon,138.0,35.7,62.9,8634.3,8866.2,8756.1
Tamil Nadu,Dharmapuri,Dharmapuri(Uzhavar Sandhai ),Onion,Bellary,Local,05/10/2025,2025,10,5,Post-Monsoon,32.6,27.3,47.8,5952.2,6230.9,6081.2
Tamil Nadu,Dharmapuri,Dharmapuri(Uzhavar Sandhai ),Onion,Bellary,Local,06/09/2026,2026,9,6,Monsoon,195.3,31.0,73.7,8585.1,8825.0,8703.6
Tamil Nadu,Dharmapuri,Dharmapuri(Uzhavar Sandhai ),Onion,Bellary,Local,07/06/2026,2026,6,7,Monsoon,237.2,32.0,84.0,9036.1,9366.0,9169.4
Tamil Nadu,Dharmapuri,Dharmapuri(Uzhavar Sandhai ),Onion,Bellary,Local,07/12/2025,2025,12,7,Winter,0.6,21.4,42.3,4928.2,5173.0,5038.3
Tamil Nadu,Dharmapuri,Dharmapuri(Uzhavar Sandhai ),Onion,Bellary,Local,08/02/2026,2026,2,8,Winter,4.6,20.6,47.6,5715.0,5929.0,5827.8
Tamil Nadu,Dharmapuri,Dharmapuri(Uzhavar Sandhai ),Onion,Bellary,Local,08/03/2026,2026,3,8,Summer,3.8,23.5,45.8,6629.9,6888.6,6790.9
Tamil Nadu,Dharmapuri,Dharmapuri(Uzhavar Sandhai ),Onion,Bellary,Local,09/08/2026,2026,8,9,Monsoon,80.8,32.3,63.1,7615.7,7918.2,7730.9
Tamil Nadu,Dharmapuri,Dharmapuri(Uzhavar Sandhai ),Onion,Bellary,Local,09/11/2025,2025,11,9,Post-Monsoon,30.6,22.7,49.2,6094.9,6471.3,6260.3
Tamil Nadu,Dharmapuri,Dharmapuri(Uzhavar Sandhai ),Onion,Bellary,Local,10/05/2026,2026,5,10,Summer,17.5,30.8,50.6,6289.2,6607.7,6438.0
Tamil Nadu,Dharmapuri,Dharmapuri(Uzhavar Sandhai ),Onion,Bellary,Local,11/01/2026,2026,1,11,Winter,12.9,18.7,49.9,5812.6,6062.5,5949.6
Tamil Nadu,Dharmapuri,Dharmapuri(Uzhavar Sandhai ),Onion,Bellary,Local,12/04/2026,2026,4,12,Summer,0.2,27.1,42.8,6527.1,6803.1,6663.6
Tamil Nadu,Dharmapuri,Dharmapuri(Uzhavar Sandhai ),Onion,Bellary,Local,12/07/2026,2026,7,12,Monsoon,233.6,34.3,86.3,9740.0,9945.7,9817.2
Tamil Nadu,Dharmapuri,Dharmapuri(Uzhavar Sandhai ),Onion,Bellary,Local,12/10/2025,2025,10,12,Post-Monsoon,21.0,27.4,49.2,5764.2,5946.5,5849.4
Tamil Nadu,Dharmapuri,Dharmapuri(Uzhavar Sandhai ),Onion,Bellary,Local,13/09/2026,2026,9,13,Monsoon,184.7,30.2,73.4,8970.8,9151.9,9068.0
Tamil Nadu,Dharmapuri,Dharmapuri(Uzhavar Sandhai ),Onion,Bellary,Local,14/06/2026,2026,6,14,Monsoon,195.9,37.1,76.5,9040.2,9277.2,9153.3
Tamil Nadu,Dharmapuri,Dharmapuri(Uzhavar Sandhai ),Onion,Bellary,Local,14/12/2025,2025,12,14,Winter,18.0,20.9,47.8,5551.8,5769.1,5657.1
Tamil Nadu,Dharmapuri,Dharmapuri(Uzhavar Sandhai ),Onion,Bellary,Local,15/02/2026,2026,2,15,Winter,15.1,18.3,49.1,5736.9,5916.1,5824.5
Tamil Nadu,Dharmapuri,Dharmapuri(Uzhavar Sandhai ),Onion,Bellary,Local,15/03/2026,2026,3,15,Summer,14.3,23.8,45.1,6630.6,6894.4,6763.8
Tamil Nadu,Dharmapuri,Dharmapuri(Uzhavar Sandhai ),Onion,Bellary,Local,16/08/2026,2026,8,16,Monsoon,129.0,32.5,63.4,8329.1,8441.5,8384.0
Tamil Nadu,Dharmapuri,Dharmapuri(Uzhavar Sandhai ),Onion,Bellary,Local,16/11/2025,2025,11,16,Post-Monsoon,24.1,23.4,48.2,6299.0,6470.0,6388.2
Tamil Nadu,Dharmapuri,Dharmapuri(Uzhavar Sandhai ),Onion,Bellary,Local,17/05/2026,2026,5,17,Summer,14.6,29.4,45.3,6378.9,6628.4,6497.8
Tamil Nadu,Dharmapuri,Dharmapuri(Uzhavar Sandhai ),Onion,Bellary,Local,18/01/2026,2026,1,18,Winter,8.8,18.1,48.6,5612.5,5965.5,5747.7
Tamil Nadu,Dharmapuri,Dharmapuri(Uzhavar Sandhai ),Onion,Bellary,Local,19/04/2026,2026,4,19,Summer,19.6,25.1,51.5,6791.8,6990.2,6884.2
Tamil Nadu,Dharmapuri,Dharmapuri(Uzhavar Sandhai ),Onion,Bellary,Local,19/07/2026,2026,7,19,Monsoon,221.0,34.8,77.9,9192.4,9502.6,9365.6
Tamil Nadu,Dharmapuri,Dharmapuri(Uzhavar Sandhai ),Onion,Bellary,Local,19/10/2025,2025,10,19,Post-Monsoon,74.0,26.6,53.9,6033.0,6193.4,6126.3
Tamil Nadu,Dharmapuri,Dharmapuri(Uzhavar Sandhai ),Onion,Bellary,Local,20/09/2026,2026,9,20,Monsoon,105.8,32.3,61.7,8328.7,8597.6,8459.8
Tamil Nadu,Dharmapuri,Dharmapuri(Uzhavar Sandhai ),Onion,Bellary,Local,21/06/2026,2026,6,21,Monsoon,138.8,32.6,73.6,8612.6,8841.4,8746.0
Tamil Nadu,Dharmapuri,Dharmapuri(Uzhavar Sandhai ),Onion,Bellary,Local,21/12/2025,2025,12,21,Winter,4.0,19.9,50.2,5673.0,6018.3,5826.7
Tamil Nadu,Dharmapuri,Dharmapuri(Uzhavar Sandhai ),Onion,Bellary,Local,22/02/2026,2026,2,22,Winter,19.8,20.4,46.2,5349.7,5657.2,5478.2
Tamil Nadu,Dharmapuri,Dharmapuri(Uzhavar Sandhai ),Onion,Bellary,Local,22/03/2026,2026,3,22,Summer,3.0,22.7,40.7,6400.4,6727.9,6590.3
Tamil Nadu,Dharmapuri,Dharmapuri(Uzhavar Sandhai ),Onion,Bellary,Local,23/08/2026,2026,8,23,Monsoon,232.8,35.6,84.7,9071.9,9404.1,9267.3
Tamil Nadu,Dharmapuri,Dharmapuri(Uzhavar Sandhai ),Onion,Bellary,Local,23/11/2025,2025,11,23,Post-Monsoon,39.0,22.9,47.3,6040.8,6400.2,6229.6
Tamil Nadu,Dharmapuri,Dharmapuri(Uzhavar Sandhai ),Onion,Bellary,Local,24/05/2026,2026,5,24,Summer,10.9,30.8,43.5,6637.4,7014.9,6828.7
Tamil Nadu,Dharmapuri,Dharmapuri(Uzhavar Sandhai ),Onion,Bellary,Local,25/01/2026,2026,1,25,Winter,13.8,20.7,43.5,6011.0,6354.4,6179.5
Tamil Nadu,Dharmapuri,Dharmapuri(Uzhavar Sandhai ),Onion,Bellary,Local,26/04/2026,2026,4,26,Summer,10.8,27.2,42.7,6847.4,7112.4,6950.0
Tamil Nadu,Dharmapuri,Dharmapuri(Uzhavar Sandhai ),Onion,Bellary,Local,26/07/2026,2026,7,26,Monsoon,103.8,33.3,59.7,8623.2,8754.7,8696.5
Tamil Nadu,Dharmapuri,Dharmapuri(Uzhavar Sandhai ),Onion,Bellary,Local,26/10/2025,2025,10,26,Post-Monsoon,48.9,27.1,53.2,6229.2,6529.2,6343.8
Tamil Nadu,Dharmapuri,Dharmapuri(Uzhavar Sandhai ),Onion,Bellary,Local,28/06/2026,2026,6,28,Monsoon,237.6,31.9,78.4,9453.6,9726.3,9580.9
Tamil Nadu,Dharmapuri,Dharmapuri(Uzhavar Sandhai ),Onion,Bellary,Local,28/12/2025,2025,12,28,Winter,8.3,18.6,48.8,5563.3,5825.7,5678.9
Tamil Nadu,Dharmapuri,Dharmapuri(Uzhavar Sandhai ),Onion,Bellary,Local,29/03/2026,2026,3,29,Summer,13.4,20.3,46.0,6509.9,6824.1,6661.6
Tamil Nadu,Dharmapuri,Dharmapuri(Uzhavar Sandhai ),Onion,Bellary,Local,30/08/2026,2026,8,30,Monsoon,126.1,30.9,69.6,8160.4,8424.0,8285.1
Tamil Nadu,Dharmapuri,Dharmapuri(Uzhavar Sandhai ),Onion,Bellary,Local,30/11/2025,2025,11,30,Post-Monsoon,39.8,23.2,50.0,5889.4,6229.9,6072.6
Tamil Nadu,Dharmapuri,Dharmapuri(Uzhavar Sandhai ),Onion,Bellary,Local,31/05/2026,2026,5,31,Summer,17.9,31.2,49.9,7017.1,7202.5,7096.8
Tamil Nadu,Dharmapuri,Harur(Uzhavar Sandhai ),Onion,Bellary,Local,01/02/2026,2026,2,1,Winter,8.2,21.5,44.0,5280.3,5587.8,5478.0
Tamil Nadu,Dharmapuri,Harur(Uzhavar Sandhai ),Onion,Bellary,Local,01/03/2026,2026,3,1,Summer,12.6,22.8,48.1,6549.2,6800.5,6675.3
Tamil Nadu,Dharmapuri,Harur(Uzhavar Sandhai ),Onion,Bellary,Local,02/08/2026,2026,8,2,Monsoon,186.4,35.1,77.1,8638.7,9046.2,8841.3
Tamil Nadu,Dharmapuri,Harur(Uzhavar Sandhai ),Onion,Bellary,Local,02/11/2025,2025,11,2,Post-Monsoon,71.1,23.8,53.5,6451.4,6656.7,6528.0
Tamil Nadu,Dharmapuri,Harur(Uzhavar Sandhai ),Onion,Bellary,Local,03/05/2026,2026,5,3,Summer,11.4,30.3,47.5,6400.9,6546.5,6472.2
Tamil Nadu,Dharmapuri,Harur(Uzhavar Sandhai ),Onion,Bellary,Local,04/01/2026,2026,1,4,Winter,5.3,18.7,40.0,5457.9,5837.2,5678.9
Tamil Nadu,Dharmapuri,Harur(Uzhavar Sandhai ),Onion,Bellary,Local,05/04/2026,2026,4,5,Summer,2.6,27.1,42.9,6754.2,6895.0,6814.8
Tamil Nadu,Dharmapuri,Harur(Uzhavar Sandhai ),Onion,Bellary,Local,05/07/2026,2026,7,5,Monsoon,237.1,35.9,82.0,9549.3,9860.8,9683.7
Tamil Nadu,Dharmapuri,Harur(Uzhavar Sandhai ),Onion,Bellary,Local,05/10/2025,2025,10,5,Post-Monsoon,41.8,27.0,54.2,5878.7,6038.7,5952.7
Tamil Nadu,Dharmapuri,Harur(Uzhavar Sandhai ),Onion,Bellary,Local,06/09/2026,2026,9,6,Monsoon,106.1,29.5,59.7,7502.7,7736.2,7649.1
Tamil Nadu,Dharmapuri,Harur(Uzhavar Sandhai ),Onion,Bellary,Local,07/06/2026,2026,6,7,Monsoon,215.9,34.1,71.5,9488.5,9641.8,9581.4
Tamil Nadu,Dharmapuri,Harur(Uzhavar Sandhai ),Onion,Bellary,Local,07/12/2025,2025,12,7,Winter,13.2,20.1,46.2,5376.8,5554.8,5457.3
Tamil Nadu,Dharmapuri,Harur(Uzhavar Sandhai ),Onion,Bellary,Local,08/02/2026,2026,2,8,Winter,0.3,19.5,48.5,5298.4,5578.6,5438.3
Tamil Nadu,Dharmapuri,Harur(Uzhavar Sandhai ),Onion,Bellary,Local,08/03/2026,2026,3,8,Summer,9.5,21.9,42.3,6511.4,6788.6,6657.2
Tamil Nadu,Dharmapuri,Harur(Uzhavar Sandhai ),Onion,Bellary,Local,09/08/2026,2026,8,9,Monsoon,146.9,34.2,71.8,8537.2,8797.8,8639.6
Tamil Nadu,Dharmapuri,Harur(Uzhavar Sandhai ),Onion,Bellary,Local,09/11/2025,2025,11,9,Post-Monsoon,39.9,23.4,51.1,5712.0,5862.1,5784.6
Tamil Nadu,Dharmapuri,Harur(Uzhavar Sandhai ),Onion,Bellary,Local,10/05/2026,2026,5,10,Summer,0.7,31.6,53.9,6826.2,6969.2,6910.0
Tamil Nadu,Dharmapuri,Harur(Uzhavar Sandhai ),Onion,Bellary,Local,11/01/2026,2026,1,11,Winter,1.4,17.3,49.7,5564.2,5844.3,5714.1
Tamil Nadu,Dharmapuri,Harur(Uzhavar Sandhai ),Onion,Bellary,Local,12/04/2026,2026,4,12,Summer,7.5,25.3,47.2,6603.7,6785.4,6701.2
Tamil Nadu,Dharmapuri,Harur(Uzhavar Sandhai ),Onion,Bellary,Local,12/07/2026,2026,7,12,Monsoon,167.8,34.0,71.7,8424.0,8652.2,8529.0
Tamil Nadu,Dharmapuri,Harur(Uzhavar Sandhai ),Onion,Bellary,Local,12/10/2025,2025,10,12,Post-Monsoon,79.4,28.4,58.3,6545.1,6803.0,6710.5
Tamil Nadu,Dharmapuri,Harur(Uzhavar Sandhai ),Onion,Bellary,Local,13/09/2026,2026,9,13,Monsoon,146.0,31.8,69.4,7848.3,8182.3,8030.4
Tamil Nadu,Dharmapuri,Harur(Uzhavar Sandhai ),Onion,Bellary,Local,14/06/2026,2026,6,14,Monsoon,112.7,32.1,65.7,8072.5,8309.1,8196.4
Tamil Nadu,Dharmapuri,Harur(Uzhavar Sandhai ),Onion,Bellary,Local,14/12/2025,2025,12,14,Winter,3.1,20.3,48.5,5492.7,5876.9,5694.8
Tamil Nadu,Dharmapuri,Harur(Uzhavar Sandhai ),Onion,Bellary,Local,15/02/2026,2026,2,15,Winter,6.6,19.2,44.9,5623.1,5895.8,5767.9
Tamil Nadu,Dharmapuri,Harur(Uzhavar Sandhai ),Onion,Bellary,Local,15/03/2026,2026,3,15,Summer,12.7,23.2,48.9,6775.2,6939.7,6857.7
Tamil Nadu,Dharmapuri,Harur(Uzhavar Sandhai ),Onion,Bellary,Local,16/08/2026,2026,8,16,Monsoon,89.4,33.4,55.6,7451.2,7770.9,7572.6
Tamil Nadu,Dharmapuri,Harur(Uzhavar Sandhai ),Onion,Bellary,Local,16/11/2025,2025,11,16,Post-Monsoon,36.6,19.8,48.1,6043.3,6422.2,6203.1
Tamil Nadu,Dharmapuri,Harur(Uzhavar Sandhai ),Onion,Bellary,Local,17/05/2026,2026,5,17,Summer,15.9,30.7,41.7,6570.8,6799.7,6691.1
Tamil Nadu,Dharmapuri,Harur(Uzhavar Sandhai ),Onion,Bellary,Local,18/01/2026,2026,1,18,Winter,6.2,18.0,42.5,5389.7,5658.7,5505.6
Tamil Nadu,Dharmapuri,Harur(Uzhavar Sandhai ),Onion,Bellary,Local,19/04/2026,2026,4,19,Summer,10.1,27.4,45.3,6521.2,6686.8,6601.0
Tamil Nadu,Dharmapuri,Harur(Uzhavar Sandhai ),Onion,Bellary,Local,19/07/2026,2026,7,19,Monsoon,238.9,36.5,85.3,8616.5,8878.1,8738.3
Tamil Nadu,Dharmapuri,Harur(Uzhavar Sandhai ),Onion,Bellary,Local,19/10/2025,2025,10,19,Post-Monsoon,77.1,27.9,57.5,6168.0,6318.2,6245.7
Tamil Nadu,Dharmapuri,Harur(Uzhavar Sandhai ),Onion,Bellary,Local,20/09/2026,2026,9,20,Monsoon,225.3,30.2,82.3,9314.3,9622.1,9476.8
Tamil Nadu,Dharmapuri,Harur(Uzhavar Sandhai ),Onion,Bellary,Local,21/06/2026,2026,6,21,Monsoon,164.1,32.6,75.0,8543.9,8690.8,8632.1
Tamil Nadu,Dharmapuri,Harur(Uzhavar Sandhai ),Onion,Bellary,Local,21/12/2025,2025,12,21,Winter,4.0,18.9,46.4,5513.9,5686.1,5604.1
Tamil Nadu,Dharmapuri,Harur(Uzhavar Sandhai ),Onion,Bellary,Local,22/02/2026,2026,2,22,Winter,18.7,20.4,51.0,5426.2,5679.7,5549.0
Tamil Nadu,Dharmapuri,Harur(Uzhavar Sandhai ),Onion,Bellary,Local,22/03/2026,2026,3,22,Summer,2.0,23.6,43.9,6852.1,6981.2,6912.8
Tamil Nadu,Dharmapuri,Harur(Uzhavar Sandhai ),Onion,Bellary,Local,23/08/2026,2026,8,23,Monsoon,207.3,33.6,78.7,9224.0,9395.6,9298.7
Tamil Nadu,Dharmapuri,Harur(Uzhavar Sandhai ),Onion,Bellary,Local,23/11/2025,2025,11,23,Post-Monsoon,60.4,23.7,58.2,5939.2,6135.8,6038.1
Tamil Nadu,Dharmapuri,Harur(Uzhavar Sandhai ),Onion,Bellary,Local,24/05/2026,2026,5,24,Summer,12.1,31.2,49.4,6493.7,6702.9,6594.2
Tamil Nadu,Dharmapuri,Harur(Uzhavar Sandhai ),Onion,Bellary,Local,25/01/2026,2026,1,25,Winter,15.0,18.4,48.0,5525.5,5879.0,5702.3
Tamil Nadu,Dharmapuri,Harur(Uzhavar Sandhai ),Onion,Bellary,Local,26/04/2026,2026,4,26,Summer,17.8,26.7,45.5,6826.3,7086.6,6951.8
Tamil Nadu,Dharmapuri,Harur(Uzhavar Sandhai ),Onion,Bellary,Local,26/07/2026,2026,7,26,Monsoon,111.9,36.1,64.1,8340.2,8590.6,8458.2
Tamil Nadu,Dharmapuri,Harur(Uzhavar Sandhai ),Onion,Bellary,Local,26/10/2025,2025,10,26,Post-Monsoon,46.4,27.7,48.7,6620.0,6787.5,6717.3
Tamil Nadu,Dharmapuri,Harur(Uzhavar Sandhai ),Onion,Bellary,Local,28/06/2026,2026,6,28,Monsoon,202.7,31.5,75.2,9390.2,9589.1,9505.7
Tamil Nadu,Dharmapuri,Harur(Uzhavar Sandhai ),Onion,Bellary,Local,28/12/2025,2025,12,28,Winter,8.4,21.0,46.1,5331.1,5650.0,5468.4
Tamil Nadu,Dharmapuri,Harur(Uzhavar Sandhai ),Onion,Bellary,Local,29/03/2026,2026,3,29,Summer,9.1,23.4,49.9,6445.6,6748.6,6642.1
Tamil Nadu,Dharmapuri,Harur(Uzhavar Sandhai ),Onion,Bellary,Local,30/08/2026,2026,8,30,Monsoon,238.2,33.9,75.5,8973.7,9253.7,9155.3
Tamil Nadu,Dharmapuri,Harur(Uzhavar Sandhai ),Onion,Bellary,Local,30/11/2025,2025,11,30,Post-Monsoon,62.8,23.4,60.5,5828.6,6116.3,5973.1
Tamil Nadu,Dharmapuri,Harur(Uzhavar Sandhai ),Onion,Bellary,Local,31/05/2026,2026,5,31,Summer,15.9,31.1,47.4,6842.1,7080.5,6991.7
Tamil Nadu,Dharmapuri,Karimangalam(Uzhavar Sandhai),Onion,Bellary,Local,01/02/2026,2026,2,1,Winter,18.3,20.1,43.7,5711.3,5843.4,5770.6
Tamil Nadu,Dharmapuri,Karimangalam(Uzhavar Sandhai),Onion,Bellary,Local,01/03/2026,2026,3,1,Summer,6.3,23.3,43.5,6466.3,6653.6,6555.7
Tamil Nadu,Dharmapuri,Karimangalam(Uzhavar Sandhai),Onion,Bellary,Local,02/08/2026,2026,8,2,Monsoon,155.0,36.0,72.7,8786.8,9029.8,8901.4
Tamil Nadu,Dharmapuri,Karimangalam(Uzhavar Sandhai),Onion,Bellary,Local,02/11/2025,2025,11,2,Post-Monsoon,34.2,21.7,48.3,5868.3,6134.0,5972.4
Tamil Nadu,Dharmapuri,Karimangalam(Uzhavar Sandhai),Onion,Bellary,Local,03/05/2026,2026,5,3,Summer,2.0,32.7,49.3,6579.8,6865.3,6749.9
Tamil Nadu,Dharmapuri,Karimangalam(Uzhavar Sandhai),Onion,Bellary,Local,04/01/2026,2026,1,4,Winter,19.3,20.8,50.0,5409.7,5592.1,5490.4
Tamil Nadu,Dharmapuri,Karimangalam(Uzhavar Sandhai),Onion,Bellary,Local,05/04/2026,2026,4,5,Summer,1.3,28.5,49.8,6892.2,7044.3,6953.9
Tamil Nadu,Dharmapuri,Karimangalam(Uzhavar Sandhai),Onion,Bellary,Local,05/07/2026,2026,7,5,Monsoon,172.9,34.2,70.4,8523.1,8802.5,8637.7
Tamil Nadu,Dharmapuri,Karimangalam(Uzhavar Sandhai),Onion,Bellary,Local,05/10/2025,2025,10,5,Post-Monsoon,35.5,25.3,50.1,6097.3,6278.3,6189.7
Tamil Nadu,Dharmapuri,Karimangalam(Uzhavar Sandhai),Onion,Bellary,Local,06/09/2026,2026,9,6,Monsoon,162.1,29.6,76.0,8138.4,8283.4,8202.0
Tamil Nadu,Dharmapuri,Karimangalam(Uzhavar Sandhai),Onion,Bellary,Local,07/06/2026,2026,6,7,Monsoon,106.3,36.7,64.0,7917.3,8288.2,8118.1
Tamil Nadu,Dharmapuri,Karimangalam(Uzhavar Sandhai),Onion,Bellary,Local,07/12/2025,2025,12,7,Winter,7.2,18.4,48.1,5423.4,5571.4,5492.4
Tamil Nadu,Dharmapuri,Karimangalam(Uzhavar Sandhai),Onion,Bellary,Local,08/02/2026,2026,2,8,Winter,18.3,21.2,49.7,5583.9,5850.7,5735.9
Tamil Nadu,Dharmapuri,Karimangalam(Uzhavar Sandhai),Onion,Bellary,Local,08/03/2026,2026,3,8,Summer,10.3,23.2,48.3,5897.1,6188.7,6042.8
Tamil Nadu,Dharmapuri,Karimangalam(Uzhavar Sandhai),Onion,Bellary,Local,09/08/2026,2026,8,9,Monsoon,168.5,33.8,70.2,8276.5,8434.5,8350.9
Tamil Nadu,Dharmapuri,Karimangalam(Uzhavar Sandhai),Onion,Bellary,Local,09/11/2025,2025,11,9,Post-Monsoon,54.8,20.8,54.8,5832.2,6147.2,5968.2
Tamil Nadu,Dharmapuri,Karimangalam(Uzhavar Sandhai),Onion,Bellary,Local,10/05/2026,2026,5,10,Summer,6.3,30.5,49.0,6136.8,6361.1,6241.8
Tamil Nadu,Dharmapuri,Karimangalam(Uzhavar Sandhai),Onion,Bellary,Local,11/01/2026,2026,1,11,Winter,6.8,18.4,50.0,5283.3,5576.9,5396.0
Tamil Nadu,Dharmapuri,Karimangalam(Uzhavar Sandhai),Onion,Bellary,Local,12/04/2026,2026,4,12,Summer,11.1,27.3,48.2,6605.3,6792.0,6693.3
Tamil Nadu,Dharmapuri,Karimangalam(Uzhavar Sandhai),Onion,Bellary,Local,12/07/2026,2026,7,12,Monsoon,246.8,33.5,82.7,9382.7,9619.4,9482.4
Tamil Nadu,Dharmapuri,Karimangalam(Uzhavar Sandhai),Onion,Bellary,Local,12/10/2025,2025,10,12,Post-Monsoon,32.5,28.2,50.5,5672.4,5957.7,5790.9
Tamil Nadu,Dharmapuri,Karimangalam(Uzhavar Sandhai),Onion,Bellary,Local,13/09/2026,2026,9,13,Monsoon,169.1,34.1,75.8,8032.3,8266.2,8143.6
Tamil Nadu,Dharmapuri,Karimangalam(Uzhavar Sandhai),Onion,Bellary,Local,14/06/2026,2026,6,14,Monsoon,195.1,35.4,73.2,8747.6,9099.4,8911.4
Tamil Nadu,Dharmapuri,Karimangalam(Uzhavar Sandhai),Onion,Bellary,Local,14/12/2025,2025,12,14,Winter,7.0,21.0,44.9,5912.6,6074.7,5975.7
Tamil Nadu,Dharmapuri,Karimangalam(Uzhavar Sandhai),Onion,Bellary,Local,15/02/2026,2026,2,15,Winter,4.1,18.6,44.3,5444.6,5762.1,5622.3
Tamil Nadu,Dharmapuri,Karimangalam(Uzhavar Sandhai),Onion,Bellary,Local,15/03/2026,2026,3,15,Summer,15.8,22.9,45.2,6545.2,6685.0,6606.4
Tamil Nadu,Dharmapuri,Karimangalam(Uzhavar Sandhai),Onion,Bellary,Local,16/08/2026,2026,8,16,Monsoon,100.2,35.2,61.9,7620.7,7934.0,7810.2
Tamil Nadu,Dharmapuri,Karimangalam(Uzhavar Sandhai),Onion,Bellary,Local,16/11/2025,2025,11,16,Post-Monsoon,42.3,22.6,52.2,6163.0,6340.4,6242.2
Tamil Nadu,Dharmapuri,Karimangalam(Uzhavar Sandhai),Onion,Bellary,Local,17/05/2026,2026,5,17,Summer,1.6,29.0,41.8,6639.6,6757.6,6693.1
Tamil Nadu,Dharmapuri,Karimangalam(Uzhavar Sandhai),Onion,Bellary,Local,18/01/2026,2026,1,18,Winter,4.0,17.8,49.5,5316.5,5557.5,5441.7
Tamil Nadu,Dharmapuri,Karimangalam(Uzhavar Sandhai),Onion,Bellary,Local,19/04/2026,2026,4,19,Summer,15.1,29.6,45.0,6158.3,6535.2,6380.2
Tamil Nadu,Dharmapuri,Karimangalam(Uzhavar Sandhai),Onion,Bellary,Local,19/07/2026,2026,7,19,Monsoon,192.0,34.1,72.7,9217.2,9402.8,9311.6
Tamil Nadu,Dharmapuri,Karimangalam(Uzhavar Sandhai),Onion,Bellary,Local,19/10/2025,2025,10,19,Post-Monsoon,42.7,25.2,61.3,5758.6,6049.1,5920.7
Tamil Nadu,Dharmapuri,Karimangalam(Uzhavar Sandhai),Onion,Bellary,Local,20/09/2026,2026,9,20,Monsoon,205.7,31.5,77.8,8216.3,8414.7,8321.1
Tamil Nadu,Dharmapuri,Karimangalam(Uzhavar Sandhai),Onion,Bellary,Local,21/06/2026,2026,6,21,Monsoon,106.3,36.3,62.7,7974.7,8230.0,8100.8
Tamil Nadu,Dharmapuri,Karimangalam(Uzhavar Sandhai),Onion,Bellary,Local,21/12/2025,2025,12,21,Winter,7.7,20.2,48.8,5243.0,5417.2,5330.4
Tamil Nadu,Dharmapuri,Karimangalam(Uzhavar Sandhai),Onion,Bellary,Local,22/02/2026,2026,2,22,Winter,16.8,21.6,48.3,5475.0,5719.0,5587.7
Tamil Nadu,Dharmapuri,Karimangalam(Uzhavar Sandhai),Onion,Bellary,Local,22/03/2026,2026,3,22,Summer,1.8,24.3,39.9,6193.0,6489.4,6310.8
Tamil Nadu,Dharmapuri,Karimangalam(Uzhavar Sandhai),Onion,Bellary,Local,23/08/2026,2026,8,23,Monsoon,149.4,32.9,71.2,9028.3,9335.8,9171.5
Tamil Nadu,Dharmapuri,Karimangalam(Uzhavar Sandhai),Onion,Bellary,Local,23/11/2025,2025,11,23,Post-Monsoon,20.4,23.6,47.0,5956.4,6271.0,6086.5
Tamil Nadu,Dharmapuri,Karimangalam(Uzhavar Sandhai),Onion,Bellary,Local,24/05/2026,2026,5,24,Summer,10.1,31.0,47.0,6966.6,7169.3,7079.8
Tamil Nadu,Dharmapuri,Karimangalam(Uzhavar Sandhai),Onion,Bellary,Local,25/01/2026,2026,1,25,Winter,8.0,15.8,46.7,5356.9,5724.0,5546.1
Tamil Nadu,Dharmapuri,Karimangalam(Uzhavar Sandhai),Onion,Bellary,Local,26/04/2026,2026,4,26,Summer,16.5,26.4,46.3,6563.2,6798.4,6682.3
Tamil Nadu,Dharmapuri,Karimangalam(Uzhavar Sandhai),Onion,Bellary,Local,26/07/2026,2026,7,26,Monsoon,81.5,34.9,56.0,7761.4,8009.4,7919.4
Tamil Nadu,Dharmapuri,Karimangalam(Uzhavar Sandhai),Onion,Bellary,Local,26/10/2025,2025,10,26,Post-Monsoon,27.4,27.8,57.0,6122.4,6252.7,6205.4
Tamil Nadu,Dharmapuri,Karimangalam(Uzhavar Sandhai),Onion,Bellary,Local,28/06/2026,2026,6,28,Monsoon,98.7,34.8,59.6,7821.3,8111.4,7986.7
Tamil Nadu,Dharmapuri,Karimangalam(Uzhavar Sandhai),Onion,Bellary,Local,28/12/2025,2025,12,28,Winter,16.0,18.1,45.6,5392.9,5535.3,5460.6
Tamil Nadu,Dharmapuri,Karimangalam(Uzhavar Sandhai),Onion,Bellary,Local,29/03/2026,2026,3,29,Summer,8.1,21.0,47.5,6889.6,7074.9,6981.3
Tamil Nadu,Dharmapuri,Karimangalam(Uzhavar Sandhai),Onion,Bellary,Local,30/08/2026,2026,8,30,Monsoon,134.5,35.9,65.1,8043.8,8302.0,8161.9
Tamil Nadu,Dharmapuri,Karimangalam(Uzhavar Sandhai),Onion,Bellary,Local,30/11/2025,2025,11,30,Post-Monsoon,61.1,23.9,57.6,6260.0,6533.7,6415.0
Tamil Nadu,Dharmapuri,Karimangalam(Uzhavar Sandhai),Onion,Bellary,Local,31/05/2026,2026,5,31,Summer,5.5,31.4,46.4,6575.8,6846.3,6704.2
Tamil Nadu,Dharmapuri,Palacode(Uzhavar Sandhai ),Onion,Bellary,Local,01/02/2026,2026,2,1,Winter,7.3,19.8,46.1,5157.7,5314.6,5244.5
Tamil Nadu,Dharmapuri,Palacode(Uzhavar Sandhai ),Onion,Bellary,Local,01/03/2026,2026,3,1,Summer,0.8,23.1,50.2,6673.0,6799.6,6742.9
Tamil Nadu,Dharmapuri,Palacode(Uzhavar Sandhai ),Onion,Bellary,Local,02/08/2026,2026,8,2,Monsoon,165.5,35.9,72.7,8925.6,9080.9,8986.9
Tamil Nadu,Dharmapuri,Palacode(Uzhavar Sandhai ),Onion,Bellary,Local,02/11/2025,2025,11,2,Post-Monsoon,23.9,22.1,51.7,6013.5,6217.6,6101.0
Tamil Nadu,Dharmapuri,Palacode(Uzhavar Sandhai ),Onion,Bellary,Local,03/05/2026,2026,5,3,Summer,12.9,30.8,49.3,6337.8,6571.9,6474.6
Tamil Nadu,Dharmapuri,Palacode(Uzhavar Sandhai ),Onion,Bellary,Local,04/01/2026,2026,1,4,Winter,4.6,19.0,45.1,5399.8,5613.2,5510.0
Tamil Nadu,Dharmapuri,Palacode(Uzhavar Sandhai ),Onion,Bellary,Local,05/04/2026,2026,4,5,Summer,12.1,27.3,43.3,6759.5,6941.8,6865.3
Tamil Nadu,Dharmapuri,Palacode(Uzhavar Sandhai ),Onion,Bellary,Local,05/07/2026,2026,7,5,Monsoon,222.1,32.5,78.2,9629.5,9769.1,9696.6
Tamil Nadu,Dharmapuri,Palacode(Uzhavar Sandhai ),Onion,Bellary,Local,05/10/2025,2025,10,5,Post-Monsoon,42.5,25.3,52.8,6108.8,6402.2,6208.9
Tamil Nadu,Dharmapuri,Palacode(Uzhavar Sandhai ),Onion,Bellary,Local,06/09/2026,2026,9,6,Monsoon,127.9,31.8,63.3,7653.1,7990.8,7791.5
Tamil Nadu,Dharmapuri,Palacode(Uzhavar Sandhai ),Onion,Bellary,Local,07/06/2026,2026,6,7,Monsoon,178.3,34.2,73.4,8468.8,8715.4,8579.1
Tamil Nadu,Dharmapuri,Palacode(Uzhavar Sandhai ),Onion,Bellary,Local,07/12/2025,2025,12,7,Winter,17.3,21.2,43.2,5861.0,5992.2,5926.2
Tamil Nadu,Dharmapuri,Palacode(Uzhavar Sandhai ),Onion,Bellary,Local,08/02/2026,2026,2,8,Winter,12.2,19.1,47.0,5683.9,5849.8,5756.0
Tamil Nadu,Dharmapuri,Palacode(Uzhavar Sandhai ),Onion,Bellary,Local,08/03/2026,2026,3,8,Summer,12.9,23.8,44.3,6683.5,6819.3,6757.7
Tamil Nadu,Dharmapuri,Palacode(Uzhavar Sandhai ),Onion,Bellary,Local,09/08/2026,2026,8,9,Monsoon,84.5,34.9,58.9,7320.3,7600.4,7456.3
Tamil Nadu,Dharmapuri,Palacode(Uzhavar Sandhai ),Onion,Bellary,Local,09/11/2025,2025,11,9,Post-Monsoon,22.1,22.0,47.8,5989.7,6257.8,6113.9
Tamil Nadu,Dharmapuri,Palacode(Uzhavar Sandhai ),Onion,Bellary,Local,10/05/2026,2026,5,10,Summer,3.4,32.2,47.7,6403.7,6662.9,6556.3
Tamil Nadu,Dharmapuri,Palacode(Uzhavar Sandhai ),Onion,Bellary,Local,11/01/2026,2026,1,11,Winter,12.7,19.4,48.0,5813.1,6085.6,5961.0
Tamil Nadu,Dharmapuri,Palacode(Uzhavar Sandhai ),Onion,Bellary,Local,12/04/2026,2026,4,12,Summer,6.5,29.0,48.3,6704.6,7055.3,6884.8
Tamil Nadu,Dharmapuri,Palacode(Uzhavar Sandhai ),Onion,Bellary,Local,12/07/2026,2026,7,12,Monsoon,173.4,36.4,76.5,8732.8,8975.2,8861.8
Tamil Nadu,Dharmapuri,Palacode(Uzhavar Sandhai ),Onion,Bellary,Local,12/10/2025,2025,10,12,Post-Monsoon,69.9,28.5,54.4,6092.7,6258.9,6169.3
Tamil Nadu,Dharmapuri,Palacode(Uzhavar Sandhai ),Onion,Bellary,Local,13/09/2026,2026,9,13,Monsoon,225.9,29.2,85.8,8848.2,9153.6,8960.3
Tamil Nadu,Dharmapuri,Palacode(Uzhavar Sandhai ),Onion,Bellary,Local,14/06/2026,2026,6,14,Monsoon,85.2,32.6,57.6,8478.5,8644.2,8577.8
Tamil Nadu,Dharmapuri,Palacode(Uzhavar Sandhai ),Onion,Bellary,Local,14/12/2025,2025,12,14,Winter,14.6,21.3,48.2,5253.0,5580.2,5426.4
Tamil Nadu,Dharmapuri,Palacode(Uzhavar Sandhai ),Onion,Bellary,Local,15/02/2026,2026,2,15,Winter,19.7,19.7,50.5,5301.8,5604.7,5428.2
Tamil Nadu,Dharmapuri,Palacode(Uzhavar Sandhai ),Onion,Bellary,Local,15/03/2026,2026,3,15,Summer,18.5,22.8,46.9,6606.2,6924.9,6777.9
Tamil Nadu,Dharmapuri,Palacode(Uzhavar Sandhai ),Onion,Bellary,Local,16/08/2026,2026,8,16,Monsoon,240.0,35.8,84.7,9050.6,9306.3,9185.6
Tamil Nadu,Dharmapuri,Palacode(Uzhavar Sandhai ),Onion,Bellary,Local,16/11/2025,2025,11,16,Post-Monsoon,52.8,23.3,56.1,5831.2,6039.4,5950.7
Tamil Nadu,Dharmapuri,Palacode(Uzhavar Sandhai ),Onion,Bellary,Local,17/05/2026,2026,5,17,Summer,12.3,32.6,47.1,6687.3,6946.5,6820.1
Tamil Nadu,Dharmapuri,Palacode(Uzhavar Sandhai ),Onion,Bellary,Local,18/01/2026,2026,1,18,Winter,4.6,19.3,49.6,5429.9,5705.7,5540.2
Tamil Nadu,Dharmapuri,Palacode(Uzhavar Sandhai ),Onion,Bellary,Local,19/04/2026,2026,4,19,Summer,1.9,24.9,43.0,6585.9,6890.3,6751.6
Tamil Nadu,Dharmapuri,Palacode(Uzhavar Sandhai ),Onion,Bellary,Local,19/07/2026,2026,7,19,Monsoon,140.5,37.5,66.8,9042.6,9197.8,9120.7
Tamil Nadu,Dharmapuri,Palacode(Uzhavar Sandhai ),Onion,Bellary,Local,19/10/2025,2025,10,19,Post-Monsoon,45.9,28.2,47.8,5949.4,6184.3,6054.9
Tamil Nadu,Dharmapuri,Palacode(Uzhavar Sandhai ),Onion,Bellary,Local,20/09/2026,2026,9,20,Monsoon,165.9,30.2,74.4,8504.0,8641.3,8591.3
Tamil Nadu,Dharmapuri,Palacode(Uzhavar Sandhai ),Onion,Bellary,Local,21/06/2026,2026,6,21,Monsoon,88.8,34.1,66.4,8537.8,8881.4,8698.0
Tamil Nadu,Dharmapuri,Palacode(Uzhavar Sandhai ),Onion,Bellary,Local,21/12/2025,2025,12,21,Winter,15.4,20.0,57.6,5378.3,5542.7,5457.3
Tamil Nadu,Dharmapuri,Palacode(Uzhavar Sandhai ),Onion,Bellary,Local,22/02/2026,2026,2,22,Winter,7.4,22.2,50.4,5281.1,5551.0,5423.3
Tamil Nadu,Dharmapuri,Palacode(Uzhavar Sandhai ),Onion,Bellary,Local,22/03/2026,2026,3,22,Summer,10.6,22.5,46.1,6077.1,6335.1,6200.0
Tamil Nadu,Dharmapuri,Palacode(Uzhavar Sandhai ),Onion,Bellary,Local,23/08/2026,2026,8,23,Monsoon,97.1,33.2,61.2,8366.6,8511.3,8451.4
Tamil Nadu,Dharmapuri,Palacode(Uzhavar Sandhai ),Onion,Bellary,Local,23/11/2025,2025,11,23,Post-Monsoon,36.9,20.6,47.5,6027.2,6349.2,6140.2
Tamil Nadu,Dharmapuri,Palacode(Uzhavar Sandhai ),Onion,Bellary,Local,24/05/2026,2026,5,24,Summer,16.2,32.6,48.5,6512.0,6853.9,6683.5
Tamil Nadu,Dharmapuri,Palacode(Uzhavar Sandhai ),Onion,Bellary,Local,25/01/2026,2026,1,25,Winter,8.3,18.4,45.5,5623.0,5846.1,5728.2
Tamil Nadu,Dharmapuri,Palacode(Uzhavar Sandhai ),Onion,Bellary,Local,26/04/2026,2026,4,26,Summer,11.5,26.6,42.6,6448.8,6677.4,6575.8
Tamil Nadu,Dharmapuri,Palacode(Uzhavar Sandhai ),Onion,Bellary,Local,26/07/2026,2026,7,26,Monsoon,109.4,32.0,58.6,8696.9,8842.1,8763.4
Tamil Nadu,Dharmapuri,Palacode(Uzhavar Sandhai ),Onion,Bellary,Local,26/10/2025,2025,10,26,Post-Monsoon,32.0,25.9,57.8,6096.4,6231.1,6174.3
Tamil Nadu,Dharmapuri,Palacode(Uzhavar Sandhai ),Onion,Bellary,Local,28/06/2026,2026,6,28,Monsoon,167.8,35.5,70.0,8481.8,8633.9,8534.0
Tamil Nadu,Dharmapuri,Palacode(Uzhavar Sandhai ),Onion,Bellary,Local,28/12/2025,2025,12,28,Winter,0.6,17.9,48.2,5695.3,5896.9,5785.1
Tamil Nadu,Dharmapuri,Palacode(Uzhavar Sandhai ),Onion,Bellary,Local,29/03/2026,2026,3,29,Summer,17.7,24.8,49.7,6888.2,7045.2,6947.8
Tamil Nadu,Dharmapuri,Palacode(Uzhavar Sandhai ),Onion,Bellary,Local,30/08/2026,2026,8,30,Monsoon,100.1,33.2,63.9,8468.0,8860.1,8660.3
Tamil Nadu,Dharmapuri,Palacode(Uzhavar Sandhai ),Onion,Bellary,Local,30/11/2025,2025,11,30,Post-Monsoon,66.3,23.9,58.3,6436.5,6561.6,6505.2
Tamil Nadu,Dharmapuri,Palacode(Uzhavar Sandhai ),Onion,Bellary,Local,31/05/2026,2026,5,31,Summer,16.0,33.0,50.5,6578.8,6752.6,6675.6
Tamil Nadu,Dharmapuri,Pennagaram(Uzhavar Sandhai ),Onion,Bellary,Local,01/02/2026,2026,2,1,Winter,17.5,18.5,47.0,5995.0,6126.2,6064.3
Tamil Nadu,Dharmapuri,Pennagaram(Uzhavar Sandhai ),Onion,Bellary,Local,01/03/2026,2026,3,1,Summer,12.7,22.8,46.8,6218.6,6457.6,6353.1
Tamil Nadu,Dharmapuri,Pennagaram(Uzhavar Sandhai ),Onion,Bellary,Local,02/08/2026,2026,8,2,Monsoon,186.7,32.6,73.7,8920.6,9233.6,9081.6
Tamil Nadu,Dharmapuri,Pennagaram(Uzhavar Sandhai ),Onion,Bellary,Local,02/11/2025,2025,11,2,Post-Monsoon,42.6,22.3,45.7,6453.7,6747.8,6579.2
Tamil Nadu,Dharmapuri,Pennagaram(Uzhavar Sandhai ),Onion,Bellary,Local,03/05/2026,2026,5,3,Summer,12.9,33.4,41.3,6706.3,7044.6,6897.4
Tamil Nadu,Dharmapuri,Pennagaram(Uzhavar Sandhai ),Onion,Bellary,Local,04/01/2026,2026,1,4,Winter,16.8,15.3,45.0,5495.4,5914.3,5694.6
Tamil Nadu,Dharmapuri,Pennagaram(Uzhavar Sandhai ),Onion,Bellary,Local,05/04/2026,2026,4,5,Summer,14.3,23.7,47.4,6820.2,7037.1,6914.2
Tamil Nadu,Dharmapuri,Pennagaram(Uzhavar Sandhai ),Onion,Bellary,Local,05/07/2026,2026,7,5,Monsoon,177.7,34.8,73.8,8556.0,8726.6,8622.7
Tamil Nadu,Dharmapuri,Pennagaram(Uzhavar Sandhai ),Onion,Bellary,Local,05/10/2025,2025,10,5,Post-Monsoon,39.2,28.3,57.0,6331.5,6537.7,6433.2
Tamil Nadu,Dharmapuri,Pennagaram(Uzhavar Sandhai ),Onion,Bellary,Local,06/09/2026,2026,9,6,Monsoon,166.0,27.5,71.0,8548.1,8934.2,8761.4
Tamil Nadu,Dharmapuri,Pennagaram(Uzhavar Sandhai ),Onion,Bellary,Local,07/06/2026,2026,6,7,Monsoon,166.3,33.2,70.7,8111.6,8345.1,8213.9
Tamil Nadu,Dharmapuri,Pennagaram(Uzhavar Sandhai ),Onion,Bellary,Local,07/12/2025,2025,12,7,Winter,19.0,19.9,51.0,5312.3,5478.8,5398.8
Tamil Nadu,Dharmapuri,Pennagaram(Uzhavar Sandhai ),Onion,Bellary,Local,08/02/2026,2026,2,8,Winter,7.0,21.4,40.9,5843.4,6096.5,5991.6
Tamil Nadu,Dharmapuri,Pennagaram(Uzhavar Sandhai ),Onion,Bellary,Local,08/03/2026,2026,3,8,Summer,13.4,23.7,45.8,6467.7,6585.4,6523.9
Tamil Nadu,Dharmapuri,Pennagaram(Uzhavar Sandhai ),Onion,Bellary,Local,09/08/2026,2026,8,9,Monsoon,105.8,35.8,58.7,7918.3,8180.7,8022.5
Tamil Nadu,Dharmapuri,Pennagaram(Uzhavar Sandhai ),Onion,Bellary,Local,09/11/2025,2025,11,9,Post-Monsoon,20.7,22.0,48.2,6194.5,6490.6,6368.6
Tamil Nadu,Dharmapuri,Pennagaram(Uzhavar Sandhai ),Onion,Bellary,Local,10/05/2026,2026,5,10,Summer,2.0,30.3,43.4,6397.3,6601.1,6475.2
Tamil Nadu,Dharmapuri,Pennagaram(Uzhavar Sandhai ),Onion,Bellary,Local,11/01/2026,2026,1,11,Winter,19.9,18.9,52.7,5594.3,5953.1,5808.6
Tamil Nadu,Dharmapuri,Pennagaram(Uzhavar Sandhai ),Onion,Bellary,Local,12/04/2026,2026,4,12,Summer,10.7,25.8,44.0,6499.3,6674.9,6583.1
Tamil Nadu,Dharmapuri,Pennagaram(Uzhavar Sandhai ),Onion,Bellary,Local,12/07/2026,2026,7,12,Monsoon,193.1,35.9,69.3,8923.1,9278.7,9077.4
Tamil Nadu,Dharmapuri,Pennagaram(Uzhavar Sandhai ),Onion,Bellary,Local,12/10/2025,2025,10,12,Post-Monsoon,60.4,28.2,56.7,5995.7,6282.7,6120.0
Tamil Nadu,Dharmapuri,Pennagaram(Uzhavar Sandhai ),Onion,Bellary,Local,13/09/2026,2026,9,13,Monsoon,198.4,31.3,78.1,8949.1,9235.2,9078.0
Tamil Nadu,Dharmapuri,Pennagaram(Uzhavar Sandhai ),Onion,Bellary,Local,14/06/2026,2026,6,14,Monsoon,170.5,35.1,71.8,8577.1,8745.3,8635.7
Tamil Nadu,Dharmapuri,Pennagaram(Uzhavar Sandhai ),Onion,Bellary,Local,14/12/2025,2025,12,14,Winter,11.7,21.2,41.1,5594.7,5896.6,5773.3
Tamil Nadu,Dharmapuri,Pennagaram(Uzhavar Sandhai ),Onion,Bellary,Local,15/02/2026,2026,2,15,Winter,10.3,19.3,50.7,5772.8,6130.0,5906.1
Tamil Nadu,Dharmapuri,Pennagaram(Uzhavar Sandhai ),Onion,Bellary,Local,15/03/2026,2026,3,15,Summer,3.5,20.8,45.0,6500.0,6774.7,6600.6
Tamil Nadu,Dharmapuri,Pennagaram(Uzhavar Sandhai ),Onion,Bellary,Local,16/08/2026,2026,8,16,Monsoon,209.6,33.4,81.0,9469.9,9635.9,9539.0
Tamil Nadu,Dharmapuri,Pennagaram(Uzhavar Sandhai ),Onion,Bellary,Local,16/11/2025,2025,11,16,Post-Monsoon,37.1,24.2,49.9,6151.8,6501.5,6270.5
Tamil Nadu,Dharmapuri,Pennagaram(Uzhavar Sandhai ),Onion,Bellary,Local,17/05/2026,2026,5,17,Summer,1.6,30.4,37.7,6621.0,6918.9,6753.0
Tamil Nadu,Dharmapuri,Pennagaram(Uzhavar Sandhai ),Onion,Bellary,Local,18/01/2026,2026,1,18,Winter,9.0,16.9,48.0,5836.4,6036.5,5916.4
Tamil Nadu,Dharmapuri,Pennagaram(Uzhavar Sandhai ),Onion,Bellary,Local,19/04/2026,2026,4,19,Summer,2.4,26.9,46.0,6646.2,6961.5,6817.8
Tamil Nadu,Dharmapuri,Pennagaram(Uzhavar Sandhai ),Onion,Bellary,Local,19/07/2026,2026,7,19,Monsoon,154.7,34.0,63.1,8922.6,9181.6,9024.5
Tamil Nadu,Dharmapuri,Pennagaram(Uzhavar Sandhai ),Onion,Bellary,Local,19/10/2025,2025,10,19,Post-Monsoon,41.1,27.0,53.4,6460.3,6606.7,6517.3
Tamil Nadu,Dharmapuri,Pennagaram(Uzhavar Sandhai ),Onion,Bellary,Local,20/09/2026,2026,9,20,Monsoon,238.8,29.3,82.9,9475.1,9679.7,9581.3
Tamil Nadu,Dharmapuri,Pennagaram(Uzhavar Sandhai ),Onion,Bellary,Local,21/06/2026,2026,6,21,Monsoon,134.8,33.0,68.8,8755.6,9014.2,8887.6
Tamil Nadu,Dharmapuri,Pennagaram(Uzhavar Sandhai ),Onion,Bellary,Local,21/12/2025,2025,12,21,Winter,18.2,21.2,52.3,5772.9,6000.7,5887.8
Tamil Nadu,Dharmapuri,Pennagaram(Uzhavar Sandhai ),Onion,Bellary,Local,22/02/2026,2026,2,22,Winter,9.8,20.6,45.7,5125.0,5459.4,5301.9
Tamil Nadu,Dharmapuri,Pennagaram(Uzhavar Sandhai ),Onion,Bellary,Local,22/03/2026,2026,3,22,Summer,12.6,19.6,49.6,6360.5,6602.6,6480.3
Tamil Nadu,Dharmapuri,Pennagaram(Uzhavar Sandhai ),Onion,Bellary,Local,23/08/2026,2026,8,23,Monsoon,202.4,33.3,81.5,9274.5,9497.1,9381.8
Tamil Nadu,Dharmapuri,Pennagaram(Uzhavar Sandhai ),Onion,Bellary,Local,23/11/2025,2025,11,23,Post-Monsoon,22.6,23.1,51.6,6049.5,6329.5,6186.7
Tamil Nadu,Dharmapuri,Pennagaram(Uzhavar Sandhai ),Onion,Bellary,Local,24/05/2026,2026,5,24,Summer,19.4,31.4,48.9,6312.5,6644.2,6496.1
Tamil Nadu,Dharmapuri,Pennagaram(Uzhavar Sandhai ),Onion,Bellary,Local,25/01/2026,2026,1,25,Winter,10.4,21.3,47.0,5867.2,6206.2,6036.2
Tamil Nadu,Dharmapuri,Pennagaram(Uzhavar Sandhai ),Onion,Bellary,Local,26/04/2026,2026,4,26,Summer,1.7,30.6,48.3,6387.7,6532.2,6457.8
Tamil Nadu,Dharmapuri,Pennagaram(Uzhavar Sandhai ),Onion,Bellary,Local,26/07/2026,2026,7,26,Monsoon,145.3,33.7,70.9,8520.0,8800.7,8622.6
Tamil Nadu,Dharmapuri,Pennagaram(Uzhavar Sandhai ),Onion,Bellary,Local,26/10/2025,2025,10,26,Post-Monsoon,24.4,27.8,51.5,6132.7,6566.7,6363.2
Tamil Nadu,Dharmapuri,Pennagaram(Uzhavar Sandhai ),Onion,Bellary,Local,28/06/2026,2026,6,28,Monsoon,139.3,35.1,67.8,8512.8,8677.3,8575.3
Tamil Nadu,Dharmapuri,Pennagaram(Uzhavar Sandhai ),Onion,Bellary,Local,28/12/2025,2025,12,28,Winter,7.5,19.9,47.1,5273.5,5553.9,5418.4
Tamil Nadu,Dharmapuri,Pennagaram(Uzhavar Sandhai ),Onion,Bellary,Local,29/03/2026,2026,3,29,Summer,7.4,26.6,45.3,6340.6,6572.0,6445.4
Tamil Nadu,Dharmapuri,Pennagaram(Uzhavar Sandhai ),Onion,Bellary,Local,30/08/2026,2026,8,30,Monsoon,110.9,34.2,65.3,7901.1,8219.0,8034.9
Tamil Nadu,Dharmapuri,Pennagaram(Uzhavar Sandhai ),Onion,Bellary,Local,30/11/2025,2025,11,30,Post-Monsoon,47.3,23.1,56.2,6552.4,6814.3,6670.1
Tamil Nadu,Dharmapuri,Pennagaram(Uzhavar Sandhai ),Onion,Bellary,Local,31/05/2026,2026,5,31,Summer,11.4,30.2,49.6,6357.0,6519.2,6435.1
Tamil Nadu,Dindigul,Chinnalapatti(Uzhavar Sandhai ),Onion,Bellary,Local,01/02/2026,2026,2,1,Winter,7.2,20.1,50.4,5685.8,5947.3,5808.0
Tamil Nadu,Dindigul,Chinnalapatti(Uzhavar Sandhai ),Onion,Bellary,Local,01/03/2026,2026,3,1,Summer,0.2,21.7,40.3,5997.8,6296.2,6103.3
Tamil Nadu,Dindigul,Chinnalapatti(Uzhavar Sandhai ),Onion,Bellary,Local,02/08/2026,2026,8,2,Monsoon,103.1,32.2,57.6,8174.1,8509.1,8362.7
Tamil Nadu,Dindigul,Chinnalapatti(Uzhavar Sandhai ),Onion,Bellary,Local,02/11/2025,2025,11,2,Post-Monsoon,44.1,23.9,52.6,5744.0,5936.9,5842.3
Tamil Nadu,Dindigul,Chinnalapatti(Uzhavar Sandhai ),Onion,Bellary,Local,03/05/2026,2026,5,3,Summer,17.4,30.7,46.9,6751.4,6988.6,6864.5
Tamil Nadu,Dindigul,Chinnalapatti(Uzhavar Sandhai ),Onion,Bellary,Local,04/01/2026,2026,1,4,Winter,8.5,17.6,47.1,5377.9,5547.1,5457.5
Tamil Nadu,Dindigul,Chinnalapatti(Uzhavar Sandhai ),Onion,Bellary,Local,05/04/2026,2026,4,5,Summer,11.5,25.2,46.3,6608.2,6736.9,6686.2
Tamil Nadu,Dindigul,Chinnalapatti(Uzhavar Sandhai ),Onion,Bellary,Local,05/07/2026,2026,7,5,Monsoon,137.7,34.7,69.8,8122.8,8510.1,8305.7
Tamil Nadu,Dindigul,Chinnalapatti(Uzhavar Sandhai ),Onion,Bellary,Local,05/10/2025,2025,10,5,Post-Monsoon,47.4,24.9,56.1,6063.1,6219.7,6141.3
Tamil Nadu,Dindigul,Chinnalapatti(Uzhavar Sandhai ),Onion,Bellary,Local,06/09/2026,2026,9,6,Monsoon,87.4,32.2,60.2,8507.3,8792.6,8641.4
Tamil Nadu,Dindigul,Chinnalapatti(Uzhavar Sandhai ),Onion,Bellary,Local,07/06/2026,2026,6,7,Monsoon,101.8,33.6,64.3,9324.3,9538.2,9424.9
Tamil Nadu,Dindigul,Chinnalapatti(Uzhavar Sandhai ),Onion,Bellary,Local,07/12/2025,2025,12,7,Winter,19.7,18.0,47.0,6115.9,6369.2,6233.6
Tamil Nadu,Dindigul,Chinnalapatti(Uzhavar Sandhai ),Onion,Bellary,Local,08/02/2026,2026,2,8,Winter,5.2,19.8,47.3,5434.1,5731.2,5609.3
Tamil Nadu,Dindigul,Chinnalapatti(Uzhavar Sandhai ),Onion,Bellary,Local,08/03/2026,2026,3,8,Summer,19.1,23.3,51.0,6792.9,7161.4,6932.0
Tamil Nadu,Dindigul,Chinnalapatti(Uzhavar Sandhai ),Onion,Bellary,Local,09/08/2026,2026,8,9,Monsoon,135.7,34.6,63.2,7963.2,8241.6,8109.3
Tamil Nadu,Dindigul,Chinnalapatti(Uzhavar Sandhai ),Onion,Bellary,Local,09/11/2025,2025,11,9,Post-Monsoon,36.1,21.9,51.9,6027.4,6262.4,6147.3
Tamil Nadu,Dindigul,Chinnalapatti(Uzhavar Sandhai ),Onion,Bellary,Local,10/05/2026,2026,5,10,Summer,1.3,31.8,45.5,6530.5,6882.0,6678.1
Tamil Nadu,Dindigul,Chinnalapatti(Uzhavar Sandhai ),Onion,Bellary,Local,11/01/2026,2026,1,11,Winter,15.0,24.7,48.6,5497.9,5711.3,5635.5
Tamil Nadu,Dindigul,Chinnalapatti(Uzhavar Sandhai ),Onion,Bellary,Local,12/04/2026,2026,4,12,Summer,2.3,25.7,48.1,6678.8,6838.6,6762.5
Tamil Nadu,Dindigul,Chinnalapatti(Uzhavar Sandhai ),Onion,Bellary,Local,12/07/2026,2026,7,12,Monsoon,95.2,36.1,63.0,8092.4,8352.8,8208.4
Tamil Nadu,Dindigul,Chinnalapatti(Uzhavar Sandhai ),Onion,Bellary,Local,12/10/2025,2025,10,12,Post-Monsoon,22.6,29.4,46.6,6089.0,6364.7,6210.2
Tamil Nadu,Dindigul,Chinnalapatti(Uzhavar Sandhai ),Onion,Bellary,Local,13/09/2026,2026,9,13,Monsoon,119.0,30.0,69.7,8720.7,9065.3,8918.4
Tamil Nadu,Dindigul,Chinnalapatti(Uzhavar Sandhai ),Onion,Bellary,Local,14/06/2026,2026,6,14,Monsoon,107.8,34.4,62.9,8078.2,8295.6,8184.5
Tamil Nadu,Dindigul,Chinnalapatti(Uzhavar Sandhai ),Onion,Bellary,Local,14/12/2025,2025,12,14,Winter,17.9,20.5,44.9,5348.5,5530.3,5450.1
Tamil Nadu,Dindigul,Chinnalapatti(Uzhavar Sandhai ),Onion,Bellary,Local,15/02/2026,2026,2,15,Winter,10.9,20.1,43.0,5214.8,5612.1,5437.0
Tamil Nadu,Dindigul,Chinnalapatti(Uzhavar Sandhai ),Onion,Bellary,Local,15/03/2026,2026,3,15,Summer,15.5,21.8,51.5,7052.8,7307.9,7208.8
Tamil Nadu,Dindigul,Chinnalapatti(Uzhavar Sandhai ),Onion,Bellary,Local,16/08/2026,2026,8,16,Monsoon,105.3,34.2,61.0,8320.9,8534.2,8400.2
Tamil Nadu,Dindigul,Chinnalapatti(Uzhavar Sandhai ),Onion,Bellary,Local,16/11/2025,2025,11,16,Post-Monsoon,43.6,26.2,62.1,6021.5,6320.8,6187.3
Tamil Nadu,Dindigul,Chinnalapatti(Uzhavar Sandhai ),Onion,Bellary,Local,17/05/2026,2026,5,17,Summer,4.8,30.6,48.2,6656.9,6881.0,6765.9
Tamil Nadu,Dindigul,Chinnalapatti(Uzhavar Sandhai ),Onion,Bellary,Local,18/01/2026,2026,1,18,Winter,9.7,16.8,48.2,5742.7,5886.4,5817.3
Tamil Nadu,Dindigul,Chinnalapatti(Uzhavar Sandhai ),Onion,Bellary,Local,19/04/2026,2026,4,19,Summer,2.6,27.3,39.9,6213.3,6571.5,6396.6
Tamil Nadu,Dindigul,Chinnalapatti(Uzhavar Sandhai ),Onion,Bellary,Local,19/07/2026,2026,7,19,Monsoon,155.4,35.8,67.5,8344.7,8649.8,8485.1
Tamil Nadu,Dindigul,Chinnalapatti(Uzhavar Sandhai ),Onion,Bellary,Local,19/10/2025,2025,10,19,Post-Monsoon,61.1,25.3,48.6,6013.7,6325.0,6194.5
Tamil Nadu,Dindigul,Chinnalapatti(Uzhavar Sandhai ),Onion,Bellary,Local,20/09/2026,2026,9,20,Monsoon,129.9,31.7,62.5,8961.4,9191.9,9088.6
Tamil Nadu,Dindigul,Chinnalapatti(Uzhavar Sandhai ),Onion,Bellary,Local,21/06/2026,2026,6,21,Monsoon,134.7,34.2,70.5,8521.7,8771.1,8634.1
Tamil Nadu,Dindigul,Chinnalapatti(Uzhavar Sandhai ),Onion,Bellary,Local,21/12/2025,2025,12,21,Winter,15.2,21.4,46.5,5050.5,5297.7,5161.6
Tamil Nadu,Dindigul,Chinnalapatti(Uzhavar Sandhai ),Onion,Bellary,Local,22/02/2026,2026,2,22,Winter,15.5,19.5,48.8,5832.3,5939.9,5888.2
Tamil Nadu,Dindigul,Chinnalapatti(Uzhavar Sandhai ),Onion,Bellary,Local,22/03/2026,2026,3,22,Summer,7.1,23.9,41.3,6425.5,6570.7,6491.5
Tamil Nadu,Dindigul,Chinnalapatti(Uzhavar Sandhai ),Onion,Bellary,Local,23/08/2026,2026,8,23,Monsoon,178.5,33.1,74.7,8691.4,8834.4,8749.6
Tamil Nadu,Dindigul,Chinnalapatti(Uzhavar Sandhai ),Onion,Bellary,Local,23/11/2025,2025,11,23,Post-Monsoon,44.8,24.0,45.5,6261.5,6612.3,6446.1
Tamil Nadu,Dindigul,Chinnalapatti(Uzhavar Sandhai ),Onion,Bellary,Local,24/05/2026,2026,5,24,Summer,7.2,31.5,46.3,6434.1,6642.3,6543.2
Tamil Nadu,Dindigul,Chinnalapatti(Uzhavar Sandhai ),Onion,Bellary,Local,25/01/2026,2026,1,25,Winter,3.9,20.9,46.7,5113.9,5368.6,5235.9
Tamil Nadu,Dindigul,Chinnalapatti(Uzhavar Sandhai ),Onion,Bellary,Local,26/04/2026,2026,4,26,Summer,10.6,27.5,45.0,6301.6,6578.2,6446.4
Tamil Nadu,Dindigul,Chinnalapatti(Uzhavar Sandhai ),Onion,Bellary,Local,26/07/2026,2026,7,26,Monsoon,243.4,33.4,85.0,8997.1,9149.5,9085.2
Tamil Nadu,Dindigul,Chinnalapatti(Uzhavar Sandhai ),Onion,Bellary,Local,26/10/2025,2025,10,26,Post-Monsoon,43.5,25.8,51.8,5637.2,5770.8,5716.5
Tamil Nadu,Dindigul,Chinnalapatti(Uzhavar Sandhai ),Onion,Bellary,Local,28/06/2026,2026,6,28,Monsoon,95.3,34.7,63.1,8019.6,8274.0,8167.7
Tamil Nadu,Dindigul,Chinnalapatti(Uzhavar Sandhai ),Onion,Bellary,Local,28/12/2025,2025,12,28,Winter,1.9,20.7,41.0,5739.2,5884.2,5811.1
Tamil Nadu,Dindigul,Chinnalapatti(Uzhavar Sandhai ),Onion,Bellary,Local,29/03/2026,2026,3,29,Summer,9.9,24.2,49.3,6557.8,6873.9,6725.8
Tamil Nadu,Dindigul,Chinnalapatti(Uzhavar Sandhai ),Onion,Bellary,Local,30/08/2026,2026,8,30,Monsoon,200.6,33.5,76.7,8760.2,8964.7,8850.7
Tamil Nadu,Dindigul,Chinnalapatti(Uzhavar Sandhai ),Onion,Bellary,Local,30/11/2025,2025,11,30,Post-Monsoon,78.3,22.8,58.6,6369.4,6519.0,6429.2
Tamil Nadu,Dindigul,Chinnalapatti(Uzhavar Sandhai ),Onion,Bellary,Local,31/05/2026,2026,5,31,Summer,9.6,32.9,51.4,5725.6,6099.4,5912.4
Tamil Nadu,Dindigul,Dindigul(Uzhavar Sandhai ),Onion,Bellary,Local,01/02/2026,2026,2,1,Winter,18.7,17.0,51.4,5779.8,6046.4,5922.2
Tamil Nadu,Dindigul,Dindigul(Uzhavar Sandhai ),Onion,Bellary,Local,01/03/2026,2026,3,1,Summer,6.2,24.2,43.8,6283.2,6609.5,6442.7
Tamil Nadu,Dindigul,Dindigul(Uzhavar Sandhai ),Onion,Bellary,Local,02/08/2026,2026,8,2,Monsoon,150.2,34.0,64.5,8373.3,8703.9,8528.6
Tamil Nadu,Dindigul,Dindigul(Uzhavar Sandhai ),Onion,Bellary,Local,02/11/2025,2025,11,2,Post-Monsoon,57.0,21.6,53.6,6027.0,6316.9,6179.0
Tamil Nadu,Dindigul,Dindigul(Uzhavar Sandhai ),Onion,Bellary,Local,03/05/2026,2026,5,3,Summer,7.6,33.2,43.7,6739.3,7015.3,6888.5
Tamil Nadu,Dindigul,Dindigul(Uzhavar Sandhai ),Onion,Bellary,Local,04/01/2026,2026,1,4,Winter,16.4,18.8,46.0,5779.1,5940.1,5861.7
Tamil Nadu,Dindigul,Dindigul(Uzhavar Sandhai ),Onion,Bellary,Local,05/04/2026,2026,4,5,Summer,12.9,28.0,48.9,6786.1,7088.9,6936.7
Tamil Nadu,Dindigul,Dindigul(Uzhavar Sandhai ),Onion,Bellary,Local,05/07/2026,2026,7,5,Monsoon,231.0,36.7,81.8,9624.0,9767.5,9694.4
Tamil Nadu,Dindigul,Dindigul(Uzhavar Sandhai ),Onion,Bellary,Local,05/10/2025,2025,10,5,Post-Monsoon,59.4,26.2,55.9,6098.2,6424.0,6254.9
Tamil Nadu,Dindigul,Dindigul(Uzhavar Sandhai ),Onion,Bellary,Local,06/09/2026,2026,9,6,Monsoon,90.5,30.8,58.2,8188.7,8573.7,8381.6
Tamil Nadu,Dindigul,Dindigul(Uzhavar Sandhai ),Onion,Bellary,Local,07/06/2026,2026,6,7,Monsoon,178.2,33.4,72.6,8501.5,8709.0,8603.6
Tamil Nadu,Dindigul,Dindigul(Uzhavar Sandhai ),Onion,Bellary,Local,07/12/2025,2025,12,7,Winter,1.1,20.1,43.4,5558.8,5729.7,5636.4
Tamil Nadu,Dindigul,Dindigul(Uzhavar Sandhai ),Onion,Bellary,Local,08/02/2026,2026,2,8,Winter,5.7,21.2,50.1,5882.4,6176.7,6062.7
Tamil Nadu,Dindigul,Dindigul(Uzhavar Sandhai ),Onion,Bellary,Local,08/03/2026,2026,3,8,Summer,8.6,25.2,43.4,6326.8,6527.2,6430.0
Tamil Nadu,Dindigul,Dindigul(Uzhavar Sandhai ),Onion,Bellary,Local,09/08/2026,2026,8,9,Monsoon,184.4,35.7,80.7,8920.0,9128.9,9044.8
Tamil Nadu,Dindigul,Dindigul(Uzhavar Sandhai ),Onion,Bellary,Local,09/11/2025,2025,11,9,Post-Monsoon,56.8,23.5,55.2,6377.0,6536.2,6452.5
Tamil Nadu,Dindigul,Dindigul(Uzhavar Sandhai ),Onion,Bellary,Local,10/05/2026,2026,5,10,Summer,12.8,29.6,48.6,5938.7,6247.2,6069.0
Tamil Nadu,Dindigul,Dindigul(Uzhavar Sandhai ),Onion,Bellary,Local,11/01/2026,2026,1,11,Winter,10.3,19.0,43.7,5533.7,5676.2,5625.9
Tamil Nadu,Dindigul,Dindigul(Uzhavar Sandhai ),Onion,Bellary,Local,12/04/2026,2026,4,12,Summer,3.8,28.2,44.0,6723.4,6974.3,6829.8
Tamil Nadu,Dindigul,Dindigul(Uzhavar Sandhai ),Onion,Bellary,Local,12/07/2026,2026,7,12,Monsoon,243.2,37.9,86.6,9341.5,9548.6,9453.4
Tamil Nadu,Dindigul,Dindigul(Uzhavar Sandhai ),Onion,Bellary,Local,12/10/2025,2025,10,12,Post-Monsoon,39.0,28.2,47.4,6379.1,6511.1,6445.8
Tamil Nadu,Dindigul,Dindigul(Uzhavar Sandhai ),Onion,Bellary,Local,13/09/2026,2026,9,13,Monsoon,81.1,29.7,62.0,8009.7,8299.1,8125.2
Tamil Nadu,Dindigul,Dindigul(Uzhavar Sandhai ),Onion,Bellary,Local,14/06/2026,2026,6,14,Monsoon,166.8,32.2,73.1,8202.2,8499.3,8368.9
Tamil Nadu,Dindigul,Dindigul(Uzhavar Sandhai ),Onion,Bellary,Local,14/12/2025,2025,12,14,Winter,7.8,21.5,48.0,5486.2,5746.2,5608.7
Tamil Nadu,Dindigul,Dindigul(Uzhavar Sandhai ),Onion,Bellary,Local,15/02/2026,2026,2,15,Winter,7.3,21.6,47.0,5194.4,5336.7,5281.8
Tamil Nadu,Dindigul,Dindigul(Uzhavar Sandhai ),Onion,Bellary,Local,15/03/2026,2026,3,15,Summer,14.1,24.2,44.2,6548.8,6728.6,6658.1
Tamil Nadu,Dindigul,Dindigul(Uzhavar Sandhai ),Onion,Bellary,Local,16/08/2026,2026,8,16,Monsoon,95.4,34.6,63.1,8043.5,8308.5,8200.0
Tamil Nadu,Dindigul,Dindigul(Uzhavar Sandhai ),Onion,Bellary,Local,16/11/2025,2025,11,16,Post-Monsoon,76.5,25.1,58.2,6025.8,6194.7,6124.9
Tamil Nadu,Dindigul,Dindigul(Uzhavar Sandhai ),Onion,Bellary,Local,17/05/2026,2026,5,17,Summer,8.0,32.0,45.2,6567.4,6716.5,6646.0
Tamil Nadu,Dindigul,Dindigul(Uzhavar Sandhai ),Onion,Bellary,Local,18/01/2026,2026,1,18,Winter,18.8,17.3,49.2,5737.6,6057.5,5862.7
Tamil Nadu,Dindigul,Dindigul(Uzhavar Sandhai ),Onion,Bellary,Local,19/04/2026,2026,4,19,Summer,19.5,27.7,51.8,6495.9,6662.2,6577.3
Tamil Nadu,Dindigul,Dindigul(Uzhavar Sandhai ),Onion,Bellary,Local,19/07/2026,2026,7,19,Monsoon,202.6,37.2,76.6,9308.5,9546.1,9421.1
Tamil Nadu,Dindigul,Dindigul(Uzhavar Sandhai ),Onion,Bellary,Local,19/10/2025,2025,10,19,Post-Monsoon,38.4,25.8,53.1,6127.2,6483.2,6305.6
Tamil Nadu,Dindigul,Dindigul(Uzhavar Sandhai ),Onion,Bellary,Local,20/09/2026,2026,9,20,Monsoon,243.9,29.7,82.0,8929.5,9323.2,9142.7
Tamil Nadu,Dindigul,Dindigul(Uzhavar Sandhai ),Onion,Bellary,Local,21/06/2026,2026,6,21,Monsoon,211.5,32.9,85.5,8897.9,9138.7,9019.5
Tamil Nadu,Dindigul,Dindigul(Uzhavar Sandhai ),Onion,Bellary,Local,21/12/2025,2025,12,21,Winter,16.7,19.6,48.7,5370.5,5615.4,5492.8
Tamil Nadu,Dindigul,Dindigul(Uzhavar Sandhai ),Onion,Bellary,Local,22/02/2026,2026,2,22,Winter,5.4,20.9,46.5,5864.0,6156.7,5991.6
Tamil Nadu,Dindigul,Dindigul(Uzhavar Sandhai ),Onion,Bellary,Local,22/03/2026,2026,3,22,Summer,1.0,24.4,48.6,6452.3,6761.9,6584.1
Tamil Nadu,Dindigul,Dindigul(Uzhavar Sandhai ),Onion,Bellary,Local,23/08/2026,2026,8,23,Monsoon,157.1,36.0,68.7,8505.8,8930.3,8720.3
Tamil Nadu,Dindigul,Dindigul(Uzhavar Sandhai ),Onion,Bellary,Local,23/11/2025,2025,11,23,Post-Monsoon,34.7,24.5,54.1,6121.2,6395.8,6288.4
Tamil Nadu,Dindigul,Dindigul(Uzhavar Sandhai ),Onion,Bellary,Local,24/05/2026,2026,5,24,Summer,12.8,29.2,48.6,6466.9,6700.8,6573.8
Tamil Nadu,Dindigul,Dindigul(Uzhavar Sandhai ),Onion,Bellary,Local,25/01/2026,2026,1,25,Winter,17.0,19.3,44.7,5266.4,5564.9,5440.9
Tamil Nadu,Dindigul,Dindigul(Uzhavar Sandhai ),Onion,Bellary,Local,26/04/2026,2026,4,26,Summer,18.9,31.2,53.5,6087.9,6404.2,6261.3
Tamil Nadu,Dindigul,Dindigul(Uzhavar Sandhai ),Onion,Bellary,Local,26/07/2026,2026,7,26,Monsoon,115.5,34.9,68.3,8077.4,8314.5,8187.7
Tamil Nadu,Dindigul,Dindigul(Uzhavar Sandhai ),Onion,Bellary,Local,26/10/2025,2025,10,26,Post-Monsoon,23.8,26.6,49.1,6123.6,6428.9,6269.2
Tamil Nadu,Dindigul,Dindigul(Uzhavar Sandhai ),Onion,Bellary,Local,28/06/2026,2026,6,28,Monsoon,151.6,32.9,68.6,8280.7,8579.0,8408.5
Tamil Nadu,Dindigul,Dindigul(Uzhavar Sandhai ),Onion,Bellary,Local,28/12/2025,2025,12,28,Winter,11.1,19.0,45.9,5475.5,5737.4,5590.9
Tamil Nadu,Dindigul,Dindigul(Uzhavar Sandhai ),Onion,Bellary,Local,29/03/2026,2026,3,29,Summer,11.3,26.8,46.6,6394.6,6741.7,6547.2
Tamil Nadu,Dindigul,Dindigul(Uzhavar Sandhai ),Onion,Bellary,Local,30/08/2026,2026,8,30,Monsoon,143.7,32.2,69.1,8204.2,8467.0,8320.0
Tamil Nadu,Dindigul,Dindigul(Uzhavar Sandhai ),Onion,Bellary,Local,30/11/2025,2025,11,30,Post-Monsoon,35.1,24.6,52.0,5906.9,6202.9,6080.6
Tamil Nadu,Dindigul,Dindigul(Uzhavar Sandhai ),Onion,Bellary,Local,31/05/2026,2026,5,31,Summer,8.0,31.4,47.8,6224.7,6555.8,6395.6
Tamil Nadu,Erode,Perundurai(Uzhavar Sandhai ),Onion,Bellary,Local,01/02/2026,2026,2,1,Winter,19.1,18.3,45.1,5737.5,5964.1,5823.0
Tamil Nadu,Erode,Perundurai(Uzhavar Sandhai ),Onion,Bellary,Local,01/03/2026,2026,3,1,Summer,13.7,21.6,45.2,6600.9,6990.0,6804.6
Tamil Nadu,Erode,Perundurai(Uzhavar Sandhai ),Onion,Bellary,Local,02/08/2026,2026,8,2,Monsoon,107.2,34.8,54.3,8298.7,8667.7,8533.2
Tamil Nadu,Erode,Perundurai(Uzhavar Sandhai ),Onion,Bellary,Local,02/11/2025,2025,11,2,Post-Monsoon,64.8,24.9,58.6,6273.4,6592.8,6397.5
Tamil Nadu,Erode,Perundurai(Uzhavar Sandhai ),Onion,Bellary,Local,03/05/2026,2026,5,3,Summer,9.2,31.3,43.8,6809.0,7130.4,6974.9
Tamil Nadu,Erode,Perundurai(Uzhavar Sandhai ),Onion,Bellary,Local,04/01/2026,2026,1,4,Winter,16.5,19.7,49.5,5412.0,5593.0,5478.6
Tamil Nadu,Erode,Perundurai(Uzhavar Sandhai ),Onion,Bellary,Local,05/04/2026,2026,4,5,Summer,3.5,25.7,50.7,6893.3,7212.9,7047.6
Tamil Nadu,Erode,Perundurai(Uzhavar Sandhai ),Onion,Bellary,Local,05/07/2026,2026,7,5,Monsoon,222.8,37.5,79.4,9361.8,9487.3,9425.3
Tamil Nadu,Erode,Perundurai(Uzhavar Sandhai ),Onion,Bellary,Local,05/10/2025,2025,10,5,Post-Monsoon,44.0,25.4,49.2,6178.6,6466.6,6302.7
Tamil Nadu,Erode,Perundurai(Uzhavar Sandhai ),Onion,Bellary,Local,06/09/2026,2026,9,6,Monsoon,105.4,29.1,61.7,7656.7,7987.3,7825.7
Tamil Nadu,Erode,Perundurai(Uzhavar Sandhai ),Onion,Bellary,Local,07/06/2026,2026,6,7,Monsoon,199.5,35.6,84.1,9301.1,9637.0,9438.9
Tamil Nadu,Erode,Perundurai(Uzhavar Sandhai ),Onion,Bellary,Local,07/12/2025,2025,12,7,Winter,4.4,19.1,45.4,5941.0,6095.2,5999.8
Tamil Nadu,Erode,Perundurai(Uzhavar Sandhai ),Onion,Bellary,Local,08/02/2026,2026,2,8,Winter,10.0,20.6,46.3,5663.7,5986.5,5845.8
Tamil Nadu,Erode,Perundurai(Uzhavar Sandhai ),Onion,Bellary,Local,08/03/2026,2026,3,8,Summer,18.2,22.2,43.1,6523.8,6746.2,6657.9
Tamil Nadu,Erode,Perundurai(Uzhavar Sandhai ),Onion,Bellary,Local,09/08/2026,2026,8,9,Monsoon,234.5,33.0,79.5,8618.3,8961.3,8763.3
Tamil Nadu,Erode,Perundurai(Uzhavar Sandhai ),Onion,Bellary,Local,09/11/2025,2025,11,9,Post-Monsoon,46.8,24.0,53.7,6012.8,6187.8,6097.7
Tamil Nadu,Erode,Perundurai(Uzhavar Sandhai ),Onion,Bellary,Local,10/05/2026,2026,5,10,Summer,9.8,31.9,41.4,6546.1,6705.3,6621.0
Tamil Nadu,Erode,Perundurai(Uzhavar Sandhai ),Onion,Bellary,Local,11/01/2026,2026,1,11,Winter,3.3,18.3,44.5,5730.9,5922.3,5830.8
Tamil Nadu,Erode,Perundurai(Uzhavar Sandhai ),Onion,Bellary,Local,12/04/2026,2026,4,12,Summer,9.2,25.3,48.7,6382.6,6550.7,6471.1
Tamil Nadu,Erode,Perundurai(Uzhavar Sandhai ),Onion,Bellary,Local,12/07/2026,2026,7,12,Monsoon,120.4,34.8,59.5,8482.7,8749.3,8611.2
Tamil Nadu,Erode,Perundurai(Uzhavar Sandhai ),Onion,Bellary,Local,12/10/2025,2025,10,12,Post-Monsoon,60.6,28.2,54.0,6375.8,6578.5,6506.8
Tamil Nadu,Erode,Perundurai(Uzhavar Sandhai ),Onion,Bellary,Local,13/09/2026,2026,9,13,Monsoon,220.3,31.8,75.0,8973.8,9299.6,9153.0
Tamil Nadu,Erode,Perundurai(Uzhavar Sandhai ),Onion,Bellary,Local,14/06/2026,2026,6,14,Monsoon,158.0,35.3,67.0,8818.2,9138.4,8991.4
Tamil Nadu,Erode,Perundurai(Uzhavar Sandhai ),Onion,Bellary,Local,14/12/2025,2025,12,14,Winter,12.1,20.9,44.2,5462.3,5668.2,5574.5
Tamil Nadu,Erode,Perundurai(Uzhavar Sandhai ),Onion,Bellary,Local,15/02/2026,2026,2,15,Winter,16.4,18.7,48.7,5793.0,5981.7,5872.8
Tamil Nadu,Erode,Perundurai(Uzhavar Sandhai ),Onion,Bellary,Local,15/03/2026,2026,3,15,Summer,0.6,21.7,41.2,6309.1,6614.3,6479.2
Tamil Nadu,Erode,Perundurai(Uzhavar Sandhai ),Onion,Bellary,Local,16/08/2026,2026,8,16,Monsoon,249.0,32.5,83.5,9584.8,9911.4,9735.7
Tamil Nadu,Erode,Perundurai(Uzhavar Sandhai ),Onion,Bellary,Local,16/11/2025,2025,11,16,Post-Monsoon,22.1,23.3,46.1,5865.2,6156.4,6031.6
Tamil Nadu,Erode,Perundurai(Uzhavar Sandhai ),Onion,Bellary,Local,17/05/2026,2026,5,17,Summer,7.9,28.9,43.7,6699.4,6905.7,6813.9
Tamil Nadu,Erode,Perundurai(Uzhavar Sandhai ),Onion,Bellary,Local,18/01/2026,2026,1,18,Winter,6.7,18.9,51.0,5984.4,6193.4,6117.6
Tamil Nadu,Erode,Perundurai(Uzhavar Sandhai ),Onion,Bellary,Local,19/04/2026,2026,4,19,Summer,4.8,28.9,45.7,6237.7,6387.0,6323.1
Tamil Nadu,Erode,Perundurai(Uzhavar Sandhai ),Onion,Bellary,Local,19/07/2026,2026,7,19,Monsoon,148.7,32.2,67.9,8219.0,8476.9,8360.8
Tamil Nadu,Erode,Perundurai(Uzhavar Sandhai ),Onion,Bellary,Local,19/10/2025,2025,10,19,Post-Monsoon,48.8,25.3,52.4,6511.5,6735.7,6606.5
Tamil Nadu,Erode,Perundurai(Uzhavar Sandhai ),Onion,Bellary,Local,20/09/2026,2026,9,20,Monsoon,187.0,31.0,77.2,8287.8,8476.9,8380.3
Tamil Nadu,Erode,Perundurai(Uzhavar Sandhai ),Onion,Bellary,Local,21/06/2026,2026,6,21,Monsoon,170.0,34.6,68.1,8331.5,8612.1,8474.7
Tamil Nadu,Erode,Perundurai(Uzhavar Sandhai ),Onion,Bellary,Local,21/12/2025,2025,12,21,Winter,8.0,21.6,45.5,5934.5,6147.5,6037.5
Tamil Nadu,Erode,Perundurai(Uzhavar Sandhai ),Onion,Bellary,Local,22/02/2026,2026,2,22,Winter,9.7,18.9,47.5,5495.1,5687.5,5599.4
Tamil Nadu,Erode,Perundurai(Uzhavar Sandhai ),Onion,Bellary,Local,22/03/2026,2026,3,22,Summer,0.9,23.8,42.3,6566.4,6730.9,6659.6
Tamil Nadu,Erode,Perundurai(Uzhavar Sandhai ),Onion,Bellary,Local,23/08/2026,2026,8,23,Monsoon,106.0,35.8,63.9,8132.7,8344.3,8238.5
Tamil Nadu,Erode,Perundurai(Uzhavar Sandhai ),Onion,Bellary,Local,23/11/2025,2025,11,23,Post-Monsoon,59.3,24.6,58.4,5826.2,6013.5,5947.5
Tamil Nadu,Erode,Perundurai(Uzhavar Sandhai ),Onion,Bellary,Local,24/05/2026,2026,5,24,Summer,16.0,29.8,46.6,6403.9,6697.4,6587.7
Tamil Nadu,Erode,Perundurai(Uzhavar Sandhai ),Onion,Bellary,Local,25/01/2026,2026,1,25,Winter,1.7,19.6,49.1,5961.2,6132.5,6052.5
Tamil Nadu,Erode,Perundurai(Uzhavar Sandhai ),Onion,Bellary,Local,26/04/2026,2026,4,26,Summer,18.6,26.8,44.7,7097.3,7391.0,7224.6
Tamil Nadu,Erode,Perundurai(Uzhavar Sandhai ),Onion,Bellary,Local,26/07/2026,2026,7,26,Monsoon,210.4,34.5,77.2,8513.8,8879.0,8703.4
Tamil Nadu,Erode,Perundurai(Uzhavar Sandhai ),Onion,Bellary,Local,26/10/2025,2025,10,26,Post-Monsoon,79.3,25.9,59.3,6310.3,6747.0,6518.3
Tamil Nadu,Erode,Perundurai(Uzhavar Sandhai ),Onion,Bellary,Local,28/06/2026,2026,6,28,Monsoon,242.3,32.5,79.4,9629.2,9745.0,9688.4
Tamil Nadu,Erode,Perundurai(Uzhavar Sandhai ),Onion,Bellary,Local,28/12/2025,2025,12,28,Winter,6.4,19.1,46.5,5418.3,5716.5,5552.4
Tamil Nadu,Erode,Perundurai(Uzhavar Sandhai ),Onion,Bellary,Local,29/03/2026,2026,3,29,Summer,19.3,23.4,43.4,6603.3,6972.4,6750.1
Tamil Nadu,Erode,Perundurai(Uzhavar Sandhai ),Onion,Bellary,Local,30/08/2026,2026,8,30,Monsoon,109.9,33.2,62.7,7692.7,7975.3,7804.5
Tamil Nadu,Erode,Perundurai(Uzhavar Sandhai ),Onion,Bellary,Local,30/11/2025,2025,11,30,Post-Monsoon,50.3,24.1,48.4,5720.5,5909.6,5795.9
Tamil Nadu,Erode,Perundurai(Uzhavar Sandhai ),Onion,Bellary,Local,31/05/2026,2026,5,31,Summer,1.5,31.2,45.0,6239.9,6547.7,6422.7
Tamil Nadu,Erode,Sampath Nagar(Uzhavar Sandhai ),Onion,Bellary,Local,01/02/2026,2026,2,1,Winter,6.5,23.5,45.6,5547.9,5791.8,5674.3
Tamil Nadu,Erode,Sampath Nagar(Uzhavar Sandhai ),Onion,Bellary,Local,01/03/2026,2026,3,1,Summer,10.2,21.6,54.3,7623.2,7770.7,7681.6
Tamil Nadu,Erode,Sampath Nagar(Uzhavar Sandhai ),Onion,Bellary,Local,02/08/2026,2026,8,2,Monsoon,134.8,34.0,66.6,10130.6,10305.1,10205.4
Tamil Nadu,Erode,Sampath Nagar(Uzhavar Sandhai ),Onion,Bellary,Local,02/11/2025,2025,11,2,Post-Monsoon,35.0,24.5,51.2,6493.8,6694.0,6576.5
Tamil Nadu,Erode,Sampath Nagar(Uzhavar Sandhai ),Onion,Bellary,Local,03/05/2026,2026,5,3,Summer,10.6,30.2,45.5,6962.7,7232.3,7132.4
Tamil Nadu,Erode,Sampath Nagar(Uzhavar Sandhai ),Onion,Bellary,Local,04/01/2026,2026,1,4,Winter,11.4,19.2,47.1,6161.7,6417.3,6305.4
Tamil Nadu,Erode,Sampath Nagar(Uzhavar Sandhai ),Onion,Bellary,Local,05/04/2026,2026,4,5,Summer,6.6,27.1,51.3,7385.3,7543.8,7450.6
Tamil Nadu,Erode,Sampath Nagar(Uzhavar Sandhai ),Onion,Bellary,Local,05/07/2026,2026,7,5,Monsoon,161.5,34.5,66.6,9312.0,9650.9,9433.6
Tamil Nadu,Erode,Sampath Nagar(Uzhavar Sandhai ),Onion,Bellary,Local,05/10/2025,2025,10,5,Post-Monsoon,73.0,25.3,51.8,6694.7,6867.8,6784.6
Tamil Nadu,Erode,Sampath Nagar(Uzhavar Sandhai ),Onion,Bellary,Local,06/09/2026,2026,9,6,Monsoon,182.2,30.0,72.9,9695.7,9859.0,9771.9
Tamil Nadu,Erode,Sampath Nagar(Uzhavar Sandhai ),Onion,Bellary,Local,07/06/2026,2026,6,7,Monsoon,88.4,33.0,56.4,9267.2,9397.3,9329.1
Tamil Nadu,Erode,Sampath Nagar(Uzhavar Sandhai ),Onion,Bellary,Local,07/12/2025,2025,12,7,Winter,7.4,20.1,49.6,6210.7,6359.0,6286.9
Tamil Nadu,Erode,Sampath Nagar(Uzhavar Sandhai ),Onion,Bellary,Local,08/02/2026,2026,2,8,Winter,13.7,18.5,51.3,5987.6,6118.9,6057.0
Tamil Nadu,Erode,Sampath Nagar(Uzhavar Sandhai ),Onion,Bellary,Local,08/03/2026,2026,3,8,Summer,2.6,21.8,45.7,6774.3,7216.1,6987.1
Tamil Nadu,Erode,Sampath Nagar(Uzhavar Sandhai ),Onion,Bellary,Local,09/08/2026,2026,8,9,Monsoon,103.0,38.3,62.2,9099.5,9306.0,9217.9
Tamil Nadu,Erode,Sampath Nagar(Uzhavar Sandhai ),Onion,Bellary,Local,09/11/2025,2025,11,9,Post-Monsoon,60.8,24.0,54.6,6965.8,7108.2,7042.7
Tamil Nadu,Erode,Sampath Nagar(Uzhavar Sandhai ),Onion,Bellary,Local,10/05/2026,2026,5,10,Summer,14.1,28.4,45.7,7071.3,7295.4,7199.4
Tamil Nadu,Erode,Sampath Nagar(Uzhavar Sandhai ),Onion,Bellary,Local,11/01/2026,2026,1,11,Winter,14.2,16.7,44.5,6091.1,6205.2,6150.4
Tamil Nadu,Erode,Sampath Nagar(Uzhavar Sandhai ),Onion,Bellary,Local,12/04/2026,2026,4,12,Summer,12.7,25.2,44.7,7033.5,7182.2,7101.0
Tamil Nadu,Erode,Sampath Nagar(Uzhavar Sandhai ),Onion,Bellary,Local,12/07/2026,2026,7,12,Monsoon,225.6,34.5,81.6,10009.5,10126.1,10068.2
Tamil Nadu,Erode,Sampath Nagar(Uzhavar Sandhai ),Onion,Bellary,Local,12/10/2025,2025,10,12,Post-Monsoon,56.9,27.6,55.5,6685.6,6951.0,6780.8
Tamil Nadu,Erode,Sampath Nagar(Uzhavar Sandhai ),Onion,Bellary,Local,13/09/2026,2026,9,13,Monsoon,110.0,29.5,61.2,8815.8,9086.0,8964.3
Tamil Nadu,Erode,Sampath Nagar(Uzhavar Sandhai ),Onion,Bellary,Local,14/06/2026,2026,6,14,Monsoon,111.2,34.5,58.8,9951.7,10149.2,10056.0
Tamil Nadu,Erode,Sampath Nagar(Uzhavar Sandhai ),Onion,Bellary,Local,14/12/2025,2025,12,14,Winter,4.8,18.2,47.9,6133.9,6455.2,6273.1
Tamil Nadu,Erode,Sampath Nagar(Uzhavar Sandhai ),Onion,Bellary,Local,15/02/2026,2026,2,15,Winter,14.8,19.7,42.8,5930.8,6244.1,6079.3
Tamil Nadu,Erode,Sampath Nagar(Uzhavar Sandhai ),Onion,Bellary,Local,15/03/2026,2026,3,15,Summer,15.1,24.0,47.1,6559.7,6853.1,6702.3
Tamil Nadu,Erode,Sampath Nagar(Uzhavar Sandhai ),Onion,Bellary,Local,16/08/2026,2026,8,16,Monsoon,117.0,32.7,59.2,8935.0,9179.2,9032.9
Tamil Nadu,Erode,Sampath Nagar(Uzhavar Sandhai ),Onion,Bellary,Local,16/11/2025,2025,11,16,Post-Monsoon,38.3,23.5,51.5,6977.5,7242.3,7138.4
Tamil Nadu,Erode,Sampath Nagar(Uzhavar Sandhai ),Onion,Bellary,Local,17/05/2026,2026,5,17,Summer,11.9,32.7,44.5,7088.2,7287.2,7178.8
Tamil Nadu,Erode,Sampath Nagar(Uzhavar Sandhai ),Onion,Bellary,Local,18/01/2026,2026,1,18,Winter,10.7,17.8,47.8,6465.5,6642.5,6544.2
Tamil Nadu,Erode,Sampath Nagar(Uzhavar Sandhai ),Onion,Bellary,Local,19/04/2026,2026,4,19,Summer,12.1,25.0,47.5,6728.1,6978.2,6833.0
Tamil Nadu,Erode,Sampath Nagar(Uzhavar Sandhai ),Onion,Bellary,Local,19/07/2026,2026,7,19,Monsoon,98.9,36.4,59.3,8562.2,8797.4,8667.2
Tamil Nadu,Erode,Sampath Nagar(Uzhavar Sandhai ),Onion,Bellary,Local,19/10/2025,2025,10,19,Post-Monsoon,79.1,28.0,57.0,7256.0,7480.4,7374.0
Tamil Nadu,Erode,Sampath Nagar(Uzhavar Sandhai ),Onion,Bellary,Local,20/09/2026,2026,9,20,Monsoon,238.6,31.7,83.0,10315.0,10600.6,10424.1
Tamil Nadu,Erode,Sampath Nagar(Uzhavar Sandhai ),Onion,Bellary,Local,21/06/2026,2026,6,21,Monsoon,138.3,34.4,62.0,8728.3,8829.1,8781.2
Tamil Nadu,Erode,Sampath Nagar(Uzhavar Sandhai ),Onion,Bellary,Local,21/12/2025,2025,12,21,Winter,4.6,21.4,46.6,6105.9,6470.6,6277.4
Tamil Nadu,Erode,Sampath Nagar(Uzhavar Sandhai ),Onion,Bellary,Local,22/02/2026,2026,2,22,Winter,17.8,22.6,49.2,5873.0,6276.4,6072.2
Tamil Nadu,Erode,Sampath Nagar(Uzhavar Sandhai ),Onion,Bellary,Local,22/03/2026,2026,3,22,Summer,7.2,21.6,49.0,7079.2,7236.4,7165.8
Tamil Nadu,Erode,Sampath Nagar(Uzhavar Sandhai ),Onion,Bellary,Local,23/08/2026,2026,8,23,Monsoon,175.2,35.0,74.9,9371.4,9771.8,9556.9
Tamil Nadu,Erode,Sampath Nagar(Uzhavar Sandhai ),Onion,Bellary,Local,23/11/2025,2025,11,23,Post-Monsoon,50.1,20.7,54.9,6500.4,6763.5,6605.6
Tamil Nadu,Erode,Sampath Nagar(Uzhavar Sandhai ),Onion,Bellary,Local,24/05/2026,2026,5,24,Summer,15.6,31.2,46.5,7601.3,7839.6,7729.0
Tamil Nadu,Erode,Sampath Nagar(Uzhavar Sandhai ),Onion,Bellary,Local,25/01/2026,2026,1,25,Winter,0.3,21.5,44.3,6370.6,6710.8,6540.9
Tamil Nadu,Erode,Sampath Nagar(Uzhavar Sandhai ),Onion,Bellary,Local,26/04/2026,2026,4,26,Summer,10.1,26.6,45.0,6887.9,7125.5,7009.6
Tamil Nadu,Erode,Sampath Nagar(Uzhavar Sandhai ),Onion,Bellary,Local,26/07/2026,2026,7,26,Monsoon,130.2,33.8,66.0,9561.4,9847.2,9666.9
Tamil Nadu,Erode,Sampath Nagar(Uzhavar Sandhai ),Onion,Bellary,Local,26/10/2025,2025,10,26,Post-Monsoon,51.7,28.1,52.9,6411.7,6644.0,6534.7
Tamil Nadu,Erode,Sampath Nagar(Uzhavar Sandhai ),Onion,Bellary,Local,28/06/2026,2026,6,28,Monsoon,153.4,33.6,68.3,8764.3,8991.7,8871.5
Tamil Nadu,Erode,Sampath Nagar(Uzhavar Sandhai ),Onion,Bellary,Local,28/12/2025,2025,12,28,Winter,15.4,21.1,51.1,5684.9,5956.8,5823.3
Tamil Nadu,Erode,Sampath Nagar(Uzhavar Sandhai ),Onion,Bellary,Local,29/03/2026,2026,3,29,Summer,7.5,19.8,42.0,7065.7,7357.5,7215.7
Tamil Nadu,Erode,Sampath Nagar(Uzhavar Sandhai ),Onion,Bellary,Local,30/08/2026,2026,8,30,Monsoon,176.0,33.4,76.8,9324.0,9474.3,9400.5
Tamil Nadu,Erode,Sampath Nagar(Uzhavar Sandhai ),Onion,Bellary,Local,30/11/2025,2025,11,30,Post-Monsoon,45.4,21.7,55.6,6494.7,6764.8,6609.0
Tamil Nadu,Erode,Sampath Nagar(Uzhavar Sandhai ),Onion,Bellary,Local,31/05/2026,2026,5,31,Summer,3.0,28.3,46.1,6941.2,7167.0,7057.4
Tamil Nadu,Erode,Sathiyamagalam(Uzhavar Sandhai ),Onion,Bellary,Local,01/02/2026,2026,2,1,Winter,16.3,18.5,49.8,6205.2,6423.9,6291.4
Tamil Nadu,Erode,Sathiyamagalam(Uzhavar Sandhai ),Onion,Bellary,Local,01/03/2026,2026,3,1,Summer,12.3,21.0,44.3,7443.1,7832.5,7628.9
Tamil Nadu,Erode,Sathiyamagalam(Uzhavar Sandhai ),Onion,Bellary,Local,02/08/2026,2026,8,2,Monsoon,115.4,32.4,63.7,9897.2,10164.3,10045.7
Tamil Nadu,Erode,Sathiyamagalam(Uzhavar Sandhai ),Onion,Bellary,Local,02/11/2025,2025,11,2,Post-Monsoon,72.8,24.0,57.9,6709.3,6899.8,6805.1
Tamil Nadu,Erode,Sathiyamagalam(Uzhavar Sandhai ),Onion,Bellary,Local,03/05/2026,2026,5,3,Summer,2.1,30.2,41.6,7273.5,7606.5,7390.8
Tamil Nadu,Erode,Sathiyamagalam(Uzhavar Sandhai ),Onion,Bellary,Local,04/01/2026,2026,1,4,Winter,4.7,19.2,43.9,6308.5,6541.3,6423.3
Tamil Nadu,Erode,Sathiyamagalam(Uzhavar Sandhai ),Onion,Bellary,Local,05/04/2026,2026,4,5,Summer,6.4,29.3,46.4,7216.6,7562.8,7405.0
Tamil Nadu,Erode,Sathiyamagalam(Uzhavar Sandhai ),Onion,Bellary,Local,05/07/2026,2026,7,5,Monsoon,205.6,37.1,69.6,9716.4,10014.8,9902.4
Tamil Nadu,Erode,Sathiyamagalam(Uzhavar Sandhai ),Onion,Bellary,Local,05/10/2025,2025,10,5,Post-Monsoon,50.4,28.1,56.0,7114.7,7468.9,7250.8
Tamil Nadu,Erode,Sathiyamagalam(Uzhavar Sandhai ),Onion,Bellary,Local,06/09/2026,2026,9,6,Monsoon,105.1,31.7,63.2,9098.0,9413.1,9277.6
Tamil Nadu,Erode,Sathiyamagalam(Uzhavar Sandhai ),Onion,Bellary,Local,07/06/2026,2026,6,7,Monsoon,209.4,31.4,76.2,10335.2,10599.6,10472.1
Tamil Nadu,Erode,Sathiyamagalam(Uzhavar Sandhai ),Onion,Bellary,Local,07/12/2025,2025,12,7,Winter,11.5,19.5,43.9,6378.3,6611.1,6498.6
Tamil Nadu,Erode,Sathiyamagalam(Uzhavar Sandhai ),Onion,Bellary,Local,08/02/2026,2026,2,8,Winter,4.4,19.4,42.5,6134.1,6280.0,6193.5
Tamil Nadu,Erode,Sathiyamagalam(Uzhavar Sandhai ),Onion,Bellary,Local,08/03/2026,2026,3,8,Summer,8.1,24.0,46.5,7362.0,7523.0,7463.1
Tamil Nadu,Erode,Sathiyamagalam(Uzhavar Sandhai ),Onion,Bellary,Local,09/08/2026,2026,8,9,Monsoon,160.9,35.3,67.8,9897.9,10257.5,10059.9
Tamil Nadu,Erode,Sathiyamagalam(Uzhavar Sandhai ),Onion,Bellary,Local,09/11/2025,2025,11,9,Post-Monsoon,34.6,23.5,53.0,7060.1,7265.9,7140.8
Tamil Nadu,Erode,Sathiyamagalam(Uzhavar Sandhai ),Onion,Bellary,Local,10/05/2026,2026,5,10,Summer,11.2,32.2,43.2,7965.4,8195.0,8086.3
Tamil Nadu,Erode,Sathiyamagalam(Uzhavar Sandhai ),Onion,Bellary,Local,11/01/2026,2026,1,11,Winter,18.0,15.5,45.7,6650.1,6793.5,6718.0
Tamil Nadu,Erode,Sathiyamagalam(Uzhavar Sandhai ),Onion,Bellary,Local,12/04/2026,2026,4,12,Summer,3.0,28.8,43.4,7509.6,7830.0,7677.1
Tamil Nadu,Erode,Sathiyamagalam(Uzhavar Sandhai ),Onion,Bellary,Local,12/07/2026,2026,7,12,Monsoon,130.3,37.6,66.9,10123.8,10473.1,10292.0
Tamil Nadu,Erode,Sathiyamagalam(Uzhavar Sandhai ),Onion,Bellary,Local,12/10/2025,2025,10,12,Post-Monsoon,62.2,25.6,52.7,7410.0,7627.5,7536.9
Tamil Nadu,Erode,Sathiyamagalam(Uzhavar Sandhai ),Onion,Bellary,Local,13/09/2026,2026,9,13,Monsoon,150.3,31.6,66.6,9684.9,10117.7,9894.1
Tamil Nadu,Erode,Sathiyamagalam(Uzhavar Sandhai ),Onion,Bellary,Local,14/06/2026,2026,6,14,Monsoon,135.0,33.9,66.0,9845.7,10185.5,10038.7
Tamil Nadu,Erode,Sathiyamagalam(Uzhavar Sandhai ),Onion,Bellary,Local,14/12/2025,2025,12,14,Winter,2.4,20.7,42.3,6255.1,6477.6,6360.0
Tamil Nadu,Erode,Sathiyamagalam(Uzhavar Sandhai ),Onion,Bellary,Local,15/02/2026,2026,2,15,Winter,8.6,21.1,50.6,6262.1,6545.3,6445.7
Tamil Nadu,Erode,Sathiyamagalam(Uzhavar Sandhai ),Onion,Bellary,Local,15/03/2026,2026,3,15,Summer,1.6,21.7,45.7,6917.9,7144.5,6996.8
Tamil Nadu,Erode,Sathiyamagalam(Uzhavar Sandhai ),Onion,Bellary,Local,16/08/2026,2026,8,16,Monsoon,223.3,34.2,80.9,11197.8,11469.3,11354.1
Tamil Nadu,Erode,Sathiyamagalam(Uzhavar Sandhai ),Onion,Bellary,Local,16/11/2025,2025,11,16,Post-Monsoon,64.5,23.2,51.9,7054.9,7294.1,7161.0
Tamil Nadu,Erode,Sathiyamagalam(Uzhavar Sandhai ),Onion,Bellary,Local,17/05/2026,2026,5,17,Summer,7.9,31.6,48.1,8338.2,8536.8,8439.0
Tamil Nadu,Erode,Sathiyamagalam(Uzhavar Sandhai ),Onion,Bellary,Local,18/01/2026,2026,1,18,Winter,6.4,19.4,41.7,6342.3,6592.4,6468.2
Tamil Nadu,Erode,Sathiyamagalam(Uzhavar Sandhai ),Onion,Bellary,Local,19/04/2026,2026,4,19,Summer,1.1,28.2,44.5,7401.6,7725.8,7561.8
Tamil Nadu,Erode,Sathiyamagalam(Uzhavar Sandhai ),Onion,Bellary,Local,19/07/2026,2026,7,19,Monsoon,189.8,35.9,73.3,9096.8,9407.7,9282.1
Tamil Nadu,Erode,Sathiyamagalam(Uzhavar Sandhai ),Onion,Bellary,Local,19/10/2025,2025,10,19,Post-Monsoon,23.8,25.5,49.6,6961.8,7282.2,7159.2
Tamil Nadu,Erode,Sathiyamagalam(Uzhavar Sandhai ),Onion,Bellary,Local,20/09/2026,2026,9,20,Monsoon,179.5,29.9,75.7,10470.7,10895.1,10676.8
Tamil Nadu,Erode,Sathiyamagalam(Uzhavar Sandhai ),Onion,Bellary,Local,21/06/2026,2026,6,21,Monsoon,153.1,30.7,67.8,9881.7,10155.6,10035.7
Tamil Nadu,Erode,Sathiyamagalam(Uzhavar Sandhai ),Onion,Bellary,Local,21/12/2025,2025,12,21,Winter,0.4,21.7,43.5,6664.9,7040.5,6846.3
Tamil Nadu,Erode,Sathiyamagalam(Uzhavar Sandhai ),Onion,Bellary,Local,22/02/2026,2026,2,22,Winter,19.3,19.8,43.1,6065.9,6470.3,6254.8
Tamil Nadu,Erode,Sathiyamagalam(Uzhavar Sandhai ),Onion,Bellary,Local,22/03/2026,2026,3,22,Summer,19.1,24.5,45.3,7150.1,7338.3,7246.5
Tamil Nadu,Erode,Sathiyamagalam(Uzhavar Sandhai ),Onion,Bellary,Local,23/08/2026,2026,8,23,Monsoon,217.6,33.9,81.7,10816.1,11140.7,10962.6
Tamil Nadu,Erode,Sathiyamagalam(Uzhavar Sandhai ),Onion,Bellary,Local,23/11/2025,2025,11,23,Post-Monsoon,59.5,26.6,60.0,6942.5,7150.4,7047.6
Tamil Nadu,Erode,Sathiyamagalam(Uzhavar Sandhai ),Onion,Bellary,Local,24/05/2026,2026,5,24,Summer,13.1,32.0,48.7,7464.8,7799.4,7647.2
Tamil Nadu,Erode,Sathiyamagalam(Uzhavar Sandhai ),Onion,Bellary,Local,25/01/2026,2026,1,25,Winter,17.6,20.0,43.3,6402.9,6686.3,6573.1
Tamil Nadu,Erode,Sathiyamagalam(Uzhavar Sandhai ),Onion,Bellary,Local,26/04/2026,2026,4,26,Summer,11.6,26.4,43.1,7529.7,7693.5,7604.4
Tamil Nadu,Erode,Sathiyamagalam(Uzhavar Sandhai ),Onion,Bellary,Local,26/07/2026,2026,7,26,Monsoon,138.2,35.2,69.3,9821.0,10246.9,10038.6
Tamil Nadu,Erode,Sathiyamagalam(Uzhavar Sandhai ),Onion,Bellary,Local,26/10/2025,2025,10,26,Post-Monsoon,42.9,28.8,50.6,7336.2,7660.7,7540.9
Tamil Nadu,Erode,Sathiyamagalam(Uzhavar Sandhai ),Onion,Bellary,Local,28/06/2026,2026,6,28,Monsoon,171.7,33.6,68.6,9954.2,10117.6,10051.0
Tamil Nadu,Erode,Sathiyamagalam(Uzhavar Sandhai ),Onion,Bellary,Local,28/12/2025,2025,12,28,Winter,5.7,21.3,47.5,6318.2,6532.4,6443.3
Tamil Nadu,Erode,Sathiyamagalam(Uzhavar Sandhai ),Onion,Bellary,Local,29/03/2026,2026,3,29,Summer,5.8,23.7,45.7,7914.5,8170.7,8026.4
Tamil Nadu,Erode,Sathiyamagalam(Uzhavar Sandhai ),Onion,Bellary,Local,30/08/2026,2026,8,30,Monsoon,156.3,35.3,72.7,10110.8,10275.0,10167.9
Tamil Nadu,Erode,Sathiyamagalam(Uzhavar Sandhai ),Onion,Bellary,Local,30/11/2025,2025,11,30,Post-Monsoon,44.7,22.4,55.1,6849.5,7070.0,6975.9
Tamil Nadu,Erode,Sathiyamagalam(Uzhavar Sandhai ),Onion,Bellary,Local,31/05/2026,2026,5,31,Summer,12.4,28.2,51.0,7283.9,7520.8,7409.6
Tamil Nadu,Erode,Thalavadi(Uzhavar Sandhai ),Onion,Bellary,Local,01/02/2026,2026,2,1,Winter,9.7,18.4,42.4,4875.2,5157.4,4992.5
Tamil Nadu,Erode,Thalavadi(Uzhavar Sandhai ),Onion,Bellary,Local,01/03/2026,2026,3,1,Summer,3.9,20.1,49.0,5965.9,6116.4,6044.2
Tamil Nadu,Erode,Thalavadi(Uzhavar Sandhai ),Onion,Bellary,Local,02/08/2026,2026,8,2,Monsoon,172.9,35.3,66.9,7342.6,7725.2,7537.9
Tamil Nadu,Erode,Thalavadi(Uzhavar Sandhai ),Onion,Bellary,Local,02/11/2025,2025,11,2,Post-Monsoon,56.2,21.7,55.5,5786.1,6100.0,5944.7
Tamil Nadu,Erode,Thalavadi(Uzhavar Sandhai ),Onion,Bellary,Local,03/05/2026,2026,5,3,Summer,7.3,31.2,49.7,6001.3,6300.2,6151.4
Tamil Nadu,Erode,Thalavadi(Uzhavar Sandhai ),Onion,Bellary,Local,04/01/2026,2026,1,4,Winter,3.0,20.0,43.8,5164.6,5518.3,5367.5
Tamil Nadu,Erode,Thalavadi(Uzhavar Sandhai ),Onion,Bellary,Local,05/04/2026,2026,4,5,Summer,10.0,27.3,42.6,5532.4,5789.7,5681.2
Tamil Nadu,Erode,Thalavadi(Uzhavar Sandhai ),Onion,Bellary,Local,05/07/2026,2026,7,5,Monsoon,98.9,35.2,61.0,7362.6,7668.4,7517.7
Tamil Nadu,Erode,Thalavadi(Uzhavar Sandhai ),Onion,Bellary,Local,05/10/2025,2025,10,5,Post-Monsoon,20.0,24.6,52.0,5307.3,5556.3,5421.9
Tamil Nadu,Erode,Thalavadi(Uzhavar Sandhai ),Onion,Bellary,Local,06/09/2026,2026,9,6,Monsoon,147.2,28.8,65.8,7783.1,8040.9,7907.5
Tamil Nadu,Erode,Thalavadi(Uzhavar Sandhai ),Onion,Bellary,Local,07/06/2026,2026,6,7,Monsoon,236.4,33.1,83.0,8726.6,8911.7,8837.1
Tamil Nadu,Erode,Thalavadi(Uzhavar Sandhai ),Onion,Bellary,Local,07/12/2025,2025,12,7,Winter,12.9,20.6,46.5,5229.1,5590.0,5392.7
Tamil Nadu,Erode,Thalavadi(Uzhavar Sandhai ),Onion,Bellary,Local,08/02/2026,2026,2,8,Winter,18.7,23.1,51.5,5251.9,5645.2,5440.9
Tamil Nadu,Erode,Thalavadi(Uzhavar Sandhai ),Onion,Bellary,Local,08/03/2026,2026,3,8,Summer,3.4,22.3,48.9,6088.9,6416.6,6265.2
Tamil Nadu,Erode,Thalavadi(Uzhavar Sandhai ),Onion,Bellary,Local,09/08/2026,2026,8,9,Monsoon,158.7,35.4,65.6,7782.1,8074.0,7940.0
Tamil Nadu,Erode,Thalavadi(Uzhavar Sandhai ),Onion,Bellary,Local,09/11/2025,2025,11,9,Post-Monsoon,23.0,21.8,48.0,5523.6,5766.9,5665.8
Tamil Nadu,Erode,Thalavadi(Uzhavar Sandhai ),Onion,Bellary,Local,10/05/2026,2026,5,10,Summer,1.7,30.5,47.3,6043.5,6208.1,6109.2
Tamil Nadu,Erode,Thalavadi(Uzhavar Sandhai ),Onion,Bellary,Local,11/01/2026,2026,1,11,Winter,7.3,19.2,50.4,5317.1,5488.8,5421.3
Tamil Nadu,Erode,Thalavadi(Uzhavar Sandhai ),Onion,Bellary,Local,12/04/2026,2026,4,12,Summer,1.2,24.8,42.1,6196.6,6601.3,6388.5
Tamil Nadu,Erode,Thalavadi(Uzhavar Sandhai ),Onion,Bellary,Local,12/07/2026,2026,7,12,Monsoon,99.4,33.9,59.7,7650.7,7849.5,7731.3
Tamil Nadu,Erode,Thalavadi(Uzhavar Sandhai ),Onion,Bellary,Local,12/10/2025,2025,10,12,Post-Monsoon,41.4,29.0,56.7,4984.6,5345.6,5155.3
Tamil Nadu,Erode,Thalavadi(Uzhavar Sandhai ),Onion,Bellary,Local,13/09/2026,2026,9,13,Monsoon,172.5,29.5,72.9,7893.0,8055.3,7972.5
Tamil Nadu,Erode,Thalavadi(Uzhavar Sandhai ),Onion,Bellary,Local,14/06/2026,2026,6,14,Monsoon,125.4,34.1,60.3,7340.6,7612.7,7488.6
Tamil Nadu,Erode,Thalavadi(Uzhavar Sandhai ),Onion,Bellary,Local,14/12/2025,2025,12,14,Winter,8.0,21.1,45.3,5103.4,5314.6,5192.6
Tamil Nadu,Erode,Thalavadi(Uzhavar Sandhai ),Onion,Bellary,Local,15/02/2026,2026,2,15,Winter,8.9,17.8,46.6,4833.6,5084.9,4964.5
Tamil Nadu,Erode,Thalavadi(Uzhavar Sandhai ),Onion,Bellary,Local,15/03/2026,2026,3,15,Summer,14.8,22.2,49.0,6376.5,6506.7,6452.3
Tamil Nadu,Erode,Thalavadi(Uzhavar Sandhai ),Onion,Bellary,Local,16/08/2026,2026,8,16,Monsoon,149.2,32.5,69.0,7701.7,7889.0,7797.5
Tamil Nadu,Erode,Thalavadi(Uzhavar Sandhai ),Onion,Bellary,Local,16/11/2025,2025,11,16,Post-Monsoon,78.6,22.0,57.5,5774.2,6101.6,5922.8
Tamil Nadu,Erode,Thalavadi(Uzhavar Sandhai ),Onion,Bellary,Local,17/05/2026,2026,5,17,Summer,5.7,31.7,52.2,5627.9,5816.4,5698.7
Tamil Nadu,Erode,Thalavadi(Uzhavar Sandhai ),Onion,Bellary,Local,18/01/2026,2026,1,18,Winter,18.6,21.3,50.5,4994.2,5168.5,5081.6
Tamil Nadu,Erode,Thalavadi(Uzhavar Sandhai ),Onion,Bellary,Local,19/04/2026,2026,4,19,Summer,15.3,26.4,40.4,5789.8,6163.8,5985.6
Tamil Nadu,Erode,Thalavadi(Uzhavar Sandhai ),Onion,Bellary,Local,19/07/2026,2026,7,19,Monsoon,181.0,36.0,72.0,8306.7,8517.5,8415.1
Tamil Nadu,Erode,Thalavadi(Uzhavar Sandhai ),Onion,Bellary,Local,19/10/2025,2025,10,19,Post-Monsoon,63.0,27.8,57.7,5355.4,5679.5,5552.9
Tamil Nadu,Erode,Thalavadi(Uzhavar Sandhai ),Onion,Bellary,Local,20/09/2026,2026,9,20,Monsoon,113.6,30.1,66.0,7802.9,7998.3,7928.6
Tamil Nadu,Erode,Thalavadi(Uzhavar Sandhai ),Onion,Bellary,Local,21/06/2026,2026,6,21,Monsoon,229.3,33.2,80.3,8206.2,8481.6,8335.2
Tamil Nadu,Erode,Thalavadi(Uzhavar Sandhai ),Onion,Bellary,Local,21/12/2025,2025,12,21,Winter,13.6,20.1,45.4,5068.6,5404.2,5242.1
Tamil Nadu,Erode,Thalavadi(Uzhavar Sandhai ),Onion,Bellary,Local,22/02/2026,2026,2,22,Winter,9.4,19.2,41.0,5290.3,5509.6,5415.3
Tamil Nadu,Erode,Thalavadi(Uzhavar Sandhai ),Onion,Bellary,Local,22/03/2026,2026,3,22,Summer,14.7,23.9,47.5,6126.8,6329.9,6225.0
Tamil Nadu,Erode,Thalavadi(Uzhavar Sandhai ),Onion,Bellary,Local,23/08/2026,2026,8,23,Monsoon,158.3,35.3,69.8,7466.2,7885.3,7675.1
Tamil Nadu,Erode,Thalavadi(Uzhavar Sandhai ),Onion,Bellary,Local,23/11/2025,2025,11,23,Post-Monsoon,22.0,24.0,47.8,5109.8,5267.1,5196.4
Tamil Nadu,Erode,Thalavadi(Uzhavar Sandhai ),Onion,Bellary,Local,24/05/2026,2026,5,24,Summer,14.9,33.6,50.9,6399.7,6578.9,6464.4
Tamil Nadu,Erode,Thalavadi(Uzhavar Sandhai ),Onion,Bellary,Local,25/01/2026,2026,1,25,Winter,15.0,20.5,47.8,5367.3,5626.2,5484.1
Tamil Nadu,Erode,Thalavadi(Uzhavar Sandhai ),Onion,Bellary,Local,26/04/2026,2026,4,26,Summer,9.3,25.7,44.6,5459.8,5731.5,5551.1
Tamil Nadu,Erode,Thalavadi(Uzhavar Sandhai ),Onion,Bellary,Local,26/07/2026,2026,7,26,Monsoon,195.8,38.1,81.5,7819.4,8046.6,7953.1
Tamil Nadu,Erode,Thalavadi(Uzhavar Sandhai ),Onion,Bellary,Local,26/10/2025,2025,10,26,Post-Monsoon,57.5,28.8,49.5,5626.8,5827.8,5748.6
Tamil Nadu,Erode,Thalavadi(Uzhavar Sandhai ),Onion,Bellary,Local,28/06/2026,2026,6,28,Monsoon,215.1,32.0,78.1,7976.6,8150.2,8057.1
Tamil Nadu,Erode,Thalavadi(Uzhavar Sandhai ),Onion,Bellary,Local,28/12/2025,2025,12,28,Winter,16.6,20.4,47.2,4915.7,5130.6,5009.4
Tamil Nadu,Erode,Thalavadi(Uzhavar Sandhai ),Onion,Bellary,Local,29/03/2026,2026,3,29,Summer,14.4,21.2,48.3,6132.2,6286.1,6200.4
Tamil Nadu,Erode,Thalavadi(Uzhavar Sandhai ),Onion,Bellary,Local,30/08/2026,2026,8,30,Monsoon,113.2,32.7,65.4,7349.3,7537.1,7458.2
Tamil Nadu,Erode,Thalavadi(Uzhavar Sandhai ),Onion,Bellary,Local,30/11/2025,2025,11,30,Post-Monsoon,36.4,22.5,54.2,5232.6,5461.9,5325.4
Tamil Nadu,Erode,Thalavadi(Uzhavar Sandhai ),Onion,Bellary,Local,31/05/2026,2026,5,31,Summer,9.8,30.1,45.7,5850.2,6252.1,6052.3
Tamil Nadu,Kallakuruchi,Kallakurichi(Uzhavar Sandhai ),Onion,Bellary,Local,01/02/2026,2026,2,1,Winter,1.6,22.4,44.8,6716.5,6965.1,6837.4
Tamil Nadu,Kallakuruchi,Kallakurichi(Uzhavar Sandhai ),Onion,Bellary,Local,01/03/2026,2026,3,1,Summer,11.2,20.5,47.6,7144.1,7444.5,7276.7
Tamil Nadu,Kallakuruchi,Kallakurichi(Uzhavar Sandhai ),Onion,Bellary,Local,02/08/2026,2026,8,2,Monsoon,243.9,33.5,92.1,10540.8,10864.2,10711.5
Tamil Nadu,Kallakuruchi,Kallakurichi(Uzhavar Sandhai ),Onion,Bellary,Local,02/11/2025,2025,11,2,Post-Monsoon,57.1,16.7,54.5,6932.0,7218.5,7047.7
Tamil Nadu,Kallakuruchi,Kallakurichi(Uzhavar Sandhai ),Onion,Bellary,Local,03/05/2026,2026,5,3,Summer,12.6,30.2,43.6,7741.1,7944.0,7816.5
Tamil Nadu,Kallakuruchi,Kallakurichi(Uzhavar Sandhai ),Onion,Bellary,Local,04/01/2026,2026,1,4,Winter,13.8,18.8,51.2,5969.5,6130.7,6048.6
Tamil Nadu,Kallakuruchi,Kallakurichi(Uzhavar Sandhai ),Onion,Bellary,Local,05/04/2026,2026,4,5,Summer,3.3,24.8,41.8,6873.4,7204.6,7009.0
Tamil Nadu,Kallakuruchi,Kallakurichi(Uzhavar Sandhai ),Onion,Bellary,Local,05/07/2026,2026,7,5,Monsoon,139.2,36.8,66.3,9126.4,9388.6,9219.1
Tamil Nadu,Kallakuruchi,Kallakurichi(Uzhavar Sandhai ),Onion,Bellary,Local,05/10/2025,2025,10,5,Post-Monsoon,67.2,27.2,53.3,6710.6,6887.7,6817.8
Tamil Nadu,Kallakuruchi,Kallakurichi(Uzhavar Sandhai ),Onion,Bellary,Local,06/09/2026,2026,9,6,Monsoon,102.7,30.2,61.3,9097.4,9475.2,9304.2
Tamil Nadu,Kallakuruchi,Kallakurichi(Uzhavar Sandhai ),Onion,Bellary,Local,07/06/2026,2026,6,7,Monsoon,145.0,31.7,65.0,8928.0,9304.4,9096.6
Tamil Nadu,Kallakuruchi,Kallakurichi(Uzhavar Sandhai ),Onion,Bellary,Local,07/12/2025,2025,12,7,Winter,8.7,20.9,42.9,6382.6,6534.7,6443.6
Tamil Nadu,Kallakuruchi,Kallakurichi(Uzhavar Sandhai ),Onion,Bellary,Local,08/02/2026,2026,2,8,Winter,10.9,16.5,45.6,6362.0,6645.2,6475.3
Tamil Nadu,Kallakuruchi,Kallakurichi(Uzhavar Sandhai ),Onion,Bellary,Local,08/03/2026,2026,3,8,Summer,14.8,23.6,46.7,7352.0,7494.1,7431.0
Tamil Nadu,Kallakuruchi,Kallakurichi(Uzhavar Sandhai ),Onion,Bellary,Local,09/08/2026,2026,8,9,Monsoon,209.6,30.8,76.0,10171.3,10349.9,10256.7
Tamil Nadu,Kallakuruchi,Kallakurichi(Uzhavar Sandhai ),Onion,Bellary,Local,09/11/2025,2025,11,9,Post-Monsoon,21.5,24.2,42.2,6949.4,7227.3,7072.2
Tamil Nadu,Kallakuruchi,Kallakurichi(Uzhavar Sandhai ),Onion,Bellary,Local,10/05/2026,2026,5,10,Summer,2.8,32.0,49.8,6908.6,7269.1,7106.5
Tamil Nadu,Kallakuruchi,Kallakurichi(Uzhavar Sandhai ),Onion,Bellary,Local,11/01/2026,2026,1,11,Winter,15.9,19.5,43.3,6132.3,6331.1,6235.4
Tamil Nadu,Kallakuruchi,Kallakurichi(Uzhavar Sandhai ),Onion,Bellary,Local,12/04/2026,2026,4,12,Summer,0.3,26.5,40.1,7003.3,7231.5,7113.6
Tamil Nadu,Kallakuruchi,Kallakurichi(Uzhavar Sandhai ),Onion,Bellary,Local,12/07/2026,2026,7,12,Monsoon,183.8,33.4,71.0,9249.2,9357.2,9295.7
Tamil Nadu,Kallakuruchi,Kallakurichi(Uzhavar Sandhai ),Onion,Bellary,Local,12/10/2025,2025,10,12,Post-Monsoon,38.7,26.5,55.9,6794.1,6926.3,6846.0
Tamil Nadu,Kallakuruchi,Kallakurichi(Uzhavar Sandhai ),Onion,Bellary,Local,13/09/2026,2026,9,13,Monsoon,89.5,30.5,59.1,9085.7,9444.1,9270.3
Tamil Nadu,Kallakuruchi,Kallakurichi(Uzhavar Sandhai ),Onion,Bellary,Local,14/06/2026,2026,6,14,Monsoon,221.6,31.5,80.2,10650.5,10873.0,10748.7
Tamil Nadu,Kallakuruchi,Kallakurichi(Uzhavar Sandhai ),Onion,Bellary,Local,14/12/2025,2025,12,14,Winter,18.7,21.4,46.5,6817.6,7014.5,6923.8
Tamil Nadu,Kallakuruchi,Kallakurichi(Uzhavar Sandhai ),Onion,Bellary,Local,15/02/2026,2026,2,15,Winter,9.2,22.5,46.4,6108.1,6375.9,6246.1
Tamil Nadu,Kallakuruchi,Kallakurichi(Uzhavar Sandhai ),Onion,Bellary,Local,15/03/2026,2026,3,15,Summer,18.7,23.8,49.7,7718.3,7916.7,7831.2
Tamil Nadu,Kallakuruchi,Kallakurichi(Uzhavar Sandhai ),Onion,Bellary,Local,16/08/2026,2026,8,16,Monsoon,94.2,34.2,60.2,9366.3,9594.5,9476.4
Tamil Nadu,Kallakuruchi,Kallakurichi(Uzhavar Sandhai ),Onion,Bellary,Local,16/11/2025,2025,11,16,Post-Monsoon,21.2,24.8,47.4,6856.8,6989.6,6910.1
Tamil Nadu,Kallakuruchi,Kallakurichi(Uzhavar Sandhai ),Onion,Bellary,Local,17/05/2026,2026,5,17,Summer,9.5,31.3,50.0,6831.7,7039.3,6939.7
Tamil Nadu,Kallakuruchi,Kallakurichi(Uzhavar Sandhai ),Onion,Bellary,Local,18/01/2026,2026,1,18,Winter,14.4,17.7,45.1,6395.1,6588.9,6478.0
Tamil Nadu,Kallakuruchi,Kallakurichi(Uzhavar Sandhai ),Onion,Bellary,Local,19/04/2026,2026,4,19,Summer,11.7,28.5,48.0,7433.1,7632.2,7533.0
Tamil Nadu,Kallakuruchi,Kallakurichi(Uzhavar Sandhai ),Onion,Bellary,Local,19/07/2026,2026,7,19,Monsoon,101.1,34.7,61.2,8528.5,8691.7,8589.7
Tamil Nadu,Kallakuruchi,Kallakurichi(Uzhavar Sandhai ),Onion,Bellary,Local,19/10/2025,2025,10,19,Post-Monsoon,55.6,25.6,56.2,6894.5,7103.0,6993.6
Tamil Nadu,Kallakuruchi,Kallakurichi(Uzhavar Sandhai ),Onion,Bellary,Local,20/09/2026,2026,9,20,Monsoon,241.1,30.6,79.0,10413.3,10601.3,10490.0
Tamil Nadu,Kallakuruchi,Kallakurichi(Uzhavar Sandhai ),Onion,Bellary,Local,21/06/2026,2026,6,21,Monsoon,123.2,35.3,65.2,9566.8,9762.9,9648.1
Tamil Nadu,Kallakuruchi,Kallakurichi(Uzhavar Sandhai ),Onion,Bellary,Local,21/12/2025,2025,12,21,Winter,1.2,19.0,43.9,5889.2,6337.7,6121.6
Tamil Nadu,Kallakuruchi,Kallakurichi(Uzhavar Sandhai ),Onion,Bellary,Local,22/02/2026,2026,2,22,Winter,16.5,22.2,47.7,6427.0,6594.1,6514.2
Tamil Nadu,Kallakuruchi,Kallakurichi(Uzhavar Sandhai ),Onion,Bellary,Local,22/03/2026,2026,3,22,Summer,0.8,18.5,51.9,7406.4,7615.5,7510.2
Tamil Nadu,Kallakuruchi,Kallakurichi(Uzhavar Sandhai ),Onion,Bellary,Local,23/08/2026,2026,8,23,Monsoon,100.6,33.8,55.9,9225.9,9394.8,9292.1
Tamil Nadu,Kallakuruchi,Kallakurichi(Uzhavar Sandhai ),Onion,Bellary,Local,23/11/2025,2025,11,23,Post-Monsoon,35.0,23.0,54.2,6691.0,6884.1,6794.0
Tamil Nadu,Kallakuruchi,Kallakurichi(Uzhavar Sandhai ),Onion,Bellary,Local,24/05/2026,2026,5,24,Summer,6.9,33.9,43.8,6848.2,7178.6,7018.9
Tamil Nadu,Kallakuruchi,Kallakurichi(Uzhavar Sandhai ),Onion,Bellary,Local,25/01/2026,2026,1,25,Winter,12.5,19.6,43.3,6064.0,6272.7,6170.5
Tamil Nadu,Kallakuruchi,Kallakurichi(Uzhavar Sandhai ),Onion,Bellary,Local,26/04/2026,2026,4,26,Summer,14.2,27.8,42.3,7298.0,7658.4,7489.0
Tamil Nadu,Kallakuruchi,Kallakurichi(Uzhavar Sandhai ),Onion,Bellary,Local,26/07/2026,2026,7,26,Monsoon,101.2,35.1,60.1,9148.9,9303.8,9236.9
Tamil Nadu,Kallakuruchi,Kallakurichi(Uzhavar Sandhai ),Onion,Bellary,Local,26/10/2025,2025,10,26,Post-Monsoon,66.4,29.1,55.0,6912.7,7196.1,7051.7
Tamil Nadu,Kallakuruchi,Kallakurichi(Uzhavar Sandhai ),Onion,Bellary,Local,28/06/2026,2026,6,28,Monsoon,200.3,36.4,81.3,9247.0,9535.3,9417.6
Tamil Nadu,Kallakuruchi,Kallakurichi(Uzhavar Sandhai ),Onion,Bellary,Local,28/12/2025,2025,12,28,Winter,4.7,17.2,40.2,6113.9,6358.5,6205.2
Tamil Nadu,Kallakuruchi,Kallakurichi(Uzhavar Sandhai ),Onion,Bellary,Local,29/03/2026,2026,3,29,Summer,6.5,23.6,46.5,7709.1,8034.1,7896.5
Tamil Nadu,Kallakuruchi,Kallakurichi(Uzhavar Sandhai ),Onion,Bellary,Local,30/08/2026,2026,8,30,Monsoon,151.4,35.8,67.3,9770.9,10039.4,9899.6
Tamil Nadu,Kallakuruchi,Kallakurichi(Uzhavar Sandhai ),Onion,Bellary,Local,30/11/2025,2025,11,30,Post-Monsoon,74.3,23.0,58.3,7496.6,7716.5,7581.1
Tamil Nadu,Kallakuruchi,Kallakurichi(Uzhavar Sandhai ),Onion,Bellary,Local,31/05/2026,2026,5,31,Summer,16.8,30.6,43.0,6890.0,7173.5,7021.7
Tamil Nadu,Kallakuruchi,Sankarapuram(Uzhavar Sandhai ),Onion,Bellary,Local,01/02/2026,2026,2,1,Winter,10.4,20.8,45.6,6303.7,6541.5,6416.1
Tamil Nadu,Kallakuruchi,Sankarapuram(Uzhavar Sandhai ),Onion,Bellary,Local,01/03/2026,2026,3,1,Summer,4.9,22.5,47.3,7419.9,7697.8,7543.4
Tamil Nadu,Kallakuruchi,Sankarapuram(Uzhavar Sandhai ),Onion,Bellary,Local,02/08/2026,2026,8,2,Monsoon,187.8,31.7,79.5,9969.4,10144.5,10062.8
Tamil Nadu,Kallakuruchi,Sankarapuram(Uzhavar Sandhai ),Onion,Bellary,Local,02/11/2025,2025,11,2,Post-Monsoon,30.7,21.8,49.4,6758.6,7011.2,6854.3
Tamil Nadu,Kallakuruchi,Sankarapuram(Uzhavar Sandhai ),Onion,Bellary,Local,03/05/2026,2026,5,3,Summer,7.1,29.5,43.0,6712.7,7016.7,6829.6
Tamil Nadu,Kallakuruchi,Sankarapuram(Uzhavar Sandhai ),Onion,Bellary,Local,04/01/2026,2026,1,4,Winter,5.9,16.9,48.9,6179.7,6436.6,6329.3
Tamil Nadu,Kallakuruchi,Sankarapuram(Uzhavar Sandhai ),Onion,Bellary,Local,05/04/2026,2026,4,5,Summer,4.6,25.4,49.6,7201.0,7429.6,7306.7
Tamil Nadu,Kallakuruchi,Sankarapuram(Uzhavar Sandhai ),Onion,Bellary,Local,05/07/2026,2026,7,5,Monsoon,125.4,35.5,65.8,9394.2,9745.1,9568.9
Tamil Nadu,Kallakuruchi,Sankarapuram(Uzhavar Sandhai ),Onion,Bellary,Local,05/10/2025,2025,10,5,Post-Monsoon,27.5,30.8,51.0,6545.6,6742.6,6672.1
Tamil Nadu,Kallakuruchi,Sankarapuram(Uzhavar Sandhai ),Onion,Bellary,Local,06/09/2026,2026,9,6,Monsoon,94.0,32.7,64.0,8943.4,9297.5,9107.8
Tamil Nadu,Kallakuruchi,Sankarapuram(Uzhavar Sandhai ),Onion,Bellary,Local,07/06/2026,2026,6,7,Monsoon,118.0,35.5,71.0,9646.9,9909.7,9743.5
Tamil Nadu,Kallakuruchi,Sankarapuram(Uzhavar Sandhai ),Onion,Bellary,Local,07/12/2025,2025,12,7,Winter,0.4,20.1,45.4,6173.2,6342.0,6269.7
Tamil Nadu,Kallakuruchi,Sankarapuram(Uzhavar Sandhai ),Onion,Bellary,Local,08/02/2026,2026,2,8,Winter,5.8,22.1,43.3,6347.7,6638.3,6482.0
Tamil Nadu,Kallakuruchi,Sankarapuram(Uzhavar Sandhai ),Onion,Bellary,Local,08/03/2026,2026,3,8,Summer,7.2,21.0,45.5,7537.7,7883.9,7718.2
Tamil Nadu,Kallakuruchi,Sankarapuram(Uzhavar Sandhai ),Onion,Bellary,Local,09/08/2026,2026,8,9,Monsoon,243.7,35.7,79.7,10455.2,10606.0,10520.4
Tamil Nadu,Kallakuruchi,Sankarapuram(Uzhavar Sandhai ),Onion,Bellary,Local,09/11/2025,2025,11,9,Post-Monsoon,32.6,23.2,49.9,6847.9,6996.7,6909.4
Tamil Nadu,Kallakuruchi,Sankarapuram(Uzhavar Sandhai ),Onion,Bellary,Local,10/05/2026,2026,5,10,Summer,15.7,29.2,47.0,7003.2,7381.7,7218.9
Tamil Nadu,Kallakuruchi,Sankarapuram(Uzhavar Sandhai ),Onion,Bellary,Local,11/01/2026,2026,1,11,Winter,5.4,22.2,47.9,5962.6,6340.4,6176.2
Tamil Nadu,Kallakuruchi,Sankarapuram(Uzhavar Sandhai ),Onion,Bellary,Local,12/04/2026,2026,4,12,Summer,6.4,27.2,48.6,7368.4,7574.2,7480.8
Tamil Nadu,Kallakuruchi,Sankarapuram(Uzhavar Sandhai ),Onion,Bellary,Local,12/07/2026,2026,7,12,Monsoon,200.4,35.8,79.6,10372.6,10680.9,10490.1
Tamil Nadu,Kallakuruchi,Sankarapuram(Uzhavar Sandhai ),Onion,Bellary,Local,12/10/2025,2025,10,12,Post-Monsoon,40.0,26.8,54.0,6120.5,6427.5,6274.0
Tamil Nadu,Kallakuruchi,Sankarapuram(Uzhavar Sandhai ),Onion,Bellary,Local,13/09/2026,2026,9,13,Monsoon,147.6,29.3,71.3,9484.7,9624.4,9560.2
Tamil Nadu,Kallakuruchi,Sankarapuram(Uzhavar Sandhai ),Onion,Bellary,Local,14/06/2026,2026,6,14,Monsoon,125.2,34.7,68.3,9026.3,9225.4,9130.1
Tamil Nadu,Kallakuruchi,Sankarapuram(Uzhavar Sandhai ),Onion,Bellary,Local,14/12/2025,2025,12,14,Winter,2.0,21.3,42.5,6247.1,6462.0,6371.9
Tamil Nadu,Kallakuruchi,Sankarapuram(Uzhavar Sandhai ),Onion,Bellary,Local,15/02/2026,2026,2,15,Winter,14.7,17.4,49.2,5931.0,6082.1,6004.1
Tamil Nadu,Kallakuruchi,Sankarapuram(Uzhavar Sandhai ),Onion,Bellary,Local,15/03/2026,2026,3,15,Summer,13.8,23.2,45.8,7540.3,7802.5,7640.1
Tamil Nadu,Kallakuruchi,Sankarapuram(Uzhavar Sandhai ),Onion,Bellary,Local,16/08/2026,2026,8,16,Monsoon,91.4,34.5,54.2,9425.8,9693.0,9521.6
Tamil Nadu,Kallakuruchi,Sankarapuram(Uzhavar Sandhai ),Onion,Bellary,Local,16/11/2025,2025,11,16,Post-Monsoon,53.9,25.1,45.6,6325.3,6528.6,6425.8
Tamil Nadu,Kallakuruchi,Sankarapuram(Uzhavar Sandhai ),Onion,Bellary,Local,17/05/2026,2026,5,17,Summer,12.3,32.8,51.8,6902.1,7042.3,6973.2
Tamil Nadu,Kallakuruchi,Sankarapuram(Uzhavar Sandhai ),Onion,Bellary,Local,18/01/2026,2026,1,18,Winter,3.4,18.4,40.7,6318.0,6619.4,6461.0
Tamil Nadu,Kallakuruchi,Sankarapuram(Uzhavar Sandhai ),Onion,Bellary,Local,19/04/2026,2026,4,19,Summer,17.4,28.1,47.9,7732.6,7966.1,7843.8
Tamil Nadu,Kallakuruchi,Sankarapuram(Uzhavar Sandhai ),Onion,Bellary,Local,19/07/2026,2026,7,19,Monsoon,228.2,37.3,80.4,9855.9,10156.1,9972.9
Tamil Nadu,Kallakuruchi,Sankarapuram(Uzhavar Sandhai ),Onion,Bellary,Local,19/10/2025,2025,10,19,Post-Monsoon,64.3,24.7,54.5,6671.8,6841.6,6759.0
Tamil Nadu,Kallakuruchi,Sankarapuram(Uzhavar Sandhai ),Onion,Bellary,Local,20/09/2026,2026,9,20,Monsoon,190.8,32.4,74.5,10094.9,10309.7,10205.0
Tamil Nadu,Kallakuruchi,Sankarapuram(Uzhavar Sandhai ),Onion,Bellary,Local,21/06/2026,2026,6,21,Monsoon,203.0,34.1,75.0,9998.4,10168.1,10101.9
Tamil Nadu,Kallakuruchi,Sankarapuram(Uzhavar Sandhai ),Onion,Bellary,Local,21/12/2025,2025,12,21,Winter,5.9,20.5,40.9,6581.0,6934.7,6784.5
Tamil Nadu,Kallakuruchi,Sankarapuram(Uzhavar Sandhai ),Onion,Bellary,Local,22/02/2026,2026,2,22,Winter,6.7,19.5,46.8,6249.1,6505.7,6387.8
Tamil Nadu,Kallakuruchi,Sankarapuram(Uzhavar Sandhai ),Onion,Bellary,Local,22/03/2026,2026,3,22,Summer,18.9,24.2,48.4,7393.6,7796.4,7622.7
Tamil Nadu,Kallakuruchi,Sankarapuram(Uzhavar Sandhai ),Onion,Bellary,Local,23/08/2026,2026,8,23,Monsoon,245.5,34.5,82.7,10234.4,10556.0,10407.4
Tamil Nadu,Kallakuruchi,Sankarapuram(Uzhavar Sandhai ),Onion,Bellary,Local,23/11/2025,2025,11,23,Post-Monsoon,71.7,21.1,56.0,7169.9,7369.3,7277.3
Tamil Nadu,Kallakuruchi,Sankarapuram(Uzhavar Sandhai ),Onion,Bellary,Local,24/05/2026,2026,5,24,Summer,15.6,31.1,46.0,7192.8,7641.4,7414.5
Tamil Nadu,Kallakuruchi,Sankarapuram(Uzhavar Sandhai ),Onion,Bellary,Local,25/01/2026,2026,1,25,Winter,4.1,21.4,50.4,5910.7,6228.9,6071.8
Tamil Nadu,Kallakuruchi,Sankarapuram(Uzhavar Sandhai ),Onion,Bellary,Local,26/04/2026,2026,4,26,Summer,17.5,26.0,42.8,6828.2,7063.9,6952.5
Tamil Nadu,Kallakuruchi,Sankarapuram(Uzhavar Sandhai ),Onion,Bellary,Local,26/07/2026,2026,7,26,Monsoon,221.5,34.7,80.5,10402.7,10745.6,10596.2
Tamil Nadu,Kallakuruchi,Sankarapuram(Uzhavar Sandhai ),Onion,Bellary,Local,26/10/2025,2025,10,26,Post-Monsoon,74.9,26.8,60.2,6527.0,6774.3,6620.6
Tamil Nadu,Kallakuruchi,Sankarapuram(Uzhavar Sandhai ),Onion,Bellary,Local,28/06/2026,2026,6,28,Monsoon,224.7,28.7,78.3,10664.3,10894.9,10783.6
Tamil Nadu,Kallakuruchi,Sankarapuram(Uzhavar Sandhai ),Onion,Bellary,Local,28/12/2025,2025,12,28,Winter,5.2,22.0,40.6,6406.9,6633.1,6524.4
Tamil Nadu,Kallakuruchi,Sankarapuram(Uzhavar Sandhai ),Onion,Bellary,Local,29/03/2026,2026,3,29,Summer,17.2,22.7,46.4,7630.4,7912.6,7741.5
Tamil Nadu,Kallakuruchi,Sankarapuram(Uzhavar Sandhai ),Onion,Bellary,Local,30/08/2026,2026,8,30,Monsoon,126.5,30.9,61.6,9218.1,9523.0,9395.3
Tamil Nadu,Kallakuruchi,Sankarapuram(Uzhavar Sandhai ),Onion,Bellary,Local,30/11/2025,2025,11,30,Post-Monsoon,21.5,23.7,46.1,6692.8,6871.8,6768.7
Tamil Nadu,Kallakuruchi,Sankarapuram(Uzhavar Sandhai ),Onion,Bellary,Local,31/05/2026,2026,5,31,Summer,19.9,30.4,44.7,7632.2,7804.1,7734.9
Tamil Nadu,Kancheepuram,Kundrathur(Uzhavar Sandhai ),Onion,Bellary,Local,01/02/2026,2026,2,1,Winter,18.6,18.6,46.2,4783.1,5049.1,4889.5
Tamil Nadu,Kancheepuram,Kundrathur(Uzhavar Sandhai ),Onion,Bellary,Local,01/03/2026,2026,3,1,Summer,9.0,25.1,44.6,5311.2,5555.1,5460.8
Tamil Nadu,Kancheepuram,Kundrathur(Uzhavar Sandhai ),Onion,Bellary,Local,02/08/2026,2026,8,2,Monsoon,88.8,35.4,66.0,6887.3,7149.5,7022.6
Tamil Nadu,Kancheepuram,Kundrathur(Uzhavar Sandhai ),Onion,Bellary,Local,02/11/2025,2025,11,2,Post-Monsoon,67.5,22.4,52.5,4848.3,5014.1,4926.8
Tamil Nadu,Kancheepuram,Kundrathur(Uzhavar Sandhai ),Onion,Bellary,Local,03/05/2026,2026,5,3,Summer,3.6,31.3,40.2,5393.7,5559.6,5459.3
Tamil Nadu,Kancheepuram,Kundrathur(Uzhavar Sandhai ),Onion,Bellary,Local,04/01/2026,2026,1,4,Winter,8.4,19.2,41.6,4417.0,4755.2,4535.2
Tamil Nadu,Kancheepuram,Kundrathur(Uzhavar Sandhai ),Onion,Bellary,Local,05/04/2026,2026,4,5,Summer,0.4,28.4,47.3,5564.9,5856.0,5719.1
Tamil Nadu,Kancheepuram,Kundrathur(Uzhavar Sandhai ),Onion,Bellary,Local,05/07/2026,2026,7,5,Monsoon,211.9,34.6,76.5,7769.3,7924.9,7842.1
Tamil Nadu,Kancheepuram,Kundrathur(Uzhavar Sandhai ),Onion,Bellary,Local,05/10/2025,2025,10,5,Post-Monsoon,44.5,28.0,55.1,4839.5,5247.9,5051.2
Tamil Nadu,Kancheepuram,Kundrathur(Uzhavar Sandhai ),Onion,Bellary,Local,06/09/2026,2026,9,6,Monsoon,98.3,29.7,61.1,7116.1,7429.6,7275.9
Tamil Nadu,Kancheepuram,Kundrathur(Uzhavar Sandhai ),Onion,Bellary,Local,07/06/2026,2026,6,7,Monsoon,122.9,33.7,68.4,7166.2,7424.8,7272.6
Tamil Nadu,Kancheepuram,Kundrathur(Uzhavar Sandhai ),Onion,Bellary,Local,07/12/2025,2025,12,7,Winter,3.0,21.1,39.3,4756.0,5018.7,4855.5
Tamil Nadu,Kancheepuram,Kundrathur(Uzhavar Sandhai ),Onion,Bellary,Local,08/02/2026,2026,2,8,Winter,19.6,18.4,44.1,4617.1,4799.8,4718.4
Tamil Nadu,Kancheepuram,Kundrathur(Uzhavar Sandhai ),Onion,Bellary,Local,08/03/2026,2026,3,8,Summer,11.4,23.2,47.9,5790.0,6159.9,5959.9
Tamil Nadu,Kancheepuram,Kundrathur(Uzhavar Sandhai ),Onion,Bellary,Local,09/08/2026,2026,8,9,Monsoon,247.6,33.6,85.9,7191.4,7348.3,7264.5
Tamil Nadu,Kancheepuram,Kundrathur(Uzhavar Sandhai ),Onion,Bellary,Local,09/11/2025,2025,11,9,Post-Monsoon,40.1,22.5,49.8,5218.3,5404.5,5293.9
Tamil Nadu,Kancheepuram,Kundrathur(Uzhavar Sandhai ),Onion,Bellary,Local,10/05/2026,2026,5,10,Summer,8.5,33.1,47.5,5292.0,5462.5,5383.4
Tamil Nadu,Kancheepuram,Kundrathur(Uzhavar Sandhai ),Onion,Bellary,Local,11/01/2026,2026,1,11,Winter,0.2,19.1,47.0,4376.8,4661.0,4553.8
Tamil Nadu,Kancheepuram,Kundrathur(Uzhavar Sandhai ),Onion,Bellary,Local,12/04/2026,2026,4,12,Summer,11.6,28.2,47.6,5755.3,5973.3,5867.6
Tamil Nadu,Kancheepuram,Kundrathur(Uzhavar Sandhai ),Onion,Bellary,Local,12/07/2026,2026,7,12,Monsoon,171.6,37.8,70.0,7460.8,7670.0,7565.9
Tamil Nadu,Kancheepuram,Kundrathur(Uzhavar Sandhai ),Onion,Bellary,Local,12/10/2025,2025,10,12,Post-Monsoon,75.6,27.4,51.3,5613.9,5979.1,5786.1
Tamil Nadu,Kancheepuram,Kundrathur(Uzhavar Sandhai ),Onion,Bellary,Local,13/09/2026,2026,9,13,Monsoon,127.0,31.4,61.1,6779.5,7132.2,6941.5
Tamil Nadu,Kancheepuram,Kundrathur(Uzhavar Sandhai ),Onion,Bellary,Local,14/06/2026,2026,6,14,Monsoon,103.1,35.4,64.8,6934.8,7199.3,7064.5
Tamil Nadu,Kancheepuram,Kundrathur(Uzhavar Sandhai ),Onion,Bellary,Local,14/12/2025,2025,12,14,Winter,2.1,20.3,44.6,4756.3,5028.1,4884.8
Tamil Nadu,Kancheepuram,Kundrathur(Uzhavar Sandhai ),Onion,Bellary,Local,15/02/2026,2026,2,15,Winter,13.1,23.8,51.6,4474.6,4780.2,4618.1
Tamil Nadu,Kancheepuram,Kundrathur(Uzhavar Sandhai ),Onion,Bellary,Local,15/03/2026,2026,3,15,Summer,10.3,22.3,54.1,5414.3,5741.3,5575.9
Tamil Nadu,Kancheepuram,Kundrathur(Uzhavar Sandhai ),Onion,Bellary,Local,16/08/2026,2026,8,16,Monsoon,184.6,34.7,74.7,7508.8,7753.0,7596.7
Tamil Nadu,Kancheepuram,Kundrathur(Uzhavar Sandhai ),Onion,Bellary,Local,16/11/2025,2025,11,16,Post-Monsoon,56.7,23.3,54.9,5008.8,5215.4,5120.5
Tamil Nadu,Kancheepuram,Kundrathur(Uzhavar Sandhai ),Onion,Bellary,Local,17/05/2026,2026,5,17,Summer,18.6,30.4,43.6,5474.0,5700.6,5596.9
Tamil Nadu,Kancheepuram,Kundrathur(Uzhavar Sandhai ),Onion,Bellary,Local,18/01/2026,2026,1,18,Winter,2.5,19.9,42.8,4553.1,4707.3,4642.6
Tamil Nadu,Kancheepuram,Kundrathur(Uzhavar Sandhai ),Onion,Bellary,Local,19/04/2026,2026,4,19,Summer,10.2,24.7,48.0,5471.3,5682.0,5592.6
Tamil Nadu,Kancheepuram,Kundrathur(Uzhavar Sandhai ),Onion,Bellary,Local,19/07/2026,2026,7,19,Monsoon,127.9,34.8,60.1,6688.0,6853.9,6773.6
Tamil Nadu,Kancheepuram,Kundrathur(Uzhavar Sandhai ),Onion,Bellary,Local,19/10/2025,2025,10,19,Post-Monsoon,42.4,29.1,54.3,5144.7,5384.5,5255.7
Tamil Nadu,Kancheepuram,Kundrathur(Uzhavar Sandhai ),Onion,Bellary,Local,20/09/2026,2026,9,20,Monsoon,204.4,32.1,80.3,7754.7,7978.6,7892.4
Tamil Nadu,Kancheepuram,Kundrathur(Uzhavar Sandhai ),Onion,Bellary,Local,21/06/2026,2026,6,21,Monsoon,146.5,34.2,69.1,6911.0,7249.9,7094.9
Tamil Nadu,Kancheepuram,Kundrathur(Uzhavar Sandhai ),Onion,Bellary,Local,21/12/2025,2025,12,21,Winter,6.5,20.5,43.8,4323.4,4756.4,4532.3
Tamil Nadu,Kancheepuram,Kundrathur(Uzhavar Sandhai ),Onion,Bellary,Local,22/02/2026,2026,2,22,Winter,9.2,20.0,46.2,4504.8,4687.1,4599.5
Tamil Nadu,Kancheepuram,Kundrathur(Uzhavar Sandhai ),Onion,Bellary,Local,22/03/2026,2026,3,22,Summer,0.5,24.3,47.2,5681.1,5838.0,5750.5
Tamil Nadu,Kancheepuram,Kundrathur(Uzhavar Sandhai ),Onion,Bellary,Local,23/08/2026,2026,8,23,Monsoon,87.6,34.1,61.7,6645.8,6953.8,6801.9
Tamil Nadu,Kancheepuram,Kundrathur(Uzhavar Sandhai ),Onion,Bellary,Local,23/11/2025,2025,11,23,Post-Monsoon,22.6,22.4,48.5,4760.7,4965.3,4870.0
Tamil Nadu,Kancheepuram,Kundrathur(Uzhavar Sandhai ),Onion,Bellary,Local,24/05/2026,2026,5,24,Summer,12.6,31.3,46.7,5620.8,5898.9,5768.8
Tamil Nadu,Kancheepuram,Kundrathur(Uzhavar Sandhai ),Onion,Bellary,Local,25/01/2026,2026,1,25,Winter,13.3,19.6,49.8,4724.4,4922.8,4824.5
Tamil Nadu,Kancheepuram,Kundrathur(Uzhavar Sandhai ),Onion,Bellary,Local,26/04/2026,2026,4,26,Summer,17.6,28.2,51.0,5155.6,5437.3,5299.1
Tamil Nadu,Kancheepuram,Kundrathur(Uzhavar Sandhai ),Onion,Bellary,Local,26/07/2026,2026,7,26,Monsoon,110.3,31.7,58.4,7244.3,7499.1,7369.9
Tamil Nadu,Kancheepuram,Kundrathur(Uzhavar Sandhai ),Onion,Bellary,Local,26/10/2025,2025,10,26,Post-Monsoon,20.4,30.5,48.9,5023.9,5378.2,5208.1
Tamil Nadu,Kancheepuram,Kundrathur(Uzhavar Sandhai ),Onion,Bellary,Local,28/06/2026,2026,6,28,Monsoon,203.3,35.5,75.0,7721.3,7882.4,7796.6
Tamil Nadu,Kancheepuram,Kundrathur(Uzhavar Sandhai ),Onion,Bellary,Local,28/12/2025,2025,12,28,Winter,20.0,17.9,47.1,4893.1,5104.1,5013.4
Tamil Nadu,Kancheepuram,Kundrathur(Uzhavar Sandhai ),Onion,Bellary,Local,29/03/2026,2026,3,29,Summer,18.7,24.5,49.3,5104.6,5459.7,5289.2
Tamil Nadu,Kancheepuram,Kundrathur(Uzhavar Sandhai ),Onion,Bellary,Local,30/08/2026,2026,8,30,Monsoon,100.1,32.0,58.6,6786.5,7181.0,6983.1
Tamil Nadu,Kancheepuram,Kundrathur(Uzhavar Sandhai ),Onion,Bellary,Local,30/11/2025,2025,11,30,Post-Monsoon,56.8,20.5,53.3,5500.3,5743.9,5609.9
Tamil Nadu,Kancheepuram,Kundrathur(Uzhavar Sandhai ),Onion,Bellary,Local,31/05/2026,2026,5,31,Summer,12.3,29.9,42.8,5707.5,5910.1,5823.8
Tamil Nadu,Kancheepuram,Sunguvarchatram(Uzhavar Sandhai ),Onion,Bellary,Local,01/02/2026,2026,2,1,Winter,1.2,22.1,44.3,4162.5,4339.0,4267.1
Tamil Nadu,Kancheepuram,Sunguvarchatram(Uzhavar Sandhai ),Onion,Bellary,Local,01/03/2026,2026,3,1,Summer,10.7,24.6,49.6,5325.7,5561.4,5457.3
Tamil Nadu,Kancheepuram,Sunguvarchatram(Uzhavar Sandhai ),Onion,Bellary,Local,02/08/2026,2026,8,2,Monsoon,240.5,33.5,81.6,8193.1,8462.2,8340.8
Tamil Nadu,Kancheepuram,Sunguvarchatram(Uzhavar Sandhai ),Onion,Bellary,Local,02/11/2025,2025,11,2,Post-Monsoon,74.3,22.8,56.0,5439.4,5642.9,5542.6
Tamil Nadu,Kancheepuram,Sunguvarchatram(Uzhavar Sandhai ),Onion,Bellary,Local,03/05/2026,2026,5,3,Summer,16.9,32.5,43.8,5495.1,5750.4,5630.3
Tamil Nadu,Kancheepuram,Sunguvarchatram(Uzhavar Sandhai ),Onion,Bellary,Local,04/01/2026,2026,1,4,Winter,9.1,19.6,45.9,4813.1,5145.2,5028.9
Tamil Nadu,Kancheepuram,Sunguvarchatram(Uzhavar Sandhai ),Onion,Bellary,Local,05/04/2026,2026,4,5,Summer,8.1,27.5,49.9,5218.6,5420.1,5348.0
Tamil Nadu,Kancheepuram,Sunguvarchatram(Uzhavar Sandhai ),Onion,Bellary,Local,05/07/2026,2026,7,5,Monsoon,153.4,34.6,75.8,7545.1,7887.0,7688.0
Tamil Nadu,Kancheepuram,Sunguvarchatram(Uzhavar Sandhai ),Onion,Bellary,Local,05/10/2025,2025,10,5,Post-Monsoon,48.2,28.5,54.6,4827.2,5070.6,4963.1
Tamil Nadu,Kancheepuram,Sunguvarchatram(Uzhavar Sandhai ),Onion,Bellary,Local,06/09/2026,2026,9,6,Monsoon,128.0,29.3,67.5,6844.3,7036.6,6928.9
Tamil Nadu,Kancheepuram,Sunguvarchatram(Uzhavar Sandhai ),Onion,Bellary,Local,07/06/2026,2026,6,7,Monsoon,173.7,33.1,71.4,6792.1,6963.2,6885.2
Tamil Nadu,Kancheepuram,Sunguvarchatram(Uzhavar Sandhai ),Onion,Bellary,Local,07/12/2025,2025,12,7,Winter,15.5,19.8,50.5,4597.3,4781.9,4683.9
Tamil Nadu,Kancheepuram,Sunguvarchatram(Uzhavar Sandhai ),Onion,Bellary,Local,08/02/2026,2026,2,8,Winter,15.7,21.5,52.5,4628.1,4753.6,4688.3
Tamil Nadu,Kancheepuram,Sunguvarchatram(Uzhavar Sandhai ),Onion,Bellary,Local,08/03/2026,2026,3,8,Summer,2.4,21.4,42.4,5541.7,5716.1,5638.1
Tamil Nadu,Kancheepuram,Sunguvarchatram(Uzhavar Sandhai ),Onion,Bellary,Local,09/08/2026,2026,8,9,Monsoon,200.1,31.8,75.7,7646.4,7880.3,7780.5
Tamil Nadu,Kancheepuram,Sunguvarchatram(Uzhavar Sandhai ),Onion,Bellary,Local,09/11/2025,2025,11,9,Post-Monsoon,59.1,20.8,56.7,5106.3,5449.8,5267.2
Tamil Nadu,Kancheepuram,Sunguvarchatram(Uzhavar Sandhai ),Onion,Bellary,Local,10/05/2026,2026,5,10,Summer,10.8,30.3,45.2,5699.5,5905.9,5781.3
Tamil Nadu,Kancheepuram,Sunguvarchatram(Uzhavar Sandhai ),Onion,Bellary,Local,11/01/2026,2026,1,11,Winter,0.9,18.5,42.0,4671.6,4993.7,4848.1
Tamil Nadu,Kancheepuram,Sunguvarchatram(Uzhavar Sandhai ),Onion,Bellary,Local,12/04/2026,2026,4,12,Summer,4.6,25.6,46.5,5626.9,5818.0,5702.5
Tamil Nadu,Kancheepuram,Sunguvarchatram(Uzhavar Sandhai ),Onion,Bellary,Local,12/07/2026,2026,7,12,Monsoon,176.2,33.4,70.1,7681.4,7899.2,7801.1
Tamil Nadu,Kancheepuram,Sunguvarchatram(Uzhavar Sandhai ),Onion,Bellary,Local,12/10/2025,2025,10,12,Post-Monsoon,61.8,27.0,50.0,5191.8,5465.0,5305.3
Tamil Nadu,Kancheepuram,Sunguvarchatram(Uzhavar Sandhai ),Onion,Bellary,Local,13/09/2026,2026,9,13,Monsoon,226.1,31.4,81.4,7642.2,7953.0,7797.7
Tamil Nadu,Kancheepuram,Sunguvarchatram(Uzhavar Sandhai ),Onion,Bellary,Local,14/06/2026,2026,6,14,Monsoon,145.5,31.2,69.0,6667.7,7009.1,6841.7
Tamil Nadu,Kancheepuram,Sunguvarchatram(Uzhavar Sandhai ),Onion,Bellary,Local,14/12/2025,2025,12,14,Winter,13.0,21.1,47.6,4659.5,4897.0,4779.5
Tamil Nadu,Kancheepuram,Sunguvarchatram(Uzhavar Sandhai ),Onion,Bellary,Local,15/02/2026,2026,2,15,Winter,16.7,19.1,51.6,4532.0,4825.2,4671.1
Tamil Nadu,Kancheepuram,Sunguvarchatram(Uzhavar Sandhai ),Onion,Bellary,Local,15/03/2026,2026,3,15,Summer,16.2,25.0,51.0,5382.4,5614.9,5516.7
Tamil Nadu,Kancheepuram,Sunguvarchatram(Uzhavar Sandhai ),Onion,Bellary,Local,16/08/2026,2026,8,16,Monsoon,215.0,36.2,76.7,6969.8,7301.8,7138.3
Tamil Nadu,Kancheepuram,Sunguvarchatram(Uzhavar Sandhai ),Onion,Bellary,Local,16/11/2025,2025,11,16,Post-Monsoon,54.0,20.4,56.4,4964.4,5226.4,5086.2
Tamil Nadu,Kancheepuram,Sunguvarchatram(Uzhavar Sandhai ),Onion,Bellary,Local,17/05/2026,2026,5,17,Summer,7.2,29.9,47.3,5445.8,5716.7,5559.9
Tamil Nadu,Kancheepuram,Sunguvarchatram(Uzhavar Sandhai ),Onion,Bellary,Local,18/01/2026,2026,1,18,Winter,3.9,19.4,47.8,4509.6,4637.3,4560.1
Tamil Nadu,Kancheepuram,Sunguvarchatram(Uzhavar Sandhai ),Onion,Bellary,Local,19/04/2026,2026,4,19,Summer,17.9,26.2,43.2,5559.4,5923.1,5720.4
Tamil Nadu,Kancheepuram,Sunguvarchatram(Uzhavar Sandhai ),Onion,Bellary,Local,19/07/2026,2026,7,19,Monsoon,236.4,32.8,82.4,7611.4,7757.8,7670.8
Tamil Nadu,Kancheepuram,Sunguvarchatram(Uzhavar Sandhai ),Onion,Bellary,Local,19/10/2025,2025,10,19,Post-Monsoon,32.5,27.0,47.9,5362.3,5678.8,5536.6
Tamil Nadu,Kancheepuram,Sunguvarchatram(Uzhavar Sandhai ),Onion,Bellary,Local,20/09/2026,2026,9,20,Monsoon,105.0,27.7,64.4,7192.8,7325.2,7267.1
Tamil Nadu,Kancheepuram,Sunguvarchatram(Uzhavar Sandhai ),Onion,Bellary,Local,21/06/2026,2026,6,21,Monsoon,158.3,32.7,69.5,7529.5,7739.6,7656.3
Tamil Nadu,Kancheepuram,Sunguvarchatram(Uzhavar Sandhai ),Onion,Bellary,Local,21/12/2025,2025,12,21,Winter,4.7,17.7,41.7,4803.2,4985.3,4889.7
Tamil Nadu,Kancheepuram,Sunguvarchatram(Uzhavar Sandhai ),Onion,Bellary,Local,22/02/2026,2026,2,22,Winter,4.8,20.6,48.7,4750.5,4927.0,4844.8
Tamil Nadu,Kancheepuram,Sunguvarchatram(Uzhavar Sandhai ),Onion,Bellary,Local,22/03/2026,2026,3,22,Summer,8.8,22.0,46.9,5430.6,5738.4,5583.4
Tamil Nadu,Kancheepuram,Sunguvarchatram(Uzhavar Sandhai ),Onion,Bellary,Local,23/08/2026,2026,8,23,Monsoon,237.5,35.8,91.9,7362.5,7711.4,7536.9
Tamil Nadu,Kancheepuram,Sunguvarchatram(Uzhavar Sandhai ),Onion,Bellary,Local,23/11/2025,2025,11,23,Post-Monsoon,77.8,22.9,63.8,5513.4,5676.4,5613.3
Tamil Nadu,Kancheepuram,Sunguvarchatram(Uzhavar Sandhai ),Onion,Bellary,Local,24/05/2026,2026,5,24,Summer,4.9,31.2,43.8,5294.7,5621.3,5457.3
Tamil Nadu,Kancheepuram,Sunguvarchatram(Uzhavar Sandhai ),Onion,Bellary,Local,25/01/2026,2026,1,25,Winter,12.8,17.3,51.5,4719.5,4917.9,4814.6
Tamil Nadu,Kancheepuram,Sunguvarchatram(Uzhavar Sandhai ),Onion,Bellary,Local,26/04/2026,2026,4,26,Summer,6.5,27.9,47.5,5212.5,5463.4,5371.0
Tamil Nadu,Kancheepuram,Sunguvarchatram(Uzhavar Sandhai ),Onion,Bellary,Local,26/07/2026,2026,7,26,Monsoon,86.2,33.5,58.3,7002.7,7285.8,7162.0
Tamil Nadu,Kancheepuram,Sunguvarchatram(Uzhavar Sandhai ),Onion,Bellary,Local,26/10/2025,2025,10,26,Post-Monsoon,57.9,27.0,49.0,5465.3,5747.2,5640.1
Tamil Nadu,Kancheepuram,Sunguvarchatram(Uzhavar Sandhai ),Onion,Bellary,Local,28/06/2026,2026,6,28,Monsoon,135.0,33.7,66.6,6768.6,7014.7,6905.0
Tamil Nadu,Kancheepuram,Sunguvarchatram(Uzhavar Sandhai ),Onion,Bellary,Local,28/12/2025,2025,12,28,Winter,5.0,21.4,41.2,4635.7,4909.5,4777.5
Tamil Nadu,Kancheepuram,Sunguvarchatram(Uzhavar Sandhai ),Onion,Bellary,Local,29/03/2026,2026,3,29,Summer,10.4,23.9,47.4,5259.4,5459.2,5364.2
Tamil Nadu,Kancheepuram,Sunguvarchatram(Uzhavar Sandhai ),Onion,Bellary,Local,30/08/2026,2026,8,30,Monsoon,130.4,30.3,64.9,7159.1,7279.6,7217.5
Tamil Nadu,Kancheepuram,Sunguvarchatram(Uzhavar Sandhai ),Onion,Bellary,Local,30/11/2025,2025,11,30,Post-Monsoon,37.1,21.2,54.2,5025.5,5148.5,5088.9
Tamil Nadu,Kancheepuram,Sunguvarchatram(Uzhavar Sandhai ),Onion,Bellary,Local,31/05/2026,2026,5,31,Summer,4.4,32.8,47.8,5666.9,5865.6,5792.0
Tamil Nadu,Karur,Gandhigramam(Uzhavar Sandhai),Onion,Bellary,Local,01/02/2026,2026,2,1,Winter,11.5,19.9,44.9,5177.4,5491.8,5335.4
Tamil Nadu,Karur,Gandhigramam(Uzhavar Sandhai),Onion,Bellary,Local,01/03/2026,2026,3,1,Summer,10.4,22.7,45.0,6119.6,6359.3,6219.0
Tamil Nadu,Karur,Gandhigramam(Uzhavar Sandhai),Onion,Bellary,Local,02/08/2026,2026,8,2,Monsoon,230.3,29.9,81.6,9196.2,9434.7,9301.1
Tamil Nadu,Karur,Gandhigramam(Uzhavar Sandhai),Onion,Bellary,Local,02/11/2025,2025,11,2,Post-Monsoon,29.6,22.8,52.9,6087.5,6267.4,6169.6
Tamil Nadu,Karur,Gandhigramam(Uzhavar Sandhai),Onion,Bellary,Local,03/05/2026,2026,5,3,Summer,6.8,31.8,48.7,6841.4,7004.3,6941.5
Tamil Nadu,Karur,Gandhigramam(Uzhavar Sandhai),Onion,Bellary,Local,04/01/2026,2026,1,4,Winter,9.5,20.3,45.0,5521.0,5716.2,5638.9
Tamil Nadu,Karur,Gandhigramam(Uzhavar Sandhai),Onion,Bellary,Local,05/04/2026,2026,4,5,Summer,5.8,27.8,40.9,6374.2,6602.7,6508.6
Tamil Nadu,Karur,Gandhigramam(Uzhavar Sandhai),Onion,Bellary,Local,05/07/2026,2026,7,5,Monsoon,192.7,33.1,80.1,9099.9,9367.1,9222.6
Tamil Nadu,Karur,Gandhigramam(Uzhavar Sandhai),Onion,Bellary,Local,05/10/2025,2025,10,5,Post-Monsoon,24.1,27.2,43.9,6493.2,6654.9,6565.5
Tamil Nadu,Karur,Gandhigramam(Uzhavar Sandhai),Onion,Bellary,Local,06/09/2026,2026,9,6,Monsoon,225.9,32.5,84.8,9071.4,9261.5,9156.3
Tamil Nadu,Karur,Gandhigramam(Uzhavar Sandhai),Onion,Bellary,Local,07/06/2026,2026,6,7,Monsoon,233.7,36.2,77.8,8742.4,9049.0,8931.5
Tamil Nadu,Karur,Gandhigramam(Uzhavar Sandhai),Onion,Bellary,Local,07/12/2025,2025,12,7,Winter,14.1,19.1,53.7,5028.4,5262.1,5157.1
Tamil Nadu,Karur,Gandhigramam(Uzhavar Sandhai),Onion,Bellary,Local,08/02/2026,2026,2,8,Winter,18.8,20.4,40.3,5491.5,5724.9,5626.0
Tamil Nadu,Karur,Gandhigramam(Uzhavar Sandhai),Onion,Bellary,Local,08/03/2026,2026,3,8,Summer,14.3,23.2,50.4,6424.3,6724.0,6605.3
Tamil Nadu,Karur,Gandhigramam(Uzhavar Sandhai),Onion,Bellary,Local,09/08/2026,2026,8,9,Monsoon,224.4,35.1,81.2,8974.0,9217.6,9087.7
Tamil Nadu,Karur,Gandhigramam(Uzhavar Sandhai),Onion,Bellary,Local,09/11/2025,2025,11,9,Post-Monsoon,34.8,22.4,53.6,5735.3,5842.1,5791.8
Tamil Nadu,Karur,Gandhigramam(Uzhavar Sandhai),Onion,Bellary,Local,10/05/2026,2026,5,10,Summer,14.6,31.2,51.6,6922.6,7045.8,6972.9
Tamil Nadu,Karur,Gandhigramam(Uzhavar Sandhai),Onion,Bellary,Local,11/01/2026,2026,1,11,Winter,13.8,20.5,45.7,5948.9,6103.8,6008.7
Tamil Nadu,Karur,Gandhigramam(Uzhavar Sandhai),Onion,Bellary,Local,12/04/2026,2026,4,12,Summer,15.7,24.8,51.0,6714.6,6843.4,6763.4
Tamil Nadu,Karur,Gandhigramam(Uzhavar Sandhai),Onion,Bellary,Local,12/07/2026,2026,7,12,Monsoon,189.7,34.3,78.0,9011.0,9202.2,9121.8
Tamil Nadu,Karur,Gandhigramam(Uzhavar Sandhai),Onion,Bellary,Local,12/10/2025,2025,10,12,Post-Monsoon,75.3,26.4,53.0,6275.2,6536.0,6410.6
Tamil Nadu,Karur,Gandhigramam(Uzhavar Sandhai),Onion,Bellary,Local,13/09/2026,2026,9,13,Monsoon,164.7,33.1,71.1,8969.8,9166.5,9072.1
Tamil Nadu,Karur,Gandhigramam(Uzhavar Sandhai),Onion,Bellary,Local,14/06/2026,2026,6,14,Monsoon,236.5,33.2,84.1,8898.7,9200.7,9032.9
Tamil Nadu,Karur,Gandhigramam(Uzhavar Sandhai),Onion,Bellary,Local,14/12/2025,2025,12,14,Winter,2.1,18.8,44.9,5332.8,5496.1,5423.8
Tamil Nadu,Karur,Gandhigramam(Uzhavar Sandhai),Onion,Bellary,Local,15/02/2026,2026,2,15,Winter,14.4,19.6,42.5,5616.5,5750.9,5695.5
Tamil Nadu,Karur,Gandhigramam(Uzhavar Sandhai),Onion,Bellary,Local,15/03/2026,2026,3,15,Summer,18.8,25.2,49.9,6547.7,6892.2,6716.8
Tamil Nadu,Karur,Gandhigramam(Uzhavar Sandhai),Onion,Bellary,Local,16/08/2026,2026,8,16,Monsoon,164.8,35.1,70.9,8970.1,9255.6,9148.3
Tamil Nadu,Karur,Gandhigramam(Uzhavar Sandhai),Onion,Bellary,Local,16/11/2025,2025,11,16,Post-Monsoon,48.1,23.6,51.1,6171.8,6341.9,6248.7
Tamil Nadu,Karur,Gandhigramam(Uzhavar Sandhai),Onion,Bellary,Local,17/05/2026,2026,5,17,Summer,0.1,32.4,44.9,6708.7,6917.5,6798.4
Tamil Nadu,Karur,Gandhigramam(Uzhavar Sandhai),Onion,Bellary,Local,18/01/2026,2026,1,18,Winter,5.4,15.6,43.7,5533.9,5762.5,5663.0
Tamil Nadu,Karur,Gandhigramam(Uzhavar Sandhai),Onion,Bellary,Local,19/04/2026,2026,4,19,Summer,8.9,28.8,43.2,6442.7,6648.7,6544.8
Tamil Nadu,Karur,Gandhigramam(Uzhavar Sandhai),Onion,Bellary,Local,19/07/2026,2026,7,19,Monsoon,226.3,32.3,83.5,9229.8,9432.0,9341.7
Tamil Nadu,Karur,Gandhigramam(Uzhavar Sandhai),Onion,Bellary,Local,19/10/2025,2025,10,19,Post-Monsoon,43.9,26.2,49.0,6085.3,6313.3,6224.5
Tamil Nadu,Karur,Gandhigramam(Uzhavar Sandhai),Onion,Bellary,Local,20/09/2026,2026,9,20,Monsoon,227.6,31.2,81.1,8867.9,9083.2,8954.5
Tamil Nadu,Karur,Gandhigramam(Uzhavar Sandhai),Onion,Bellary,Local,21/06/2026,2026,6,21,Monsoon,137.4,36.0,65.1,8500.1,8676.4,8591.0
Tamil Nadu,Karur,Gandhigramam(Uzhavar Sandhai),Onion,Bellary,Local,21/12/2025,2025,12,21,Winter,2.6,21.0,47.6,5552.7,5841.8,5708.1
Tamil Nadu,Karur,Gandhigramam(Uzhavar Sandhai),Onion,Bellary,Local,22/02/2026,2026,2,22,Winter,1.9,21.0,43.9,5663.6,5925.5,5808.3
Tamil Nadu,Karur,Gandhigramam(Uzhavar Sandhai),Onion,Bellary,Local,22/03/2026,2026,3,22,Summer,8.9,24.4,46.9,6107.3,6525.4,6318.7
Tamil Nadu,Karur,Gandhigramam(Uzhavar Sandhai),Onion,Bellary,Local,23/08/2026,2026,8,23,Monsoon,102.6,32.8,57.3,8592.3,8814.7,8700.5
Tamil Nadu,Karur,Gandhigramam(Uzhavar Sandhai),Onion,Bellary,Local,23/11/2025,2025,11,23,Post-Monsoon,57.7,22.6,56.0,6065.6,6466.8,6240.1
Tamil Nadu,Karur,Gandhigramam(Uzhavar Sandhai),Onion,Bellary,Local,24/05/2026,2026,5,24,Summer,18.5,31.4,46.8,7034.4,7319.3,7160.9
Tamil Nadu,Karur,Gandhigramam(Uzhavar Sandhai),Onion,Bellary,Local,25/01/2026,2026,1,25,Winter,4.3,17.0,47.4,5738.6,5980.2,5854.2
Tamil Nadu,Karur,Gandhigramam(Uzhavar Sandhai),Onion,Bellary,Local,26/04/2026,2026,4,26,Summer,11.2,27.6,46.3,6895.9,7046.2,6961.5
Tamil Nadu,Karur,Gandhigramam(Uzhavar Sandhai),Onion,Bellary,Local,26/07/2026,2026,7,26,Monsoon,119.7,32.9,65.9,7963.5,8351.2,8147.4
Tamil Nadu,Karur,Gandhigramam(Uzhavar Sandhai),Onion,Bellary,Local,26/10/2025,2025,10,26,Post-Monsoon,76.1,26.7,60.0,6631.1,6857.1,6753.7
Tamil Nadu,Karur,Gandhigramam(Uzhavar Sandhai),Onion,Bellary,Local,28/06/2026,2026,6,28,Monsoon,236.2,34.0,89.7,8999.8,9245.7,9133.2
Tamil Nadu,Karur,Gandhigramam(Uzhavar Sandhai),Onion,Bellary,Local,28/12/2025,2025,12,28,Winter,5.4,19.0,42.4,5901.8,6096.6,5988.3
Tamil Nadu,Karur,Gandhigramam(Uzhavar Sandhai),Onion,Bellary,Local,29/03/2026,2026,3,29,Summer,12.9,21.5,45.6,6845.8,7004.0,6917.0
Tamil Nadu,Karur,Gandhigramam(Uzhavar Sandhai),Onion,Bellary,Local,30/08/2026,2026,8,30,Monsoon,88.5,31.5,60.3,7858.9,8162.7,8010.7
Tamil Nadu,Karur,Gandhigramam(Uzhavar Sandhai),Onion,Bellary,Local,30/11/2025,2025,11,30,Post-Monsoon,32.0,26.6,53.6,5790.6,6163.4,5970.4
Tamil Nadu,Karur,Gandhigramam(Uzhavar Sandhai),Onion,Bellary,Local,31/05/2026,2026,5,31,Summer,6.4,33.4,47.0,6259.1,6426.3,6342.2
Tamil Nadu,Karur,Karur(Uzhavar Sandhai ),Onion,Bellary,Local,01/02/2026,2026,2,1,Winter,2.5,20.4,46.1,5731.0,6148.3,5946.9
Tamil Nadu,Karur,Karur(Uzhavar Sandhai ),Onion,Bellary,Local,01/03/2026,2026,3,1,Summer,20.0,25.7,47.1,6401.4,6639.3,6557.5
Tamil Nadu,Karur,Karur(Uzhavar Sandhai ),Onion,Bellary,Local,02/08/2026,2026,8,2,Monsoon,161.1,34.2,73.4,9347.1,9678.9,9478.6
Tamil Nadu,Karur,Karur(Uzhavar Sandhai ),Onion,Bellary,Local,02/11/2025,2025,11,2,Post-Monsoon,29.8,25.0,48.5,6356.7,6634.9,6530.7
Tamil Nadu,Karur,Karur(Uzhavar Sandhai ),Onion,Bellary,Local,03/05/2026,2026,5,3,Summer,7.6,32.0,50.1,6609.3,6754.6,6691.4
Tamil Nadu,Karur,Karur(Uzhavar Sandhai ),Onion,Bellary,Local,04/01/2026,2026,1,4,Winter,11.5,20.9,43.4,5713.9,5895.3,5813.0
Tamil Nadu,Karur,Karur(Uzhavar Sandhai ),Onion,Bellary,Local,05/04/2026,2026,4,5,Summer,13.7,28.7,45.5,6749.3,6917.1,6831.4
Tamil Nadu,Karur,Karur(Uzhavar Sandhai ),Onion,Bellary,Local,05/07/2026,2026,7,5,Monsoon,107.0,37.1,68.8,8160.6,8537.6,8362.9
Tamil Nadu,Karur,Karur(Uzhavar Sandhai ),Onion,Bellary,Local,05/10/2025,2025,10,5,Post-Monsoon,48.6,31.2,52.3,6302.6,6474.0,6379.9
Tamil Nadu,Karur,Karur(Uzhavar Sandhai ),Onion,Bellary,Local,06/09/2026,2026,9,6,Monsoon,140.2,29.9,68.3,8223.4,8353.5,8293.4
Tamil Nadu,Karur,Karur(Uzhavar Sandhai ),Onion,Bellary,Local,07/06/2026,2026,6,7,Monsoon,197.3,32.3,78.3,8652.0,8805.3,8728.0
Tamil Nadu,Karur,Karur(Uzhavar Sandhai ),Onion,Bellary,Local,07/12/2025,2025,12,7,Winter,16.9,21.6,46.0,5488.1,5701.9,5618.7
Tamil Nadu,Karur,Karur(Uzhavar Sandhai ),Onion,Bellary,Local,08/02/2026,2026,2,8,Winter,4.2,17.4,44.2,5584.6,5899.7,5713.4
Tamil Nadu,Karur,Karur(Uzhavar Sandhai ),Onion,Bellary,Local,08/03/2026,2026,3,8,Summer,6.7,24.8,45.8,6461.1,6747.1,6605.7
Tamil Nadu,Karur,Karur(Uzhavar Sandhai ),Onion,Bellary,Local,09/08/2026,2026,8,9,Monsoon,180.6,31.6,72.7,8793.2,9112.5,8927.5
Tamil Nadu,Karur,Karur(Uzhavar Sandhai ),Onion,Bellary,Local,09/11/2025,2025,11,9,Post-Monsoon,30.7,24.1,49.8,6334.4,6486.6,6413.0
Tamil Nadu,Karur,Karur(Uzhavar Sandhai ),Onion,Bellary,Local,10/05/2026,2026,5,10,Summer,18.1,29.9,44.4,6334.8,6572.8,6428.5
Tamil Nadu,Karur,Karur(Uzhavar Sandhai ),Onion,Bellary,Local,11/01/2026,2026,1,11,Winter,18.1,21.3,47.8,5908.5,6246.1,6090.1
Tamil Nadu,Karur,Karur(Uzhavar Sandhai ),Onion,Bellary,Local,12/04/2026,2026,4,12,Summer,15.5,26.5,42.5,6648.7,6962.2,6784.4
Tamil Nadu,Karur,Karur(Uzhavar Sandhai ),Onion,Bellary,Local,12/07/2026,2026,7,12,Monsoon,235.7,33.0,79.5,9247.4,9501.1,9349.0
Tamil Nadu,Karur,Karur(Uzhavar Sandhai ),Onion,Bellary,Local,12/10/2025,2025,10,12,Post-Monsoon,30.3,25.3,54.2,5914.1,6158.3,6012.0
Tamil Nadu,Karur,Karur(Uzhavar Sandhai ),Onion,Bellary,Local,13/09/2026,2026,9,13,Monsoon,160.5,31.0,70.4,8000.0,8295.6,8176.2
Tamil Nadu,Karur,Karur(Uzhavar Sandhai ),Onion,Bellary,Local,14/06/2026,2026,6,14,Monsoon,112.1,34.7,64.3,8211.4,8420.4,8288.1
Tamil Nadu,Karur,Karur(Uzhavar Sandhai ),Onion,Bellary,Local,14/12/2025,2025,12,14,Winter,15.1,21.1,49.1,5266.8,5410.6,5335.1
Tamil Nadu,Karur,Karur(Uzhavar Sandhai ),Onion,Bellary,Local,15/02/2026,2026,2,15,Winter,12.2,20.5,51.4,5628.5,5872.8,5725.9
Tamil Nadu,Karur,Karur(Uzhavar Sandhai ),Onion,Bellary,Local,15/03/2026,2026,3,15,Summer,16.4,24.4,43.8,6691.7,6916.4,6804.5
Tamil Nadu,Karur,Karur(Uzhavar Sandhai ),Onion,Bellary,Local,16/08/2026,2026,8,16,Monsoon,166.6,36.0,67.8,9235.4,9388.6,9297.2
Tamil Nadu,Karur,Karur(Uzhavar Sandhai ),Onion,Bellary,Local,16/11/2025,2025,11,16,Post-Monsoon,62.9,20.8,56.5,5952.6,6241.9,6119.9
Tamil Nadu,Karur,Karur(Uzhavar Sandhai ),Onion,Bellary,Local,17/05/2026,2026,5,17,Summer,0.9,31.5,49.1,5979.6,6406.7,6191.6
Tamil Nadu,Karur,Karur(Uzhavar Sandhai ),Onion,Bellary,Local,18/01/2026,2026,1,18,Winter,1.9,20.7,45.7,5577.0,5831.3,5700.0
Tamil Nadu,Karur,Karur(Uzhavar Sandhai ),Onion,Bellary,Local,19/04/2026,2026,4,19,Summer,4.8,25.7,49.1,6690.9,6964.6,6835.9
Tamil Nadu,Karur,Karur(Uzhavar Sandhai ),Onion,Bellary,Local,19/07/2026,2026,7,19,Monsoon,244.4,33.6,78.2,8543.4,8823.9,8712.6
Tamil Nadu,Karur,Karur(Uzhavar Sandhai ),Onion,Bellary,Local,19/10/2025,2025,10,19,Post-Monsoon,73.0,24.0,54.2,6104.6,6331.6,6225.4
Tamil Nadu,Karur,Karur(Uzhavar Sandhai ),Onion,Bellary,Local,20/09/2026,2026,9,20,Monsoon,221.4,31.5,79.8,9077.4,9314.3,9187.7
Tamil Nadu,Karur,Karur(Uzhavar Sandhai ),Onion,Bellary,Local,21/06/2026,2026,6,21,Monsoon,131.4,32.3,68.2,7584.8,7938.1,7752.6
Tamil Nadu,Karur,Karur(Uzhavar Sandhai ),Onion,Bellary,Local,21/12/2025,2025,12,21,Winter,9.7,23.1,39.1,5688.4,5893.3,5787.7
Tamil Nadu,Karur,Karur(Uzhavar Sandhai ),Onion,Bellary,Local,22/02/2026,2026,2,22,Winter,11.8,19.6,47.6,5929.5,6279.8,6109.5
Tamil Nadu,Karur,Karur(Uzhavar Sandhai ),Onion,Bellary,Local,22/03/2026,2026,3,22,Summer,6.1,23.8,46.0,6342.1,6555.2,6458.3
Tamil Nadu,Karur,Karur(Uzhavar Sandhai ),Onion,Bellary,Local,23/08/2026,2026,8,23,Monsoon,152.0,35.3,67.8,8935.7,9300.4,9110.4
Tamil Nadu,Karur,Karur(Uzhavar Sandhai ),Onion,Bellary,Local,23/11/2025,2025,11,23,Post-Monsoon,32.9,21.4,51.9,6012.6,6252.9,6108.8
Tamil Nadu,Karur,Karur(Uzhavar Sandhai ),Onion,Bellary,Local,24/05/2026,2026,5,24,Summer,1.3,31.7,46.8,6335.5,6679.8,6494.5
Tamil Nadu,Karur,Karur(Uzhavar Sandhai ),Onion,Bellary,Local,25/01/2026,2026,1,25,Winter,8.2,20.5,52.3,5413.3,5724.9,5611.7
Tamil Nadu,Karur,Karur(Uzhavar Sandhai ),Onion,Bellary,Local,26/04/2026,2026,4,26,Summer,5.3,25.6,40.6,6683.5,6951.5,6801.1
Tamil Nadu,Karur,Karur(Uzhavar Sandhai ),Onion,Bellary,Local,26/07/2026,2026,7,26,Monsoon,222.6,34.1,84.9,8546.5,8706.5,8614.9
Tamil Nadu,Karur,Karur(Uzhavar Sandhai ),Onion,Bellary,Local,26/10/2025,2025,10,26,Post-Monsoon,57.2,26.0,52.6,6191.1,6375.6,6279.3
Tamil Nadu,Karur,Karur(Uzhavar Sandhai ),Onion,Bellary,Local,28/06/2026,2026,6,28,Monsoon,240.6,35.4,82.3,9593.0,9841.8,9716.2
Tamil Nadu,Karur,Karur(Uzhavar Sandhai ),Onion,Bellary,Local,28/12/2025,2025,12,28,Winter,1.3,18.1,47.3,5297.7,5467.8,5390.0
Tamil Nadu,Karur,Karur(Uzhavar Sandhai ),Onion,Bellary,Local,29/03/2026,2026,3,29,Summer,9.7,21.4,44.8,6780.2,7163.9,6981.2
Tamil Nadu,Karur,Karur(Uzhavar Sandhai ),Onion,Bellary,Local,30/08/2026,2026,8,30,Monsoon,96.1,35.3,61.3,8315.1,8498.4,8405.4
Tamil Nadu,Karur,Karur(Uzhavar Sandhai ),Onion,Bellary,Local,30/11/2025,2025,11,30,Post-Monsoon,50.5,26.2,54.9,6074.3,6362.4,6258.4
Tamil Nadu,Karur,Karur(Uzhavar Sandhai ),Onion,Bellary,Local,31/05/2026,2026,5,31,Summer,8.5,31.9,50.7,5899.5,6145.1,6028.0
Tamil Nadu,Karur,Kulithalai(Uzhavar Sandhai ),Onion,Bellary,Local,01/02/2026,2026,2,1,Winter,15.6,18.3,51.1,4996.3,5186.2,5100.5
Tamil Nadu,Karur,Kulithalai(Uzhavar Sandhai ),Onion,Bellary,Local,01/03/2026,2026,3,1,Summer,12.5,18.8,48.9,6403.4,6623.5,6489.1
Tamil Nadu,Karur,Kulithalai(Uzhavar Sandhai ),Onion,Bellary,Local,02/08/2026,2026,8,2,Monsoon,200.0,33.2,76.7,8773.0,8938.1,8870.9
Tamil Nadu,Karur,Kulithalai(Uzhavar Sandhai ),Onion,Bellary,Local,02/11/2025,2025,11,2,Post-Monsoon,69.9,19.6,55.2,6312.5,6535.7,6441.0
Tamil Nadu,Karur,Kulithalai(Uzhavar Sandhai ),Onion,Bellary,Local,03/05/2026,2026,5,3,Summer,7.1,29.3,43.8,6469.4,6679.7,6568.3
Tamil Nadu,Karur,Kulithalai(Uzhavar Sandhai ),Onion,Bellary,Local,04/01/2026,2026,1,4,Winter,16.4,19.8,45.2,5124.4,5375.5,5275.1
Tamil Nadu,Karur,Kulithalai(Uzhavar Sandhai ),Onion,Bellary,Local,05/04/2026,2026,4,5,Summer,5.9,24.9,45.9,6150.7,6528.7,6341.8
Tamil Nadu,Karur,Kulithalai(Uzhavar Sandhai ),Onion,Bellary,Local,05/07/2026,2026,7,5,Monsoon,177.9,36.7,74.8,8619.2,8893.3,8785.4
Tamil Nadu,Karur,Kulithalai(Uzhavar Sandhai ),Onion,Bellary,Local,05/10/2025,2025,10,5,Post-Monsoon,36.6,27.4,55.9,5982.6,6327.7,6139.2
Tamil Nadu,Karur,Kulithalai(Uzhavar Sandhai ),Onion,Bellary,Local,06/09/2026,2026,9,6,Monsoon,214.6,29.6,76.6,8562.0,8853.0,8696.4
Tamil Nadu,Karur,Kulithalai(Uzhavar Sandhai ),Onion,Bellary,Local,07/06/2026,2026,6,7,Monsoon,239.4,32.9,85.9,8854.9,9027.1,8927.5
Tamil Nadu,Karur,Kulithalai(Uzhavar Sandhai ),Onion,Bellary,Local,07/12/2025,2025,12,7,Winter,14.3,21.1,48.0,5074.5,5254.4,5166.6
Tamil Nadu,Karur,Kulithalai(Uzhavar Sandhai ),Onion,Bellary,Local,08/02/2026,2026,2,8,Winter,17.6,22.7,46.5,5304.5,5668.4,5504.4
Tamil Nadu,Karur,Kulithalai(Uzhavar Sandhai ),Onion,Bellary,Local,08/03/2026,2026,3,8,Summer,11.5,25.0,47.6,6156.0,6442.8,6295.3
Tamil Nadu,Karur,Kulithalai(Uzhavar Sandhai ),Onion,Bellary,Local,09/08/2026,2026,8,9,Monsoon,137.7,34.6,73.2,9116.9,9303.3,9224.6
Tamil Nadu,Karur,Kulithalai(Uzhavar Sandhai ),Onion,Bellary,Local,09/11/2025,2025,11,9,Post-Monsoon,27.0,22.0,45.0,5791.9,6051.7,5944.0
Tamil Nadu,Karur,Kulithalai(Uzhavar Sandhai ),Onion,Bellary,Local,10/05/2026,2026,5,10,Summer,14.2,32.4,51.4,6819.5,7216.7,7022.1
Tamil Nadu,Karur,Kulithalai(Uzhavar Sandhai ),Onion,Bellary,Local,11/01/2026,2026,1,11,Winter,12.9,18.9,44.1,5530.3,5724.3,5643.2
Tamil Nadu,Karur,Kulithalai(Uzhavar Sandhai ),Onion,Bellary,Local,12/04/2026,2026,4,12,Summer,8.3,25.6,49.3,6329.8,6649.9,6498.5
Tamil Nadu,Karur,Kulithalai(Uzhavar Sandhai ),Onion,Bellary,Local,12/07/2026,2026,7,12,Monsoon,114.1,37.4,65.8,8153.0,8395.0,8302.9
Tamil Nadu,Karur,Kulithalai(Uzhavar Sandhai ),Onion,Bellary,Local,12/10/2025,2025,10,12,Post-Monsoon,38.1,26.1,49.5,5826.3,6044.8,5935.7
Tamil Nadu,Karur,Kulithalai(Uzhavar Sandhai ),Onion,Bellary,Local,13/09/2026,2026,9,13,Monsoon,157.7,30.1,73.1,7869.6,8096.8,8006.9
Tamil Nadu,Karur,Kulithalai(Uzhavar Sandhai ),Onion,Bellary,Local,14/06/2026,2026,6,14,Monsoon,200.4,33.6,73.3,8377.8,8518.4,8449.8
Tamil Nadu,Karur,Kulithalai(Uzhavar Sandhai ),Onion,Bellary,Local,14/12/2025,2025,12,14,Winter,10.2,18.3,46.1,5615.5,5760.1,5697.8
Tamil Nadu,Karur,Kulithalai(Uzhavar Sandhai ),Onion,Bellary,Local,15/02/2026,2026,2,15,Winter,2.1,20.5,44.4,5892.2,6087.0,5994.3
Tamil Nadu,Karur,Kulithalai(Uzhavar Sandhai ),Onion,Bellary,Local,15/03/2026,2026,3,15,Summer,12.0,25.3,48.0,7018.0,7276.2,7152.7
Tamil Nadu,Karur,Kulithalai(Uzhavar Sandhai ),Onion,Bellary,Local,16/08/2026,2026,8,16,Monsoon,178.7,33.1,68.7,8739.9,8897.2,8818.1
Tamil Nadu,Karur,Kulithalai(Uzhavar Sandhai ),Onion,Bellary,Local,16/11/2025,2025,11,16,Post-Monsoon,46.4,22.0,51.6,6027.3,6154.2,6095.1
Tamil Nadu,Karur,Kulithalai(Uzhavar Sandhai ),Onion,Bellary,Local,17/05/2026,2026,5,17,Summer,15.9,30.6,49.5,6898.9,7060.3,6961.9
Tamil Nadu,Karur,Kulithalai(Uzhavar Sandhai ),Onion,Bellary,Local,18/01/2026,2026,1,18,Winter,17.1,19.1,44.7,5160.1,5351.9,5280.7
Tamil Nadu,Karur,Kulithalai(Uzhavar Sandhai ),Onion,Bellary,Local,19/04/2026,2026,4,19,Summer,3.1,26.4,46.6,6496.4,6820.7,6683.7
Tamil Nadu,Karur,Kulithalai(Uzhavar Sandhai ),Onion,Bellary,Local,19/07/2026,2026,7,19,Monsoon,150.8,36.0,68.6,8250.9,8450.4,8340.7
Tamil Nadu,Karur,Kulithalai(Uzhavar Sandhai ),Onion,Bellary,Local,19/10/2025,2025,10,19,Post-Monsoon,24.4,26.8,50.6,5433.9,5649.6,5531.6
Tamil Nadu,Karur,Kulithalai(Uzhavar Sandhai ),Onion,Bellary,Local,20/09/2026,2026,9,20,Monsoon,217.7,31.5,80.7,8635.0,8851.8,8741.9
Tamil Nadu,Karur,Kulithalai(Uzhavar Sandhai ),Onion,Bellary,Local,21/06/2026,2026,6,21,Monsoon,187.9,33.7,78.1,8347.1,8610.0,8476.3
Tamil Nadu,Karur,Kulithalai(Uzhavar Sandhai ),Onion,Bellary,Local,21/12/2025,2025,12,21,Winter,4.9,21.8,43.0,5501.7,5670.2,5592.4
Tamil Nadu,Karur,Kulithalai(Uzhavar Sandhai ),Onion,Bellary,Local,22/02/2026,2026,2,22,Winter,15.4,19.9,44.5,5816.5,5959.2,5885.7
Tamil Nadu,Karur,Kulithalai(Uzhavar Sandhai ),Onion,Bellary,Local,22/03/2026,2026,3,22,Summer,13.8,22.9,48.2,6399.9,6729.0,6570.6
Tamil Nadu,Karur,Kulithalai(Uzhavar Sandhai ),Onion,Bellary,Local,23/08/2026,2026,8,23,Monsoon,160.1,32.1,71.6,7940.8,8213.5,8065.9
Tamil Nadu,Karur,Kulithalai(Uzhavar Sandhai ),Onion,Bellary,Local,23/11/2025,2025,11,23,Post-Monsoon,76.1,20.5,59.1,5945.3,6103.4,6013.2
Tamil Nadu,Karur,Kulithalai(Uzhavar Sandhai ),Onion,Bellary,Local,24/05/2026,2026,5,24,Summer,16.1,29.4,53.7,6257.2,6558.6,6384.4
Tamil Nadu,Karur,Kulithalai(Uzhavar Sandhai ),Onion,Bellary,Local,25/01/2026,2026,1,25,Winter,5.6,21.5,42.5,5282.7,5477.0,5401.3
Tamil Nadu,Karur,Kulithalai(Uzhavar Sandhai ),Onion,Bellary,Local,26/04/2026,2026,4,26,Summer,1.5,26.6,40.4,6646.2,6849.4,6744.7
Tamil Nadu,Karur,Kulithalai(Uzhavar Sandhai ),Onion,Bellary,Local,26/07/2026,2026,7,26,Monsoon,131.7,32.3,66.3,8173.7,8351.8,8249.1
Tamil Nadu,Karur,Kulithalai(Uzhavar Sandhai ),Onion,Bellary,Local,26/10/2025,2025,10,26,Post-Monsoon,20.6,26.0,47.0,5928.5,6157.4,6033.3
Tamil Nadu,Karur,Kulithalai(Uzhavar Sandhai ),Onion,Bellary,Local,28/06/2026,2026,6,28,Monsoon,98.1,34.6,62.2,7226.8,7604.8,7440.4
Tamil Nadu,Karur,Kulithalai(Uzhavar Sandhai ),Onion,Bellary,Local,28/12/2025,2025,12,28,Winter,18.7,21.9,47.3,5470.8,5794.6,5607.8
Tamil Nadu,Karur,Kulithalai(Uzhavar Sandhai ),Onion,Bellary,Local,29/03/2026,2026,3,29,Summer,1.7,22.0,46.9,6181.7,6352.6,6272.4
Tamil Nadu,Karur,Kulithalai(Uzhavar Sandhai ),Onion,Bellary,Local,30/08/2026,2026,8,30,Monsoon,169.9,35.0,74.5,7828.6,8178.8,8018.1
Tamil Nadu,Karur,Kulithalai(Uzhavar Sandhai ),Onion,Bellary,Local,30/11/2025,2025,11,30,Post-Monsoon,23.1,25.2,46.1,5667.6,5878.4,5768.7
Tamil Nadu,Karur,Kulithalai(Uzhavar Sandhai ),Onion,Bellary,Local,31/05/2026,2026,5,31,Summer,7.4,27.0,42.4,6360.0,6608.2,6466.3
Tamil Nadu,Krishnagiri,Avallapalli(Uzhavar Sandhai ),Onion,Bellary,Local,01/02/2026,2026,2,1,Winter,19.4,21.3,44.4,5880.2,6067.9,5988.2
Tamil Nadu,Krishnagiri,Avallapalli(Uzhavar Sandhai ),Onion,Bellary,Local,01/03/2026,2026,3,1,Summer,10.6,22.8,43.6,6495.2,6677.1,6581.7
Tamil Nadu,Krishnagiri,Avallapalli(Uzhavar Sandhai ),Onion,Bellary,Local,02/08/2026,2026,8,2,Monsoon,197.7,34.4,75.0,8344.3,8496.1,8399.6
Tamil Nadu,Krishnagiri,Avallapalli(Uzhavar Sandhai ),Onion,Bellary,Local,02/11/2025,2025,11,2,Post-Monsoon,61.7,22.0,56.0,6353.6,6477.6,6424.6
Tamil Nadu,Krishnagiri,Avallapalli(Uzhavar Sandhai ),Onion,Bellary,Local,03/05/2026,2026,5,3,Summer,4.8,28.5,41.9,6354.5,6519.7,6435.5
Tamil Nadu,Krishnagiri,Avallapalli(Uzhavar Sandhai ),Onion,Bellary,Local,04/01/2026,2026,1,4,Winter,6.9,16.7,52.1,5429.9,5797.0,5639.9
Tamil Nadu,Krishnagiri,Avallapalli(Uzhavar Sandhai ),Onion,Bellary,Local,05/04/2026,2026,4,5,Summer,13.8,27.5,44.0,6699.3,6986.8,6830.9
Tamil Nadu,Krishnagiri,Avallapalli(Uzhavar Sandhai ),Onion,Bellary,Local,05/07/2026,2026,7,5,Monsoon,140.1,36.1,65.3,8697.4,8909.5,8825.4
Tamil Nadu,Krishnagiri,Avallapalli(Uzhavar Sandhai ),Onion,Bellary,Local,05/10/2025,2025,10,5,Post-Monsoon,66.3,27.0,57.0,6381.0,6580.0,6485.0
Tamil Nadu,Krishnagiri,Avallapalli(Uzhavar Sandhai ),Onion,Bellary,Local,06/09/2026,2026,9,6,Monsoon,193.0,31.1,74.3,8331.5,8552.6,8443.9
Tamil Nadu,Krishnagiri,Avallapalli(Uzhavar Sandhai ),Onion,Bellary,Local,07/06/2026,2026,6,7,Monsoon,201.7,33.0,72.5,8850.8,9110.8,8964.3
Tamil Nadu,Krishnagiri,Avallapalli(Uzhavar Sandhai ),Onion,Bellary,Local,07/12/2025,2025,12,7,Winter,6.8,20.2,48.9,5476.0,5779.9,5618.4
Tamil Nadu,Krishnagiri,Avallapalli(Uzhavar Sandhai ),Onion,Bellary,Local,08/02/2026,2026,2,8,Winter,4.7,19.0,39.5,5555.6,5842.7,5708.9
Tamil Nadu,Krishnagiri,Avallapalli(Uzhavar Sandhai ),Onion,Bellary,Local,08/03/2026,2026,3,8,Summer,19.7,23.7,48.6,6652.7,6979.8,6812.9
Tamil Nadu,Krishnagiri,Avallapalli(Uzhavar Sandhai ),Onion,Bellary,Local,09/08/2026,2026,8,9,Monsoon,112.6,34.8,59.7,8030.5,8215.9,8107.1
Tamil Nadu,Krishnagiri,Avallapalli(Uzhavar Sandhai ),Onion,Bellary,Local,09/11/2025,2025,11,9,Post-Monsoon,34.5,26.6,50.5,6210.6,6340.7,6271.3
Tamil Nadu,Krishnagiri,Avallapalli(Uzhavar Sandhai ),Onion,Bellary,Local,10/05/2026,2026,5,10,Summer,12.4,27.6,44.9,6576.6,6768.2,6659.6
Tamil Nadu,Krishnagiri,Avallapalli(Uzhavar Sandhai ),Onion,Bellary,Local,11/01/2026,2026,1,11,Winter,5.5,21.7,48.3,5597.8,5795.7,5696.5
Tamil Nadu,Krishnagiri,Avallapalli(Uzhavar Sandhai ),Onion,Bellary,Local,12/04/2026,2026,4,12,Summer,2.1,28.5,44.6,6477.3,6806.9,6665.9
Tamil Nadu,Krishnagiri,Avallapalli(Uzhavar Sandhai ),Onion,Bellary,Local,12/07/2026,2026,7,12,Monsoon,186.1,34.2,81.4,8355.3,8562.6,8455.3
Tamil Nadu,Krishnagiri,Avallapalli(Uzhavar Sandhai ),Onion,Bellary,Local,12/10/2025,2025,10,12,Post-Monsoon,75.3,28.9,58.5,6029.7,6199.2,6121.4
Tamil Nadu,Krishnagiri,Avallapalli(Uzhavar Sandhai ),Onion,Bellary,Local,13/09/2026,2026,9,13,Monsoon,171.8,31.1,76.2,8410.5,8710.7,8525.1
Tamil Nadu,Krishnagiri,Avallapalli(Uzhavar Sandhai ),Onion,Bellary,Local,14/06/2026,2026,6,14,Monsoon,200.5,33.7,77.6,8540.1,8761.5,8666.2
Tamil Nadu,Krishnagiri,Avallapalli(Uzhavar Sandhai ),Onion,Bellary,Local,14/12/2025,2025,12,14,Winter,1.6,22.0,42.2,5341.8,5670.9,5514.7
Tamil Nadu,Krishnagiri,Avallapalli(Uzhavar Sandhai ),Onion,Bellary,Local,15/02/2026,2026,2,15,Winter,12.3,18.8,48.5,5738.5,6032.6,5887.1
Tamil Nadu,Krishnagiri,Avallapalli(Uzhavar Sandhai ),Onion,Bellary,Local,15/03/2026,2026,3,15,Summer,9.8,21.7,47.8,6190.0,6482.6,6378.1
Tamil Nadu,Krishnagiri,Avallapalli(Uzhavar Sandhai ),Onion,Bellary,Local,16/08/2026,2026,8,16,Monsoon,91.5,33.0,61.7,8380.1,8648.1,8523.9
Tamil Nadu,Krishnagiri,Avallapalli(Uzhavar Sandhai ),Onion,Bellary,Local,16/11/2025,2025,11,16,Post-Monsoon,25.3,25.7,48.2,5995.6,6124.3,6066.7
Tamil Nadu,Krishnagiri,Avallapalli(Uzhavar Sandhai ),Onion,Bellary,Local,17/05/2026,2026,5,17,Summer,7.6,32.7,50.6,5993.2,6280.0,6129.9
Tamil Nadu,Krishnagiri,Avallapalli(Uzhavar Sandhai ),Onion,Bellary,Local,18/01/2026,2026,1,18,Winter,14.7,19.6,45.3,5679.4,5934.9,5781.6
Tamil Nadu,Krishnagiri,Avallapalli(Uzhavar Sandhai ),Onion,Bellary,Local,19/04/2026,2026,4,19,Summer,6.5,29.2,49.2,6572.0,6902.4,6755.7
Tamil Nadu,Krishnagiri,Avallapalli(Uzhavar Sandhai ),Onion,Bellary,Local,19/07/2026,2026,7,19,Monsoon,116.8,36.8,68.6,7742.6,7972.3,7861.1
Tamil Nadu,Krishnagiri,Avallapalli(Uzhavar Sandhai ),Onion,Bellary,Local,19/10/2025,2025,10,19,Post-Monsoon,32.0,26.9,47.9,6011.5,6283.3,6124.0
Tamil Nadu,Krishnagiri,Avallapalli(Uzhavar Sandhai ),Onion,Bellary,Local,20/09/2026,2026,9,20,Monsoon,212.9,31.3,75.9,8694.7,8912.5,8773.0
Tamil Nadu,Krishnagiri,Avallapalli(Uzhavar Sandhai ),Onion,Bellary,Local,21/06/2026,2026,6,21,Monsoon,217.0,33.1,79.9,9135.9,9469.6,9299.8
Tamil Nadu,Krishnagiri,Avallapalli(Uzhavar Sandhai ),Onion,Bellary,Local,21/12/2025,2025,12,21,Winter,11.1,18.7,49.0,5328.0,5529.9,5430.9
Tamil Nadu,Krishnagiri,Avallapalli(Uzhavar Sandhai ),Onion,Bellary,Local,22/02/2026,2026,2,22,Winter,11.7,21.9,46.0,5709.5,5833.7,5777.3
Tamil Nadu,Krishnagiri,Avallapalli(Uzhavar Sandhai ),Onion,Bellary,Local,22/03/2026,2026,3,22,Summer,13.5,24.0,50.4,6508.8,6714.6,6607.5
Tamil Nadu,Krishnagiri,Avallapalli(Uzhavar Sandhai ),Onion,Bellary,Local,23/08/2026,2026,8,23,Monsoon,136.6,34.1,68.9,9042.0,9294.0,9188.2
Tamil Nadu,Krishnagiri,Avallapalli(Uzhavar Sandhai ),Onion,Bellary,Local,23/11/2025,2025,11,23,Post-Monsoon,54.1,24.5,55.5,6048.7,6225.4,6135.2
Tamil Nadu,Krishnagiri,Avallapalli(Uzhavar Sandhai ),Onion,Bellary,Local,24/05/2026,2026,5,24,Summer,16.3,30.6,48.8,6540.9,6685.2,6619.1
Tamil Nadu,Krishnagiri,Avallapalli(Uzhavar Sandhai ),Onion,Bellary,Local,25/01/2026,2026,1,25,Winter,8.9,18.6,39.7,5624.4,5853.0,5728.5
Tamil Nadu,Krishnagiri,Avallapalli(Uzhavar Sandhai ),Onion,Bellary,Local,26/04/2026,2026,4,26,Summer,16.4,27.2,44.5,6194.2,6469.9,6329.1
Tamil Nadu,Krishnagiri,Avallapalli(Uzhavar Sandhai ),Onion,Bellary,Local,26/07/2026,2026,7,26,Monsoon,247.9,35.4,85.9,8962.5,9199.5,9070.1
Tamil Nadu,Krishnagiri,Avallapalli(Uzhavar Sandhai ),Onion,Bellary,Local,26/10/2025,2025,10,26,Post-Monsoon,38.6,26.6,51.1,5994.4,6228.6,6124.0
Tamil Nadu,Krishnagiri,Avallapalli(Uzhavar Sandhai ),Onion,Bellary,Local,28/06/2026,2026,6,28,Monsoon,118.8,34.1,65.5,7816.4,8100.0,7955.9
Tamil Nadu,Krishnagiri,Avallapalli(Uzhavar Sandhai ),Onion,Bellary,Local,28/12/2025,2025,12,28,Winter,5.2,20.9,49.1,5455.7,5771.1,5629.2
Tamil Nadu,Krishnagiri,Avallapalli(Uzhavar Sandhai ),Onion,Bellary,Local,29/03/2026,2026,3,29,Summer,18.9,23.0,54.0,6853.6,7113.6,6944.1
Tamil Nadu,Krishnagiri,Avallapalli(Uzhavar Sandhai ),Onion,Bellary,Local,30/08/2026,2026,8,30,Monsoon,175.6,32.4,75.0,8356.0,8600.5,8494.3
Tamil Nadu,Krishnagiri,Avallapalli(Uzhavar Sandhai ),Onion,Bellary,Local,30/11/2025,2025,11,30,Post-Monsoon,21.9,22.3,53.9,5965.3,6353.2,6154.4
Tamil Nadu,Krishnagiri,Avallapalli(Uzhavar Sandhai ),Onion,Bellary,Local,31/05/2026,2026,5,31,Summer,5.7,31.8,48.8,6324.9,6574.5,6436.9
Tamil Nadu,Krishnagiri,Denkanikottai(Uzhavar Sandhai ),Onion,Bellary,Local,01/02/2026,2026,2,1,Winter,3.0,21.3,45.7,5930.5,6134.7,6030.5
Tamil Nadu,Krishnagiri,Denkanikottai(Uzhavar Sandhai ),Onion,Bellary,Local,01/03/2026,2026,3,1,Summer,12.9,22.2,45.3,6445.8,6809.5,6657.4
Tamil Nadu,Krishnagiri,Denkanikottai(Uzhavar Sandhai ),Onion,Bellary,Local,02/08/2026,2026,8,2,Monsoon,183.7,33.7,75.6,8489.6,8774.9,8674.1
Tamil Nadu,Krishnagiri,Denkanikottai(Uzhavar Sandhai ),Onion,Bellary,Local,02/11/2025,2025,11,2,Post-Monsoon,75.4,26.7,56.2,6103.4,6313.9,6219.1
Tamil Nadu,Krishnagiri,Denkanikottai(Uzhavar Sandhai ),Onion,Bellary,Local,03/05/2026,2026,5,3,Summer,14.5,32.9,46.1,6565.5,6845.9,6727.1
Tamil Nadu,Krishnagiri,Denkanikottai(Uzhavar Sandhai ),Onion,Bellary,Local,04/01/2026,2026,1,4,Winter,2.0,19.0,41.7,5506.7,5729.6,5627.2
Tamil Nadu,Krishnagiri,Denkanikottai(Uzhavar Sandhai ),Onion,Bellary,Local,05/04/2026,2026,4,5,Summer,15.5,25.4,49.0,6630.9,6885.5,6751.2
Tamil Nadu,Krishnagiri,Denkanikottai(Uzhavar Sandhai ),Onion,Bellary,Local,05/07/2026,2026,7,5,Monsoon,222.8,33.4,84.2,8354.8,8581.7,8460.3
Tamil Nadu,Krishnagiri,Denkanikottai(Uzhavar Sandhai ),Onion,Bellary,Local,05/10/2025,2025,10,5,Post-Monsoon,53.2,25.7,48.7,6632.0,6917.9,6792.6
Tamil Nadu,Krishnagiri,Denkanikottai(Uzhavar Sandhai ),Onion,Bellary,Local,06/09/2026,2026,9,6,Monsoon,113.7,29.0,70.4,8300.2,8461.5,8379.5
Tamil Nadu,Krishnagiri,Denkanikottai(Uzhavar Sandhai ),Onion,Bellary,Local,07/06/2026,2026,6,7,Monsoon,178.6,32.7,79.2,9355.3,9669.5,9506.6
Tamil Nadu,Krishnagiri,Denkanikottai(Uzhavar Sandhai ),Onion,Bellary,Local,07/12/2025,2025,12,7,Winter,10.2,19.0,42.0,5749.6,6020.7,5889.8
Tamil Nadu,Krishnagiri,Denkanikottai(Uzhavar Sandhai ),Onion,Bellary,Local,08/02/2026,2026,2,8,Winter,14.3,18.9,51.2,5310.3,5603.8,5481.6
Tamil Nadu,Krishnagiri,Denkanikottai(Uzhavar Sandhai ),Onion,Bellary,Local,08/03/2026,2026,3,8,Summer,19.6,25.2,53.5,6784.4,7016.8,6890.7
Tamil Nadu,Krishnagiri,Denkanikottai(Uzhavar Sandhai ),Onion,Bellary,Local,09/08/2026,2026,8,9,Monsoon,89.7,32.5,56.7,8207.8,8400.9,8288.8
Tamil Nadu,Krishnagiri,Denkanikottai(Uzhavar Sandhai ),Onion,Bellary,Local,09/11/2025,2025,11,9,Post-Monsoon,42.1,23.8,53.3,6099.2,6317.4,6200.8
Tamil Nadu,Krishnagiri,Denkanikottai(Uzhavar Sandhai ),Onion,Bellary,Local,10/05/2026,2026,5,10,Summer,7.1,28.9,47.0,6913.8,7040.7,6993.7
Tamil Nadu,Krishnagiri,Denkanikottai(Uzhavar Sandhai ),Onion,Bellary,Local,11/01/2026,2026,1,11,Winter,7.5,17.7,39.4,5523.4,5885.2,5731.8
Tamil Nadu,Krishnagiri,Denkanikottai(Uzhavar Sandhai ),Onion,Bellary,Local,12/04/2026,2026,4,12,Summer,2.6,27.0,47.9,6639.8,6844.0,6731.7
Tamil Nadu,Krishnagiri,Denkanikottai(Uzhavar Sandhai ),Onion,Bellary,Local,12/07/2026,2026,7,12,Monsoon,136.9,34.2,69.2,7734.6,8045.3,7880.1
Tamil Nadu,Krishnagiri,Denkanikottai(Uzhavar Sandhai ),Onion,Bellary,Local,12/10/2025,2025,10,12,Post-Monsoon,79.5,25.3,56.6,6400.3,6737.1,6528.5
Tamil Nadu,Krishnagiri,Denkanikottai(Uzhavar Sandhai ),Onion,Bellary,Local,13/09/2026,2026,9,13,Monsoon,118.3,31.5,65.8,8103.7,8333.5,8236.4
Tamil Nadu,Krishnagiri,Denkanikottai(Uzhavar Sandhai ),Onion,Bellary,Local,14/06/2026,2026,6,14,Monsoon,125.9,33.9,69.1,8645.8,8970.0,8821.2
Tamil Nadu,Krishnagiri,Denkanikottai(Uzhavar Sandhai ),Onion,Bellary,Local,14/12/2025,2025,12,14,Winter,2.6,19.9,48.4,5386.2,5657.1,5525.2
Tamil Nadu,Krishnagiri,Denkanikottai(Uzhavar Sandhai ),Onion,Bellary,Local,15/02/2026,2026,2,15,Winter,3.5,18.1,46.4,5355.5,5589.4,5484.9
Tamil Nadu,Krishnagiri,Denkanikottai(Uzhavar Sandhai ),Onion,Bellary,Local,15/03/2026,2026,3,15,Summer,18.6,23.9,46.2,6230.6,6466.9,6342.0
Tamil Nadu,Krishnagiri,Denkanikottai(Uzhavar Sandhai ),Onion,Bellary,Local,16/08/2026,2026,8,16,Monsoon,156.5,33.6,68.5,8574.2,8725.5,8668.9
Tamil Nadu,Krishnagiri,Denkanikottai(Uzhavar Sandhai ),Onion,Bellary,Local,16/11/2025,2025,11,16,Post-Monsoon,46.4,23.4,50.0,6239.2,6446.7,6347.2
Tamil Nadu,Krishnagiri,Denkanikottai(Uzhavar Sandhai ),Onion,Bellary,Local,17/05/2026,2026,5,17,Summer,14.9,28.8,44.1,6318.2,6690.8,6539.3
Tamil Nadu,Krishnagiri,Denkanikottai(Uzhavar Sandhai ),Onion,Bellary,Local,18/01/2026,2026,1,18,Winter,13.8,19.3,42.4,5497.6,5815.3,5609.8
Tamil Nadu,Krishnagiri,Denkanikottai(Uzhavar Sandhai ),Onion,Bellary,Local,19/04/2026,2026,4,19,Summer,14.7,30.5,50.6,6005.5,6316.8,6153.1
Tamil Nadu,Krishnagiri,Denkanikottai(Uzhavar Sandhai ),Onion,Bellary,Local,19/07/2026,2026,7,19,Monsoon,228.4,35.3,80.4,9207.7,9517.1,9361.1
Tamil Nadu,Krishnagiri,Denkanikottai(Uzhavar Sandhai ),Onion,Bellary,Local,19/10/2025,2025,10,19,Post-Monsoon,42.8,27.9,53.6,5977.7,6193.5,6066.0
Tamil Nadu,Krishnagiri,Denkanikottai(Uzhavar Sandhai ),Onion,Bellary,Local,20/09/2026,2026,9,20,Monsoon,226.2,30.6,81.6,9261.5,9412.0,9336.1
Tamil Nadu,Krishnagiri,Denkanikottai(Uzhavar Sandhai ),Onion,Bellary,Local,21/06/2026,2026,6,21,Monsoon,154.8,33.0,68.5,8269.6,8448.7,8354.0
Tamil Nadu,Krishnagiri,Denkanikottai(Uzhavar Sandhai ),Onion,Bellary,Local,21/12/2025,2025,12,21,Winter,15.4,18.3,47.4,5589.1,5774.0,5671.8
Tamil Nadu,Krishnagiri,Denkanikottai(Uzhavar Sandhai ),Onion,Bellary,Local,22/02/2026,2026,2,22,Winter,1.6,21.0,49.2,5264.3,5447.7,5351.7
Tamil Nadu,Krishnagiri,Denkanikottai(Uzhavar Sandhai ),Onion,Bellary,Local,22/03/2026,2026,3,22,Summer,18.9,22.3,47.0,6622.7,6912.5,6742.8
Tamil Nadu,Krishnagiri,Denkanikottai(Uzhavar Sandhai ),Onion,Bellary,Local,23/08/2026,2026,8,23,Monsoon,170.5,31.3,69.2,8697.0,8957.1,8865.5
Tamil Nadu,Krishnagiri,Denkanikottai(Uzhavar Sandhai ),Onion,Bellary,Local,23/11/2025,2025,11,23,Post-Monsoon,66.8,21.1,53.6,6191.7,6521.0,6318.2
Tamil Nadu,Krishnagiri,Denkanikottai(Uzhavar Sandhai ),Onion,Bellary,Local,24/05/2026,2026,5,24,Summer,9.0,29.8,48.2,6586.8,6837.7,6711.3
Tamil Nadu,Krishnagiri,Denkanikottai(Uzhavar Sandhai ),Onion,Bellary,Local,25/01/2026,2026,1,25,Winter,9.2,21.1,50.1,5642.4,5877.7,5739.5
Tamil Nadu,Krishnagiri,Denkanikottai(Uzhavar Sandhai ),Onion,Bellary,Local,26/04/2026,2026,4,26,Summer,12.7,27.1,45.2,6692.5,6872.2,6772.9
Tamil Nadu,Krishnagiri,Denkanikottai(Uzhavar Sandhai ),Onion,Bellary,Local,26/07/2026,2026,7,26,Monsoon,102.7,35.3,60.3,7144.4,7436.0,7320.4
Tamil Nadu,Krishnagiri,Denkanikottai(Uzhavar Sandhai ),Onion,Bellary,Local,26/10/2025,2025,10,26,Post-Monsoon,40.8,26.6,51.7,6101.1,6420.6,6221.9
Tamil Nadu,Krishnagiri,Denkanikottai(Uzhavar Sandhai ),Onion,Bellary,Local,28/06/2026,2026,6,28,Monsoon,181.7,34.2,75.8,9406.6,9669.3,9522.8
Tamil Nadu,Krishnagiri,Denkanikottai(Uzhavar Sandhai ),Onion,Bellary,Local,28/12/2025,2025,12,28,Winter,15.2,20.2,44.1,5358.2,5642.2,5483.4
Tamil Nadu,Krishnagiri,Denkanikottai(Uzhavar Sandhai ),Onion,Bellary,Local,29/03/2026,2026,3,29,Summer,17.2,22.8,50.3,6311.6,6595.6,6458.1
Tamil Nadu,Krishnagiri,Denkanikottai(Uzhavar Sandhai ),Onion,Bellary,Local,30/08/2026,2026,8,30,Monsoon,151.2,34.1,71.8,8167.6,8512.8,8316.6
Tamil Nadu,Krishnagiri,Denkanikottai(Uzhavar Sandhai ),Onion,Bellary,Local,30/11/2025,2025,11,30,Post-Monsoon,79.0,22.2,56.4,6223.5,6368.4,6312.5
Tamil Nadu,Krishnagiri,Denkanikottai(Uzhavar Sandhai ),Onion,Bellary,Local,31/05/2026,2026,5,31,Summer,13.9,32.7,45.5,6568.8,6788.2,6701.9
Tamil Nadu,Krishnagiri,Hosur(Uzhavar Sandhai ),Onion,Bellary,Local,01/02/2026,2026,2,1,Winter,10.3,21.1,55.5,5610.7,5887.1,5717.8
Tamil Nadu,Krishnagiri,Hosur(Uzhavar Sandhai ),Onion,Bellary,Local,01/03/2026,2026,3,1,Summer,0.1,23.1,42.5,6212.9,6550.4,6366.3
Tamil Nadu,Krishnagiri,Hosur(Uzhavar Sandhai ),Onion,Bellary,Local,02/08/2026,2026,8,2,Monsoon,81.4,31.9,58.6,7773.9,7989.3,7891.5
Tamil Nadu,Krishnagiri,Hosur(Uzhavar Sandhai ),Onion,Bellary,Local,02/11/2025,2025,11,2,Post-Monsoon,64.5,21.9,54.9,6181.9,6428.3,6309.6
Tamil Nadu,Krishnagiri,Hosur(Uzhavar Sandhai ),Onion,Bellary,Local,03/05/2026,2026,5,3,Summer,1.4,29.3,40.1,6237.1,6440.6,6347.4
Tamil Nadu,Krishnagiri,Hosur(Uzhavar Sandhai ),Onion,Bellary,Local,04/01/2026,2026,1,4,Winter,16.2,17.5,49.0,5900.0,6154.8,6027.6
Tamil Nadu,Krishnagiri,Hosur(Uzhavar Sandhai ),Onion,Bellary,Local,05/04/2026,2026,4,5,Summer,0.2,26.9,44.7,6423.4,6616.2,6529.6
Tamil Nadu,Krishnagiri,Hosur(Uzhavar Sandhai ),Onion,Bellary,Local,05/07/2026,2026,7,5,Monsoon,215.3,32.7,86.7,8804.0,9032.5,8915.4
Tamil Nadu,Krishnagiri,Hosur(Uzhavar Sandhai ),Onion,Bellary,Local,05/10/2025,2025,10,5,Post-Monsoon,65.9,26.7,52.2,6542.0,6878.9,6711.7
Tamil Nadu,Krishnagiri,Hosur(Uzhavar Sandhai ),Onion,Bellary,Local,06/09/2026,2026,9,6,Monsoon,168.6,27.7,67.9,8890.6,9260.4,9062.9
Tamil Nadu,Krishnagiri,Hosur(Uzhavar Sandhai ),Onion,Bellary,Local,07/06/2026,2026,6,7,Monsoon,185.3,34.7,78.3,8715.7,9100.2,8923.7
Tamil Nadu,Krishnagiri,Hosur(Uzhavar Sandhai ),Onion,Bellary,Local,07/12/2025,2025,12,7,Winter,12.7,21.6,48.7,5422.5,5607.4,5519.4
Tamil Nadu,Krishnagiri,Hosur(Uzhavar Sandhai ),Onion,Bellary,Local,08/02/2026,2026,2,8,Winter,5.3,20.9,43.4,5939.1,6109.8,6031.7
Tamil Nadu,Krishnagiri,Hosur(Uzhavar Sandhai ),Onion,Bellary,Local,08/03/2026,2026,3,8,Summer,16.8,23.4,45.9,5812.7,5988.5,5912.4
Tamil Nadu,Krishnagiri,Hosur(Uzhavar Sandhai ),Onion,Bellary,Local,09/08/2026,2026,8,9,Monsoon,127.4,32.1,64.9,8350.9,8488.8,8434.6
Tamil Nadu,Krishnagiri,Hosur(Uzhavar Sandhai ),Onion,Bellary,Local,09/11/2025,2025,11,9,Post-Monsoon,26.6,24.2,52.5,5604.9,5795.0,5704.3
Tamil Nadu,Krishnagiri,Hosur(Uzhavar Sandhai ),Onion,Bellary,Local,10/05/2026,2026,5,10,Summer,1.9,29.6,41.4,6354.6,6527.4,6438.9
Tamil Nadu,Krishnagiri,Hosur(Uzhavar Sandhai ),Onion,Bellary,Local,11/01/2026,2026,1,11,Winter,11.1,18.1,51.1,5882.1,6043.1,5970.0
Tamil Nadu,Krishnagiri,Hosur(Uzhavar Sandhai ),Onion,Bellary,Local,12/04/2026,2026,4,12,Summer,9.4,29.0,49.0,6438.4,6774.5,6617.7
Tamil Nadu,Krishnagiri,Hosur(Uzhavar Sandhai ),Onion,Bellary,Local,12/07/2026,2026,7,12,Monsoon,244.0,31.3,89.7,9473.1,9705.1,9599.3
Tamil Nadu,Krishnagiri,Hosur(Uzhavar Sandhai ),Onion,Bellary,Local,12/10/2025,2025,10,12,Post-Monsoon,24.9,23.5,46.5,5966.0,6192.5,6087.5
Tamil Nadu,Krishnagiri,Hosur(Uzhavar Sandhai ),Onion,Bellary,Local,13/09/2026,2026,9,13,Monsoon,107.2,29.7,61.3,7966.3,8289.9,8140.8
Tamil Nadu,Krishnagiri,Hosur(Uzhavar Sandhai ),Onion,Bellary,Local,14/06/2026,2026,6,14,Monsoon,249.3,32.6,84.7,8889.5,9210.7,9007.2
Tamil Nadu,Krishnagiri,Hosur(Uzhavar Sandhai ),Onion,Bellary,Local,14/12/2025,2025,12,14,Winter,15.6,19.8,49.4,5018.4,5250.7,5151.1
Tamil Nadu,Krishnagiri,Hosur(Uzhavar Sandhai ),Onion,Bellary,Local,15/02/2026,2026,2,15,Winter,7.0,19.7,42.8,5592.0,5819.7,5717.5
Tamil Nadu,Krishnagiri,Hosur(Uzhavar Sandhai ),Onion,Bellary,Local,15/03/2026,2026,3,15,Summer,13.4,23.5,44.6,6193.7,6484.9,6340.7
Tamil Nadu,Krishnagiri,Hosur(Uzhavar Sandhai ),Onion,Bellary,Local,16/08/2026,2026,8,16,Monsoon,160.9,33.3,73.9,8797.9,9177.2,9004.5
Tamil Nadu,Krishnagiri,Hosur(Uzhavar Sandhai ),Onion,Bellary,Local,16/11/2025,2025,11,16,Post-Monsoon,25.1,20.9,51.4,5923.8,6158.1,6028.4
Tamil Nadu,Krishnagiri,Hosur(Uzhavar Sandhai ),Onion,Bellary,Local,17/05/2026,2026,5,17,Summer,9.8,32.1,49.4,6340.1,6513.2,6428.0
Tamil Nadu,Krishnagiri,Hosur(Uzhavar Sandhai ),Onion,Bellary,Local,18/01/2026,2026,1,18,Winter,18.5,16.0,49.9,5499.7,5753.9,5608.5
Tamil Nadu,Krishnagiri,Hosur(Uzhavar Sandhai ),Onion,Bellary,Local,19/04/2026,2026,4,19,Summer,8.8,26.9,40.6,6354.8,6693.1,6528.6
Tamil Nadu,Krishnagiri,Hosur(Uzhavar Sandhai ),Onion,Bellary,Local,19/07/2026,2026,7,19,Monsoon,205.4,35.5,78.4,9396.8,9660.5,9542.2
Tamil Nadu,Krishnagiri,Hosur(Uzhavar Sandhai ),Onion,Bellary,Local,19/10/2025,2025,10,19,Post-Monsoon,35.4,29.5,51.1,5709.4,5953.1,5842.5
Tamil Nadu,Krishnagiri,Hosur(Uzhavar Sandhai ),Onion,Bellary,Local,20/09/2026,2026,9,20,Monsoon,207.0,29.0,78.0,8861.2,9148.6,9003.8
Tamil Nadu,Krishnagiri,Hosur(Uzhavar Sandhai ),Onion,Bellary,Local,21/06/2026,2026,6,21,Monsoon,140.2,32.2,65.6,8669.1,8900.9,8761.2
Tamil Nadu,Krishnagiri,Hosur(Uzhavar Sandhai ),Onion,Bellary,Local,21/12/2025,2025,12,21,Winter,5.1,19.6,50.8,5272.0,5442.7,5365.3
Tamil Nadu,Krishnagiri,Hosur(Uzhavar Sandhai ),Onion,Bellary,Local,22/02/2026,2026,2,22,Winter,19.4,19.3,47.5,5646.0,5834.8,5755.1
Tamil Nadu,Krishnagiri,Hosur(Uzhavar Sandhai ),Onion,Bellary,Local,22/03/2026,2026,3,22,Summer,11.8,21.3,48.5,6991.3,7233.2,7112.0
Tamil Nadu,Krishnagiri,Hosur(Uzhavar Sandhai ),Onion,Bellary,Local,23/08/2026,2026,8,23,Monsoon,241.9,33.4,82.7,9675.3,9921.8,9778.7
Tamil Nadu,Krishnagiri,Hosur(Uzhavar Sandhai ),Onion,Bellary,Local,23/11/2025,2025,11,23,Post-Monsoon,32.2,26.1,51.0,6106.3,6377.0,6236.8
Tamil Nadu,Krishnagiri,Hosur(Uzhavar Sandhai ),Onion,Bellary,Local,24/05/2026,2026,5,24,Summer,10.9,30.3,47.5,6243.8,6591.3,6394.7
Tamil Nadu,Krishnagiri,Hosur(Uzhavar Sandhai ),Onion,Bellary,Local,25/01/2026,2026,1,25,Winter,5.9,20.6,47.1,5225.1,5564.4,5409.3
Tamil Nadu,Krishnagiri,Hosur(Uzhavar Sandhai ),Onion,Bellary,Local,26/04/2026,2026,4,26,Summer,9.3,27.2,47.3,6438.2,6664.9,6570.6
Tamil Nadu,Krishnagiri,Hosur(Uzhavar Sandhai ),Onion,Bellary,Local,26/07/2026,2026,7,26,Monsoon,238.6,36.2,82.9,9431.2,9651.9,9547.2
Tamil Nadu,Krishnagiri,Hosur(Uzhavar Sandhai ),Onion,Bellary,Local,26/10/2025,2025,10,26,Post-Monsoon,27.9,31.2,48.4,5803.9,5912.7,5856.3
Tamil Nadu,Krishnagiri,Hosur(Uzhavar Sandhai ),Onion,Bellary,Local,28/06/2026,2026,6,28,Monsoon,90.6,31.4,57.9,8317.7,8560.3,8431.2
Tamil Nadu,Krishnagiri,Hosur(Uzhavar Sandhai ),Onion,Bellary,Local,28/12/2025,2025,12,28,Winter,16.6,19.3,49.8,5409.9,5529.6,5468.6
Tamil Nadu,Krishnagiri,Hosur(Uzhavar Sandhai ),Onion,Bellary,Local,29/03/2026,2026,3,29,Summer,4.4,21.4,47.6,6029.9,6213.3,6140.4
Tamil Nadu,Krishnagiri,Hosur(Uzhavar Sandhai ),Onion,Bellary,Local,30/08/2026,2026,8,30,Monsoon,124.7,32.9,63.8,8219.5,8498.3,8337.0
Tamil Nadu,Krishnagiri,Hosur(Uzhavar Sandhai ),Onion,Bellary,Local,30/11/2025,2025,11,30,Post-Monsoon,48.7,24.2,50.0,5705.0,5960.9,5850.8
Tamil Nadu,Krishnagiri,Hosur(Uzhavar Sandhai ),Onion,Bellary,Local,31/05/2026,2026,5,31,Summer,1.7,30.7,46.4,6236.1,6519.8,6366.2
Tamil Nadu,Krishnagiri,Kaveripattinam(Uzhavar Sandhai ),Onion,Bellary,Local,01/02/2026,2026,2,1,Winter,13.3,22.2,44.5,4657.1,4975.7,4827.5
Tamil Nadu,Krishnagiri,Kaveripattinam(Uzhavar Sandhai ),Onion,Bellary,Local,01/03/2026,2026,3,1,Summer,13.6,22.8,46.7,5236.5,5432.8,5339.2
Tamil Nadu,Krishnagiri,Kaveripattinam(Uzhavar Sandhai ),Onion,Bellary,Local,02/08/2026,2026,8,2,Monsoon,241.7,33.1,85.4,7586.1,7722.7,7654.2
Tamil Nadu,Krishnagiri,Kaveripattinam(Uzhavar Sandhai ),Onion,Bellary,Local,02/11/2025,2025,11,2,Post-Monsoon,45.0,25.7,52.9,4599.1,4906.4,4759.2
Tamil Nadu,Krishnagiri,Kaveripattinam(Uzhavar Sandhai ),Onion,Bellary,Local,03/05/2026,2026,5,3,Summer,6.6,31.4,43.2,5296.8,5493.1,5393.3
Tamil Nadu,Krishnagiri,Kaveripattinam(Uzhavar Sandhai ),Onion,Bellary,Local,04/01/2026,2026,1,4,Winter,1.3,19.3,49.8,4251.1,4481.9,4362.9
Tamil Nadu,Krishnagiri,Kaveripattinam(Uzhavar Sandhai ),Onion,Bellary,Local,05/04/2026,2026,4,5,Summer,9.2,26.9,50.8,5308.3,5525.3,5393.4
Tamil Nadu,Krishnagiri,Kaveripattinam(Uzhavar Sandhai ),Onion,Bellary,Local,05/07/2026,2026,7,5,Monsoon,105.2,36.1,61.5,6976.1,7235.3,7104.9
Tamil Nadu,Krishnagiri,Kaveripattinam(Uzhavar Sandhai ),Onion,Bellary,Local,05/10/2025,2025,10,5,Post-Monsoon,62.0,25.8,60.6,4798.0,5065.5,4957.7
Tamil Nadu,Krishnagiri,Kaveripattinam(Uzhavar Sandhai ),Onion,Bellary,Local,06/09/2026,2026,9,6,Monsoon,235.4,30.3,78.6,7163.2,7472.1,7283.8
Tamil Nadu,Krishnagiri,Kaveripattinam(Uzhavar Sandhai ),Onion,Bellary,Local,07/06/2026,2026,6,7,Monsoon,193.0,33.5,71.1,6130.7,6402.0,6223.2
Tamil Nadu,Krishnagiri,Kaveripattinam(Uzhavar Sandhai ),Onion,Bellary,Local,07/12/2025,2025,12,7,Winter,11.7,18.8,44.6,4544.1,4686.1,4633.2
Tamil Nadu,Krishnagiri,Kaveripattinam(Uzhavar Sandhai ),Onion,Bellary,Local,08/02/2026,2026,2,8,Winter,7.8,21.9,47.1,4337.7,4655.0,4464.9
Tamil Nadu,Krishnagiri,Kaveripattinam(Uzhavar Sandhai ),Onion,Bellary,Local,08/03/2026,2026,3,8,Summer,0.4,21.0,42.8,5232.9,5520.8,5377.7
Tamil Nadu,Krishnagiri,Kaveripattinam(Uzhavar Sandhai ),Onion,Bellary,Local,09/08/2026,2026,8,9,Monsoon,177.1,33.7,71.0,6915.5,7164.9,7016.8
Tamil Nadu,Krishnagiri,Kaveripattinam(Uzhavar Sandhai ),Onion,Bellary,Local,09/11/2025,2025,11,9,Post-Monsoon,59.3,21.7,50.6,4905.7,5199.5,5078.6
Tamil Nadu,Krishnagiri,Kaveripattinam(Uzhavar Sandhai ),Onion,Bellary,Local,10/05/2026,2026,5,10,Summer,13.4,30.3,45.3,5129.1,5472.3,5265.9
Tamil Nadu,Krishnagiri,Kaveripattinam(Uzhavar Sandhai ),Onion,Bellary,Local,11/01/2026,2026,1,11,Winter,10.6,19.0,45.1,4393.3,4617.7,4516.2
Tamil Nadu,Krishnagiri,Kaveripattinam(Uzhavar Sandhai ),Onion,Bellary,Local,12/04/2026,2026,4,12,Summer,6.7,28.5,43.7,5185.4,5350.4,5287.3
Tamil Nadu,Krishnagiri,Kaveripattinam(Uzhavar Sandhai ),Onion,Bellary,Local,12/07/2026,2026,7,12,Monsoon,209.0,35.0,75.6,6625.2,6984.0,6777.6
Tamil Nadu,Krishnagiri,Kaveripattinam(Uzhavar Sandhai ),Onion,Bellary,Local,12/10/2025,2025,10,12,Post-Monsoon,79.0,27.3,56.3,5203.7,5505.4,5391.3
Tamil Nadu,Krishnagiri,Kaveripattinam(Uzhavar Sandhai ),Onion,Bellary,Local,13/09/2026,2026,9,13,Monsoon,142.5,29.2,71.7,6887.9,7074.7,6989.2
Tamil Nadu,Krishnagiri,Kaveripattinam(Uzhavar Sandhai ),Onion,Bellary,Local,14/06/2026,2026,6,14,Monsoon,201.8,32.1,73.4,7034.2,7186.7,7119.5
Tamil Nadu,Krishnagiri,Kaveripattinam(Uzhavar Sandhai ),Onion,Bellary,Local,14/12/2025,2025,12,14,Winter,2.1,20.9,42.1,3851.2,4152.1,4029.6
Tamil Nadu,Krishnagiri,Kaveripattinam(Uzhavar Sandhai ),Onion,Bellary,Local,15/02/2026,2026,2,15,Winter,11.8,19.5,46.8,4758.0,4936.6,4833.5
Tamil Nadu,Krishnagiri,Kaveripattinam(Uzhavar Sandhai ),Onion,Bellary,Local,15/03/2026,2026,3,15,Summer,0.2,21.7,44.5,4793.5,5232.6,5025.9
Tamil Nadu,Krishnagiri,Kaveripattinam(Uzhavar Sandhai ),Onion,Bellary,Local,16/08/2026,2026,8,16,Monsoon,166.2,32.8,71.6,6608.3,6851.2,6729.4
Tamil Nadu,Krishnagiri,Kaveripattinam(Uzhavar Sandhai ),Onion,Bellary,Local,16/11/2025,2025,11,16,Post-Monsoon,58.2,23.4,59.6,5213.7,5361.5,5287.3
Tamil Nadu,Krishnagiri,Kaveripattinam(Uzhavar Sandhai ),Onion,Bellary,Local,17/05/2026,2026,5,17,Summer,18.3,31.7,46.5,5101.1,5331.8,5226.4
Tamil Nadu,Krishnagiri,Kaveripattinam(Uzhavar Sandhai ),Onion,Bellary,Local,18/01/2026,2026,1,18,Winter,13.3,18.5,47.1,4527.9,4686.1,4620.8
Tamil Nadu,Krishnagiri,Kaveripattinam(Uzhavar Sandhai ),Onion,Bellary,Local,19/04/2026,2026,4,19,Summer,3.9,25.3,43.5,5199.8,5475.8,5347.7
Tamil Nadu,Krishnagiri,Kaveripattinam(Uzhavar Sandhai ),Onion,Bellary,Local,19/07/2026,2026,7,19,Monsoon,249.4,36.0,88.3,7180.4,7419.1,7300.2
Tamil Nadu,Krishnagiri,Kaveripattinam(Uzhavar Sandhai ),Onion,Bellary,Local,19/10/2025,2025,10,19,Post-Monsoon,69.3,26.7,55.8,4650.8,4885.5,4773.5
Tamil Nadu,Krishnagiri,Kaveripattinam(Uzhavar Sandhai ),Onion,Bellary,Local,20/09/2026,2026,9,20,Monsoon,227.8,31.6,78.4,7452.5,7705.3,7551.5
Tamil Nadu,Krishnagiri,Kaveripattinam(Uzhavar Sandhai ),Onion,Bellary,Local,21/06/2026,2026,6,21,Monsoon,119.0,35.9,58.9,6890.2,7203.6,7024.0
Tamil Nadu,Krishnagiri,Kaveripattinam(Uzhavar Sandhai ),Onion,Bellary,Local,21/12/2025,2025,12,21,Winter,4.5,19.1,44.6,4586.4,4794.9,4702.2
Tamil Nadu,Krishnagiri,Kaveripattinam(Uzhavar Sandhai ),Onion,Bellary,Local,22/02/2026,2026,2,22,Winter,14.3,18.1,52.4,4909.1,5096.7,5003.6
Tamil Nadu,Krishnagiri,Kaveripattinam(Uzhavar Sandhai ),Onion,Bellary,Local,22/03/2026,2026,3,22,Summer,19.4,24.5,47.2,5164.0,5358.8,5232.6
Tamil Nadu,Krishnagiri,Kaveripattinam(Uzhavar Sandhai ),Onion,Bellary,Local,23/08/2026,2026,8,23,Monsoon,82.6,36.8,57.2,6218.8,6538.4,6369.9
Tamil Nadu,Krishnagiri,Kaveripattinam(Uzhavar Sandhai ),Onion,Bellary,Local,23/11/2025,2025,11,23,Post-Monsoon,56.1,21.9,50.9,4790.9,5130.0,4997.0
Tamil Nadu,Krishnagiri,Kaveripattinam(Uzhavar Sandhai ),Onion,Bellary,Local,24/05/2026,2026,5,24,Summer,11.5,32.0,54.9,5371.0,5648.2,5534.9
Tamil Nadu,Krishnagiri,Kaveripattinam(Uzhavar Sandhai ),Onion,Bellary,Local,25/01/2026,2026,1,25,Winter,1.8,18.0,45.7,4702.1,4867.2,4797.7
Tamil Nadu,Krishnagiri,Kaveripattinam(Uzhavar Sandhai ),Onion,Bellary,Local,26/04/2026,2026,4,26,Summer,2.7,27.3,44.9,5543.8,5799.9,5655.6
Tamil Nadu,Krishnagiri,Kaveripattinam(Uzhavar Sandhai ),Onion,Bellary,Local,26/07/2026,2026,7,26,Monsoon,196.9,34.8,81.4,7027.8,7223.4,7114.0
Tamil Nadu,Krishnagiri,Kaveripattinam(Uzhavar Sandhai ),Onion,Bellary,Local,26/10/2025,2025,10,26,Post-Monsoon,58.8,27.1,55.0,4941.7,5306.6,5146.5
Tamil Nadu,Krishnagiri,Kaveripattinam(Uzhavar Sandhai ),Onion,Bellary,Local,28/06/2026,2026,6,28,Monsoon,97.2,36.0,67.2,6832.7,7029.8,6917.9
Tamil Nadu,Krishnagiri,Kaveripattinam(Uzhavar Sandhai ),Onion,Bellary,Local,28/12/2025,2025,12,28,Winter,6.5,18.7,51.0,4320.7,4566.1,4405.1
Tamil Nadu,Krishnagiri,Kaveripattinam(Uzhavar Sandhai ),Onion,Bellary,Local,29/03/2026,2026,3,29,Summer,1.2,23.6,46.8,5169.7,5292.3,5224.4
Tamil Nadu,Krishnagiri,Kaveripattinam(Uzhavar Sandhai ),Onion,Bellary,Local,30/08/2026,2026,8,30,Monsoon,205.9,33.4,81.0,7437.1,7603.9,7528.9
Tamil Nadu,Krishnagiri,Kaveripattinam(Uzhavar Sandhai ),Onion,Bellary,Local,30/11/2025,2025,11,30,Post-Monsoon,35.9,22.3,48.8,4512.8,4874.5,4686.3
Tamil Nadu,Krishnagiri,Kaveripattinam(Uzhavar Sandhai ),Onion,Bellary,Local,31/05/2026,2026,5,31,Summer,12.6,33.0,47.8,5619.0,5858.1,5747.0
Tamil Nadu,Krishnagiri,Krishnagiri(Uzhavar Sandhai ),Onion,Bellary,Local,01/02/2026,2026,2,1,Winter,6.0,17.6,47.2,5142.2,5316.1,5240.1
Tamil Nadu,Krishnagiri,Krishnagiri(Uzhavar Sandhai ),Onion,Bellary,Local,01/03/2026,2026,3,1,Summer,4.6,24.2,44.4,5873.3,6125.3,5962.3
Tamil Nadu,Krishnagiri,Krishnagiri(Uzhavar Sandhai ),Onion,Bellary,Local,02/08/2026,2026,8,2,Monsoon,207.6,30.7,80.9,8366.7,8589.9,8449.1
Tamil Nadu,Krishnagiri,Krishnagiri(Uzhavar Sandhai ),Onion,Bellary,Local,02/11/2025,2025,11,2,Post-Monsoon,26.0,22.2,47.1,5753.1,6001.3,5893.8
Tamil Nadu,Krishnagiri,Krishnagiri(Uzhavar Sandhai ),Onion,Bellary,Local,03/05/2026,2026,5,3,Summer,17.8,32.3,47.6,5992.0,6112.4,6056.9
Tamil Nadu,Krishnagiri,Krishnagiri(Uzhavar Sandhai ),Onion,Bellary,Local,04/01/2026,2026,1,4,Winter,5.0,17.2,42.0,4786.7,5037.3,4909.2
Tamil Nadu,Krishnagiri,Krishnagiri(Uzhavar Sandhai ),Onion,Bellary,Local,05/04/2026,2026,4,5,Summer,13.6,27.0,46.5,5914.6,6069.9,5993.6
Tamil Nadu,Krishnagiri,Krishnagiri(Uzhavar Sandhai ),Onion,Bellary,Local,05/07/2026,2026,7,5,Monsoon,206.7,34.8,73.5,8261.4,8436.3,8338.2
Tamil Nadu,Krishnagiri,Krishnagiri(Uzhavar Sandhai ),Onion,Bellary,Local,05/10/2025,2025,10,5,Post-Monsoon,20.2,27.2,50.6,5545.3,5862.9,5746.4
Tamil Nadu,Krishnagiri,Krishnagiri(Uzhavar Sandhai ),Onion,Bellary,Local,06/09/2026,2026,9,6,Monsoon,228.9,30.7,80.0,8130.2,8274.7,8220.4
Tamil Nadu,Krishnagiri,Krishnagiri(Uzhavar Sandhai ),Onion,Bellary,Local,07/06/2026,2026,6,7,Monsoon,172.6,30.4,71.9,8200.8,8357.2,8288.6
Tamil Nadu,Krishnagiri,Krishnagiri(Uzhavar Sandhai ),Onion,Bellary,Local,07/12/2025,2025,12,7,Winter,18.2,20.8,50.8,5099.2,5210.0,5150.3
Tamil Nadu,Krishnagiri,Krishnagiri(Uzhavar Sandhai ),Onion,Bellary,Local,08/02/2026,2026,2,8,Winter,16.1,19.6,50.3,5129.6,5444.5,5289.1
Tamil Nadu,Krishnagiri,Krishnagiri(Uzhavar Sandhai ),Onion,Bellary,Local,08/03/2026,2026,3,8,Summer,11.8,22.9,48.1,5625.6,5814.7,5717.0
Tamil Nadu,Krishnagiri,Krishnagiri(Uzhavar Sandhai ),Onion,Bellary,Local,09/08/2026,2026,8,9,Monsoon,86.0,35.9,57.7,7594.6,7880.4,7773.3
Tamil Nadu,Krishnagiri,Krishnagiri(Uzhavar Sandhai ),Onion,Bellary,Local,09/11/2025,2025,11,9,Post-Monsoon,66.1,23.0,53.6,5547.0,5764.2,5654.8
Tamil Nadu,Krishnagiri,Krishnagiri(Uzhavar Sandhai ),Onion,Bellary,Local,10/05/2026,2026,5,10,Summer,5.0,30.7,48.9,6149.0,6305.2,6219.1
Tamil Nadu,Krishnagiri,Krishnagiri(Uzhavar Sandhai ),Onion,Bellary,Local,11/01/2026,2026,1,11,Winter,7.3,18.7,46.1,4889.0,5087.5,4992.1
Tamil Nadu,Krishnagiri,Krishnagiri(Uzhavar Sandhai ),Onion,Bellary,Local,12/04/2026,2026,4,12,Summer,3.9,26.5,44.3,6148.5,6320.0,6245.6
Tamil Nadu,Krishnagiri,Krishnagiri(Uzhavar Sandhai ),Onion,Bellary,Local,12/07/2026,2026,7,12,Monsoon,146.5,33.9,69.3,7711.2,8124.8,7919.3
Tamil Nadu,Krishnagiri,Krishnagiri(Uzhavar Sandhai ),Onion,Bellary,Local,12/10/2025,2025,10,12,Post-Monsoon,33.9,27.5,56.3,5439.6,5738.7,5595.2
Tamil Nadu,Krishnagiri,Krishnagiri(Uzhavar Sandhai ),Onion,Bellary,Local,13/09/2026,2026,9,13,Monsoon,174.6,29.8,70.5,8005.9,8402.1,8187.4
Tamil Nadu,Krishnagiri,Krishnagiri(Uzhavar Sandhai ),Onion,Bellary,Local,14/06/2026,2026,6,14,Monsoon,199.1,34.5,76.5,8529.4,8780.9,8656.1
Tamil Nadu,Krishnagiri,Krishnagiri(Uzhavar Sandhai ),Onion,Bellary,Local,14/12/2025,2025,12,14,Winter,11.0,19.6,48.2,4855.1,5110.5,4996.5
Tamil Nadu,Krishnagiri,Krishnagiri(Uzhavar Sandhai ),Onion,Bellary,Local,15/02/2026,2026,2,15,Winter,11.5,19.8,48.3,4988.0,5299.8,5141.6
Tamil Nadu,Krishnagiri,Krishnagiri(Uzhavar Sandhai ),Onion,Bellary,Local,15/03/2026,2026,3,15,Summer,17.5,21.1,44.3,6041.7,6328.3,6165.9
Tamil Nadu,Krishnagiri,Krishnagiri(Uzhavar Sandhai ),Onion,Bellary,Local,16/08/2026,2026,8,16,Monsoon,176.4,35.1,75.6,8673.7,9040.5,8861.1
Tamil Nadu,Krishnagiri,Krishnagiri(Uzhavar Sandhai ),Onion,Bellary,Local,16/11/2025,2025,11,16,Post-Monsoon,75.4,25.3,57.4,5229.3,5446.6,5320.1
Tamil Nadu,Krishnagiri,Krishnagiri(Uzhavar Sandhai ),Onion,Bellary,Local,17/05/2026,2026,5,17,Summer,4.8,28.6,45.5,6356.9,6672.2,6557.4
Tamil Nadu,Krishnagiri,Krishnagiri(Uzhavar Sandhai ),Onion,Bellary,Local,18/01/2026,2026,1,18,Winter,8.7,18.4,45.5,5113.2,5414.3,5248.6
Tamil Nadu,Krishnagiri,Krishnagiri(Uzhavar Sandhai ),Onion,Bellary,Local,19/04/2026,2026,4,19,Summer,5.3,28.0,49.6,5945.5,6340.3,6140.9
Tamil Nadu,Krishnagiri,Krishnagiri(Uzhavar Sandhai ),Onion,Bellary,Local,19/07/2026,2026,7,19,Monsoon,163.2,34.0,72.1,8314.3,8600.2,8455.5
Tamil Nadu,Krishnagiri,Krishnagiri(Uzhavar Sandhai ),Onion,Bellary,Local,19/10/2025,2025,10,19,Post-Monsoon,57.3,26.3,48.4,5690.8,5822.3,5766.8
Tamil Nadu,Krishnagiri,Krishnagiri(Uzhavar Sandhai ),Onion,Bellary,Local,20/09/2026,2026,9,20,Monsoon,127.8,32.8,70.4,7899.8,8187.2,8039.8
Tamil Nadu,Krishnagiri,Krishnagiri(Uzhavar Sandhai ),Onion,Bellary,Local,21/06/2026,2026,6,21,Monsoon,191.8,34.5,82.2,8460.7,8715.6,8597.3
Tamil Nadu,Krishnagiri,Krishnagiri(Uzhavar Sandhai ),Onion,Bellary,Local,21/12/2025,2025,12,21,Winter,7.4,19.8,45.4,5254.8,5537.2,5351.1
Tamil Nadu,Krishnagiri,Krishnagiri(Uzhavar Sandhai ),Onion,Bellary,Local,22/02/2026,2026,2,22,Winter,3.0,19.9,41.6,5035.0,5324.8,5144.6
Tamil Nadu,Krishnagiri,Krishnagiri(Uzhavar Sandhai ),Onion,Bellary,Local,22/03/2026,2026,3,22,Summer,3.4,22.6,39.6,5963.0,6135.9,6065.4
Tamil Nadu,Krishnagiri,Krishnagiri(Uzhavar Sandhai ),Onion,Bellary,Local,23/08/2026,2026,8,23,Monsoon,140.2,34.6,67.3,7745.5,7876.7,7806.7
Tamil Nadu,Krishnagiri,Krishnagiri(Uzhavar Sandhai ),Onion,Bellary,Local,23/11/2025,2025,11,23,Post-Monsoon,40.4,20.1,47.2,5646.2,5955.0,5786.0
Tamil Nadu,Krishnagiri,Krishnagiri(Uzhavar Sandhai ),Onion,Bellary,Local,24/05/2026,2026,5,24,Summer,6.7,29.7,44.7,6096.4,6307.7,6221.5
Tamil Nadu,Krishnagiri,Krishnagiri(Uzhavar Sandhai ),Onion,Bellary,Local,25/01/2026,2026,1,25,Winter,14.3,18.2,48.2,5235.1,5442.8,5330.6
Tamil Nadu,Krishnagiri,Krishnagiri(Uzhavar Sandhai ),Onion,Bellary,Local,26/04/2026,2026,4,26,Summer,4.8,26.6,45.6,5893.0,6064.8,5968.5
Tamil Nadu,Krishnagiri,Krishnagiri(Uzhavar Sandhai ),Onion,Bellary,Local,26/07/2026,2026,7,26,Monsoon,123.1,34.6,64.4,7962.4,8161.9,8075.7
Tamil Nadu,Krishnagiri,Krishnagiri(Uzhavar Sandhai ),Onion,Bellary,Local,26/10/2025,2025,10,26,Post-Monsoon,32.7,24.1,45.5,5571.7,5832.3,5664.7
Tamil Nadu,Krishnagiri,Krishnagiri(Uzhavar Sandhai ),Onion,Bellary,Local,28/06/2026,2026,6,28,Monsoon,244.0,32.7,86.1,8550.3,8700.3,8622.0
Tamil Nadu,Krishnagiri,Krishnagiri(Uzhavar Sandhai ),Onion,Bellary,Local,28/12/2025,2025,12,28,Winter,2.0,20.4,42.0,5234.8,5464.2,5357.3
Tamil Nadu,Krishnagiri,Krishnagiri(Uzhavar Sandhai ),Onion,Bellary,Local,29/03/2026,2026,3,29,Summer,13.8,23.3,40.7,6294.3,6532.6,6408.1
Tamil Nadu,Krishnagiri,Krishnagiri(Uzhavar Sandhai ),Onion,Bellary,Local,30/08/2026,2026,8,30,Monsoon,89.1,33.2,59.9,7313.1,7650.6,7485.8
Tamil Nadu,Krishnagiri,Krishnagiri(Uzhavar Sandhai ),Onion,Bellary,Local,30/11/2025,2025,11,30,Post-Monsoon,58.5,23.3,54.2,5515.9,5804.3,5656.3
Tamil Nadu,Krishnagiri,Krishnagiri(Uzhavar Sandhai ),Onion,Bellary,Local,31/05/2026,2026,5,31,Summer,11.1,32.1,47.8,6334.1,6530.7,6442.3
Tamil Nadu,Madurai,Anaiyur(Uzhavar Sandhai ),Onion,Bellary,Local,01/02/2026,2026,2,1,Winter,2.8,19.9,41.1,5297.6,5579.7,5469.2
Tamil Nadu,Madurai,Anaiyur(Uzhavar Sandhai ),Onion,Bellary,Local,01/03/2026,2026,3,1,Summer,5.5,22.3,41.2,6533.7,6877.9,6702.1
Tamil Nadu,Madurai,Anaiyur(Uzhavar Sandhai ),Onion,Bellary,Local,02/08/2026,2026,8,2,Monsoon,90.0,32.8,60.4,8202.9,8412.3,8294.8
Tamil Nadu,Madurai,Anaiyur(Uzhavar Sandhai ),Onion,Bellary,Local,02/11/2025,2025,11,2,Post-Monsoon,34.4,21.5,50.9,5807.8,6142.7,6008.5
Tamil Nadu,Madurai,Anaiyur(Uzhavar Sandhai ),Onion,Bellary,Local,03/05/2026,2026,5,3,Summer,9.1,30.7,45.2,6202.3,6365.4,6280.4
Tamil Nadu,Madurai,Anaiyur(Uzhavar Sandhai ),Onion,Bellary,Local,04/01/2026,2026,1,4,Winter,8.2,19.0,47.8,5544.3,5732.6,5659.2
Tamil Nadu,Madurai,Anaiyur(Uzhavar Sandhai ),Onion,Bellary,Local,05/04/2026,2026,4,5,Summer,19.0,24.3,53.9,6229.8,6498.3,6329.2
Tamil Nadu,Madurai,Anaiyur(Uzhavar Sandhai ),Onion,Bellary,Local,05/07/2026,2026,7,5,Monsoon,199.0,34.1,76.7,8409.6,8599.5,8489.3
Tamil Nadu,Madurai,Anaiyur(Uzhavar Sandhai ),Onion,Bellary,Local,05/10/2025,2025,10,5,Post-Monsoon,32.7,27.8,49.6,5691.7,5930.9,5821.9
Tamil Nadu,Madurai,Anaiyur(Uzhavar Sandhai ),Onion,Bellary,Local,06/09/2026,2026,9,6,Monsoon,109.3,33.4,61.0,8904.6,9042.6,8973.7
Tamil Nadu,Madurai,Anaiyur(Uzhavar Sandhai ),Onion,Bellary,Local,07/06/2026,2026,6,7,Monsoon,83.3,35.7,55.8,7768.9,7905.8,7833.2
Tamil Nadu,Madurai,Anaiyur(Uzhavar Sandhai ),Onion,Bellary,Local,07/12/2025,2025,12,7,Winter,8.6,18.1,44.7,5540.7,5903.3,5730.0
Tamil Nadu,Madurai,Anaiyur(Uzhavar Sandhai ),Onion,Bellary,Local,08/02/2026,2026,2,8,Winter,19.1,21.1,52.3,5311.8,5628.2,5429.9
Tamil Nadu,Madurai,Anaiyur(Uzhavar Sandhai ),Onion,Bellary,Local,08/03/2026,2026,3,8,Summer,5.6,23.0,44.5,6407.1,6580.9,6503.3
Tamil Nadu,Madurai,Anaiyur(Uzhavar Sandhai ),Onion,Bellary,Local,09/08/2026,2026,8,9,Monsoon,209.2,33.9,78.4,9282.6,9551.0,9410.8
Tamil Nadu,Madurai,Anaiyur(Uzhavar Sandhai ),Onion,Bellary,Local,09/11/2025,2025,11,9,Post-Monsoon,35.5,23.1,57.1,5815.0,5992.6,5921.7
Tamil Nadu,Madurai,Anaiyur(Uzhavar Sandhai ),Onion,Bellary,Local,10/05/2026,2026,5,10,Summer,16.4,31.0,49.8,6330.7,6619.5,6454.4
Tamil Nadu,Madurai,Anaiyur(Uzhavar Sandhai ),Onion,Bellary,Local,11/01/2026,2026,1,11,Winter,2.9,15.9,46.7,5804.9,5992.3,5883.7
Tamil Nadu,Madurai,Anaiyur(Uzhavar Sandhai ),Onion,Bellary,Local,12/04/2026,2026,4,12,Summer,3.5,25.8,43.0,6773.0,6978.9,6869.5
Tamil Nadu,Madurai,Anaiyur(Uzhavar Sandhai ),Onion,Bellary,Local,12/07/2026,2026,7,12,Monsoon,177.9,35.8,74.5,8958.1,9210.5,9076.3
Tamil Nadu,Madurai,Anaiyur(Uzhavar Sandhai ),Onion,Bellary,Local,12/10/2025,2025,10,12,Post-Monsoon,71.0,28.1,60.6,6637.0,6814.2,6720.2
Tamil Nadu,Madurai,Anaiyur(Uzhavar Sandhai ),Onion,Bellary,Local,13/09/2026,2026,9,13,Monsoon,240.3,31.5,81.3,8759.3,8983.1,8872.7
Tamil Nadu,Madurai,Anaiyur(Uzhavar Sandhai ),Onion,Bellary,Local,14/06/2026,2026,6,14,Monsoon,239.8,34.3,79.9,9316.3,9469.2,9388.4
Tamil Nadu,Madurai,Anaiyur(Uzhavar Sandhai ),Onion,Bellary,Local,14/12/2025,2025,12,14,Winter,3.8,20.0,43.0,5215.5,5584.8,5394.1
Tamil Nadu,Madurai,Anaiyur(Uzhavar Sandhai ),Onion,Bellary,Local,15/02/2026,2026,2,15,Winter,10.1,19.9,45.9,5717.7,5951.8,5863.9
Tamil Nadu,Madurai,Anaiyur(Uzhavar Sandhai ),Onion,Bellary,Local,15/03/2026,2026,3,15,Summer,18.0,23.7,49.0,6452.9,6681.4,6543.6
Tamil Nadu,Madurai,Anaiyur(Uzhavar Sandhai ),Onion,Bellary,Local,16/08/2026,2026,8,16,Monsoon,219.0,33.7,82.7,8489.5,8651.5,8585.2
Tamil Nadu,Madurai,Anaiyur(Uzhavar Sandhai ),Onion,Bellary,Local,16/11/2025,2025,11,16,Post-Monsoon,20.3,21.5,48.4,5691.2,6014.0,5847.5
Tamil Nadu,Madurai,Anaiyur(Uzhavar Sandhai ),Onion,Bellary,Local,17/05/2026,2026,5,17,Summer,14.0,31.5,48.4,6319.7,6453.0,6371.2
Tamil Nadu,Madurai,Anaiyur(Uzhavar Sandhai ),Onion,Bellary,Local,18/01/2026,2026,1,18,Winter,18.7,18.8,44.3,5706.9,5998.7,5882.6
Tamil Nadu,Madurai,Anaiyur(Uzhavar Sandhai ),Onion,Bellary,Local,19/04/2026,2026,4,19,Summer,14.5,25.9,43.9,6638.9,6940.2,6763.8
Tamil Nadu,Madurai,Anaiyur(Uzhavar Sandhai ),Onion,Bellary,Local,19/07/2026,2026,7,19,Monsoon,123.6,34.0,63.3,9082.1,9443.7,9259.1
Tamil Nadu,Madurai,Anaiyur(Uzhavar Sandhai ),Onion,Bellary,Local,19/10/2025,2025,10,19,Post-Monsoon,48.4,25.9,47.9,6147.8,6424.8,6287.3
Tamil Nadu,Madurai,Anaiyur(Uzhavar Sandhai ),Onion,Bellary,Local,20/09/2026,2026,9,20,Monsoon,93.8,31.3,65.7,8272.1,8391.8,8332.7
Tamil Nadu,Madurai,Anaiyur(Uzhavar Sandhai ),Onion,Bellary,Local,21/06/2026,2026,6,21,Monsoon,191.7,33.2,77.7,8828.1,9040.2,8921.1
Tamil Nadu,Madurai,Anaiyur(Uzhavar Sandhai ),Onion,Bellary,Local,21/12/2025,2025,12,21,Winter,12.2,20.4,54.1,5570.8,5904.8,5759.2
Tamil Nadu,Madurai,Anaiyur(Uzhavar Sandhai ),Onion,Bellary,Local,22/02/2026,2026,2,22,Winter,1.1,19.4,44.0,5043.2,5424.1,5245.7
Tamil Nadu,Madurai,Anaiyur(Uzhavar Sandhai ),Onion,Bellary,Local,22/03/2026,2026,3,22,Summer,13.1,24.6,49.4,6733.3,6957.4,6853.0
Tamil Nadu,Madurai,Anaiyur(Uzhavar Sandhai ),Onion,Bellary,Local,23/08/2026,2026,8,23,Monsoon,224.9,35.6,76.5,8948.8,9118.2,9035.6
Tamil Nadu,Madurai,Anaiyur(Uzhavar Sandhai ),Onion,Bellary,Local,23/11/2025,2025,11,23,Post-Monsoon,31.2,23.8,51.1,5789.8,5973.6,5878.7
Tamil Nadu,Madurai,Anaiyur(Uzhavar Sandhai ),Onion,Bellary,Local,24/05/2026,2026,5,24,Summer,3.7,29.5,42.0,6108.0,6255.7,6184.0
Tamil Nadu,Madurai,Anaiyur(Uzhavar Sandhai ),Onion,Bellary,Local,25/01/2026,2026,1,25,Winter,10.0,17.9,48.4,5362.7,5547.9,5445.5
Tamil Nadu,Madurai,Anaiyur(Uzhavar Sandhai ),Onion,Bellary,Local,26/04/2026,2026,4,26,Summer,7.2,28.0,41.4,6339.1,6470.9,6415.9
Tamil Nadu,Madurai,Anaiyur(Uzhavar Sandhai ),Onion,Bellary,Local,26/07/2026,2026,7,26,Monsoon,129.0,36.2,70.3,7654.5,7806.7,7725.0
Tamil Nadu,Madurai,Anaiyur(Uzhavar Sandhai ),Onion,Bellary,Local,26/10/2025,2025,10,26,Post-Monsoon,49.7,24.8,51.1,6055.9,6279.6,6134.8
Tamil Nadu,Madurai,Anaiyur(Uzhavar Sandhai ),Onion,Bellary,Local,28/06/2026,2026,6,28,Monsoon,156.7,33.4,73.4,8954.1,9318.6,9142.2
Tamil Nadu,Madurai,Anaiyur(Uzhavar Sandhai ),Onion,Bellary,Local,28/12/2025,2025,12,28,Winter,12.7,20.3,50.0,5994.3,6257.4,6094.2
Tamil Nadu,Madurai,Anaiyur(Uzhavar Sandhai ),Onion,Bellary,Local,29/03/2026,2026,3,29,Summer,4.9,20.1,46.3,6743.0,6984.8,6828.0
Tamil Nadu,Madurai,Anaiyur(Uzhavar Sandhai ),Onion,Bellary,Local,30/08/2026,2026,8,30,Monsoon,221.4,34.3,83.9,9338.3,9587.7,9455.1
Tamil Nadu,Madurai,Anaiyur(Uzhavar Sandhai ),Onion,Bellary,Local,30/11/2025,2025,11,30,Post-Monsoon,33.8,24.2,50.0,6002.9,6227.0,6116.1
Tamil Nadu,Madurai,Anaiyur(Uzhavar Sandhai ),Onion,Bellary,Local,31/05/2026,2026,5,31,Summer,9.0,31.7,49.9,6536.1,6747.0,6634.6
Tamil Nadu,Madurai,Anna nagar(Uzhavar Sandhai ),Onion,Bellary,Local,01/02/2026,2026,2,1,Winter,19.1,21.1,46.8,6905.9,7067.4,6987.6
Tamil Nadu,Madurai,Anna nagar(Uzhavar Sandhai ),Onion,Bellary,Local,01/03/2026,2026,3,1,Summer,2.5,22.6,44.4,7992.1,8353.2,8167.8
Tamil Nadu,Madurai,Anna nagar(Uzhavar Sandhai ),Onion,Bellary,Local,02/08/2026,2026,8,2,Monsoon,106.2,33.5,58.7,9884.6,10193.4,10020.2
Tamil Nadu,Madurai,Anna nagar(Uzhavar Sandhai ),Onion,Bellary,Local,02/11/2025,2025,11,2,Post-Monsoon,61.6,23.9,56.1,7097.2,7429.6,7238.6
Tamil Nadu,Madurai,Anna nagar(Uzhavar Sandhai ),Onion,Bellary,Local,03/05/2026,2026,5,3,Summer,11.4,30.9,49.7,7800.5,8165.8,7997.9
Tamil Nadu,Madurai,Anna nagar(Uzhavar Sandhai ),Onion,Bellary,Local,04/01/2026,2026,1,4,Winter,12.4,19.9,52.0,6675.1,6989.8,6825.4
Tamil Nadu,Madurai,Anna nagar(Uzhavar Sandhai ),Onion,Bellary,Local,05/04/2026,2026,4,5,Summer,2.8,25.3,40.6,7909.8,8164.9,8035.2
Tamil Nadu,Madurai,Anna nagar(Uzhavar Sandhai ),Onion,Bellary,Local,05/07/2026,2026,7,5,Monsoon,143.3,32.6,64.0,9954.1,10251.8,10080.4
Tamil Nadu,Madurai,Anna nagar(Uzhavar Sandhai ),Onion,Bellary,Local,05/10/2025,2025,10,5,Post-Monsoon,67.6,26.0,58.0,7413.8,7711.0,7595.3
Tamil Nadu,Madurai,Anna nagar(Uzhavar Sandhai ),Onion,Bellary,Local,06/09/2026,2026,9,6,Monsoon,109.5,29.5,57.3,10264.0,10430.6,10334.6
Tamil Nadu,Madurai,Anna nagar(Uzhavar Sandhai ),Onion,Bellary,Local,07/06/2026,2026,6,7,Monsoon,203.3,31.2,78.2,10403.8,10768.0,10611.8
Tamil Nadu,Madurai,Anna nagar(Uzhavar Sandhai ),Onion,Bellary,Local,07/12/2025,2025,12,7,Winter,1.0,18.9,45.7,6737.0,6893.0,6823.2
Tamil Nadu,Madurai,Anna nagar(Uzhavar Sandhai ),Onion,Bellary,Local,08/02/2026,2026,2,8,Winter,11.5,22.3,48.4,6332.1,6691.0,6475.4
Tamil Nadu,Madurai,Anna nagar(Uzhavar Sandhai ),Onion,Bellary,Local,08/03/2026,2026,3,8,Summer,10.6,22.2,46.0,7777.1,7965.8,7875.6
Tamil Nadu,Madurai,Anna nagar(Uzhavar Sandhai ),Onion,Bellary,Local,09/08/2026,2026,8,9,Monsoon,88.1,36.4,56.9,9780.5,10051.9,9927.0
Tamil Nadu,Madurai,Anna nagar(Uzhavar Sandhai ),Onion,Bellary,Local,09/11/2025,2025,11,9,Post-Monsoon,63.7,25.3,50.3,7323.1,7508.2,7397.3
Tamil Nadu,Madurai,Anna nagar(Uzhavar Sandhai ),Onion,Bellary,Local,10/05/2026,2026,5,10,Summer,7.6,31.3,45.9,7927.1,8184.3,8050.6
Tamil Nadu,Madurai,Anna nagar(Uzhavar Sandhai ),Onion,Bellary,Local,11/01/2026,2026,1,11,Winter,17.5,16.1,43.3,6805.6,6952.7,6900.8
Tamil Nadu,Madurai,Anna nagar(Uzhavar Sandhai ),Onion,Bellary,Local,12/04/2026,2026,4,12,Summer,7.2,27.0,48.6,7132.7,7540.3,7353.9
Tamil Nadu,Madurai,Anna nagar(Uzhavar Sandhai ),Onion,Bellary,Local,12/07/2026,2026,7,12,Monsoon,208.6,32.6,82.3,10911.4,11108.6,11011.2
Tamil Nadu,Madurai,Anna nagar(Uzhavar Sandhai ),Onion,Bellary,Local,12/10/2025,2025,10,12,Post-Monsoon,45.1,26.8,48.3,7294.8,7525.1,7420.7
Tamil Nadu,Madurai,Anna nagar(Uzhavar Sandhai ),Onion,Bellary,Local,13/09/2026,2026,9,13,Monsoon,91.4,29.9,58.9,9365.9,9611.9,9495.5
Tamil Nadu,Madurai,Anna nagar(Uzhavar Sandhai ),Onion,Bellary,Local,14/06/2026,2026,6,14,Monsoon,203.7,32.2,76.2,10033.4,10352.1,10163.5
Tamil Nadu,Madurai,Anna nagar(Uzhavar Sandhai ),Onion,Bellary,Local,14/12/2025,2025,12,14,Winter,4.7,20.5,42.7,6604.4,6812.7,6720.3
Tamil Nadu,Madurai,Anna nagar(Uzhavar Sandhai ),Onion,Bellary,Local,15/02/2026,2026,2,15,Winter,2.4,20.1,47.7,6649.6,6922.5,6799.2
Tamil Nadu,Madurai,Anna nagar(Uzhavar Sandhai ),Onion,Bellary,Local,15/03/2026,2026,3,15,Summer,8.2,23.1,48.1,7551.7,7859.6,7702.6
Tamil Nadu,Madurai,Anna nagar(Uzhavar Sandhai ),Onion,Bellary,Local,16/08/2026,2026,8,16,Monsoon,162.0,33.0,68.9,11183.0,11439.7,11322.6
Tamil Nadu,Madurai,Anna nagar(Uzhavar Sandhai ),Onion,Bellary,Local,16/11/2025,2025,11,16,Post-Monsoon,50.3,23.7,53.1,6930.3,7169.7,7059.9
Tamil Nadu,Madurai,Anna nagar(Uzhavar Sandhai ),Onion,Bellary,Local,17/05/2026,2026,5,17,Summer,9.4,34.2,42.5,7999.3,8163.1,8099.4
Tamil Nadu,Madurai,Anna nagar(Uzhavar Sandhai ),Onion,Bellary,Local,18/01/2026,2026,1,18,Winter,15.0,21.2,47.8,6497.4,6684.1,6600.0
Tamil Nadu,Madurai,Anna nagar(Uzhavar Sandhai ),Onion,Bellary,Local,19/04/2026,2026,4,19,Summer,16.8,24.8,48.1,8616.4,8877.0,8739.2
Tamil Nadu,Madurai,Anna nagar(Uzhavar Sandhai ),Onion,Bellary,Local,19/07/2026,2026,7,19,Monsoon,108.1,34.0,60.2,10001.2,10257.4,10123.9
Tamil Nadu,Madurai,Anna nagar(Uzhavar Sandhai ),Onion,Bellary,Local,19/10/2025,2025,10,19,Post-Monsoon,66.9,26.3,58.4,7339.6,7499.1,7423.7
Tamil Nadu,Madurai,Anna nagar(Uzhavar Sandhai ),Onion,Bellary,Local,20/09/2026,2026,9,20,Monsoon,189.5,30.3,76.3,10615.3,10932.3,10782.2
Tamil Nadu,Madurai,Anna nagar(Uzhavar Sandhai ),Onion,Bellary,Local,21/06/2026,2026,6,21,Monsoon,186.5,33.6,81.0,10654.6,10807.2,10738.1
Tamil Nadu,Madurai,Anna nagar(Uzhavar Sandhai ),Onion,Bellary,Local,21/12/2025,2025,12,21,Winter,0.7,18.2,48.2,6384.1,6613.6,6496.5
Tamil Nadu,Madurai,Anna nagar(Uzhavar Sandhai ),Onion,Bellary,Local,22/02/2026,2026,2,22,Winter,12.6,19.4,49.4,6716.6,7153.2,6939.1
Tamil Nadu,Madurai,Anna nagar(Uzhavar Sandhai ),Onion,Bellary,Local,22/03/2026,2026,3,22,Summer,1.8,20.9,44.9,7816.9,8112.9,7976.0
Tamil Nadu,Madurai,Anna nagar(Uzhavar Sandhai ),Onion,Bellary,Local,23/08/2026,2026,8,23,Monsoon,116.4,35.1,65.6,10082.8,10357.9,10251.6
Tamil Nadu,Madurai,Anna nagar(Uzhavar Sandhai ),Onion,Bellary,Local,23/11/2025,2025,11,23,Post-Monsoon,54.3,20.2,54.7,7434.5,7607.4,7528.6
Tamil Nadu,Madurai,Anna nagar(Uzhavar Sandhai ),Onion,Bellary,Local,24/05/2026,2026,5,24,Summer,4.1,29.5,47.0,7795.0,8020.2,7903.2
Tamil Nadu,Madurai,Anna nagar(Uzhavar Sandhai ),Onion,Bellary,Local,25/01/2026,2026,1,25,Winter,11.3,17.6,46.7,6930.1,7270.0,7125.5
Tamil Nadu,Madurai,Anna nagar(Uzhavar Sandhai ),Onion,Bellary,Local,26/04/2026,2026,4,26,Summer,7.3,28.8,46.0,7821.5,8128.0,7999.4
Tamil Nadu,Madurai,Anna nagar(Uzhavar Sandhai ),Onion,Bellary,Local,26/07/2026,2026,7,26,Monsoon,229.1,34.8,84.9,10755.1,11045.4,10896.0
Tamil Nadu,Madurai,Anna nagar(Uzhavar Sandhai ),Onion,Bellary,Local,26/10/2025,2025,10,26,Post-Monsoon,74.5,27.4,52.8,7163.9,7395.1,7284.1
Tamil Nadu,Madurai,Anna nagar(Uzhavar Sandhai ),Onion,Bellary,Local,28/06/2026,2026,6,28,Monsoon,239.8,35.1,80.0,10843.6,11188.2,11032.6
Tamil Nadu,Madurai,Anna nagar(Uzhavar Sandhai ),Onion,Bellary,Local,28/12/2025,2025,12,28,Winter,14.3,19.2,46.2,6109.4,6355.0,6238.2
Tamil Nadu,Madurai,Anna nagar(Uzhavar Sandhai ),Onion,Bellary,Local,29/03/2026,2026,3,29,Summer,13.0,21.3,48.2,7877.6,8239.9,8046.9
Tamil Nadu,Madurai,Anna nagar(Uzhavar Sandhai ),Onion,Bellary,Local,30/08/2026,2026,8,30,Monsoon,117.4,33.9,67.2,9546.9,9754.6,9675.0
Tamil Nadu,Madurai,Anna nagar(Uzhavar Sandhai ),Onion,Bellary,Local,30/11/2025,2025,11,30,Post-Monsoon,37.7,23.0,49.1,6748.0,7040.7,6919.8
Tamil Nadu,Madurai,Anna nagar(Uzhavar Sandhai ),Onion,Bellary,Local,31/05/2026,2026,5,31,Summer,9.5,30.3,51.5,7627.7,7780.8,7718.2
Tamil Nadu,Madurai,Chokkikulam(Uzhavar Sandhai ),Onion,Bellary,Local,01/02/2026,2026,2,1,Winter,3.6,20.3,44.6,5035.4,5302.6,5193.2
Tamil Nadu,Madurai,Chokkikulam(Uzhavar Sandhai ),Onion,Bellary,Local,01/03/2026,2026,3,1,Summer,9.8,25.1,42.7,5997.3,6298.8,6143.4
Tamil Nadu,Madurai,Chokkikulam(Uzhavar Sandhai ),Onion,Bellary,Local,02/08/2026,2026,8,2,Monsoon,163.0,35.9,69.8,7759.0,7936.8,7857.5
Tamil Nadu,Madurai,Chokkikulam(Uzhavar Sandhai ),Onion,Bellary,Local,02/11/2025,2025,11,2,Post-Monsoon,62.9,22.7,54.4,6035.1,6209.5,6120.8
Tamil Nadu,Madurai,Chokkikulam(Uzhavar Sandhai ),Onion,Bellary,Local,03/05/2026,2026,5,3,Summer,9.3,30.9,49.7,6018.0,6294.8,6137.0
Tamil Nadu,Madurai,Chokkikulam(Uzhavar Sandhai ),Onion,Bellary,Local,04/01/2026,2026,1,4,Winter,8.6,17.6,41.2,4853.4,5002.2,4913.0
Tamil Nadu,Madurai,Chokkikulam(Uzhavar Sandhai ),Onion,Bellary,Local,05/04/2026,2026,4,5,Summer,2.8,26.6,47.1,5641.2,5803.9,5732.2
Tamil Nadu,Madurai,Chokkikulam(Uzhavar Sandhai ),Onion,Bellary,Local,05/07/2026,2026,7,5,Monsoon,241.8,33.5,87.3,8582.6,8699.4,8639.5
Tamil Nadu,Madurai,Chokkikulam(Uzhavar Sandhai ),Onion,Bellary,Local,05/10/2025,2025,10,5,Post-Monsoon,31.7,26.6,44.7,5160.3,5499.7,5338.4
Tamil Nadu,Madurai,Chokkikulam(Uzhavar Sandhai ),Onion,Bellary,Local,06/09/2026,2026,9,6,Monsoon,85.6,30.2,54.5,7347.2,7710.2,7514.3
Tamil Nadu,Madurai,Chokkikulam(Uzhavar Sandhai ),Onion,Bellary,Local,07/06/2026,2026,6,7,Monsoon,201.0,36.5,75.1,8187.9,8532.4,8400.6
Tamil Nadu,Madurai,Chokkikulam(Uzhavar Sandhai ),Onion,Bellary,Local,07/12/2025,2025,12,7,Winter,7.3,19.9,51.0,5066.3,5288.5,5146.9
Tamil Nadu,Madurai,Chokkikulam(Uzhavar Sandhai ),Onion,Bellary,Local,08/02/2026,2026,2,8,Winter,3.7,17.6,43.4,4890.5,5127.2,5022.0
Tamil Nadu,Madurai,Chokkikulam(Uzhavar Sandhai ),Onion,Bellary,Local,08/03/2026,2026,3,8,Summer,17.4,24.1,50.7,5496.3,5626.6,5550.2
Tamil Nadu,Madurai,Chokkikulam(Uzhavar Sandhai ),Onion,Bellary,Local,09/08/2026,2026,8,9,Monsoon,225.8,34.5,81.3,8063.3,8316.1,8222.3
Tamil Nadu,Madurai,Chokkikulam(Uzhavar Sandhai ),Onion,Bellary,Local,09/11/2025,2025,11,9,Post-Monsoon,35.5,25.5,51.6,5205.3,5374.7,5301.2
Tamil Nadu,Madurai,Chokkikulam(Uzhavar Sandhai ),Onion,Bellary,Local,10/05/2026,2026,5,10,Summer,11.7,31.6,45.2,6153.9,6292.8,6209.4
Tamil Nadu,Madurai,Chokkikulam(Uzhavar Sandhai ),Onion,Bellary,Local,11/01/2026,2026,1,11,Winter,10.9,18.9,48.7,4899.5,5161.3,5026.1
Tamil Nadu,Madurai,Chokkikulam(Uzhavar Sandhai ),Onion,Bellary,Local,12/04/2026,2026,4,12,Summer,0.9,26.1,44.5,6322.6,6523.4,6433.6
Tamil Nadu,Madurai,Chokkikulam(Uzhavar Sandhai ),Onion,Bellary,Local,12/07/2026,2026,7,12,Monsoon,211.7,32.2,78.0,8227.5,8507.8,8363.5
Tamil Nadu,Madurai,Chokkikulam(Uzhavar Sandhai ),Onion,Bellary,Local,12/10/2025,2025,10,12,Post-Monsoon,21.4,27.3,49.8,5544.6,5809.4,5658.2
Tamil Nadu,Madurai,Chokkikulam(Uzhavar Sandhai ),Onion,Bellary,Local,13/09/2026,2026,9,13,Monsoon,213.1,31.7,77.5,8665.4,8992.0,8834.5
Tamil Nadu,Madurai,Chokkikulam(Uzhavar Sandhai ),Onion,Bellary,Local,14/06/2026,2026,6,14,Monsoon,165.7,33.0,68.1,8188.5,8421.8,8301.7
Tamil Nadu,Madurai,Chokkikulam(Uzhavar Sandhai ),Onion,Bellary,Local,14/12/2025,2025,12,14,Winter,1.0,19.7,40.0,4632.8,4816.6,4738.9
Tamil Nadu,Madurai,Chokkikulam(Uzhavar Sandhai ),Onion,Bellary,Local,15/02/2026,2026,2,15,Winter,1.4,21.7,44.9,5073.6,5356.0,5190.5
Tamil Nadu,Madurai,Chokkikulam(Uzhavar Sandhai ),Onion,Bellary,Local,15/03/2026,2026,3,15,Summer,14.3,21.4,48.0,5473.8,5773.4,5627.5
Tamil Nadu,Madurai,Chokkikulam(Uzhavar Sandhai ),Onion,Bellary,Local,16/08/2026,2026,8,16,Monsoon,120.9,35.5,63.6,7919.8,8234.0,8052.7
Tamil Nadu,Madurai,Chokkikulam(Uzhavar Sandhai ),Onion,Bellary,Local,16/11/2025,2025,11,16,Post-Monsoon,64.2,25.3,60.4,5617.7,6008.4,5834.9
Tamil Nadu,Madurai,Chokkikulam(Uzhavar Sandhai ),Onion,Bellary,Local,17/05/2026,2026,5,17,Summer,13.4,31.4,51.3,6523.9,6672.8,6596.1
Tamil Nadu,Madurai,Chokkikulam(Uzhavar Sandhai ),Onion,Bellary,Local,18/01/2026,2026,1,18,Winter,19.8,21.0,46.2,5407.0,5768.6,5578.2
Tamil Nadu,Madurai,Chokkikulam(Uzhavar Sandhai ),Onion,Bellary,Local,19/04/2026,2026,4,19,Summer,4.9,25.5,46.6,5730.9,5933.5,5817.6
Tamil Nadu,Madurai,Chokkikulam(Uzhavar Sandhai ),Onion,Bellary,Local,19/07/2026,2026,7,19,Monsoon,116.4,35.6,63.7,7565.4,7731.5,7644.3
Tamil Nadu,Madurai,Chokkikulam(Uzhavar Sandhai ),Onion,Bellary,Local,19/10/2025,2025,10,19,Post-Monsoon,46.2,25.0,53.1,5749.5,5980.4,5837.0
Tamil Nadu,Madurai,Chokkikulam(Uzhavar Sandhai ),Onion,Bellary,Local,20/09/2026,2026,9,20,Monsoon,188.2,32.7,72.4,7898.2,8109.3,8010.8
Tamil Nadu,Madurai,Chokkikulam(Uzhavar Sandhai ),Onion,Bellary,Local,21/06/2026,2026,6,21,Monsoon,155.1,30.1,74.2,7303.1,7430.8,7362.7
Tamil Nadu,Madurai,Chokkikulam(Uzhavar Sandhai ),Onion,Bellary,Local,21/12/2025,2025,12,21,Winter,15.7,21.5,42.3,5208.8,5531.5,5382.0
Tamil Nadu,Madurai,Chokkikulam(Uzhavar Sandhai ),Onion,Bellary,Local,22/02/2026,2026,2,22,Winter,5.4,21.9,45.0,5099.8,5428.5,5244.7
Tamil Nadu,Madurai,Chokkikulam(Uzhavar Sandhai ),Onion,Bellary,Local,22/03/2026,2026,3,22,Summer,1.7,21.9,45.1,6171.7,6455.0,6286.6
Tamil Nadu,Madurai,Chokkikulam(Uzhavar Sandhai ),Onion,Bellary,Local,23/08/2026,2026,8,23,Monsoon,236.0,33.2,79.9,8389.5,8623.9,8498.7
Tamil Nadu,Madurai,Chokkikulam(Uzhavar Sandhai ),Onion,Bellary,Local,23/11/2025,2025,11,23,Post-Monsoon,50.7,23.3,52.8,5407.2,5610.9,5494.5
Tamil Nadu,Madurai,Chokkikulam(Uzhavar Sandhai ),Onion,Bellary,Local,24/05/2026,2026,5,24,Summer,3.8,32.3,41.6,6248.4,6478.2,6337.9
Tamil Nadu,Madurai,Chokkikulam(Uzhavar Sandhai ),Onion,Bellary,Local,25/01/2026,2026,1,25,Winter,18.8,18.7,43.6,5235.8,5491.1,5367.5
Tamil Nadu,Madurai,Chokkikulam(Uzhavar Sandhai ),Onion,Bellary,Local,26/04/2026,2026,4,26,Summer,9.1,29.3,41.4,5477.1,5711.5,5622.2
Tamil Nadu,Madurai,Chokkikulam(Uzhavar Sandhai ),Onion,Bellary,Local,26/07/2026,2026,7,26,Monsoon,219.1,34.4,86.5,8516.2,8737.2,8636.9
Tamil Nadu,Madurai,Chokkikulam(Uzhavar Sandhai ),Onion,Bellary,Local,26/10/2025,2025,10,26,Post-Monsoon,24.5,27.1,46.7,5295.5,5425.6,5356.9
Tamil Nadu,Madurai,Chokkikulam(Uzhavar Sandhai ),Onion,Bellary,Local,28/06/2026,2026,6,28,Monsoon,178.9,33.8,72.0,8197.2,8359.6,8290.2
Tamil Nadu,Madurai,Chokkikulam(Uzhavar Sandhai ),Onion,Bellary,Local,28/12/2025,2025,12,28,Winter,10.1,20.6,48.0,5221.0,5387.8,5294.1
Tamil Nadu,Madurai,Chokkikulam(Uzhavar Sandhai ),Onion,Bellary,Local,29/03/2026,2026,3,29,Summer,4.7,22.5,45.6,5878.3,6134.7,5978.0
Tamil Nadu,Madurai,Chokkikulam(Uzhavar Sandhai ),Onion,Bellary,Local,30/08/2026,2026,8,30,Monsoon,154.6,31.6,77.5,8014.4,8212.7,8130.6
Tamil Nadu,Madurai,Chokkikulam(Uzhavar Sandhai ),Onion,Bellary,Local,30/11/2025,2025,11,30,Post-Monsoon,53.7,22.8,51.9,5502.3,5920.5,5707.6
Tamil Nadu,Madurai,Chokkikulam(Uzhavar Sandhai ),Onion,Bellary,Local,31/05/2026,2026,5,31,Summer,18.2,30.8,45.1,5737.7,6130.7,5919.8
Tamil Nadu,Madurai,Melur(Uzhavar Sandhai ),Onion,Bellary,Local,01/02/2026,2026,2,1,Winter,3.2,20.6,44.5,5748.1,5953.4,5842.8
Tamil Nadu,Madurai,Melur(Uzhavar Sandhai ),Onion,Bellary,Local,01/03/2026,2026,3,1,Summer,2.0,24.8,45.9,6280.2,6549.7,6445.1
Tamil Nadu,Madurai,Melur(Uzhavar Sandhai ),Onion,Bellary,Local,02/08/2026,2026,8,2,Monsoon,235.3,34.2,80.9,8752.0,9073.6,8901.5
Tamil Nadu,Madurai,Melur(Uzhavar Sandhai ),Onion,Bellary,Local,02/11/2025,2025,11,2,Post-Monsoon,40.6,22.2,53.3,6101.5,6381.3,6226.5
Tamil Nadu,Madurai,Melur(Uzhavar Sandhai ),Onion,Bellary,Local,03/05/2026,2026,5,3,Summer,1.6,29.3,42.1,6416.5,6766.0,6574.8
Tamil Nadu,Madurai,Melur(Uzhavar Sandhai ),Onion,Bellary,Local,04/01/2026,2026,1,4,Winter,11.9,16.6,48.3,5738.8,5915.8,5812.2
Tamil Nadu,Madurai,Melur(Uzhavar Sandhai ),Onion,Bellary,Local,05/04/2026,2026,4,5,Summer,13.0,26.9,52.8,6838.1,7011.4,6942.4
Tamil Nadu,Madurai,Melur(Uzhavar Sandhai ),Onion,Bellary,Local,05/07/2026,2026,7,5,Monsoon,151.2,34.5,66.5,8357.9,8770.1,8567.0
Tamil Nadu,Madurai,Melur(Uzhavar Sandhai ),Onion,Bellary,Local,05/10/2025,2025,10,5,Post-Monsoon,38.1,24.6,51.9,6304.2,6473.5,6378.5
Tamil Nadu,Madurai,Melur(Uzhavar Sandhai ),Onion,Bellary,Local,06/09/2026,2026,9,6,Monsoon,191.4,28.7,79.8,8534.4,8822.0,8685.3
Tamil Nadu,Madurai,Melur(Uzhavar Sandhai ),Onion,Bellary,Local,07/06/2026,2026,6,7,Monsoon,141.6,33.9,67.0,8661.2,8932.9,8795.8
Tamil Nadu,Madurai,Melur(Uzhavar Sandhai ),Onion,Bellary,Local,07/12/2025,2025,12,7,Winter,10.0,21.3,48.4,5407.8,5715.4,5597.6
Tamil Nadu,Madurai,Melur(Uzhavar Sandhai ),Onion,Bellary,Local,08/02/2026,2026,2,8,Winter,4.6,20.1,52.0,5395.5,5660.3,5499.9
Tamil Nadu,Madurai,Melur(Uzhavar Sandhai ),Onion,Bellary,Local,08/03/2026,2026,3,8,Summer,18.9,26.0,50.1,6963.0,7327.7,7186.4
Tamil Nadu,Madurai,Melur(Uzhavar Sandhai ),Onion,Bellary,Local,09/08/2026,2026,8,9,Monsoon,85.6,33.1,59.2,8061.4,8275.2,8169.1
Tamil Nadu,Madurai,Melur(Uzhavar Sandhai ),Onion,Bellary,Local,09/11/2025,2025,11,9,Post-Monsoon,66.6,21.8,56.7,5734.1,5902.4,5791.4
Tamil Nadu,Madurai,Melur(Uzhavar Sandhai ),Onion,Bellary,Local,10/05/2026,2026,5,10,Summer,5.7,31.1,45.6,6695.4,7005.9,6827.6
Tamil Nadu,Madurai,Melur(Uzhavar Sandhai ),Onion,Bellary,Local,11/01/2026,2026,1,11,Winter,10.4,20.2,46.1,5518.8,5788.7,5669.9
Tamil Nadu,Madurai,Melur(Uzhavar Sandhai ),Onion,Bellary,Local,12/04/2026,2026,4,12,Summer,13.7,27.5,46.9,6217.0,6369.3,6279.2
Tamil Nadu,Madurai,Melur(Uzhavar Sandhai ),Onion,Bellary,Local,12/07/2026,2026,7,12,Monsoon,242.8,37.4,81.8,9513.4,9630.9,9565.3
Tamil Nadu,Madurai,Melur(Uzhavar Sandhai ),Onion,Bellary,Local,12/10/2025,2025,10,12,Post-Monsoon,58.3,25.8,53.0,6602.2,6788.2,6678.4
Tamil Nadu,Madurai,Melur(Uzhavar Sandhai ),Onion,Bellary,Local,13/09/2026,2026,9,13,Monsoon,158.6,27.0,69.5,8554.5,8679.2,8625.0
Tamil Nadu,Madurai,Melur(Uzhavar Sandhai ),Onion,Bellary,Local,14/06/2026,2026,6,14,Monsoon,94.3,33.7,65.7,8009.2,8135.7,8075.0
Tamil Nadu,Madurai,Melur(Uzhavar Sandhai ),Onion,Bellary,Local,14/12/2025,2025,12,14,Winter,6.3,21.8,45.2,5484.3,5724.3,5588.3
Tamil Nadu,Madurai,Melur(Uzhavar Sandhai ),Onion,Bellary,Local,15/02/2026,2026,2,15,Winter,10.4,21.6,45.0,5452.5,5583.3,5505.1
Tamil Nadu,Madurai,Melur(Uzhavar Sandhai ),Onion,Bellary,Local,15/03/2026,2026,3,15,Summer,18.6,25.8,46.5,6140.7,6399.0,6291.6
Tamil Nadu,Madurai,Melur(Uzhavar Sandhai ),Onion,Bellary,Local,16/08/2026,2026,8,16,Monsoon,222.6,32.7,82.4,8410.1,8753.2,8564.1
Tamil Nadu,Madurai,Melur(Uzhavar Sandhai ),Onion,Bellary,Local,16/11/2025,2025,11,16,Post-Monsoon,38.0,23.9,55.8,6318.4,6572.0,6427.5
Tamil Nadu,Madurai,Melur(Uzhavar Sandhai ),Onion,Bellary,Local,17/05/2026,2026,5,17,Summer,8.1,30.9,45.0,6219.0,6384.0,6305.1
Tamil Nadu,Madurai,Melur(Uzhavar Sandhai ),Onion,Bellary,Local,18/01/2026,2026,1,18,Winter,11.3,17.6,48.8,5944.0,6241.6,6065.0
Tamil Nadu,Madurai,Melur(Uzhavar Sandhai ),Onion,Bellary,Local,19/04/2026,2026,4,19,Summer,8.5,24.9,45.3,6614.6,6815.0,6699.8
Tamil Nadu,Madurai,Melur(Uzhavar Sandhai ),Onion,Bellary,Local,19/07/2026,2026,7,19,Monsoon,82.1,33.5,62.9,7148.1,7357.1,7248.9
Tamil Nadu,Madurai,Melur(Uzhavar Sandhai ),Onion,Bellary,Local,19/10/2025,2025,10,19,Post-Monsoon,50.6,25.3,55.4,5818.8,6110.2,5941.6
Tamil Nadu,Madurai,Melur(Uzhavar Sandhai ),Onion,Bellary,Local,20/09/2026,2026,9,20,Monsoon,117.4,30.0,66.0,8106.0,8262.6,8186.1
Tamil Nadu,Madurai,Melur(Uzhavar Sandhai ),Onion,Bellary,Local,21/06/2026,2026,6,21,Monsoon,145.0,33.0,73.0,8625.0,8945.4,8776.7
Tamil Nadu,Madurai,Melur(Uzhavar Sandhai ),Onion,Bellary,Local,21/12/2025,2025,12,21,Winter,9.7,20.9,47.7,5631.6,5854.8,5739.0
Tamil Nadu,Madurai,Melur(Uzhavar Sandhai ),Onion,Bellary,Local,22/02/2026,2026,2,22,Winter,6.7,19.1,49.1,5584.9,5933.6,5778.6
Tamil Nadu,Madurai,Melur(Uzhavar Sandhai ),Onion,Bellary,Local,22/03/2026,2026,3,22,Summer,16.7,23.6,50.7,6715.4,7078.4,6847.9
Tamil Nadu,Madurai,Melur(Uzhavar Sandhai ),Onion,Bellary,Local,23/08/2026,2026,8,23,Monsoon,102.3,32.2,57.1,8253.5,8494.9,8343.4
Tamil Nadu,Madurai,Melur(Uzhavar Sandhai ),Onion,Bellary,Local,23/11/2025,2025,11,23,Post-Monsoon,37.7,24.5,50.6,5878.5,6105.0,5986.0
Tamil Nadu,Madurai,Melur(Uzhavar Sandhai ),Onion,Bellary,Local,24/05/2026,2026,5,24,Summer,8.8,31.3,43.0,6479.4,6655.8,6587.7
Tamil Nadu,Madurai,Melur(Uzhavar Sandhai ),Onion,Bellary,Local,25/01/2026,2026,1,25,Winter,9.0,17.3,45.1,5130.9,5441.2,5319.7
Tamil Nadu,Madurai,Melur(Uzhavar Sandhai ),Onion,Bellary,Local,26/04/2026,2026,4,26,Summer,12.9,27.8,46.7,6219.4,6517.3,6363.8
Tamil Nadu,Madurai,Melur(Uzhavar Sandhai ),Onion,Bellary,Local,26/07/2026,2026,7,26,Monsoon,184.3,34.9,74.5,9334.2,9471.7,9405.1
Tamil Nadu,Madurai,Melur(Uzhavar Sandhai ),Onion,Bellary,Local,26/10/2025,2025,10,26,Post-Monsoon,23.1,25.5,46.5,6029.7,6172.9,6094.5
Tamil Nadu,Madurai,Melur(Uzhavar Sandhai ),Onion,Bellary,Local,28/06/2026,2026,6,28,Monsoon,228.6,34.0,76.6,8747.9,8969.1,8879.4
Tamil Nadu,Madurai,Melur(Uzhavar Sandhai ),Onion,Bellary,Local,28/12/2025,2025,12,28,Winter,6.6,20.2,40.4,5576.8,5861.3,5681.3
Tamil Nadu,Madurai,Melur(Uzhavar Sandhai ),Onion,Bellary,Local,29/03/2026,2026,3,29,Summer,0.5,22.1,49.7,6417.7,6758.1,6598.6
Tamil Nadu,Madurai,Melur(Uzhavar Sandhai ),Onion,Bellary,Local,30/08/2026,2026,8,30,Monsoon,221.0,32.9,80.7,9334.4,9592.9,9482.5
Tamil Nadu,Madurai,Melur(Uzhavar Sandhai ),Onion,Bellary,Local,30/11/2025,2025,11,30,Post-Monsoon,58.4,24.6,55.0,6490.7,6880.5,6692.2
Tamil Nadu,Madurai,Melur(Uzhavar Sandhai ),Onion,Bellary,Local,31/05/2026,2026,5,31,Summer,13.3,31.7,46.9,6503.8,6680.1,6595.0
Tamil Nadu,Madurai,Palanganatham(Uzhavar Sandhai ),Onion,Bellary,Local,01/02/2026,2026,2,1,Winter,15.5,19.6,51.9,4719.6,4858.2,4779.8
Tamil Nadu,Madurai,Palanganatham(Uzhavar Sandhai ),Onion,Bellary,Local,01/03/2026,2026,3,1,Summer,6.2,24.8,44.7,5604.9,5718.3,5663.4
Tamil Nadu,Madurai,Palanganatham(Uzhavar Sandhai ),Onion,Bellary,Local,02/08/2026,2026,8,2,Monsoon,202.9,34.3,80.6,7551.9,7756.6,7659.7
Tamil Nadu,Madurai,Palanganatham(Uzhavar Sandhai ),Onion,Bellary,Local,02/11/2025,2025,11,2,Post-Monsoon,34.7,24.1,48.8,4963.9,5210.4,5115.4
Tamil Nadu,Madurai,Palanganatham(Uzhavar Sandhai ),Onion,Bellary,Local,03/05/2026,2026,5,3,Summer,4.0,32.3,45.4,5370.4,5625.3,5527.0
Tamil Nadu,Madurai,Palanganatham(Uzhavar Sandhai ),Onion,Bellary,Local,04/01/2026,2026,1,4,Winter,5.0,18.5,45.0,4768.2,4987.0,4848.5
Tamil Nadu,Madurai,Palanganatham(Uzhavar Sandhai ),Onion,Bellary,Local,05/04/2026,2026,4,5,Summer,12.0,29.8,50.2,5174.8,5391.6,5277.7
Tamil Nadu,Madurai,Palanganatham(Uzhavar Sandhai ),Onion,Bellary,Local,05/07/2026,2026,7,5,Monsoon,227.2,33.5,83.2,7669.4,7871.5,7768.4
Tamil Nadu,Madurai,Palanganatham(Uzhavar Sandhai ),Onion,Bellary,Local,05/10/2025,2025,10,5,Post-Monsoon,36.7,23.8,46.1,5517.6,5750.1,5610.9
Tamil Nadu,Madurai,Palanganatham(Uzhavar Sandhai ),Onion,Bellary,Local,06/09/2026,2026,9,6,Monsoon,203.3,32.0,74.5,7852.2,8027.8,7927.3
Tamil Nadu,Madurai,Palanganatham(Uzhavar Sandhai ),Onion,Bellary,Local,07/06/2026,2026,6,7,Monsoon,245.3,33.5,80.9,7881.7,8014.9,7964.7
Tamil Nadu,Madurai,Palanganatham(Uzhavar Sandhai ),Onion,Bellary,Local,07/12/2025,2025,12,7,Winter,7.2,21.8,49.5,4669.2,5022.5,4853.5
Tamil Nadu,Madurai,Palanganatham(Uzhavar Sandhai ),Onion,Bellary,Local,08/02/2026,2026,2,8,Winter,18.9,20.7,45.0,4981.7,5107.5,5042.0
Tamil Nadu,Madurai,Palanganatham(Uzhavar Sandhai ),Onion,Bellary,Local,08/03/2026,2026,3,8,Summer,10.2,24.0,44.5,5571.7,5924.1,5747.3
Tamil Nadu,Madurai,Palanganatham(Uzhavar Sandhai ),Onion,Bellary,Local,09/08/2026,2026,8,9,Monsoon,198.9,32.7,78.5,7378.9,7690.7,7530.2
Tamil Nadu,Madurai,Palanganatham(Uzhavar Sandhai ),Onion,Bellary,Local,09/11/2025,2025,11,9,Post-Monsoon,52.9,22.5,55.7,5135.8,5531.7,5341.3
Tamil Nadu,Madurai,Palanganatham(Uzhavar Sandhai ),Onion,Bellary,Local,10/05/2026,2026,5,10,Summer,8.4,30.0,44.3,5496.7,5672.3,5588.4
Tamil Nadu,Madurai,Palanganatham(Uzhavar Sandhai ),Onion,Bellary,Local,11/01/2026,2026,1,11,Winter,5.7,19.5,45.4,4485.1,4792.4,4681.6
Tamil Nadu,Madurai,Palanganatham(Uzhavar Sandhai ),Onion,Bellary,Local,12/04/2026,2026,4,12,Summer,0.8,25.4,45.0,5438.3,5573.1,5496.2
Tamil Nadu,Madurai,Palanganatham(Uzhavar Sandhai ),Onion,Bellary,Local,12/07/2026,2026,7,12,Monsoon,248.1,33.9,89.7,7482.8,7737.0,7597.7
Tamil Nadu,Madurai,Palanganatham(Uzhavar Sandhai ),Onion,Bellary,Local,12/10/2025,2025,10,12,Post-Monsoon,20.8,27.2,49.8,4919.4,5135.7,5050.9
Tamil Nadu,Madurai,Palanganatham(Uzhavar Sandhai ),Onion,Bellary,Local,13/09/2026,2026,9,13,Monsoon,164.8,30.5,70.0,7097.8,7257.8,7200.2
Tamil Nadu,Madurai,Palanganatham(Uzhavar Sandhai ),Onion,Bellary,Local,14/06/2026,2026,6,14,Monsoon,104.0,36.8,65.7,6498.8,6833.2,6702.2
Tamil Nadu,Madurai,Palanganatham(Uzhavar Sandhai ),Onion,Bellary,Local,14/12/2025,2025,12,14,Winter,14.7,19.3,45.6,4663.0,5091.8,4862.7
Tamil Nadu,Madurai,Palanganatham(Uzhavar Sandhai ),Onion,Bellary,Local,15/02/2026,2026,2,15,Winter,12.5,19.5,44.7,4699.9,5053.6,4855.2
Tamil Nadu,Madurai,Palanganatham(Uzhavar Sandhai ),Onion,Bellary,Local,15/03/2026,2026,3,15,Summer,17.4,21.5,46.0,5719.3,6021.8,5917.9
Tamil Nadu,Madurai,Palanganatham(Uzhavar Sandhai ),Onion,Bellary,Local,16/08/2026,2026,8,16,Monsoon,183.8,33.3,75.4,7021.5,7470.3,7247.9
Tamil Nadu,Madurai,Palanganatham(Uzhavar Sandhai ),Onion,Bellary,Local,16/11/2025,2025,11,16,Post-Monsoon,46.0,23.5,50.5,5062.4,5373.0,5216.3
Tamil Nadu,Madurai,Palanganatham(Uzhavar Sandhai ),Onion,Bellary,Local,17/05/2026,2026,5,17,Summer,3.2,32.3,45.7,5340.2,5646.0,5475.0
Tamil Nadu,Madurai,Palanganatham(Uzhavar Sandhai ),Onion,Bellary,Local,18/01/2026,2026,1,18,Winter,16.5,19.5,53.5,4769.8,4993.8,4909.0
Tamil Nadu,Madurai,Palanganatham(Uzhavar Sandhai ),Onion,Bellary,Local,19/04/2026,2026,4,19,Summer,1.2,28.3,44.8,5220.7,5495.5,5372.8
Tamil Nadu,Madurai,Palanganatham(Uzhavar Sandhai ),Onion,Bellary,Local,19/07/2026,2026,7,19,Monsoon,132.1,34.3,66.2,6717.2,6865.6,6776.9
Tamil Nadu,Madurai,Palanganatham(Uzhavar Sandhai ),Onion,Bellary,Local,19/10/2025,2025,10,19,Post-Monsoon,38.9,29.0,53.2,5304.2,5453.9,5396.5
Tamil Nadu,Madurai,Palanganatham(Uzhavar Sandhai ),Onion,Bellary,Local,20/09/2026,2026,9,20,Monsoon,101.6,28.6,62.0,6771.5,7000.4,6870.6
Tamil Nadu,Madurai,Palanganatham(Uzhavar Sandhai ),Onion,Bellary,Local,21/06/2026,2026,6,21,Monsoon,199.5,36.3,77.5,7583.6,7848.7,7701.2
Tamil Nadu,Madurai,Palanganatham(Uzhavar Sandhai ),Onion,Bellary,Local,21/12/2025,2025,12,21,Winter,6.3,23.5,48.7,4565.6,4759.8,4675.0
Tamil Nadu,Madurai,Palanganatham(Uzhavar Sandhai ),Onion,Bellary,Local,22/02/2026,2026,2,22,Winter,10.5,20.9,45.4,4587.4,4850.1,4699.5
Tamil Nadu,Madurai,Palanganatham(Uzhavar Sandhai ),Onion,Bellary,Local,22/03/2026,2026,3,22,Summer,10.8,23.4,42.4,5949.3,6252.5,6118.5
Tamil Nadu,Madurai,Palanganatham(Uzhavar Sandhai ),Onion,Bellary,Local,23/08/2026,2026,8,23,Monsoon,131.4,34.9,67.4,6634.3,6935.1,6803.4
Tamil Nadu,Madurai,Palanganatham(Uzhavar Sandhai ),Onion,Bellary,Local,23/11/2025,2025,11,23,Post-Monsoon,53.5,22.4,50.4,5284.5,5548.0,5417.4
Tamil Nadu,Madurai,Palanganatham(Uzhavar Sandhai ),Onion,Bellary,Local,24/05/2026,2026,5,24,Summer,8.2,29.3,46.6,5012.9,5398.5,5205.0
Tamil Nadu,Madurai,Palanganatham(Uzhavar Sandhai ),Onion,Bellary,Local,25/01/2026,2026,1,25,Winter,15.3,18.9,45.9,4755.6,4953.1,4855.2
Tamil Nadu,Madurai,Palanganatham(Uzhavar Sandhai ),Onion,Bellary,Local,26/04/2026,2026,4,26,Summer,19.9,28.5,47.9,5707.5,5979.6,5866.2
Tamil Nadu,Madurai,Palanganatham(Uzhavar Sandhai ),Onion,Bellary,Local,26/07/2026,2026,7,26,Monsoon,132.8,34.4,59.6,7406.5,7621.6,7517.4
Tamil Nadu,Madurai,Palanganatham(Uzhavar Sandhai ),Onion,Bellary,Local,26/10/2025,2025,10,26,Post-Monsoon,73.1,27.0,60.2,5166.1,5461.2,5278.3
Tamil Nadu,Madurai,Palanganatham(Uzhavar Sandhai ),Onion,Bellary,Local,28/06/2026,2026,6,28,Monsoon,175.6,34.2,72.3,7402.5,7587.9,7503.6
Tamil Nadu,Madurai,Palanganatham(Uzhavar Sandhai ),Onion,Bellary,Local,28/12/2025,2025,12,28,Winter,18.5,21.9,45.1,5094.9,5398.0,5257.8
Tamil Nadu,Madurai,Palanganatham(Uzhavar Sandhai ),Onion,Bellary,Local,29/03/2026,2026,3,29,Summer,16.9,21.4,45.8,5086.4,5299.9,5189.1
Tamil Nadu,Madurai,Palanganatham(Uzhavar Sandhai ),Onion,Bellary,Local,30/08/2026,2026,8,30,Monsoon,98.7,35.1,58.3,7375.6,7559.9,7466.2
Tamil Nadu,Madurai,Palanganatham(Uzhavar Sandhai ),Onion,Bellary,Local,30/11/2025,2025,11,30,Post-Monsoon,44.3,24.3,47.8,5486.2,5696.1,5586.9
Tamil Nadu,Madurai,Palanganatham(Uzhavar Sandhai ),Onion,Bellary,Local,31/05/2026,2026,5,31,Summer,6.8,30.1,48.0,5383.0,5652.4,5542.3
Tamil Nadu,Madurai,Thirumangalam(Uzhavar Sandhai ),Onion,Bellary,Local,01/02/2026,2026,2,1,Winter,18.4,20.4,52.6,5563.8,5972.7,5764.0
Tamil Nadu,Madurai,Thirumangalam(Uzhavar Sandhai ),Onion,Bellary,Local,01/03/2026,2026,3,1,Summer,11.6,25.0,48.2,6471.4,6754.6,6601.5
Tamil Nadu,Madurai,Thirumangalam(Uzhavar Sandhai ),Onion,Bellary,Local,02/08/2026,2026,8,2,Monsoon,102.5,33.3,60.4,8223.7,8465.0,8362.6
Tamil Nadu,Madurai,Thirumangalam(Uzhavar Sandhai ),Onion,Bellary,Local,02/11/2025,2025,11,2,Post-Monsoon,72.5,24.4,51.2,6503.1,6748.6,6632.9
Tamil Nadu,Madurai,Thirumangalam(Uzhavar Sandhai ),Onion,Bellary,Local,03/05/2026,2026,5,3,Summer,4.2,29.9,47.4,6484.0,6823.7,6645.9
Tamil Nadu,Madurai,Thirumangalam(Uzhavar Sandhai ),Onion,Bellary,Local,04/01/2026,2026,1,4,Winter,3.3,17.4,45.9,5149.2,5429.1,5280.9
Tamil Nadu,Madurai,Thirumangalam(Uzhavar Sandhai ),Onion,Bellary,Local,05/04/2026,2026,4,5,Summer,9.9,27.4,48.4,6361.3,6522.6,6426.0
Tamil Nadu,Madurai,Thirumangalam(Uzhavar Sandhai ),Onion,Bellary,Local,05/07/2026,2026,7,5,Monsoon,159.1,35.5,70.2,8578.0,8786.0,8685.3
Tamil Nadu,Madurai,Thirumangalam(Uzhavar Sandhai ),Onion,Bellary,Local,05/10/2025,2025,10,5,Post-Monsoon,33.9,26.5,53.7,5603.1,5939.5,5788.0
Tamil Nadu,Madurai,Thirumangalam(Uzhavar Sandhai ),Onion,Bellary,Local,06/09/2026,2026,9,6,Monsoon,149.1,31.5,73.6,8843.0,9188.9,9012.0
Tamil Nadu,Madurai,Thirumangalam(Uzhavar Sandhai ),Onion,Bellary,Local,07/06/2026,2026,6,7,Monsoon,80.9,33.2,52.5,8450.7,8738.4,8565.5
Tamil Nadu,Madurai,Thirumangalam(Uzhavar Sandhai ),Onion,Bellary,Local,07/12/2025,2025,12,7,Winter,4.8,21.7,43.5,5299.6,5507.2,5397.6
Tamil Nadu,Madurai,Thirumangalam(Uzhavar Sandhai ),Onion,Bellary,Local,08/02/2026,2026,2,8,Winter,1.4,21.1,42.4,6066.4,6336.1,6185.8
Tamil Nadu,Madurai,Thirumangalam(Uzhavar Sandhai ),Onion,Bellary,Local,08/03/2026,2026,3,8,Summer,17.8,23.7,50.5,6719.2,6842.1,6790.0
Tamil Nadu,Madurai,Thirumangalam(Uzhavar Sandhai ),Onion,Bellary,Local,09/08/2026,2026,8,9,Monsoon,176.6,36.8,73.7,8565.9,8924.1,8741.0
Tamil Nadu,Madurai,Thirumangalam(Uzhavar Sandhai ),Onion,Bellary,Local,09/11/2025,2025,11,9,Post-Monsoon,44.1,25.0,54.4,6014.5,6257.5,6153.4
Tamil Nadu,Madurai,Thirumangalam(Uzhavar Sandhai ),Onion,Bellary,Local,10/05/2026,2026,5,10,Summer,17.2,28.0,50.3,6802.5,7177.8,7003.7
Tamil Nadu,Madurai,Thirumangalam(Uzhavar Sandhai ),Onion,Bellary,Local,11/01/2026,2026,1,11,Winter,3.3,19.3,44.8,5675.4,6040.8,5839.2
Tamil Nadu,Madurai,Thirumangalam(Uzhavar Sandhai ),Onion,Bellary,Local,12/04/2026,2026,4,12,Summer,15.4,26.0,50.3,6588.1,6941.8,6771.9
Tamil Nadu,Madurai,Thirumangalam(Uzhavar Sandhai ),Onion,Bellary,Local,12/07/2026,2026,7,12,Monsoon,166.9,35.2,69.3,7889.9,8226.8,8023.3
Tamil Nadu,Madurai,Thirumangalam(Uzhavar Sandhai ),Onion,Bellary,Local,12/10/2025,2025,10,12,Post-Monsoon,43.6,28.5,50.8,6164.0,6495.9,6316.5
Tamil Nadu,Madurai,Thirumangalam(Uzhavar Sandhai ),Onion,Bellary,Local,13/09/2026,2026,9,13,Monsoon,194.7,29.3,76.0,8917.0,9154.9,9013.1
Tamil Nadu,Madurai,Thirumangalam(Uzhavar Sandhai ),Onion,Bellary,Local,14/06/2026,2026,6,14,Monsoon,146.6,36.0,69.3,7995.8,8227.3,8098.2
Tamil Nadu,Madurai,Thirumangalam(Uzhavar Sandhai ),Onion,Bellary,Local,14/12/2025,2025,12,14,Winter,8.2,18.9,42.3,5308.8,5476.6,5381.1
Tamil Nadu,Madurai,Thirumangalam(Uzhavar Sandhai ),Onion,Bellary,Local,15/02/2026,2026,2,15,Winter,6.4,18.0,45.5,5775.3,5921.4,5839.2
Tamil Nadu,Madurai,Thirumangalam(Uzhavar Sandhai ),Onion,Bellary,Local,15/03/2026,2026,3,15,Summer,3.5,24.3,46.4,6877.9,7042.6,6965.8
Tamil Nadu,Madurai,Thirumangalam(Uzhavar Sandhai ),Onion,Bellary,Local,16/08/2026,2026,8,16,Monsoon,208.9,33.3,81.3,9057.7,9388.8,9233.6
Tamil Nadu,Madurai,Thirumangalam(Uzhavar Sandhai ),Onion,Bellary,Local,16/11/2025,2025,11,16,Post-Monsoon,21.0,22.6,48.8,5921.3,6139.3,6060.9
Tamil Nadu,Madurai,Thirumangalam(Uzhavar Sandhai ),Onion,Bellary,Local,17/05/2026,2026,5,17,Summer,9.5,30.9,44.2,6742.2,6944.1,6870.7
Tamil Nadu,Madurai,Thirumangalam(Uzhavar Sandhai ),Onion,Bellary,Local,18/01/2026,2026,1,18,Winter,13.3,16.0,47.4,5241.3,5579.5,5447.2
Tamil Nadu,Madurai,Thirumangalam(Uzhavar Sandhai ),Onion,Bellary,Local,19/04/2026,2026,4,19,Summer,2.2,28.0,48.4,6751.7,6976.6,6870.5
Tamil Nadu,Madurai,Thirumangalam(Uzhavar Sandhai ),Onion,Bellary,Local,19/07/2026,2026,7,19,Monsoon,83.1,35.0,60.8,7496.7,7715.5,7615.0
Tamil Nadu,Madurai,Thirumangalam(Uzhavar Sandhai ),Onion,Bellary,Local,19/10/2025,2025,10,19,Post-Monsoon,57.9,27.4,54.6,6419.9,6710.5,6556.4
Tamil Nadu,Madurai,Thirumangalam(Uzhavar Sandhai ),Onion,Bellary,Local,20/09/2026,2026,9,20,Monsoon,127.1,31.1,63.3,7562.6,7869.5,7717.5
Tamil Nadu,Madurai,Thirumangalam(Uzhavar Sandhai ),Onion,Bellary,Local,21/06/2026,2026,6,21,Monsoon,220.2,30.0,80.8,8518.2,8661.2,8579.3
Tamil Nadu,Madurai,Thirumangalam(Uzhavar Sandhai ),Onion,Bellary,Local,21/12/2025,2025,12,21,Winter,8.3,18.3,47.2,5213.6,5597.5,5402.9
Tamil Nadu,Madurai,Thirumangalam(Uzhavar Sandhai ),Onion,Bellary,Local,22/02/2026,2026,2,22,Winter,0.9,18.2,43.9,5710.3,5920.9,5848.0
Tamil Nadu,Madurai,Thirumangalam(Uzhavar Sandhai ),Onion,Bellary,Local,22/03/2026,2026,3,22,Summer,13.0,24.8,49.6,6057.0,6264.8,6176.7
Tamil Nadu,Madurai,Thirumangalam(Uzhavar Sandhai ),Onion,Bellary,Local,23/08/2026,2026,8,23,Monsoon,227.2,33.7,78.7,8939.3,9164.4,9036.2
Tamil Nadu,Madurai,Thirumangalam(Uzhavar Sandhai ),Onion,Bellary,Local,23/11/2025,2025,11,23,Post-Monsoon,30.4,23.0,55.2,6139.0,6349.0,6246.4
Tamil Nadu,Madurai,Thirumangalam(Uzhavar Sandhai ),Onion,Bellary,Local,24/05/2026,2026,5,24,Summer,18.6,29.6,47.7,6739.3,7025.1,6871.0
Tamil Nadu,Madurai,Thirumangalam(Uzhavar Sandhai ),Onion,Bellary,Local,25/01/2026,2026,1,25,Winter,18.3,18.4,45.6,5903.8,6123.4,6015.3
Tamil Nadu,Madurai,Thirumangalam(Uzhavar Sandhai ),Onion,Bellary,Local,26/04/2026,2026,4,26,Summer,11.2,25.7,45.9,6752.4,6948.4,6817.9
Tamil Nadu,Madurai,Thirumangalam(Uzhavar Sandhai ),Onion,Bellary,Local,26/07/2026,2026,7,26,Monsoon,165.9,35.5,66.7,9381.0,9628.2,9507.1
Tamil Nadu,Madurai,Thirumangalam(Uzhavar Sandhai ),Onion,Bellary,Local,26/10/2025,2025,10,26,Post-Monsoon,28.7,26.1,56.6,5962.9,6347.1,6119.5
Tamil Nadu,Madurai,Thirumangalam(Uzhavar Sandhai ),Onion,Bellary,Local,28/06/2026,2026,6,28,Monsoon,84.8,35.6,60.1,8029.4,8289.3,8170.2
Tamil Nadu,Madurai,Thirumangalam(Uzhavar Sandhai ),Onion,Bellary,Local,28/12/2025,2025,12,28,Winter,13.6,18.1,46.6,5615.8,5941.5,5764.2
Tamil Nadu,Madurai,Thirumangalam(Uzhavar Sandhai ),Onion,Bellary,Local,29/03/2026,2026,3,29,Summer,7.9,25.1,44.0,6632.7,6919.0,6754.2
Tamil Nadu,Madurai,Thirumangalam(Uzhavar Sandhai ),Onion,Bellary,Local,30/08/2026,2026,8,30,Monsoon,217.3,34.5,79.2,8975.7,9267.6,9136.7
Tamil Nadu,Madurai,Thirumangalam(Uzhavar Sandhai ),Onion,Bellary,Local,30/11/2025,2025,11,30,Post-Monsoon,71.7,23.6,54.6,6166.2,6428.1,6338.7
Tamil Nadu,Madurai,Thirumangalam(Uzhavar Sandhai ),Onion,Bellary,Local,31/05/2026,2026,5,31,Summer,4.8,31.5,44.1,6727.9,6937.9,6826.6
Tamil Nadu,Madurai,Usilampatti(Uzhavar Sandhai ),Onion,Bellary,Local,01/02/2026,2026,2,1,Winter,6.9,21.0,40.0,5406.3,5670.3,5509.2
Tamil Nadu,Madurai,Usilampatti(Uzhavar Sandhai ),Onion,Bellary,Local,01/03/2026,2026,3,1,Summer,13.7,25.5,43.8,6715.4,7014.7,6888.5
Tamil Nadu,Madurai,Usilampatti(Uzhavar Sandhai ),Onion,Bellary,Local,02/08/2026,2026,8,2,Monsoon,155.7,35.4,69.3,8497.8,8606.9,8556.8
Tamil Nadu,Madurai,Usilampatti(Uzhavar Sandhai ),Onion,Bellary,Local,02/11/2025,2025,11,2,Post-Monsoon,68.8,20.8,55.9,6451.2,6642.1,6572.0
Tamil Nadu,Madurai,Usilampatti(Uzhavar Sandhai ),Onion,Bellary,Local,03/05/2026,2026,5,3,Summer,19.1,32.2,53.0,5993.5,6235.7,6110.5
Tamil Nadu,Madurai,Usilampatti(Uzhavar Sandhai ),Onion,Bellary,Local,04/01/2026,2026,1,4,Winter,8.0,21.2,48.1,5618.8,5761.1,5694.4
Tamil Nadu,Madurai,Usilampatti(Uzhavar Sandhai ),Onion,Bellary,Local,05/04/2026,2026,4,5,Summer,7.3,29.4,43.6,6516.8,6752.9,6628.6
Tamil Nadu,Madurai,Usilampatti(Uzhavar Sandhai ),Onion,Bellary,Local,05/07/2026,2026,7,5,Monsoon,218.0,35.8,82.8,9384.9,9563.3,9475.1
Tamil Nadu,Madurai,Usilampatti(Uzhavar Sandhai ),Onion,Bellary,Local,05/10/2025,2025,10,5,Post-Monsoon,23.1,25.9,46.0,5690.0,5896.3,5797.0
Tamil Nadu,Madurai,Usilampatti(Uzhavar Sandhai ),Onion,Bellary,Local,06/09/2026,2026,9,6,Monsoon,207.4,30.9,76.1,8823.3,9207.8,9032.5
Tamil Nadu,Madurai,Usilampatti(Uzhavar Sandhai ),Onion,Bellary,Local,07/06/2026,2026,6,7,Monsoon,136.5,34.3,67.4,8295.8,8610.3,8458.4
Tamil Nadu,Madurai,Usilampatti(Uzhavar Sandhai ),Onion,Bellary,Local,07/12/2025,2025,12,7,Winter,7.5,19.4,49.5,5684.1,5920.7,5818.9
Tamil Nadu,Madurai,Usilampatti(Uzhavar Sandhai ),Onion,Bellary,Local,08/02/2026,2026,2,8,Winter,5.2,19.9,41.2,5238.5,5427.4,5315.0
Tamil Nadu,Madurai,Usilampatti(Uzhavar Sandhai ),Onion,Bellary,Local,08/03/2026,2026,3,8,Summer,0.7,22.7,46.8,6436.4,6692.1,6561.8
Tamil Nadu,Madurai,Usilampatti(Uzhavar Sandhai ),Onion,Bellary,Local,09/08/2026,2026,8,9,Monsoon,160.4,35.1,71.8,8177.8,8344.3,8263.0
Tamil Nadu,Madurai,Usilampatti(Uzhavar Sandhai ),Onion,Bellary,Local,09/11/2025,2025,11,9,Post-Monsoon,79.0,24.6,58.9,6414.8,6751.0,6613.6
Tamil Nadu,Madurai,Usilampatti(Uzhavar Sandhai ),Onion,Bellary,Local,10/05/2026,2026,5,10,Summer,13.6,30.1,47.1,6119.5,6433.9,6273.5
Tamil Nadu,Madurai,Usilampatti(Uzhavar Sandhai ),Onion,Bellary,Local,11/01/2026,2026,1,11,Winter,10.2,19.3,50.5,5187.9,5404.7,5281.1
Tamil Nadu,Madurai,Usilampatti(Uzhavar Sandhai ),Onion,Bellary,Local,12/04/2026,2026,4,12,Summer,10.0,28.1,45.6,6533.2,6733.4,6631.4
Tamil Nadu,Madurai,Usilampatti(Uzhavar Sandhai ),Onion,Bellary,Local,12/07/2026,2026,7,12,Monsoon,221.3,33.5,79.3,9322.6,9534.2,9459.8
Tamil Nadu,Madurai,Usilampatti(Uzhavar Sandhai ),Onion,Bellary,Local,12/10/2025,2025,10,12,Post-Monsoon,30.8,27.2,44.7,5688.0,5963.3,5845.6
Tamil Nadu,Madurai,Usilampatti(Uzhavar Sandhai ),Onion,Bellary,Local,13/09/2026,2026,9,13,Monsoon,140.2,29.0,62.6,8642.8,9031.0,8854.6
Tamil Nadu,Madurai,Usilampatti(Uzhavar Sandhai ),Onion,Bellary,Local,14/06/2026,2026,6,14,Monsoon,197.8,33.1,74.1,8267.4,8430.6,8364.5
Tamil Nadu,Madurai,Usilampatti(Uzhavar Sandhai ),Onion,Bellary,Local,14/12/2025,2025,12,14,Winter,5.7,19.3,43.9,5512.1,5786.0,5681.7
Tamil Nadu,Madurai,Usilampatti(Uzhavar Sandhai ),Onion,Bellary,Local,15/02/2026,2026,2,15,Winter,15.4,20.1,52.9,5525.4,5836.4,5639.4
Tamil Nadu,Madurai,Usilampatti(Uzhavar Sandhai ),Onion,Bellary,Local,15/03/2026,2026,3,15,Summer,4.9,21.5,48.0,6519.5,6739.0,6629.9
Tamil Nadu,Madurai,Usilampatti(Uzhavar Sandhai ),Onion,Bellary,Local,16/08/2026,2026,8,16,Monsoon,166.9,35.4,73.5,7625.6,7877.4,7758.0
Tamil Nadu,Madurai,Usilampatti(Uzhavar Sandhai ),Onion,Bellary,Local,16/11/2025,2025,11,16,Post-Monsoon,46.5,22.7,50.4,5934.8,6176.7,6046.1
Tamil Nadu,Madurai,Usilampatti(Uzhavar Sandhai ),Onion,Bellary,Local,17/05/2026,2026,5,17,Summer,15.4,29.5,52.7,6685.7,7093.2,6882.4
Tamil Nadu,Madurai,Usilampatti(Uzhavar Sandhai ),Onion,Bellary,Local,18/01/2026,2026,1,18,Winter,19.3,18.4,41.9,5307.9,5631.1,5462.7
Tamil Nadu,Madurai,Usilampatti(Uzhavar Sandhai ),Onion,Bellary,Local,19/04/2026,2026,4,19,Summer,18.5,25.4,53.4,6441.9,6762.4,6591.2
Tamil Nadu,Madurai,Usilampatti(Uzhavar Sandhai ),Onion,Bellary,Local,19/07/2026,2026,7,19,Monsoon,108.6,35.2,59.4,8914.5,9183.8,9044.0
Tamil Nadu,Madurai,Usilampatti(Uzhavar Sandhai ),Onion,Bellary,Local,19/10/2025,2025,10,19,Post-Monsoon,64.3,24.8,53.3,6220.7,6407.4,6308.5
Tamil Nadu,Madurai,Usilampatti(Uzhavar Sandhai ),Onion,Bellary,Local,20/09/2026,2026,9,20,Monsoon,135.2,30.7,70.6,8281.2,8598.6,8400.9
Tamil Nadu,Madurai,Usilampatti(Uzhavar Sandhai ),Onion,Bellary,Local,21/06/2026,2026,6,21,Monsoon,89.9,34.1,63.6,7782.2,8041.0,7905.4
Tamil Nadu,Madurai,Usilampatti(Uzhavar Sandhai ),Onion,Bellary,Local,21/12/2025,2025,12,21,Winter,12.8,17.8,47.8,5912.1,6059.7,5993.1
Tamil Nadu,Madurai,Usilampatti(Uzhavar Sandhai ),Onion,Bellary,Local,22/02/2026,2026,2,22,Winter,16.4,19.2,46.0,5489.9,5837.4,5671.0
Tamil Nadu,Madurai,Usilampatti(Uzhavar Sandhai ),Onion,Bellary,Local,22/03/2026,2026,3,22,Summer,17.7,23.9,44.1,6742.6,6925.5,6825.4
Tamil Nadu,Madurai,Usilampatti(Uzhavar Sandhai ),Onion,Bellary,Local,23/08/2026,2026,8,23,Monsoon,108.3,35.8,59.9,8466.8,8664.3,8566.1
Tamil Nadu,Madurai,Usilampatti(Uzhavar Sandhai ),Onion,Bellary,Local,23/11/2025,2025,11,23,Post-Monsoon,22.9,25.2,45.4,5877.7,6146.8,5985.1
Tamil Nadu,Madurai,Usilampatti(Uzhavar Sandhai ),Onion,Bellary,Local,24/05/2026,2026,5,24,Summer,5.9,29.6,44.0,6553.6,6796.4,6693.1
Tamil Nadu,Madurai,Usilampatti(Uzhavar Sandhai ),Onion,Bellary,Local,25/01/2026,2026,1,25,Winter,4.6,19.3,50.8,5675.0,5889.9,5779.9
Tamil Nadu,Madurai,Usilampatti(Uzhavar Sandhai ),Onion,Bellary,Local,26/04/2026,2026,4,26,Summer,14.8,26.6,44.4,6548.7,6873.2,6682.8
Tamil Nadu,Madurai,Usilampatti(Uzhavar Sandhai ),Onion,Bellary,Local,26/07/2026,2026,7,26,Monsoon,85.0,32.5,57.1,8089.1,8328.0,8228.6
Tamil Nadu,Madurai,Usilampatti(Uzhavar Sandhai ),Onion,Bellary,Local,26/10/2025,2025,10,26,Post-Monsoon,21.2,23.5,46.6,6106.2,6271.8,6186.1
Tamil Nadu,Madurai,Usilampatti(Uzhavar Sandhai ),Onion,Bellary,Local,28/06/2026,2026,6,28,Monsoon,142.1,35.0,68.7,8271.2,8459.5,8386.6
Tamil Nadu,Madurai,Usilampatti(Uzhavar Sandhai ),Onion,Bellary,Local,28/12/2025,2025,12,28,Winter,6.1,21.1,43.1,5471.4,5719.4,5606.5
Tamil Nadu,Madurai,Usilampatti(Uzhavar Sandhai ),Onion,Bellary,Local,29/03/2026,2026,3,29,Summer,15.9,22.0,54.1,5949.5,6310.2,6116.9
Tamil Nadu,Madurai,Usilampatti(Uzhavar Sandhai ),Onion,Bellary,Local,30/08/2026,2026,8,30,Monsoon,162.3,35.7,69.5,9608.6,9855.6,9758.6
Tamil Nadu,Madurai,Usilampatti(Uzhavar Sandhai ),Onion,Bellary,Local,30/11/2025,2025,11,30,Post-Monsoon,37.2,22.9,49.9,6045.7,6248.3,6154.8
Tamil Nadu,Madurai,Usilampatti(Uzhavar Sandhai ),Onion,Bellary,Local,31/05/2026,2026,5,31,Summer,11.8,34.3,47.1,6837.4,7051.5,6924.9
Tamil Nadu,Nagapattinam,Mayiladuthurai(Uzhavar Sandhai ),Onion,Bellary,Local,01/02/2026,2026,2,1,Winter,7.0,20.8,49.3,5953.8,6238.8,6076.7
Tamil Nadu,Nagapattinam,Mayiladuthurai(Uzhavar Sandhai ),Onion,Bellary,Local,01/03/2026,2026,3,1,Summer,12.3,25.8,43.3,6724.5,6990.0,6868.6
Tamil Nadu,Nagapattinam,Mayiladuthurai(Uzhavar Sandhai ),Onion,Bellary,Local,02/08/2026,2026,8,2,Monsoon,234.1,34.4,83.4,9734.2,10066.8,9907.4
Tamil Nadu,Nagapattinam,Mayiladuthurai(Uzhavar Sandhai ),Onion,Bellary,Local,02/11/2025,2025,11,2,Post-Monsoon,58.0,24.6,58.7,6026.4,6289.0,6135.2
Tamil Nadu,Nagapattinam,Mayiladuthurai(Uzhavar Sandhai ),Onion,Bellary,Local,03/05/2026,2026,5,3,Summer,15.8,31.3,47.3,6814.5,7063.6,6969.9
Tamil Nadu,Nagapattinam,Mayiladuthurai(Uzhavar Sandhai ),Onion,Bellary,Local,04/01/2026,2026,1,4,Winter,6.9,16.6,46.6,5829.4,6005.3,5912.4
Tamil Nadu,Nagapattinam,Mayiladuthurai(Uzhavar Sandhai ),Onion,Bellary,Local,05/04/2026,2026,4,5,Summer,9.9,27.5,46.1,6884.5,7055.5,6965.5
Tamil Nadu,Nagapattinam,Mayiladuthurai(Uzhavar Sandhai ),Onion,Bellary,Local,05/07/2026,2026,7,5,Monsoon,195.9,35.9,77.2,9718.2,9828.2,9779.4
Tamil Nadu,Nagapattinam,Mayiladuthurai(Uzhavar Sandhai ),Onion,Bellary,Local,05/10/2025,2025,10,5,Post-Monsoon,55.5,29.3,50.4,6256.2,6434.6,6357.2
Tamil Nadu,Nagapattinam,Mayiladuthurai(Uzhavar Sandhai ),Onion,Bellary,Local,06/09/2026,2026,9,6,Monsoon,165.7,31.3,73.3,9231.4,9496.4,9368.9
Tamil Nadu,Nagapattinam,Mayiladuthurai(Uzhavar Sandhai ),Onion,Bellary,Local,07/06/2026,2026,6,7,Monsoon,190.2,33.7,77.9,8850.1,9049.9,8933.5
Tamil Nadu,Nagapattinam,Mayiladuthurai(Uzhavar Sandhai ),Onion,Bellary,Local,07/12/2025,2025,12,7,Winter,2.1,23.0,45.5,6185.2,6527.9,6331.3
Tamil Nadu,Nagapattinam,Mayiladuthurai(Uzhavar Sandhai ),Onion,Bellary,Local,08/02/2026,2026,2,8,Winter,18.9,19.4,45.2,5800.3,5942.7,5871.8
Tamil Nadu,Nagapattinam,Mayiladuthurai(Uzhavar Sandhai ),Onion,Bellary,Local,08/03/2026,2026,3,8,Summer,1.7,22.9,44.3,6908.2,7090.1,6990.3
Tamil Nadu,Nagapattinam,Mayiladuthurai(Uzhavar Sandhai ),Onion,Bellary,Local,09/08/2026,2026,8,9,Monsoon,135.7,35.9,69.2,8689.2,8858.3,8767.8
Tamil Nadu,Nagapattinam,Mayiladuthurai(Uzhavar Sandhai ),Onion,Bellary,Local,09/11/2025,2025,11,9,Post-Monsoon,65.5,26.1,57.4,6572.4,6699.2,6645.6
Tamil Nadu,Nagapattinam,Mayiladuthurai(Uzhavar Sandhai ),Onion,Bellary,Local,10/05/2026,2026,5,10,Summer,15.9,31.7,46.0,6458.1,6725.0,6593.5
Tamil Nadu,Nagapattinam,Mayiladuthurai(Uzhavar Sandhai ),Onion,Bellary,Local,11/01/2026,2026,1,11,Winter,1.0,18.1,45.5,5841.9,6194.9,5992.9
Tamil Nadu,Nagapattinam,Mayiladuthurai(Uzhavar Sandhai ),Onion,Bellary,Local,12/04/2026,2026,4,12,Summer,6.3,29.1,41.6,6975.3,7195.9,7084.8
Tamil Nadu,Nagapattinam,Mayiladuthurai(Uzhavar Sandhai ),Onion,Bellary,Local,12/07/2026,2026,7,12,Monsoon,168.7,32.3,70.4,9218.2,9414.8,9320.0
Tamil Nadu,Nagapattinam,Mayiladuthurai(Uzhavar Sandhai ),Onion,Bellary,Local,12/10/2025,2025,10,12,Post-Monsoon,57.5,28.6,54.1,6034.0,6357.7,6230.6
Tamil Nadu,Nagapattinam,Mayiladuthurai(Uzhavar Sandhai ),Onion,Bellary,Local,13/09/2026,2026,9,13,Monsoon,245.4,28.6,85.4,9846.6,10085.6,9931.5
Tamil Nadu,Nagapattinam,Mayiladuthurai(Uzhavar Sandhai ),Onion,Bellary,Local,14/06/2026,2026,6,14,Monsoon,164.0,31.6,65.9,9324.7,9673.5,9495.6
Tamil Nadu,Nagapattinam,Mayiladuthurai(Uzhavar Sandhai ),Onion,Bellary,Local,14/12/2025,2025,12,14,Winter,3.3,20.8,41.5,5340.9,5666.5,5515.1
Tamil Nadu,Nagapattinam,Mayiladuthurai(Uzhavar Sandhai ),Onion,Bellary,Local,15/02/2026,2026,2,15,Winter,7.9,24.3,47.7,5511.8,5712.3,5604.3
Tamil Nadu,Nagapattinam,Mayiladuthurai(Uzhavar Sandhai ),Onion,Bellary,Local,15/03/2026,2026,3,15,Summer,10.9,25.7,46.5,7086.9,7287.3,7190.6
Tamil Nadu,Nagapattinam,Mayiladuthurai(Uzhavar Sandhai ),Onion,Bellary,Local,16/08/2026,2026,8,16,Monsoon,200.1,33.3,71.8,8836.0,9069.0,8942.7
Tamil Nadu,Nagapattinam,Mayiladuthurai(Uzhavar Sandhai ),Onion,Bellary,Local,16/11/2025,2025,11,16,Post-Monsoon,29.6,23.0,46.5,6037.3,6422.3,6265.6
Tamil Nadu,Nagapattinam,Mayiladuthurai(Uzhavar Sandhai ),Onion,Bellary,Local,17/05/2026,2026,5,17,Summer,8.5,31.7,46.5,7055.0,7302.5,7143.1
Tamil Nadu,Nagapattinam,Mayiladuthurai(Uzhavar Sandhai ),Onion,Bellary,Local,18/01/2026,2026,1,18,Winter,9.7,18.5,54.8,5942.2,6122.1,6017.1
Tamil Nadu,Nagapattinam,Mayiladuthurai(Uzhavar Sandhai ),Onion,Bellary,Local,19/04/2026,2026,4,19,Summer,15.8,28.3,54.9,7159.4,7301.0,7220.8
Tamil Nadu,Nagapattinam,Mayiladuthurai(Uzhavar Sandhai ),Onion,Bellary,Local,19/07/2026,2026,7,19,Monsoon,166.9,35.2,69.4,9827.7,9988.6,9901.9
Tamil Nadu,Nagapattinam,Mayiladuthurai(Uzhavar Sandhai ),Onion,Bellary,Local,19/10/2025,2025,10,19,Post-Monsoon,30.7,31.2,51.5,6347.4,6621.1,6480.9
Tamil Nadu,Nagapattinam,Mayiladuthurai(Uzhavar Sandhai ),Onion,Bellary,Local,20/09/2026,2026,9,20,Monsoon,199.7,29.0,75.3,9293.4,9567.4,9433.0
Tamil Nadu,Nagapattinam,Mayiladuthurai(Uzhavar Sandhai ),Onion,Bellary,Local,21/06/2026,2026,6,21,Monsoon,179.2,32.4,77.4,9053.8,9406.7,9232.0
Tamil Nadu,Nagapattinam,Mayiladuthurai(Uzhavar Sandhai ),Onion,Bellary,Local,21/12/2025,2025,12,21,Winter,13.0,22.3,51.0,5642.6,6004.4,5809.6
Tamil Nadu,Nagapattinam,Mayiladuthurai(Uzhavar Sandhai ),Onion,Bellary,Local,22/02/2026,2026,2,22,Winter,14.4,21.1,50.4,5376.1,5632.2,5512.7
Tamil Nadu,Nagapattinam,Mayiladuthurai(Uzhavar Sandhai ),Onion,Bellary,Local,22/03/2026,2026,3,22,Summer,13.7,22.0,53.4,6760.6,6908.8,6855.0
Tamil Nadu,Nagapattinam,Mayiladuthurai(Uzhavar Sandhai ),Onion,Bellary,Local,23/08/2026,2026,8,23,Monsoon,218.2,32.6,77.0,9081.7,9421.0,9240.4
Tamil Nadu,Nagapattinam,Mayiladuthurai(Uzhavar Sandhai ),Onion,Bellary,Local,23/11/2025,2025,11,23,Post-Monsoon,58.4,25.0,54.8,6581.5,6898.7,6739.9
Tamil Nadu,Nagapattinam,Mayiladuthurai(Uzhavar Sandhai ),Onion,Bellary,Local,24/05/2026,2026,5,24,Summer,3.5,33.1,46.0,6777.1,6986.7,6888.1
Tamil Nadu,Nagapattinam,Mayiladuthurai(Uzhavar Sandhai ),Onion,Bellary,Local,25/01/2026,2026,1,25,Winter,9.8,21.5,45.9,5560.1,5802.8,5712.8
Tamil Nadu,Nagapattinam,Mayiladuthurai(Uzhavar Sandhai ),Onion,Bellary,Local,26/04/2026,2026,4,26,Summer,17.2,27.0,50.3,7159.7,7451.6,7289.1
Tamil Nadu,Nagapattinam,Mayiladuthurai(Uzhavar Sandhai ),Onion,Bellary,Local,26/07/2026,2026,7,26,Monsoon,202.8,36.8,78.2,8901.9,9177.9,9000.9
Tamil Nadu,Nagapattinam,Mayiladuthurai(Uzhavar Sandhai ),Onion,Bellary,Local,26/10/2025,2025,10,26,Post-Monsoon,46.3,25.9,53.4,6005.4,6180.6,6085.8
Tamil Nadu,Nagapattinam,Mayiladuthurai(Uzhavar Sandhai ),Onion,Bellary,Local,28/06/2026,2026,6,28,Monsoon,230.0,35.3,81.6,9578.9,9903.8,9779.3
Tamil Nadu,Nagapattinam,Mayiladuthurai(Uzhavar Sandhai ),Onion,Bellary,Local,28/12/2025,2025,12,28,Winter,4.3,22.2,52.2,5989.8,6316.4,6133.8
Tamil Nadu,Nagapattinam,Mayiladuthurai(Uzhavar Sandhai ),Onion,Bellary,Local,29/03/2026,2026,3,29,Summer,3.0,25.4,47.0,6724.9,6973.8,6866.1
Tamil Nadu,Nagapattinam,Mayiladuthurai(Uzhavar Sandhai ),Onion,Bellary,Local,30/08/2026,2026,8,30,Monsoon,82.7,34.0,61.8,8091.3,8283.4,8186.3
Tamil Nadu,Nagapattinam,Mayiladuthurai(Uzhavar Sandhai ),Onion,Bellary,Local,30/11/2025,2025,11,30,Post-Monsoon,51.4,24.2,50.1,6070.9,6284.6,6182.2
Tamil Nadu,Nagapattinam,Mayiladuthurai(Uzhavar Sandhai ),Onion,Bellary,Local,31/05/2026,2026,5,31,Summer,17.1,28.8,48.6,7002.2,7293.8,7156.2
Tamil Nadu,Nagapattinam,Nagapattinam(Uzhavar Sandhai ),Onion,Bellary,Local,01/02/2026,2026,2,1,Winter,12.7,22.7,43.7,4412.6,4618.7,4508.1
Tamil Nadu,Nagapattinam,Nagapattinam(Uzhavar Sandhai ),Onion,Bellary,Local,01/03/2026,2026,3,1,Summer,14.8,21.0,39.5,4993.2,5329.4,5162.2
Tamil Nadu,Nagapattinam,Nagapattinam(Uzhavar Sandhai ),Onion,Bellary,Local,02/08/2026,2026,8,2,Monsoon,93.8,34.0,60.5,6865.4,7008.9,6924.2
Tamil Nadu,Nagapattinam,Nagapattinam(Uzhavar Sandhai ),Onion,Bellary,Local,02/11/2025,2025,11,2,Post-Monsoon,78.1,25.7,58.3,4544.7,4895.3,4731.8
Tamil Nadu,Nagapattinam,Nagapattinam(Uzhavar Sandhai ),Onion,Bellary,Local,03/05/2026,2026,5,3,Summer,10.3,30.5,47.9,5068.2,5288.2,5157.2
Tamil Nadu,Nagapattinam,Nagapattinam(Uzhavar Sandhai ),Onion,Bellary,Local,04/01/2026,2026,1,4,Winter,5.3,16.5,45.1,4175.8,4399.2,4299.0
Tamil Nadu,Nagapattinam,Nagapattinam(Uzhavar Sandhai ),Onion,Bellary,Local,05/04/2026,2026,4,5,Summer,15.4,27.6,45.2,5467.5,5630.4,5555.1
Tamil Nadu,Nagapattinam,Nagapattinam(Uzhavar Sandhai ),Onion,Bellary,Local,05/07/2026,2026,7,5,Monsoon,147.2,32.5,66.8,6875.5,7154.6,6990.0
Tamil Nadu,Nagapattinam,Nagapattinam(Uzhavar Sandhai ),Onion,Bellary,Local,05/10/2025,2025,10,5,Post-Monsoon,54.1,29.2,53.6,4434.7,4761.0,4590.2
Tamil Nadu,Nagapattinam,Nagapattinam(Uzhavar Sandhai ),Onion,Bellary,Local,06/09/2026,2026,9,6,Monsoon,211.1,30.6,75.7,6602.1,6823.4,6681.1
Tamil Nadu,Nagapattinam,Nagapattinam(Uzhavar Sandhai ),Onion,Bellary,Local,07/06/2026,2026,6,7,Monsoon,110.1,34.8,58.8,6028.0,6251.7,6150.9
Tamil Nadu,Nagapattinam,Nagapattinam(Uzhavar Sandhai ),Onion,Bellary,Local,07/12/2025,2025,12,7,Winter,5.5,18.6,44.0,3924.3,4231.2,4074.3
Tamil Nadu,Nagapattinam,Nagapattinam(Uzhavar Sandhai ),Onion,Bellary,Local,08/02/2026,2026,2,8,Winter,2.5,18.9,49.2,4213.2,4536.4,4404.8
Tamil Nadu,Nagapattinam,Nagapattinam(Uzhavar Sandhai ),Onion,Bellary,Local,08/03/2026,2026,3,8,Summer,14.4,22.5,48.7,5390.8,5643.5,5523.9
Tamil Nadu,Nagapattinam,Nagapattinam(Uzhavar Sandhai ),Onion,Bellary,Local,09/08/2026,2026,8,9,Monsoon,205.0,34.7,75.0,6247.8,6499.0,6360.8
Tamil Nadu,Nagapattinam,Nagapattinam(Uzhavar Sandhai ),Onion,Bellary,Local,09/11/2025,2025,11,9,Post-Monsoon,43.2,24.9,54.9,4700.6,4943.0,4816.7
Tamil Nadu,Nagapattinam,Nagapattinam(Uzhavar Sandhai ),Onion,Bellary,Local,10/05/2026,2026,5,10,Summer,5.3,32.8,48.9,4595.6,4921.8,4726.3
Tamil Nadu,Nagapattinam,Nagapattinam(Uzhavar Sandhai ),Onion,Bellary,Local,11/01/2026,2026,1,11,Winter,8.5,18.8,46.4,4217.3,4506.9,4370.4
Tamil Nadu,Nagapattinam,Nagapattinam(Uzhavar Sandhai ),Onion,Bellary,Local,12/04/2026,2026,4,12,Summer,17.3,24.2,48.3,4932.7,5309.9,5136.1
Tamil Nadu,Nagapattinam,Nagapattinam(Uzhavar Sandhai ),Onion,Bellary,Local,12/07/2026,2026,7,12,Monsoon,149.0,36.8,71.1,7044.6,7230.9,7141.8
Tamil Nadu,Nagapattinam,Nagapattinam(Uzhavar Sandhai ),Onion,Bellary,Local,12/10/2025,2025,10,12,Post-Monsoon,73.6,26.9,61.3,4682.1,4880.4,4796.5
Tamil Nadu,Nagapattinam,Nagapattinam(Uzhavar Sandhai ),Onion,Bellary,Local,13/09/2026,2026,9,13,Monsoon,207.7,31.2,74.5,7017.5,7205.3,7097.7
Tamil Nadu,Nagapattinam,Nagapattinam(Uzhavar Sandhai ),Onion,Bellary,Local,14/06/2026,2026,6,14,Monsoon,209.1,31.9,82.6,7291.6,7615.1,7450.6
Tamil Nadu,Nagapattinam,Nagapattinam(Uzhavar Sandhai ),Onion,Bellary,Local,14/12/2025,2025,12,14,Winter,13.9,17.5,46.4,3925.3,4231.7,4092.3
Tamil Nadu,Nagapattinam,Nagapattinam(Uzhavar Sandhai ),Onion,Bellary,Local,15/02/2026,2026,2,15,Winter,14.6,20.4,51.1,4348.7,4674.3,4493.2
Tamil Nadu,Nagapattinam,Nagapattinam(Uzhavar Sandhai ),Onion,Bellary,Local,15/03/2026,2026,3,15,Summer,6.4,24.9,50.1,4826.7,4955.4,4893.8
Tamil Nadu,Nagapattinam,Nagapattinam(Uzhavar Sandhai ),Onion,Bellary,Local,16/08/2026,2026,8,16,Monsoon,173.4,35.0,65.9,6343.9,6675.4,6510.5
Tamil Nadu,Nagapattinam,Nagapattinam(Uzhavar Sandhai ),Onion,Bellary,Local,16/11/2025,2025,11,16,Post-Monsoon,20.3,18.7,47.2,4921.0,5109.5,5008.5
Tamil Nadu,Nagapattinam,Nagapattinam(Uzhavar Sandhai ),Onion,Bellary,Local,17/05/2026,2026,5,17,Summer,1.0,29.4,43.1,4691.2,4888.8,4805.0
Tamil Nadu,Nagapattinam,Nagapattinam(Uzhavar Sandhai ),Onion,Bellary,Local,18/01/2026,2026,1,18,Winter,6.7,20.4,46.2,4336.7,4561.2,4452.4
Tamil Nadu,Nagapattinam,Nagapattinam(Uzhavar Sandhai ),Onion,Bellary,Local,19/04/2026,2026,4,19,Summer,1.6,28.7,45.4,4648.7,4939.8,4793.8
Tamil Nadu,Nagapattinam,Nagapattinam(Uzhavar Sandhai ),Onion,Bellary,Local,19/07/2026,2026,7,19,Monsoon,152.8,36.3,64.4,6312.3,6533.5,6427.7
Tamil Nadu,Nagapattinam,Nagapattinam(Uzhavar Sandhai ),Onion,Bellary,Local,19/10/2025,2025,10,19,Post-Monsoon,47.8,27.2,53.0,4644.2,4835.9,4751.8
Tamil Nadu,Nagapattinam,Nagapattinam(Uzhavar Sandhai ),Onion,Bellary,Local,20/09/2026,2026,9,20,Monsoon,219.5,32.1,77.3,7008.9,7250.2,7102.1
Tamil Nadu,Nagapattinam,Nagapattinam(Uzhavar Sandhai ),Onion,Bellary,Local,21/06/2026,2026,6,21,Monsoon,202.0,33.1,77.4,6879.7,7010.9,6951.9
Tamil Nadu,Nagapattinam,Nagapattinam(Uzhavar Sandhai ),Onion,Bellary,Local,21/12/2025,2025,12,21,Winter,0.9,19.3,44.7,4171.8,4538.2,4377.7
Tamil Nadu,Nagapattinam,Nagapattinam(Uzhavar Sandhai ),Onion,Bellary,Local,22/02/2026,2026,2,22,Winter,5.5,20.5,39.4,4527.3,4891.6,4690.9
Tamil Nadu,Nagapattinam,Nagapattinam(Uzhavar Sandhai ),Onion,Bellary,Local,22/03/2026,2026,3,22,Summer,17.1,22.1,51.0,4743.5,5036.1,4879.1
Tamil Nadu,Nagapattinam,Nagapattinam(Uzhavar Sandhai ),Onion,Bellary,Local,23/08/2026,2026,8,23,Monsoon,231.6,34.0,82.4,7345.8,7514.9,7430.0
Tamil Nadu,Nagapattinam,Nagapattinam(Uzhavar Sandhai ),Onion,Bellary,Local,23/11/2025,2025,11,23,Post-Monsoon,20.5,23.7,47.1,4742.2,5011.8,4863.7
Tamil Nadu,Nagapattinam,Nagapattinam(Uzhavar Sandhai ),Onion,Bellary,Local,24/05/2026,2026,5,24,Summer,16.5,31.4,45.5,5185.1,5470.3,5309.2
Tamil Nadu,Nagapattinam,Nagapattinam(Uzhavar Sandhai ),Onion,Bellary,Local,25/01/2026,2026,1,25,Winter,1.6,16.9,44.1,4187.5,4468.6,4349.9
Tamil Nadu,Nagapattinam,Nagapattinam(Uzhavar Sandhai ),Onion,Bellary,Local,26/04/2026,2026,4,26,Summer,14.2,26.8,44.8,4762.5,4875.9,4825.7
Tamil Nadu,Nagapattinam,Nagapattinam(Uzhavar Sandhai ),Onion,Bellary,Local,26/07/2026,2026,7,26,Monsoon,85.1,35.1,56.8,6489.5,6634.3,6547.3
Tamil Nadu,Nagapattinam,Nagapattinam(Uzhavar Sandhai ),Onion,Bellary,Local,26/10/2025,2025,10,26,Post-Monsoon,73.4,27.7,58.6,4797.3,5073.3,4967.9
Tamil Nadu,Nagapattinam,Nagapattinam(Uzhavar Sandhai ),Onion,Bellary,Local,28/06/2026,2026,6,28,Monsoon,136.7,31.1,66.6,6248.8,6444.0,6326.6
Tamil Nadu,Nagapattinam,Nagapattinam(Uzhavar Sandhai ),Onion,Bellary,Local,28/12/2025,2025,12,28,Winter,1.1,20.3,46.5,4249.0,4464.0,4362.7
Tamil Nadu,Nagapattinam,Nagapattinam(Uzhavar Sandhai ),Onion,Bellary,Local,29/03/2026,2026,3,29,Summer,0.9,23.3,38.0,4944.5,5201.6,5044.9
Tamil Nadu,Nagapattinam,Nagapattinam(Uzhavar Sandhai ),Onion,Bellary,Local,30/08/2026,2026,8,30,Monsoon,247.2,33.0,92.3,6633.0,6879.7,6759.2
Tamil Nadu,Nagapattinam,Nagapattinam(Uzhavar Sandhai ),Onion,Bellary,Local,30/11/2025,2025,11,30,Post-Monsoon,52.4,23.8,49.7,4636.4,4962.6,4789.7
Tamil Nadu,Nagapattinam,Nagapattinam(Uzhavar Sandhai ),Onion,Bellary,Local,31/05/2026,2026,5,31,Summer,13.8,30.4,45.9,4876.3,5048.3,4948.7
Tamil Nadu,Nagapattinam,Sirkali(Uzhavar Sandhai ),Onion,Bellary,Local,01/02/2026,2026,2,1,Winter,7.0,20.6,46.5,5410.5,5627.3,5522.5
Tamil Nadu,Nagapattinam,Sirkali(Uzhavar Sandhai ),Onion,Bellary,Local,01/03/2026,2026,3,1,Summer,12.5,23.3,48.9,6329.1,6531.9,6433.0
Tamil Nadu,Nagapattinam,Sirkali(Uzhavar Sandhai ),Onion,Bellary,Local,02/08/2026,2026,8,2,Monsoon,94.2,33.8,62.3,7278.6,7516.3,7397.0
Tamil Nadu,Nagapattinam,Sirkali(Uzhavar Sandhai ),Onion,Bellary,Local,02/11/2025,2025,11,2,Post-Monsoon,40.7,21.4,54.1,5471.1,5776.9,5627.8
Tamil Nadu,Nagapattinam,Sirkali(Uzhavar Sandhai ),Onion,Bellary,Local,03/05/2026,2026,5,3,Summer,10.1,31.0,44.4,5600.3,5978.1,5775.3
Tamil Nadu,Nagapattinam,Sirkali(Uzhavar Sandhai ),Onion,Bellary,Local,04/01/2026,2026,1,4,Winter,7.2,18.5,46.9,5256.0,5426.2,5364.8
Tamil Nadu,Nagapattinam,Sirkali(Uzhavar Sandhai ),Onion,Bellary,Local,05/04/2026,2026,4,5,Summer,17.1,25.3,41.8,6260.5,6409.9,6329.7
Tamil Nadu,Nagapattinam,Sirkali(Uzhavar Sandhai ),Onion,Bellary,Local,05/07/2026,2026,7,5,Monsoon,133.9,35.6,63.7,7305.7,7486.1,7403.5
Tamil Nadu,Nagapattinam,Sirkali(Uzhavar Sandhai ),Onion,Bellary,Local,05/10/2025,2025,10,5,Post-Monsoon,76.3,26.1,55.0,6141.7,6477.4,6271.4
Tamil Nadu,Nagapattinam,Sirkali(Uzhavar Sandhai ),Onion,Bellary,Local,06/09/2026,2026,9,6,Monsoon,104.3,32.0,57.7,7100.6,7354.9,7227.9
Tamil Nadu,Nagapattinam,Sirkali(Uzhavar Sandhai ),Onion,Bellary,Local,07/06/2026,2026,6,7,Monsoon,158.2,34.3,68.3,7219.0,7541.6,7340.4
Tamil Nadu,Nagapattinam,Sirkali(Uzhavar Sandhai ),Onion,Bellary,Local,07/12/2025,2025,12,7,Winter,16.8,19.5,46.6,5081.8,5274.6,5178.7
Tamil Nadu,Nagapattinam,Sirkali(Uzhavar Sandhai ),Onion,Bellary,Local,08/02/2026,2026,2,8,Winter,12.8,20.0,46.3,5241.2,5445.3,5319.9
Tamil Nadu,Nagapattinam,Sirkali(Uzhavar Sandhai ),Onion,Bellary,Local,08/03/2026,2026,3,8,Summer,8.8,23.9,45.7,5866.0,6106.6,5979.8
Tamil Nadu,Nagapattinam,Sirkali(Uzhavar Sandhai ),Onion,Bellary,Local,09/08/2026,2026,8,9,Monsoon,89.3,34.5,59.2,7093.4,7409.0,7227.2
Tamil Nadu,Nagapattinam,Sirkali(Uzhavar Sandhai ),Onion,Bellary,Local,09/11/2025,2025,11,9,Post-Monsoon,51.7,21.1,53.1,5482.1,5643.4,5549.1
Tamil Nadu,Nagapattinam,Sirkali(Uzhavar Sandhai ),Onion,Bellary,Local,10/05/2026,2026,5,10,Summer,9.5,32.8,44.9,5987.9,6187.1,6110.5
Tamil Nadu,Nagapattinam,Sirkali(Uzhavar Sandhai ),Onion,Bellary,Local,11/01/2026,2026,1,11,Winter,13.3,19.5,46.3,5426.0,5603.5,5542.0
Tamil Nadu,Nagapattinam,Sirkali(Uzhavar Sandhai ),Onion,Bellary,Local,12/04/2026,2026,4,12,Summer,18.4,28.5,49.0,5860.6,6228.4,6082.9
Tamil Nadu,Nagapattinam,Sirkali(Uzhavar Sandhai ),Onion,Bellary,Local,12/07/2026,2026,7,12,Monsoon,221.9,35.4,82.0,8557.4,8761.4,8668.3
Tamil Nadu,Nagapattinam,Sirkali(Uzhavar Sandhai ),Onion,Bellary,Local,12/10/2025,2025,10,12,Post-Monsoon,61.8,29.1,55.7,5861.3,6122.6,5989.7
Tamil Nadu,Nagapattinam,Sirkali(Uzhavar Sandhai ),Onion,Bellary,Local,13/09/2026,2026,9,13,Monsoon,174.1,28.7,71.3,8326.6,8584.3,8460.1
Tamil Nadu,Nagapattinam,Sirkali(Uzhavar Sandhai ),Onion,Bellary,Local,14/06/2026,2026,6,14,Monsoon,136.8,33.4,69.2,7712.3,7983.1,7822.0
Tamil Nadu,Nagapattinam,Sirkali(Uzhavar Sandhai ),Onion,Bellary,Local,14/12/2025,2025,12,14,Winter,3.0,19.4,48.2,5411.1,5574.0,5491.8
Tamil Nadu,Nagapattinam,Sirkali(Uzhavar Sandhai ),Onion,Bellary,Local,15/02/2026,2026,2,15,Winter,16.9,17.5,44.3,5047.1,5240.5,5138.7
Tamil Nadu,Nagapattinam,Sirkali(Uzhavar Sandhai ),Onion,Bellary,Local,15/03/2026,2026,3,15,Summer,4.6,24.0,46.8,6026.1,6271.3,6148.2
Tamil Nadu,Nagapattinam,Sirkali(Uzhavar Sandhai ),Onion,Bellary,Local,16/08/2026,2026,8,16,Monsoon,211.6,33.7,72.1,7680.9,7928.8,7803.6
Tamil Nadu,Nagapattinam,Sirkali(Uzhavar Sandhai ),Onion,Bellary,Local,16/11/2025,2025,11,16,Post-Monsoon,27.6,22.4,46.9,5702.3,5985.5,5881.9
Tamil Nadu,Nagapattinam,Sirkali(Uzhavar Sandhai ),Onion,Bellary,Local,17/05/2026,2026,5,17,Summer,16.0,28.3,43.1,6254.8,6427.3,6338.6
Tamil Nadu,Nagapattinam,Sirkali(Uzhavar Sandhai ),Onion,Bellary,Local,18/01/2026,2026,1,18,Winter,11.1,18.0,40.2,5568.0,5730.6,5669.2
Tamil Nadu,Nagapattinam,Sirkali(Uzhavar Sandhai ),Onion,Bellary,Local,19/04/2026,2026,4,19,Summer,12.4,26.5,45.5,5385.7,5711.6,5575.9
Tamil Nadu,Nagapattinam,Sirkali(Uzhavar Sandhai ),Onion,Bellary,Local,19/07/2026,2026,7,19,Monsoon,187.7,36.3,73.5,8035.8,8339.9,8212.2
Tamil Nadu,Nagapattinam,Sirkali(Uzhavar Sandhai ),Onion,Bellary,Local,19/10/2025,2025,10,19,Post-Monsoon,23.9,27.5,46.9,5270.7,5416.2,5332.7
Tamil Nadu,Nagapattinam,Sirkali(Uzhavar Sandhai ),Onion,Bellary,Local,20/09/2026,2026,9,20,Monsoon,90.0,31.9,58.9,7370.1,7619.4,7512.8
Tamil Nadu,Nagapattinam,Sirkali(Uzhavar Sandhai ),Onion,Bellary,Local,21/06/2026,2026,6,21,Monsoon,132.8,36.5,66.4,7484.8,7685.9,7571.6
Tamil Nadu,Nagapattinam,Sirkali(Uzhavar Sandhai ),Onion,Bellary,Local,21/12/2025,2025,12,21,Winter,14.6,18.3,44.5,5063.9,5407.4,5213.6
Tamil Nadu,Nagapattinam,Sirkali(Uzhavar Sandhai ),Onion,Bellary,Local,22/02/2026,2026,2,22,Winter,9.5,20.4,47.1,4805.2,5115.0,4922.7
Tamil Nadu,Nagapattinam,Sirkali(Uzhavar Sandhai ),Onion,Bellary,Local,22/03/2026,2026,3,22,Summer,5.9,22.4,49.8,5763.2,6086.5,5909.2
Tamil Nadu,Nagapattinam,Sirkali(Uzhavar Sandhai ),Onion,Bellary,Local,23/08/2026,2026,8,23,Monsoon,97.9,33.5,65.9,7693.9,8067.7,7887.8
Tamil Nadu,Nagapattinam,Sirkali(Uzhavar Sandhai ),Onion,Bellary,Local,23/11/2025,2025,11,23,Post-Monsoon,79.3,22.3,58.2,5946.9,6236.5,6062.4
Tamil Nadu,Nagapattinam,Sirkali(Uzhavar Sandhai ),Onion,Bellary,Local,24/05/2026,2026,5,24,Summer,14.3,33.2,44.3,5692.5,5944.3,5837.3
Tamil Nadu,Nagapattinam,Sirkali(Uzhavar Sandhai ),Onion,Bellary,Local,25/01/2026,2026,1,25,Winter,0.4,22.3,53.3,4784.5,4985.8,4886.3
Tamil Nadu,Nagapattinam,Sirkali(Uzhavar Sandhai ),Onion,Bellary,Local,26/04/2026,2026,4,26,Summer,6.3,28.4,43.9,6103.2,6421.7,6231.9
Tamil Nadu,Nagapattinam,Sirkali(Uzhavar Sandhai ),Onion,Bellary,Local,26/07/2026,2026,7,26,Monsoon,128.4,34.8,59.4,7794.9,7922.3,7842.1
Tamil Nadu,Nagapattinam,Sirkali(Uzhavar Sandhai ),Onion,Bellary,Local,26/10/2025,2025,10,26,Post-Monsoon,70.4,27.5,56.2,5692.9,6018.4,5830.2
Tamil Nadu,Nagapattinam,Sirkali(Uzhavar Sandhai ),Onion,Bellary,Local,28/06/2026,2026,6,28,Monsoon,161.3,33.9,71.1,8616.9,8819.0,8725.9
Tamil Nadu,Nagapattinam,Sirkali(Uzhavar Sandhai ),Onion,Bellary,Local,28/12/2025,2025,12,28,Winter,6.1,22.5,48.6,4974.3,5221.4,5108.9
Tamil Nadu,Nagapattinam,Sirkali(Uzhavar Sandhai ),Onion,Bellary,Local,29/03/2026,2026,3,29,Summer,2.2,23.6,45.1,5783.1,6126.9,5956.8
Tamil Nadu,Nagapattinam,Sirkali(Uzhavar Sandhai ),Onion,Bellary,Local,30/08/2026,2026,8,30,Monsoon,120.1,34.2,63.8,7801.5,8109.8,7926.9
Tamil Nadu,Nagapattinam,Sirkali(Uzhavar Sandhai ),Onion,Bellary,Local,30/11/2025,2025,11,30,Post-Monsoon,67.2,22.5,57.3,5772.3,6067.2,5904.5
Tamil Nadu,Nagapattinam,Sirkali(Uzhavar Sandhai ),Onion,Bellary,Local,31/05/2026,2026,5,31,Summer,13.0,31.1,46.0,5941.9,6168.7,6041.9
Tamil Nadu,Nagapattinam,Vedaranyam(Uzhavar Sandhai),Onion,Bellary,Local,01/02/2026,2026,2,1,Winter,12.3,18.5,47.6,4020.3,4321.5,4185.9
Tamil Nadu,Nagapattinam,Vedaranyam(Uzhavar Sandhai),Onion,Bellary,Local,01/03/2026,2026,3,1,Summer,14.1,24.3,45.1,4727.5,5078.8,4905.5
Tamil Nadu,Nagapattinam,Vedaranyam(Uzhavar Sandhai),Onion,Bellary,Local,02/08/2026,2026,8,2,Monsoon,210.7,35.4,78.5,6659.9,6880.6,6779.4
Tamil Nadu,Nagapattinam,Vedaranyam(Uzhavar Sandhai),Onion,Bellary,Local,02/11/2025,2025,11,2,Post-Monsoon,50.7,24.4,47.2,4208.4,4339.6,4271.6
Tamil Nadu,Nagapattinam,Vedaranyam(Uzhavar Sandhai),Onion,Bellary,Local,03/05/2026,2026,5,3,Summer,8.9,30.3,43.1,4257.0,4518.8,4397.5
Tamil Nadu,Nagapattinam,Vedaranyam(Uzhavar Sandhai),Onion,Bellary,Local,04/01/2026,2026,1,4,Winter,2.9,18.8,50.6,3972.2,4236.4,4102.2
Tamil Nadu,Nagapattinam,Vedaranyam(Uzhavar Sandhai),Onion,Bellary,Local,05/04/2026,2026,4,5,Summer,7.0,28.5,44.5,4386.9,4614.2,4501.0
Tamil Nadu,Nagapattinam,Vedaranyam(Uzhavar Sandhai),Onion,Bellary,Local,05/07/2026,2026,7,5,Monsoon,167.2,34.5,74.9,5873.7,6105.2,5952.5
Tamil Nadu,Nagapattinam,Vedaranyam(Uzhavar Sandhai),Onion,Bellary,Local,05/10/2025,2025,10,5,Post-Monsoon,43.6,27.9,53.5,4151.0,4346.2,4264.1
Tamil Nadu,Nagapattinam,Vedaranyam(Uzhavar Sandhai),Onion,Bellary,Local,06/09/2026,2026,9,6,Monsoon,151.3,32.3,69.6,5796.7,6103.7,5915.1
Tamil Nadu,Nagapattinam,Vedaranyam(Uzhavar Sandhai),Onion,Bellary,Local,07/06/2026,2026,6,7,Monsoon,247.4,33.9,88.0,6620.9,6845.7,6730.1
Tamil Nadu,Nagapattinam,Vedaranyam(Uzhavar Sandhai),Onion,Bellary,Local,07/12/2025,2025,12,7,Winter,0.3,20.8,43.3,3809.5,3980.9,3889.5
Tamil Nadu,Nagapattinam,Vedaranyam(Uzhavar Sandhai),Onion,Bellary,Local,08/02/2026,2026,2,8,Winter,16.6,17.6,47.9,3927.6,4199.4,4057.1
Tamil Nadu,Nagapattinam,Vedaranyam(Uzhavar Sandhai),Onion,Bellary,Local,08/03/2026,2026,3,8,Summer,13.5,23.2,46.0,4587.5,4913.6,4733.1
Tamil Nadu,Nagapattinam,Vedaranyam(Uzhavar Sandhai),Onion,Bellary,Local,09/08/2026,2026,8,9,Monsoon,233.8,34.8,84.1,6116.7,6429.0,6249.0
Tamil Nadu,Nagapattinam,Vedaranyam(Uzhavar Sandhai),Onion,Bellary,Local,09/11/2025,2025,11,9,Post-Monsoon,45.0,22.7,49.5,4329.9,4580.5,4479.8
Tamil Nadu,Nagapattinam,Vedaranyam(Uzhavar Sandhai),Onion,Bellary,Local,10/05/2026,2026,5,10,Summer,10.3,33.0,52.2,4790.9,4918.8,4841.5
Tamil Nadu,Nagapattinam,Vedaranyam(Uzhavar Sandhai),Onion,Bellary,Local,11/01/2026,2026,1,11,Winter,15.7,21.2,47.5,3790.2,3955.3,3852.0
Tamil Nadu,Nagapattinam,Vedaranyam(Uzhavar Sandhai),Onion,Bellary,Local,12/04/2026,2026,4,12,Summer,4.5,26.7,42.4,4504.6,4718.3,4617.9
Tamil Nadu,Nagapattinam,Vedaranyam(Uzhavar Sandhai),Onion,Bellary,Local,12/07/2026,2026,7,12,Monsoon,123.5,35.6,66.1,5777.2,5925.3,5842.2
Tamil Nadu,Nagapattinam,Vedaranyam(Uzhavar Sandhai),Onion,Bellary,Local,12/10/2025,2025,10,12,Post-Monsoon,41.4,29.9,52.8,4296.9,4553.6,4427.8
Tamil Nadu,Nagapattinam,Vedaranyam(Uzhavar Sandhai),Onion,Bellary,Local,13/09/2026,2026,9,13,Monsoon,188.7,30.2,73.3,5507.5,5769.0,5634.6
Tamil Nadu,Nagapattinam,Vedaranyam(Uzhavar Sandhai),Onion,Bellary,Local,14/06/2026,2026,6,14,Monsoon,120.2,35.6,66.7,5728.5,5845.4,5789.9
Tamil Nadu,Nagapattinam,Vedaranyam(Uzhavar Sandhai),Onion,Bellary,Local,14/12/2025,2025,12,14,Winter,8.2,20.9,47.9,3553.4,3781.3,3687.6
Tamil Nadu,Nagapattinam,Vedaranyam(Uzhavar Sandhai),Onion,Bellary,Local,15/02/2026,2026,2,15,Winter,10.3,20.4,42.7,3894.9,4112.1,4004.4
Tamil Nadu,Nagapattinam,Vedaranyam(Uzhavar Sandhai),Onion,Bellary,Local,15/03/2026,2026,3,15,Summer,1.9,23.0,48.0,4250.1,4472.4,4342.5
Tamil Nadu,Nagapattinam,Vedaranyam(Uzhavar Sandhai),Onion,Bellary,Local,16/08/2026,2026,8,16,Monsoon,212.7,33.8,79.9,5909.9,6208.6,6061.9
Tamil Nadu,Nagapattinam,Vedaranyam(Uzhavar Sandhai),Onion,Bellary,Local,16/11/2025,2025,11,16,Post-Monsoon,67.7,22.5,54.7,4020.1,4318.6,4138.5
Tamil Nadu,Nagapattinam,Vedaranyam(Uzhavar Sandhai),Onion,Bellary,Local,17/05/2026,2026,5,17,Summer,7.3,30.8,45.3,4383.5,4668.4,4523.5
Tamil Nadu,Nagapattinam,Vedaranyam(Uzhavar Sandhai),Onion,Bellary,Local,18/01/2026,2026,1,18,Winter,8.3,17.6,47.1,3610.0,3828.4,3727.1
Tamil Nadu,Nagapattinam,Vedaranyam(Uzhavar Sandhai),Onion,Bellary,Local,19/04/2026,2026,4,19,Summer,16.5,25.9,46.7,4551.6,4879.0,4735.6
Tamil Nadu,Nagapattinam,Vedaranyam(Uzhavar Sandhai),Onion,Bellary,Local,19/07/2026,2026,7,19,Monsoon,120.3,33.1,64.3,5463.5,5756.4,5606.4
Tamil Nadu,Nagapattinam,Vedaranyam(Uzhavar Sandhai),Onion,Bellary,Local,19/10/2025,2025,10,19,Post-Monsoon,34.4,25.8,50.4,4208.6,4416.1,4290.5
Tamil Nadu,Nagapattinam,Vedaranyam(Uzhavar Sandhai),Onion,Bellary,Local,20/09/2026,2026,9,20,Monsoon,167.1,33.3,66.2,5799.6,5989.7,5909.8
Tamil Nadu,Nagapattinam,Vedaranyam(Uzhavar Sandhai),Onion,Bellary,Local,21/06/2026,2026,6,21,Monsoon,175.2,31.1,75.2,6079.5,6278.3,6187.5
Tamil Nadu,Nagapattinam,Vedaranyam(Uzhavar Sandhai),Onion,Bellary,Local,21/12/2025,2025,12,21,Winter,9.5,20.7,51.1,4061.9,4255.0,4143.3
Tamil Nadu,Nagapattinam,Vedaranyam(Uzhavar Sandhai),Onion,Bellary,Local,22/02/2026,2026,2,22,Winter,16.8,19.8,49.0,3896.6,4193.5,4045.2
Tamil Nadu,Nagapattinam,Vedaranyam(Uzhavar Sandhai),Onion,Bellary,Local,22/03/2026,2026,3,22,Summer,11.6,22.5,44.9,4532.0,4731.2,4639.7
Tamil Nadu,Nagapattinam,Vedaranyam(Uzhavar Sandhai),Onion,Bellary,Local,23/08/2026,2026,8,23,Monsoon,118.7,35.1,61.7,5811.4,6179.9,6010.7
Tamil Nadu,Nagapattinam,Vedaranyam(Uzhavar Sandhai),Onion,Bellary,Local,23/11/2025,2025,11,23,Post-Monsoon,56.3,22.6,54.4,4188.9,4473.5,4327.0
Tamil Nadu,Nagapattinam,Vedaranyam(Uzhavar Sandhai),Onion,Bellary,Local,24/05/2026,2026,5,24,Summer,8.7,30.5,50.9,4488.6,4694.9,4574.5
Tamil Nadu,Nagapattinam,Vedaranyam(Uzhavar Sandhai),Onion,Bellary,Local,25/01/2026,2026,1,25,Winter,16.2,21.8,42.4,4034.0,4285.6,4165.5
Tamil Nadu,Nagapattinam,Vedaranyam(Uzhavar Sandhai),Onion,Bellary,Local,26/04/2026,2026,4,26,Summer,2.6,28.0,44.9,4423.2,4554.6,4502.3
Tamil Nadu,Nagapattinam,Vedaranyam(Uzhavar Sandhai),Onion,Bellary,Local,26/07/2026,2026,7,26,Monsoon,198.3,34.3,78.4,5603.6,6001.9,5772.3
Tamil Nadu,Nagapattinam,Vedaranyam(Uzhavar Sandhai),Onion,Bellary,Local,26/10/2025,2025,10,26,Post-Monsoon,56.9,27.9,54.1,3837.2,3976.9,3893.5
Tamil Nadu,Nagapattinam,Vedaranyam(Uzhavar Sandhai),Onion,Bellary,Local,28/06/2026,2026,6,28,Monsoon,230.4,36.5,81.4,6349.0,6543.8,6420.5
Tamil Nadu,Nagapattinam,Vedaranyam(Uzhavar Sandhai),Onion,Bellary,Local,28/12/2025,2025,12,28,Winter,17.7,17.4,44.7,3823.6,4193.4,4035.5
Tamil Nadu,Nagapattinam,Vedaranyam(Uzhavar Sandhai),Onion,Bellary,Local,29/03/2026,2026,3,29,Summer,1.2,21.8,47.9,4188.9,4429.1,4295.1
Tamil Nadu,Nagapattinam,Vedaranyam(Uzhavar Sandhai),Onion,Bellary,Local,30/08/2026,2026,8,30,Monsoon,160.8,34.0,70.4,5882.0,6153.1,6041.6
Tamil Nadu,Nagapattinam,Vedaranyam(Uzhavar Sandhai),Onion,Bellary,Local,30/11/2025,2025,11,30,Post-Monsoon,39.4,20.4,51.0,4237.6,4343.2,4284.0
Tamil Nadu,Nagapattinam,Vedaranyam(Uzhavar Sandhai),Onion,Bellary,Local,31/05/2026,2026,5,31,Summer,3.8,29.6,43.8,4383.7,4709.1,4565.9
Tamil Nadu,Nagercoil (Kannyiakumari),Myladi(Uzhavar Sandhai ),Onion,Bellary,Local,01/02/2026,2026,2,1,Winter,17.8,20.4,52.7,6226.6,6459.9,6334.8
Tamil Nadu,Nagercoil (Kannyiakumari),Myladi(Uzhavar Sandhai ),Onion,Bellary,Local,01/03/2026,2026,3,1,Summer,10.0,25.7,49.0,6833.1,7065.4,6957.7
Tamil Nadu,Nagercoil (Kannyiakumari),Myladi(Uzhavar Sandhai ),Onion,Bellary,Local,02/08/2026,2026,8,2,Monsoon,173.7,34.4,69.9,8804.8,9061.9,8936.5
Tamil Nadu,Nagercoil (Kannyiakumari),Myladi(Uzhavar Sandhai ),Onion,Bellary,Local,02/11/2025,2025,11,2,Post-Monsoon,60.5,23.5,52.6,6814.2,6975.7,6914.2
Tamil Nadu,Nagercoil (Kannyiakumari),Myladi(Uzhavar Sandhai ),Onion,Bellary,Local,03/05/2026,2026,5,3,Summer,8.9,32.2,44.5,6933.5,7180.2,7056.2
Tamil Nadu,Nagercoil (Kannyiakumari),Myladi(Uzhavar Sandhai ),Onion,Bellary,Local,04/01/2026,2026,1,4,Winter,19.3,21.2,50.8,6199.4,6335.2,6265.5
Tamil Nadu,Nagercoil (Kannyiakumari),Myladi(Uzhavar Sandhai ),Onion,Bellary,Local,05/04/2026,2026,4,5,Summer,1.4,28.4,48.6,6563.8,6850.8,6717.1
Tamil Nadu,Nagercoil (Kannyiakumari),Myladi(Uzhavar Sandhai ),Onion,Bellary,Local,05/07/2026,2026,7,5,Monsoon,165.9,36.5,75.2,9408.3,9704.6,9589.3
Tamil Nadu,Nagercoil (Kannyiakumari),Myladi(Uzhavar Sandhai ),Onion,Bellary,Local,05/10/2025,2025,10,5,Post-Monsoon,57.6,26.3,57.5,6427.5,6578.4,6516.1
Tamil Nadu,Nagercoil (Kannyiakumari),Myladi(Uzhavar Sandhai ),Onion,Bellary,Local,06/09/2026,2026,9,6,Monsoon,193.7,33.3,81.5,9427.4,9751.3,9551.9
Tamil Nadu,Nagercoil (Kannyiakumari),Myladi(Uzhavar Sandhai ),Onion,Bellary,Local,07/06/2026,2026,6,7,Monsoon,218.1,34.5,81.5,9971.3,10265.4,10110.2
Tamil Nadu,Nagercoil (Kannyiakumari),Myladi(Uzhavar Sandhai ),Onion,Bellary,Local,07/12/2025,2025,12,7,Winter,12.8,20.3,46.9,6138.1,6429.0,6283.7
Tamil Nadu,Nagercoil (Kannyiakumari),Myladi(Uzhavar Sandhai ),Onion,Bellary,Local,08/02/2026,2026,2,8,Winter,14.6,22.1,40.5,6048.0,6318.2,6214.3
Tamil Nadu,Nagercoil (Kannyiakumari),Myladi(Uzhavar Sandhai ),Onion,Bellary,Local,08/03/2026,2026,3,8,Summer,0.0,21.0,46.3,6969.0,7211.5,7094.2
Tamil Nadu,Nagercoil (Kannyiakumari),Myladi(Uzhavar Sandhai ),Onion,Bellary,Local,09/08/2026,2026,8,9,Monsoon,178.5,35.1,78.1,9062.2,9377.2,9199.1
Tamil Nadu,Nagercoil (Kannyiakumari),Myladi(Uzhavar Sandhai ),Onion,Bellary,Local,09/11/2025,2025,11,9,Post-Monsoon,29.9,20.7,51.2,6651.9,6773.6,6702.7
Tamil Nadu,Nagercoil (Kannyiakumari),Myladi(Uzhavar Sandhai ),Onion,Bellary,Local,10/05/2026,2026,5,10,Summer,4.5,29.0,37.8,7649.3,7883.1,7769.9
Tamil Nadu,Nagercoil (Kannyiakumari),Myladi(Uzhavar Sandhai ),Onion,Bellary,Local,11/01/2026,2026,1,11,Winter,6.1,19.3,45.5,6130.4,6368.6,6231.4
Tamil Nadu,Nagercoil (Kannyiakumari),Myladi(Uzhavar Sandhai ),Onion,Bellary,Local,12/04/2026,2026,4,12,Summer,19.7,28.2,46.6,7542.5,7793.5,7668.2
Tamil Nadu,Nagercoil (Kannyiakumari),Myladi(Uzhavar Sandhai ),Onion,Bellary,Local,12/07/2026,2026,7,12,Monsoon,161.8,35.5,72.8,9459.1,9646.8,9554.2
Tamil Nadu,Nagercoil (Kannyiakumari),Myladi(Uzhavar Sandhai ),Onion,Bellary,Local,12/10/2025,2025,10,12,Post-Monsoon,32.1,26.7,49.2,6140.6,6306.6,6213.2
Tamil Nadu,Nagercoil (Kannyiakumari),Myladi(Uzhavar Sandhai ),Onion,Bellary,Local,13/09/2026,2026,9,13,Monsoon,100.7,29.8,60.9,8305.5,8651.8,8459.6
Tamil Nadu,Nagercoil (Kannyiakumari),Myladi(Uzhavar Sandhai ),Onion,Bellary,Local,14/06/2026,2026,6,14,Monsoon,176.0,35.7,72.8,9116.2,9472.3,9274.3
Tamil Nadu,Nagercoil (Kannyiakumari),Myladi(Uzhavar Sandhai ),Onion,Bellary,Local,14/12/2025,2025,12,14,Winter,19.8,17.1,50.1,5796.4,6146.3,5969.8
Tamil Nadu,Nagercoil (Kannyiakumari),Myladi(Uzhavar Sandhai ),Onion,Bellary,Local,15/02/2026,2026,2,15,Winter,10.5,21.1,46.3,6126.8,6316.3,6234.3
Tamil Nadu,Nagercoil (Kannyiakumari),Myladi(Uzhavar Sandhai ),Onion,Bellary,Local,15/03/2026,2026,3,15,Summer,0.2,23.1,44.9,7014.6,7262.9,7125.4
Tamil Nadu,Nagercoil (Kannyiakumari),Myladi(Uzhavar Sandhai ),Onion,Bellary,Local,16/08/2026,2026,8,16,Monsoon,215.2,35.3,77.7,9480.7,9787.8,9633.9
Tamil Nadu,Nagercoil (Kannyiakumari),Myladi(Uzhavar Sandhai ),Onion,Bellary,Local,16/11/2025,2025,11,16,Post-Monsoon,78.7,21.2,62.1,6757.5,6955.7,6881.2
Tamil Nadu,Nagercoil (Kannyiakumari),Myladi(Uzhavar Sandhai ),Onion,Bellary,Local,17/05/2026,2026,5,17,Summer,17.8,29.7,49.3,7507.8,7646.4,7579.5
Tamil Nadu,Nagercoil (Kannyiakumari),Myladi(Uzhavar Sandhai ),Onion,Bellary,Local,18/01/2026,2026,1,18,Winter,19.9,18.9,48.7,6594.1,6817.0,6683.1
Tamil Nadu,Nagercoil (Kannyiakumari),Myladi(Uzhavar Sandhai ),Onion,Bellary,Local,19/04/2026,2026,4,19,Summer,13.6,26.3,49.8,7243.2,7520.3,7391.2
Tamil Nadu,Nagercoil (Kannyiakumari),Myladi(Uzhavar Sandhai ),Onion,Bellary,Local,19/07/2026,2026,7,19,Monsoon,101.5,36.2,61.5,8426.1,8682.5,8566.8
Tamil Nadu,Nagercoil (Kannyiakumari),Myladi(Uzhavar Sandhai ),Onion,Bellary,Local,19/10/2025,2025,10,19,Post-Monsoon,21.5,28.6,49.7,6267.5,6421.7,6346.8
Tamil Nadu,Nagercoil (Kannyiakumari),Myladi(Uzhavar Sandhai ),Onion,Bellary,Local,20/09/2026,2026,9,20,Monsoon,180.1,30.3,71.9,9387.5,9532.1,9463.0
Tamil Nadu,Nagercoil (Kannyiakumari),Myladi(Uzhavar Sandhai ),Onion,Bellary,Local,21/06/2026,2026,6,21,Monsoon,118.7,32.1,62.8,9208.1,9371.0,9303.1
Tamil Nadu,Nagercoil (Kannyiakumari),Myladi(Uzhavar Sandhai ),Onion,Bellary,Local,21/12/2025,2025,12,21,Winter,0.1,21.2,47.7,5802.3,6114.4,5956.4
Tamil Nadu,Nagercoil (Kannyiakumari),Myladi(Uzhavar Sandhai ),Onion,Bellary,Local,22/02/2026,2026,2,22,Winter,11.1,20.5,43.3,5696.1,5886.0,5787.9
Tamil Nadu,Nagercoil (Kannyiakumari),Myladi(Uzhavar Sandhai ),Onion,Bellary,Local,22/03/2026,2026,3,22,Summer,6.2,23.2,46.0,7511.7,7765.6,7660.8
Tamil Nadu,Nagercoil (Kannyiakumari),Myladi(Uzhavar Sandhai ),Onion,Bellary,Local,23/08/2026,2026,8,23,Monsoon,207.9,33.3,80.0,10132.7,10396.9,10274.9
Tamil Nadu,Nagercoil (Kannyiakumari),Myladi(Uzhavar Sandhai ),Onion,Bellary,Local,23/11/2025,2025,11,23,Post-Monsoon,71.1,22.8,56.2,6784.3,7074.5,6915.1
Tamil Nadu,Nagercoil (Kannyiakumari),Myladi(Uzhavar Sandhai ),Onion,Bellary,Local,24/05/2026,2026,5,24,Summer,4.2,31.4,46.0,6980.9,7269.2,7109.9
Tamil Nadu,Nagercoil (Kannyiakumari),Myladi(Uzhavar Sandhai ),Onion,Bellary,Local,25/01/2026,2026,1,25,Winter,18.2,16.4,48.2,5636.5,5790.7,5706.6
Tamil Nadu,Nagercoil (Kannyiakumari),Myladi(Uzhavar Sandhai ),Onion,Bellary,Local,26/04/2026,2026,4,26,Summer,4.2,27.1,53.3,7158.0,7312.0,7225.1
Tamil Nadu,Nagercoil (Kannyiakumari),Myladi(Uzhavar Sandhai ),Onion,Bellary,Local,26/07/2026,2026,7,26,Monsoon,166.8,33.2,67.7,9615.9,9906.7,9762.5
Tamil Nadu,Nagercoil (Kannyiakumari),Myladi(Uzhavar Sandhai ),Onion,Bellary,Local,26/10/2025,2025,10,26,Post-Monsoon,33.8,26.4,52.0,6710.4,6907.5,6825.7
Tamil Nadu,Nagercoil (Kannyiakumari),Myladi(Uzhavar Sandhai ),Onion,Bellary,Local,28/06/2026,2026,6,28,Monsoon,145.3,32.4,67.0,8933.4,9300.6,9158.8
Tamil Nadu,Nagercoil (Kannyiakumari),Myladi(Uzhavar Sandhai ),Onion,Bellary,Local,28/12/2025,2025,12,28,Winter,8.9,19.1,40.1,5626.9,5955.4,5823.2
Tamil Nadu,Nagercoil (Kannyiakumari),Myladi(Uzhavar Sandhai ),Onion,Bellary,Local,29/03/2026,2026,3,29,Summer,3.4,20.0,44.0,7351.6,7715.9,7538.3
Tamil Nadu,Nagercoil (Kannyiakumari),Myladi(Uzhavar Sandhai ),Onion,Bellary,Local,30/08/2026,2026,8,30,Monsoon,119.6,34.2,64.0,9233.2,9390.9,9310.6
Tamil Nadu,Nagercoil (Kannyiakumari),Myladi(Uzhavar Sandhai ),Onion,Bellary,Local,30/11/2025,2025,11,30,Post-Monsoon,22.6,23.2,52.7,6867.4,7096.7,6991.8
Tamil Nadu,Nagercoil (Kannyiakumari),Myladi(Uzhavar Sandhai ),Onion,Bellary,Local,31/05/2026,2026,5,31,Summer,4.9,32.3,46.5,7475.9,7730.2,7596.3
Tamil Nadu,Nagercoil (Kannyiakumari),Vadaseri APMC,Onion,Bellary,Local,01/02/2026,2026,2,1,Winter,3.1,24.3,44.9,6362.1,6705.6,6508.9
Tamil Nadu,Nagercoil (Kannyiakumari),Vadaseri APMC,Onion,Bellary,Local,01/03/2026,2026,3,1,Summer,6.0,21.9,45.3,7558.8,7811.6,7678.9
Tamil Nadu,Nagercoil (Kannyiakumari),Vadaseri APMC,Onion,Bellary,Local,02/08/2026,2026,8,2,Monsoon,143.1,32.7,64.7,10091.2,10281.3,10177.7
Tamil Nadu,Nagercoil (Kannyiakumari),Vadaseri APMC,Onion,Bellary,Local,02/11/2025,2025,11,2,Post-Monsoon,38.1,22.4,54.8,7494.5,7718.4,7613.1
Tamil Nadu,Nagercoil (Kannyiakumari),Vadaseri APMC,Onion,Bellary,Local,03/05/2026,2026,5,3,Summer,12.6,29.7,50.4,7613.8,7902.4,7739.3
Tamil Nadu,Nagercoil (Kannyiakumari),Vadaseri APMC,Onion,Bellary,Local,04/01/2026,2026,1,4,Winter,1.9,18.7,40.0,6440.9,6593.8,6520.7
Tamil Nadu,Nagercoil (Kannyiakumari),Vadaseri APMC,Onion,Bellary,Local,05/04/2026,2026,4,5,Summer,12.4,26.3,47.2,8367.3,8524.3,8452.9
Tamil Nadu,Nagercoil (Kannyiakumari),Vadaseri APMC,Onion,Bellary,Local,05/07/2026,2026,7,5,Monsoon,202.6,36.8,77.4,11154.3,11435.8,11271.0
Tamil Nadu,Nagercoil (Kannyiakumari),Vadaseri APMC,Onion,Bellary,Local,05/10/2025,2025,10,5,Post-Monsoon,52.1,27.6,55.6,7172.6,7325.4,7243.6
Tamil Nadu,Nagercoil (Kannyiakumari),Vadaseri APMC,Onion,Bellary,Local,06/09/2026,2026,9,6,Monsoon,173.8,32.6,74.1,10061.8,10311.1,10182.1
Tamil Nadu,Nagercoil (Kannyiakumari),Vadaseri APMC,Onion,Bellary,Local,07/06/2026,2026,6,7,Monsoon,188.3,34.9,72.9,10427.2,10582.4,10500.9
Tamil Nadu,Nagercoil (Kannyiakumari),Vadaseri APMC,Onion,Bellary,Local,07/12/2025,2025,12,7,Winter,12.4,20.1,49.0,6860.1,7122.6,7014.3
Tamil Nadu,Nagercoil (Kannyiakumari),Vadaseri APMC,Onion,Bellary,Local,08/02/2026,2026,2,8,Winter,16.1,22.0,46.4,6753.7,6925.8,6826.6
Tamil Nadu,Nagercoil (Kannyiakumari),Vadaseri APMC,Onion,Bellary,Local,08/03/2026,2026,3,8,Summer,9.7,23.0,43.8,7409.9,7748.8,7571.3
Tamil Nadu,Nagercoil (Kannyiakumari),Vadaseri APMC,Onion,Bellary,Local,09/08/2026,2026,8,9,Monsoon,217.7,35.0,76.8,10477.3,10596.2,10541.2
Tamil Nadu,Nagercoil (Kannyiakumari),Vadaseri APMC,Onion,Bellary,Local,09/11/2025,2025,11,9,Post-Monsoon,38.6,22.3,51.3,7125.1,7335.8,7208.2
Tamil Nadu,Nagercoil (Kannyiakumari),Vadaseri APMC,Onion,Bellary,Local,10/05/2026,2026,5,10,Summer,0.5,28.4,42.0,7133.8,7301.0,7237.5
Tamil Nadu,Nagercoil (Kannyiakumari),Vadaseri APMC,Onion,Bellary,Local,11/01/2026,2026,1,11,Winter,19.2,19.1,50.2,6744.0,7045.3,6883.5
Tamil Nadu,Nagercoil (Kannyiakumari),Vadaseri APMC,Onion,Bellary,Local,12/04/2026,2026,4,12,Summer,4.9,26.7,45.5,7438.1,7697.3,7551.5
Tamil Nadu,Nagercoil (Kannyiakumari),Vadaseri APMC,Onion,Bellary,Local,12/07/2026,2026,7,12,Monsoon,94.5,36.6,57.6,9098.1,9358.7,9259.5
Tamil Nadu,Nagercoil (Kannyiakumari),Vadaseri APMC,Onion,Bellary,Local,12/10/2025,2025,10,12,Post-Monsoon,23.8,27.2,48.7,6955.8,7238.3,7096.2
Tamil Nadu,Nagercoil (Kannyiakumari),Vadaseri APMC,Onion,Bellary,Local,13/09/2026,2026,9,13,Monsoon,241.1,30.5,79.2,10626.7,10808.9,10731.4
Tamil Nadu,Nagercoil (Kannyiakumari),Vadaseri APMC,Onion,Bellary,Local,14/06/2026,2026,6,14,Monsoon,93.5,36.0,57.4,9956.0,10343.4,10144.0
Tamil Nadu,Nagercoil (Kannyiakumari),Vadaseri APMC,Onion,Bellary,Local,14/12/2025,2025,12,14,Winter,19.6,20.1,43.6,6163.0,6542.9,6385.1
Tamil Nadu,Nagercoil (Kannyiakumari),Vadaseri APMC,Onion,Bellary,Local,15/02/2026,2026,2,15,Winter,10.4,19.6,46.8,5982.2,6334.1,6177.2
Tamil Nadu,Nagercoil (Kannyiakumari),Vadaseri APMC,Onion,Bellary,Local,15/03/2026,2026,3,15,Summer,0.1,23.6,45.4,6952.7,7131.2,7033.6
Tamil Nadu,Nagercoil (Kannyiakumari),Vadaseri APMC,Onion,Bellary,Local,16/08/2026,2026,8,16,Monsoon,206.7,34.9,77.0,9776.1,9997.2,9893.6
Tamil Nadu,Nagercoil (Kannyiakumari),Vadaseri APMC,Onion,Bellary,Local,16/11/2025,2025,11,16,Post-Monsoon,21.1,23.8,46.9,6960.3,7249.3,7092.7
Tamil Nadu,Nagercoil (Kannyiakumari),Vadaseri APMC,Onion,Bellary,Local,17/05/2026,2026,5,17,Summer,7.0,33.0,48.0,7133.0,7461.8,7325.9
Tamil Nadu,Nagercoil (Kannyiakumari),Vadaseri APMC,Onion,Bellary,Local,18/01/2026,2026,1,18,Winter,5.9,20.2,42.1,6423.6,6646.8,6529.3
Tamil Nadu,Nagercoil (Kannyiakumari),Vadaseri APMC,Onion,Bellary,Local,19/04/2026,2026,4,19,Summer,10.2,26.2,47.7,7852.2,8154.1,8037.4
Tamil Nadu,Nagercoil (Kannyiakumari),Vadaseri APMC,Onion,Bellary,Local,19/07/2026,2026,7,19,Monsoon,210.6,34.5,77.6,10193.8,10357.0,10284.0
Tamil Nadu,Nagercoil (Kannyiakumari),Vadaseri APMC,Onion,Bellary,Local,19/10/2025,2025,10,19,Post-Monsoon,23.8,24.8,49.4,6864.1,7149.9,7002.9
Tamil Nadu,Nagercoil (Kannyiakumari),Vadaseri APMC,Onion,Bellary,Local,20/09/2026,2026,9,20,Monsoon,182.4,27.7,70.3,9790.8,10163.3,9981.7
Tamil Nadu,Nagercoil (Kannyiakumari),Vadaseri APMC,Onion,Bellary,Local,21/06/2026,2026,6,21,Monsoon,191.0,33.8,71.0,10317.1,10447.4,10382.5
Tamil Nadu,Nagercoil (Kannyiakumari),Vadaseri APMC,Onion,Bellary,Local,21/12/2025,2025,12,21,Winter,6.2,18.7,49.7,6791.8,7152.1,6964.7
Tamil Nadu,Nagercoil (Kannyiakumari),Vadaseri APMC,Onion,Bellary,Local,22/02/2026,2026,2,22,Winter,12.6,18.7,47.4,6397.7,6569.6,6487.3
Tamil Nadu,Nagercoil (Kannyiakumari),Vadaseri APMC,Onion,Bellary,Local,22/03/2026,2026,3,22,Summer,0.3,20.6,48.7,7549.0,7761.0,7624.6
Tamil Nadu,Nagercoil (Kannyiakumari),Vadaseri APMC,Onion,Bellary,Local,23/08/2026,2026,8,23,Monsoon,243.9,36.3,83.5,10751.7,10916.8,10830.9
Tamil Nadu,Nagercoil (Kannyiakumari),Vadaseri APMC,Onion,Bellary,Local,23/11/2025,2025,11,23,Post-Monsoon,28.3,22.5,48.1,6586.3,6741.4,6654.1
Tamil Nadu,Nagercoil (Kannyiakumari),Vadaseri APMC,Onion,Bellary,Local,24/05/2026,2026,5,24,Summer,10.5,32.7,51.1,7923.3,8075.1,7984.4
Tamil Nadu,Nagercoil (Kannyiakumari),Vadaseri APMC,Onion,Bellary,Local,25/01/2026,2026,1,25,Winter,19.3,17.1,50.0,6819.0,7039.6,6929.7
Tamil Nadu,Nagercoil (Kannyiakumari),Vadaseri APMC,Onion,Bellary,Local,26/04/2026,2026,4,26,Summer,7.6,26.6,51.9,8090.5,8311.2,8217.3
Tamil Nadu,Nagercoil (Kannyiakumari),Vadaseri APMC,Onion,Bellary,Local,26/07/2026,2026,7,26,Monsoon,159.6,34.1,75.5,9405.9,9718.9,9548.7
Tamil Nadu,Nagercoil (Kannyiakumari),Vadaseri APMC,Onion,Bellary,Local,26/10/2025,2025,10,26,Post-Monsoon,46.4,28.9,48.6,7275.4,7560.3,7415.9
Tamil Nadu,Nagercoil (Kannyiakumari),Vadaseri APMC,Onion,Bellary,Local,28/06/2026,2026,6,28,Monsoon,129.6,31.7,69.6,9569.6,9853.3,9700.3
Tamil Nadu,Nagercoil (Kannyiakumari),Vadaseri APMC,Onion,Bellary,Local,28/12/2025,2025,12,28,Winter,10.0,20.6,48.9,6562.0,6980.2,6760.7
Tamil Nadu,Nagercoil (Kannyiakumari),Vadaseri APMC,Onion,Bellary,Local,29/03/2026,2026,3,29,Summer,2.6,25.1,45.8,7720.5,7998.0,7836.1
Tamil Nadu,Nagercoil (Kannyiakumari),Vadaseri APMC,Onion,Bellary,Local,30/08/2026,2026,8,30,Monsoon,89.5,35.1,56.0,9200.3,9379.8,9288.0
Tamil Nadu,Nagercoil (Kannyiakumari),Vadaseri APMC,Onion,Bellary,Local,30/11/2025,2025,11,30,Post-Monsoon,55.0,22.2,53.6,7296.5,7513.8,7415.0
Tamil Nadu,Nagercoil (Kannyiakumari),Vadaseri APMC,Onion,Bellary,Local,31/05/2026,2026,5,31,Summer,9.5,32.1,42.4,6871.5,7084.0,6987.5
Tamil Nadu,Namakkal,Kumarapalayam(Uzhavar Sandhai ),Onion,Bellary,Local,01/02/2026,2026,2,1,Winter,17.2,24.5,51.6,2547.4,2765.0,2651.7
Tamil Nadu,Namakkal,Kumarapalayam(Uzhavar Sandhai ),Onion,Bellary,Local,01/03/2026,2026,3,1,Summer,8.7,22.7,36.2,2967.4,3202.0,3102.2
Tamil Nadu,Namakkal,Kumarapalayam(Uzhavar Sandhai ),Onion,Bellary,Local,02/08/2026,2026,8,2,Monsoon,238.8,36.1,80.1,4301.5,4556.9,4413.6
Tamil Nadu,Namakkal,Kumarapalayam(Uzhavar Sandhai ),Onion,Bellary,Local,02/11/2025,2025,11,2,Post-Monsoon,24.1,24.0,53.5,2732.6,3017.1,2897.1
Tamil Nadu,Namakkal,Kumarapalayam(Uzhavar Sandhai ),Onion,Bellary,Local,03/05/2026,2026,5,3,Summer,13.8,31.8,42.9,2799.7,3141.5,2987.4
Tamil Nadu,Namakkal,Kumarapalayam(Uzhavar Sandhai ),Onion,Bellary,Local,04/01/2026,2026,1,4,Winter,2.8,19.1,43.6,2519.4,2785.6,2667.5
Tamil Nadu,Namakkal,Kumarapalayam(Uzhavar Sandhai ),Onion,Bellary,Local,05/04/2026,2026,4,5,Summer,4.3,26.9,52.3,2891.8,3073.4,2970.8
Tamil Nadu,Namakkal,Kumarapalayam(Uzhavar Sandhai ),Onion,Bellary,Local,05/07/2026,2026,7,5,Monsoon,144.1,34.9,65.5,3745.9,3981.0,3866.9
Tamil Nadu,Namakkal,Kumarapalayam(Uzhavar Sandhai ),Onion,Bellary,Local,05/10/2025,2025,10,5,Post-Monsoon,78.8,23.0,56.6,2742.1,3034.9,2907.9
Tamil Nadu,Namakkal,Kumarapalayam(Uzhavar Sandhai ),Onion,Bellary,Local,06/09/2026,2026,9,6,Monsoon,209.3,32.0,77.0,4079.8,4444.8,4223.5
Tamil Nadu,Namakkal,Kumarapalayam(Uzhavar Sandhai ),Onion,Bellary,Local,07/06/2026,2026,6,7,Monsoon,241.7,28.9,85.5,3857.1,4068.8,3980.6
Tamil Nadu,Namakkal,Kumarapalayam(Uzhavar Sandhai ),Onion,Bellary,Local,07/12/2025,2025,12,7,Winter,19.5,17.6,48.0,2394.3,2581.0,2480.4
Tamil Nadu,Namakkal,Kumarapalayam(Uzhavar Sandhai ),Onion,Bellary,Local,08/02/2026,2026,2,8,Winter,8.1,21.8,47.9,2412.4,2785.5,2630.5
Tamil Nadu,Namakkal,Kumarapalayam(Uzhavar Sandhai ),Onion,Bellary,Local,08/03/2026,2026,3,8,Summer,18.6,24.4,50.6,3057.7,3285.1,3159.8
Tamil Nadu,Namakkal,Kumarapalayam(Uzhavar Sandhai ),Onion,Bellary,Local,09/08/2026,2026,8,9,Monsoon,171.5,37.6,71.5,4277.6,4596.9,4431.5
Tamil Nadu,Namakkal,Kumarapalayam(Uzhavar Sandhai ),Onion,Bellary,Local,09/11/2025,2025,11,9,Post-Monsoon,56.2,22.2,48.8,2707.3,2963.0,2823.5
Tamil Nadu,Namakkal,Kumarapalayam(Uzhavar Sandhai ),Onion,Bellary,Local,10/05/2026,2026,5,10,Summer,17.6,29.6,42.7,2914.4,3296.7,3124.9
Tamil Nadu,Namakkal,Kumarapalayam(Uzhavar Sandhai ),Onion,Bellary,Local,11/01/2026,2026,1,11,Winter,7.2,20.9,49.6,2466.0,2615.1,2523.9
Tamil Nadu,Namakkal,Kumarapalayam(Uzhavar Sandhai ),Onion,Bellary,Local,12/04/2026,2026,4,12,Summer,11.9,28.2,45.5,2957.4,3090.3,3033.8
Tamil Nadu,Namakkal,Kumarapalayam(Uzhavar Sandhai ),Onion,Bellary,Local,12/07/2026,2026,7,12,Monsoon,188.5,36.9,75.9,3898.7,4104.6,3997.6
Tamil Nadu,Namakkal,Kumarapalayam(Uzhavar Sandhai ),Onion,Bellary,Local,12/10/2025,2025,10,12,Post-Monsoon,43.1,26.7,51.1,2696.5,3033.3,2863.8
Tamil Nadu,Namakkal,Kumarapalayam(Uzhavar Sandhai ),Onion,Bellary,Local,13/09/2026,2026,9,13,Monsoon,242.2,31.3,79.2,4101.3,4374.7,4195.8
Tamil Nadu,Namakkal,Kumarapalayam(Uzhavar Sandhai ),Onion,Bellary,Local,14/06/2026,2026,6,14,Monsoon,124.3,33.0,66.1,3703.0,4037.5,3861.6
Tamil Nadu,Namakkal,Kumarapalayam(Uzhavar Sandhai ),Onion,Bellary,Local,14/12/2025,2025,12,14,Winter,1.4,22.7,47.4,2652.0,2800.4,2749.6
Tamil Nadu,Namakkal,Kumarapalayam(Uzhavar Sandhai ),Onion,Bellary,Local,15/02/2026,2026,2,15,Winter,19.3,18.7,52.9,2559.4,2827.0,2686.8
Tamil Nadu,Namakkal,Kumarapalayam(Uzhavar Sandhai ),Onion,Bellary,Local,15/03/2026,2026,3,15,Summer,19.4,24.3,47.0,2995.3,3150.1,3070.3
Tamil Nadu,Namakkal,Kumarapalayam(Uzhavar Sandhai ),Onion,Bellary,Local,16/08/2026,2026,8,16,Monsoon,80.5,32.5,56.8,3628.4,3809.5,3727.7
Tamil Nadu,Namakkal,Kumarapalayam(Uzhavar Sandhai ),Onion,Bellary,Local,16/11/2025,2025,11,16,Post-Monsoon,58.7,23.0,52.8,2775.6,2956.6,2850.8
Tamil Nadu,Namakkal,Kumarapalayam(Uzhavar Sandhai ),Onion,Bellary,Local,17/05/2026,2026,5,17,Summer,10.6,31.5,47.1,3098.0,3287.4,3190.1
Tamil Nadu,Namakkal,Kumarapalayam(Uzhavar Sandhai ),Onion,Bellary,Local,18/01/2026,2026,1,18,Winter,18.8,21.0,49.5,2475.4,2776.9,2655.8
Tamil Nadu,Namakkal,Kumarapalayam(Uzhavar Sandhai ),Onion,Bellary,Local,19/04/2026,2026,4,19,Summer,5.5,25.5,44.3,2650.4,2890.4,2759.8
Tamil Nadu,Namakkal,Kumarapalayam(Uzhavar Sandhai ),Onion,Bellary,Local,19/07/2026,2026,7,19,Monsoon,142.3,37.7,66.6,4020.5,4201.0,4103.1
Tamil Nadu,Namakkal,Kumarapalayam(Uzhavar Sandhai ),Onion,Bellary,Local,19/10/2025,2025,10,19,Post-Monsoon,32.0,26.1,53.0,2698.0,2870.3,2793.8
Tamil Nadu,Namakkal,Kumarapalayam(Uzhavar Sandhai ),Onion,Bellary,Local,20/09/2026,2026,9,20,Monsoon,236.2,29.7,83.7,3744.0,4029.5,3894.5
Tamil Nadu,Namakkal,Kumarapalayam(Uzhavar Sandhai ),Onion,Bellary,Local,21/06/2026,2026,6,21,Monsoon,189.5,33.4,71.6,4186.2,4450.2,4298.6
Tamil Nadu,Namakkal,Kumarapalayam(Uzhavar Sandhai ),Onion,Bellary,Local,21/12/2025,2025,12,21,Winter,11.8,21.1,48.9,2568.5,2780.1,2653.3
Tamil Nadu,Namakkal,Kumarapalayam(Uzhavar Sandhai ),Onion,Bellary,Local,22/02/2026,2026,2,22,Winter,18.1,19.7,44.0,2763.7,2940.5,2833.6
Tamil Nadu,Namakkal,Kumarapalayam(Uzhavar Sandhai ),Onion,Bellary,Local,22/03/2026,2026,3,22,Summer,3.9,22.0,48.4,3112.3,3353.4,3240.6
Tamil Nadu,Namakkal,Kumarapalayam(Uzhavar Sandhai ),Onion,Bellary,Local,23/08/2026,2026,8,23,Monsoon,237.3,36.9,90.1,4211.9,4431.8,4345.0
Tamil Nadu,Namakkal,Kumarapalayam(Uzhavar Sandhai ),Onion,Bellary,Local,23/11/2025,2025,11,23,Post-Monsoon,79.7,24.7,62.6,2550.6,2943.3,2773.7
Tamil Nadu,Namakkal,Kumarapalayam(Uzhavar Sandhai ),Onion,Bellary,Local,24/05/2026,2026,5,24,Summer,1.9,30.3,46.2,3059.4,3314.3,3206.9
Tamil Nadu,Namakkal,Kumarapalayam(Uzhavar Sandhai ),Onion,Bellary,Local,25/01/2026,2026,1,25,Winter,6.7,22.1,45.3,2320.2,2623.1,2470.0
Tamil Nadu,Namakkal,Kumarapalayam(Uzhavar Sandhai ),Onion,Bellary,Local,26/04/2026,2026,4,26,Summer,10.2,28.4,45.1,2617.9,3062.1,2832.0
Tamil Nadu,Namakkal,Kumarapalayam(Uzhavar Sandhai ),Onion,Bellary,Local,26/07/2026,2026,7,26,Monsoon,117.2,36.6,65.4,3972.0,4212.4,4090.1
Tamil Nadu,Namakkal,Kumarapalayam(Uzhavar Sandhai ),Onion,Bellary,Local,26/10/2025,2025,10,26,Post-Monsoon,70.2,25.3,52.4,2918.2,3108.5,3041.0
Tamil Nadu,Namakkal,Kumarapalayam(Uzhavar Sandhai ),Onion,Bellary,Local,28/06/2026,2026,6,28,Monsoon,166.0,33.8,72.4,3657.1,4045.9,3866.0
Tamil Nadu,Namakkal,Kumarapalayam(Uzhavar Sandhai ),Onion,Bellary,Local,28/12/2025,2025,12,28,Winter,8.2,21.3,44.8,2672.3,2887.4,2778.3
Tamil Nadu,Namakkal,Kumarapalayam(Uzhavar Sandhai ),Onion,Bellary,Local,29/03/2026,2026,3,29,Summer,14.4,22.5,48.2,2784.5,2973.0,2884.4
Tamil Nadu,Namakkal,Kumarapalayam(Uzhavar Sandhai ),Onion,Bellary,Local,30/08/2026,2026,8,30,Monsoon,180.1,34.3,73.9,3847.4,4049.4,3948.0
Tamil Nadu,Namakkal,Kumarapalayam(Uzhavar Sandhai ),Onion,Bellary,Local,30/11/2025,2025,11,30,Post-Monsoon,37.4,21.8,49.5,2712.8,3014.3,2899.1
Tamil Nadu,Namakkal,Kumarapalayam(Uzhavar Sandhai ),Onion,Bellary,Local,31/05/2026,2026,5,31,Summer,19.2,30.4,49.2,3046.5,3264.0,3170.3
Tamil Nadu,Namakkal,Mohanur(Uzhavar Sandhai ),Onion,Bellary,Local,01/02/2026,2026,2,1,Winter,6.1,21.6,42.0,5610.3,5910.8,5729.9
Tamil Nadu,Namakkal,Mohanur(Uzhavar Sandhai ),Onion,Bellary,Local,01/03/2026,2026,3,1,Summer,0.4,24.3,43.5,6539.4,6712.8,6630.5
Tamil Nadu,Namakkal,Mohanur(Uzhavar Sandhai ),Onion,Bellary,Local,02/08/2026,2026,8,2,Monsoon,199.9,32.4,81.4,8660.3,8840.6,8765.6
Tamil Nadu,Namakkal,Mohanur(Uzhavar Sandhai ),Onion,Bellary,Local,02/11/2025,2025,11,2,Post-Monsoon,47.8,23.0,52.9,6246.6,6474.0,6337.6
Tamil Nadu,Namakkal,Mohanur(Uzhavar Sandhai ),Onion,Bellary,Local,03/05/2026,2026,5,3,Summer,2.8,30.7,44.8,5843.8,6016.5,5940.0
Tamil Nadu,Namakkal,Mohanur(Uzhavar Sandhai ),Onion,Bellary,Local,04/01/2026,2026,1,4,Winter,6.7,19.8,43.6,5343.0,5570.4,5446.1
Tamil Nadu,Namakkal,Mohanur(Uzhavar Sandhai ),Onion,Bellary,Local,05/04/2026,2026,4,5,Summer,10.3,28.0,41.2,6206.9,6468.8,6344.5
Tamil Nadu,Namakkal,Mohanur(Uzhavar Sandhai ),Onion,Bellary,Local,05/07/2026,2026,7,5,Monsoon,170.8,32.5,70.4,9511.9,9641.4,9566.1
Tamil Nadu,Namakkal,Mohanur(Uzhavar Sandhai ),Onion,Bellary,Local,05/10/2025,2025,10,5,Post-Monsoon,29.9,29.7,48.4,6375.7,6618.3,6501.0
Tamil Nadu,Namakkal,Mohanur(Uzhavar Sandhai ),Onion,Bellary,Local,06/09/2026,2026,9,6,Monsoon,133.4,30.5,67.1,8454.6,8804.8,8666.9
Tamil Nadu,Namakkal,Mohanur(Uzhavar Sandhai ),Onion,Bellary,Local,07/06/2026,2026,6,7,Monsoon,219.6,34.1,78.3,8638.1,8846.6,8745.6
Tamil Nadu,Namakkal,Mohanur(Uzhavar Sandhai ),Onion,Bellary,Local,07/12/2025,2025,12,7,Winter,1.7,20.4,46.0,5508.5,5787.3,5660.0
Tamil Nadu,Namakkal,Mohanur(Uzhavar Sandhai ),Onion,Bellary,Local,08/02/2026,2026,2,8,Winter,13.4,21.1,44.2,5528.2,5789.3,5642.9
Tamil Nadu,Namakkal,Mohanur(Uzhavar Sandhai ),Onion,Bellary,Local,08/03/2026,2026,3,8,Summer,1.9,22.4,39.6,6276.5,6509.9,6393.1
Tamil Nadu,Namakkal,Mohanur(Uzhavar Sandhai ),Onion,Bellary,Local,09/08/2026,2026,8,9,Monsoon,106.3,32.1,62.2,7987.4,8211.2,8111.8
Tamil Nadu,Namakkal,Mohanur(Uzhavar Sandhai ),Onion,Bellary,Local,09/11/2025,2025,11,9,Post-Monsoon,69.3,25.0,54.4,5625.1,5960.7,5789.9
Tamil Nadu,Namakkal,Mohanur(Uzhavar Sandhai ),Onion,Bellary,Local,10/05/2026,2026,5,10,Summer,4.1,30.7,45.7,6632.2,6878.9,6765.2
Tamil Nadu,Namakkal,Mohanur(Uzhavar Sandhai ),Onion,Bellary,Local,11/01/2026,2026,1,11,Winter,13.0,18.4,42.5,5726.8,6099.9,5885.9
Tamil Nadu,Namakkal,Mohanur(Uzhavar Sandhai ),Onion,Bellary,Local,12/04/2026,2026,4,12,Summer,17.9,30.2,44.5,6773.4,7042.1,6894.3
Tamil Nadu,Namakkal,Mohanur(Uzhavar Sandhai ),Onion,Bellary,Local,12/07/2026,2026,7,12,Monsoon,138.3,34.3,69.7,8649.7,8988.2,8833.2
Tamil Nadu,Namakkal,Mohanur(Uzhavar Sandhai ),Onion,Bellary,Local,12/10/2025,2025,10,12,Post-Monsoon,23.7,29.1,49.0,5701.2,5957.0,5826.1
Tamil Nadu,Namakkal,Mohanur(Uzhavar Sandhai ),Onion,Bellary,Local,13/09/2026,2026,9,13,Monsoon,243.4,28.7,79.5,9282.5,9457.6,9370.4
Tamil Nadu,Namakkal,Mohanur(Uzhavar Sandhai ),Onion,Bellary,Local,14/06/2026,2026,6,14,Monsoon,100.6,34.4,65.7,7908.5,8031.1,7962.9
Tamil Nadu,Namakkal,Mohanur(Uzhavar Sandhai ),Onion,Bellary,Local,14/12/2025,2025,12,14,Winter,12.7,20.1,43.5,5476.4,5618.3,5548.1
Tamil Nadu,Namakkal,Mohanur(Uzhavar Sandhai ),Onion,Bellary,Local,15/02/2026,2026,2,15,Winter,10.9,20.5,46.6,5469.6,5645.8,5553.4
Tamil Nadu,Namakkal,Mohanur(Uzhavar Sandhai ),Onion,Bellary,Local,15/03/2026,2026,3,15,Summer,14.9,23.6,50.1,6726.7,6863.3,6790.3
Tamil Nadu,Namakkal,Mohanur(Uzhavar Sandhai ),Onion,Bellary,Local,16/08/2026,2026,8,16,Monsoon,149.6,35.6,65.4,7809.4,8020.5,7931.3
Tamil Nadu,Namakkal,Mohanur(Uzhavar Sandhai ),Onion,Bellary,Local,16/11/2025,2025,11,16,Post-Monsoon,67.9,23.3,58.2,6092.9,6335.4,6191.3
Tamil Nadu,Namakkal,Mohanur(Uzhavar Sandhai ),Onion,Bellary,Local,17/05/2026,2026,5,17,Summer,18.6,30.1,45.6,6424.8,6649.3,6526.5
Tamil Nadu,Namakkal,Mohanur(Uzhavar Sandhai ),Onion,Bellary,Local,18/01/2026,2026,1,18,Winter,12.7,19.6,44.7,5814.2,5966.4,5873.2
Tamil Nadu,Namakkal,Mohanur(Uzhavar Sandhai ),Onion,Bellary,Local,19/04/2026,2026,4,19,Summer,2.1,29.6,44.6,5665.9,5999.4,5849.1
Tamil Nadu,Namakkal,Mohanur(Uzhavar Sandhai ),Onion,Bellary,Local,19/07/2026,2026,7,19,Monsoon,194.4,33.6,72.8,8529.9,8915.8,8721.0
Tamil Nadu,Namakkal,Mohanur(Uzhavar Sandhai ),Onion,Bellary,Local,19/10/2025,2025,10,19,Post-Monsoon,29.9,26.9,53.3,5731.1,5990.0,5832.3
Tamil Nadu,Namakkal,Mohanur(Uzhavar Sandhai ),Onion,Bellary,Local,20/09/2026,2026,9,20,Monsoon,209.5,27.9,77.9,9279.3,9445.3,9364.5
Tamil Nadu,Namakkal,Mohanur(Uzhavar Sandhai ),Onion,Bellary,Local,21/06/2026,2026,6,21,Monsoon,240.1,35.8,86.9,9507.6,9670.1,9582.5
Tamil Nadu,Namakkal,Mohanur(Uzhavar Sandhai ),Onion,Bellary,Local,21/12/2025,2025,12,21,Winter,14.4,18.9,49.1,5529.3,5788.1,5675.6
Tamil Nadu,Namakkal,Mohanur(Uzhavar Sandhai ),Onion,Bellary,Local,22/02/2026,2026,2,22,Winter,5.6,18.7,44.6,5534.4,5937.6,5733.1
Tamil Nadu,Namakkal,Mohanur(Uzhavar Sandhai ),Onion,Bellary,Local,22/03/2026,2026,3,22,Summer,15.9,23.3,47.8,6215.6,6619.7,6437.6
Tamil Nadu,Namakkal,Mohanur(Uzhavar Sandhai ),Onion,Bellary,Local,23/08/2026,2026,8,23,Monsoon,197.0,35.8,76.4,8357.8,8521.1,8428.7
Tamil Nadu,Namakkal,Mohanur(Uzhavar Sandhai ),Onion,Bellary,Local,23/11/2025,2025,11,23,Post-Monsoon,67.6,24.3,54.5,6035.7,6314.0,6171.2
Tamil Nadu,Namakkal,Mohanur(Uzhavar Sandhai ),Onion,Bellary,Local,24/05/2026,2026,5,24,Summer,10.1,31.0,49.8,6312.5,6523.9,6418.6
Tamil Nadu,Namakkal,Mohanur(Uzhavar Sandhai ),Onion,Bellary,Local,25/01/2026,2026,1,25,Winter,4.5,17.3,44.2,5574.9,5873.8,5732.8
Tamil Nadu,Namakkal,Mohanur(Uzhavar Sandhai ),Onion,Bellary,Local,26/04/2026,2026,4,26,Summer,14.9,30.4,47.7,6419.9,6601.5,6526.1
Tamil Nadu,Namakkal,Mohanur(Uzhavar Sandhai ),Onion,Bellary,Local,26/07/2026,2026,7,26,Monsoon,235.8,37.2,77.3,8745.7,9009.3,8867.3
Tamil Nadu,Namakkal,Mohanur(Uzhavar Sandhai ),Onion,Bellary,Local,26/10/2025,2025,10,26,Post-Monsoon,72.8,26.5,58.2,6241.7,6457.0,6347.4
Tamil Nadu,Namakkal,Mohanur(Uzhavar Sandhai ),Onion,Bellary,Local,28/06/2026,2026,6,28,Monsoon,184.1,31.3,75.6,8858.4,9018.8,8961.2
Tamil Nadu,Namakkal,Mohanur(Uzhavar Sandhai ),Onion,Bellary,Local,28/12/2025,2025,12,28,Winter,9.4,20.5,46.0,5771.6,6010.2,5878.9
Tamil Nadu,Namakkal,Mohanur(Uzhavar Sandhai ),Onion,Bellary,Local,29/03/2026,2026,3,29,Summer,1.3,23.5,48.7,6333.1,6703.0,6534.5
Tamil Nadu,Namakkal,Mohanur(Uzhavar Sandhai ),Onion,Bellary,Local,30/08/2026,2026,8,30,Monsoon,145.3,32.3,67.2,7716.9,8062.6,7842.5
Tamil Nadu,Namakkal,Mohanur(Uzhavar Sandhai ),Onion,Bellary,Local,30/11/2025,2025,11,30,Post-Monsoon,31.1,23.7,50.9,6126.4,6298.7,6207.6
Tamil Nadu,Namakkal,Mohanur(Uzhavar Sandhai ),Onion,Bellary,Local,31/05/2026,2026,5,31,Summer,18.2,30.0,50.2,6853.4,7111.1,6977.8
Tamil Nadu,Namakkal,Namakkal(Uzhavar Sandhai ),Onion,Bellary,Local,01/02/2026,2026,2,1,Winter,8.1,21.6,43.7,5586.6,5872.3,5692.9
Tamil Nadu,Namakkal,Namakkal(Uzhavar Sandhai ),Onion,Bellary,Local,01/03/2026,2026,3,1,Summer,5.2,21.9,40.5,6397.2,6814.7,6610.8
Tamil Nadu,Namakkal,Namakkal(Uzhavar Sandhai ),Onion,Bellary,Local,02/08/2026,2026,8,2,Monsoon,131.2,35.6,69.9,8366.5,8509.2,8438.9
Tamil Nadu,Namakkal,Namakkal(Uzhavar Sandhai ),Onion,Bellary,Local,02/11/2025,2025,11,2,Post-Monsoon,56.6,20.0,52.9,6235.5,6486.4,6353.3
Tamil Nadu,Namakkal,Namakkal(Uzhavar Sandhai ),Onion,Bellary,Local,03/05/2026,2026,5,3,Summer,14.4,30.9,46.2,6523.7,6911.5,6713.5
Tamil Nadu,Namakkal,Namakkal(Uzhavar Sandhai ),Onion,Bellary,Local,04/01/2026,2026,1,4,Winter,16.4,18.0,50.0,5780.3,5963.2,5850.7
Tamil Nadu,Namakkal,Namakkal(Uzhavar Sandhai ),Onion,Bellary,Local,05/04/2026,2026,4,5,Summer,10.2,25.8,42.2,6246.0,6493.6,6397.9
Tamil Nadu,Namakkal,Namakkal(Uzhavar Sandhai ),Onion,Bellary,Local,05/07/2026,2026,7,5,Monsoon,209.2,33.2,78.1,8899.0,9085.2,9013.1
Tamil Nadu,Namakkal,Namakkal(Uzhavar Sandhai ),Onion,Bellary,Local,05/10/2025,2025,10,5,Post-Monsoon,52.5,26.6,55.6,6241.8,6496.2,6348.1
Tamil Nadu,Namakkal,Namakkal(Uzhavar Sandhai ),Onion,Bellary,Local,06/09/2026,2026,9,6,Monsoon,242.1,29.1,83.5,9554.3,9706.3,9611.0
Tamil Nadu,Namakkal,Namakkal(Uzhavar Sandhai ),Onion,Bellary,Local,07/06/2026,2026,6,7,Monsoon,103.6,35.5,63.0,7679.6,7820.0,7744.8
Tamil Nadu,Namakkal,Namakkal(Uzhavar Sandhai ),Onion,Bellary,Local,07/12/2025,2025,12,7,Winter,13.0,19.9,48.1,5427.2,5699.0,5585.7
Tamil Nadu,Namakkal,Namakkal(Uzhavar Sandhai ),Onion,Bellary,Local,08/02/2026,2026,2,8,Winter,10.1,23.8,49.3,5510.1,5696.3,5609.4
Tamil Nadu,Namakkal,Namakkal(Uzhavar Sandhai ),Onion,Bellary,Local,08/03/2026,2026,3,8,Summer,8.0,21.9,45.5,6797.7,6989.4,6881.7
Tamil Nadu,Namakkal,Namakkal(Uzhavar Sandhai ),Onion,Bellary,Local,09/08/2026,2026,8,9,Monsoon,222.7,33.2,84.7,8541.1,8850.9,8716.0
Tamil Nadu,Namakkal,Namakkal(Uzhavar Sandhai ),Onion,Bellary,Local,09/11/2025,2025,11,9,Post-Monsoon,62.1,23.7,54.3,5974.8,6298.1,6124.8
Tamil Nadu,Namakkal,Namakkal(Uzhavar Sandhai ),Onion,Bellary,Local,10/05/2026,2026,5,10,Summer,7.9,29.5,50.9,6961.9,7320.9,7151.3
Tamil Nadu,Namakkal,Namakkal(Uzhavar Sandhai ),Onion,Bellary,Local,11/01/2026,2026,1,11,Winter,2.0,15.8,46.8,5867.2,6160.0,5976.4
Tamil Nadu,Namakkal,Namakkal(Uzhavar Sandhai ),Onion,Bellary,Local,12/04/2026,2026,4,12,Summer,5.8,26.0,44.7,6639.3,6957.0,6788.0
Tamil Nadu,Namakkal,Namakkal(Uzhavar Sandhai ),Onion,Bellary,Local,12/07/2026,2026,7,12,Monsoon,218.2,37.3,81.5,8572.9,8805.7,8684.8
Tamil Nadu,Namakkal,Namakkal(Uzhavar Sandhai ),Onion,Bellary,Local,12/10/2025,2025,10,12,Post-Monsoon,42.0,27.8,49.2,6395.5,6593.4,6504.2
Tamil Nadu,Namakkal,Namakkal(Uzhavar Sandhai ),Onion,Bellary,Local,13/09/2026,2026,9,13,Monsoon,150.6,30.7,69.0,8806.3,9020.3,8914.7
Tamil Nadu,Namakkal,Namakkal(Uzhavar Sandhai ),Onion,Bellary,Local,14/06/2026,2026,6,14,Monsoon,241.4,35.6,86.5,9891.0,10152.9,10051.3
Tamil Nadu,Namakkal,Namakkal(Uzhavar Sandhai ),Onion,Bellary,Local,14/12/2025,2025,12,14,Winter,13.7,19.0,46.1,5358.1,5695.1,5491.8
Tamil Nadu,Namakkal,Namakkal(Uzhavar Sandhai ),Onion,Bellary,Local,15/02/2026,2026,2,15,Winter,3.8,22.4,43.4,5689.7,5820.9,5757.1
Tamil Nadu,Namakkal,Namakkal(Uzhavar Sandhai ),Onion,Bellary,Local,15/03/2026,2026,3,15,Summer,6.5,24.3,47.8,6372.8,6572.5,6476.8
Tamil Nadu,Namakkal,Namakkal(Uzhavar Sandhai ),Onion,Bellary,Local,16/08/2026,2026,8,16,Monsoon,248.1,36.4,83.1,9292.1,9574.1,9413.7
Tamil Nadu,Namakkal,Namakkal(Uzhavar Sandhai ),Onion,Bellary,Local,16/11/2025,2025,11,16,Post-Monsoon,25.8,22.6,49.7,5803.2,6065.6,5972.8
Tamil Nadu,Namakkal,Namakkal(Uzhavar Sandhai ),Onion,Bellary,Local,17/05/2026,2026,5,17,Summer,19.6,30.9,48.3,6723.9,7083.5,6883.7
Tamil Nadu,Namakkal,Namakkal(Uzhavar Sandhai ),Onion,Bellary,Local,18/01/2026,2026,1,18,Winter,12.8,19.3,46.8,5514.7,5709.9,5613.7
Tamil Nadu,Namakkal,Namakkal(Uzhavar Sandhai ),Onion,Bellary,Local,19/04/2026,2026,4,19,Summer,1.9,26.4,46.4,6834.3,7135.6,7002.7
Tamil Nadu,Namakkal,Namakkal(Uzhavar Sandhai ),Onion,Bellary,Local,19/07/2026,2026,7,19,Monsoon,87.6,37.7,54.4,7597.4,7862.4,7694.3
Tamil Nadu,Namakkal,Namakkal(Uzhavar Sandhai ),Onion,Bellary,Local,19/10/2025,2025,10,19,Post-Monsoon,54.1,26.4,52.4,6040.3,6349.1,6219.0
Tamil Nadu,Namakkal,Namakkal(Uzhavar Sandhai ),Onion,Bellary,Local,20/09/2026,2026,9,20,Monsoon,83.9,28.7,59.9,7381.3,7597.0,7491.3
Tamil Nadu,Namakkal,Namakkal(Uzhavar Sandhai ),Onion,Bellary,Local,21/06/2026,2026,6,21,Monsoon,118.2,30.6,63.6,8309.3,8486.0,8401.9
Tamil Nadu,Namakkal,Namakkal(Uzhavar Sandhai ),Onion,Bellary,Local,21/12/2025,2025,12,21,Winter,13.1,21.2,45.8,5792.0,6019.2,5914.1
Tamil Nadu,Namakkal,Namakkal(Uzhavar Sandhai ),Onion,Bellary,Local,22/02/2026,2026,2,22,Winter,15.5,21.6,46.7,5492.9,5769.3,5609.3
Tamil Nadu,Namakkal,Namakkal(Uzhavar Sandhai ),Onion,Bellary,Local,22/03/2026,2026,3,22,Summer,7.8,25.2,43.6,6861.2,7198.6,7011.1
Tamil Nadu,Namakkal,Namakkal(Uzhavar Sandhai ),Onion,Bellary,Local,23/08/2026,2026,8,23,Monsoon,184.3,33.6,75.3,8535.8,8888.2,8698.5
Tamil Nadu,Namakkal,Namakkal(Uzhavar Sandhai ),Onion,Bellary,Local,23/11/2025,2025,11,23,Post-Monsoon,35.9,24.2,50.1,6181.8,6457.9,6293.5
Tamil Nadu,Namakkal,Namakkal(Uzhavar Sandhai ),Onion,Bellary,Local,24/05/2026,2026,5,24,Summer,8.2,31.0,46.3,6680.0,6832.7,6764.2
Tamil Nadu,Namakkal,Namakkal(Uzhavar Sandhai ),Onion,Bellary,Local,25/01/2026,2026,1,25,Winter,0.3,17.2,43.4,5607.1,5945.5,5777.6
Tamil Nadu,Namakkal,Namakkal(Uzhavar Sandhai ),Onion,Bellary,Local,26/04/2026,2026,4,26,Summer,17.4,26.0,48.7,6530.3,6748.0,6619.2
Tamil Nadu,Namakkal,Namakkal(Uzhavar Sandhai ),Onion,Bellary,Local,26/07/2026,2026,7,26,Monsoon,173.2,34.5,71.9,8678.0,8836.4,8767.9
Tamil Nadu,Namakkal,Namakkal(Uzhavar Sandhai ),Onion,Bellary,Local,26/10/2025,2025,10,26,Post-Monsoon,71.1,25.4,55.0,6364.5,6570.8,6463.5
Tamil Nadu,Namakkal,Namakkal(Uzhavar Sandhai ),Onion,Bellary,Local,28/06/2026,2026,6,28,Monsoon,95.5,34.8,56.7,8305.3,8457.7,8360.0
Tamil Nadu,Namakkal,Namakkal(Uzhavar Sandhai ),Onion,Bellary,Local,28/12/2025,2025,12,28,Winter,0.8,21.3,49.1,5077.7,5317.3,5197.9
Tamil Nadu,Namakkal,Namakkal(Uzhavar Sandhai ),Onion,Bellary,Local,29/03/2026,2026,3,29,Summer,14.6,22.9,46.8,6516.8,6863.8,6674.2
Tamil Nadu,Namakkal,Namakkal(Uzhavar Sandhai ),Onion,Bellary,Local,30/08/2026,2026,8,30,Monsoon,174.0,33.7,74.8,8293.0,8445.5,8351.3
Tamil Nadu,Namakkal,Namakkal(Uzhavar Sandhai ),Onion,Bellary,Local,30/11/2025,2025,11,30,Post-Monsoon,24.4,21.6,52.5,5607.2,5857.8,5730.4
Tamil Nadu,Namakkal,Namakkal(Uzhavar Sandhai ),Onion,Bellary,Local,31/05/2026,2026,5,31,Summer,1.5,30.4,44.2,6118.4,6329.9,6223.1
Tamil Nadu,Namakkal,Paramathivelur(Uzhavar Sandhai ),Onion,Bellary,Local,01/02/2026,2026,2,1,Winter,12.5,19.2,46.9,5945.3,6161.7,6034.6
Tamil Nadu,Namakkal,Paramathivelur(Uzhavar Sandhai ),Onion,Bellary,Local,01/03/2026,2026,3,1,Summer,9.5,24.1,45.9,6618.2,6827.6,6724.3
Tamil Nadu,Namakkal,Paramathivelur(Uzhavar Sandhai ),Onion,Bellary,Local,02/08/2026,2026,8,2,Monsoon,163.0,34.0,73.4,9782.5,10065.6,9889.5
Tamil Nadu,Namakkal,Paramathivelur(Uzhavar Sandhai ),Onion,Bellary,Local,02/11/2025,2025,11,2,Post-Monsoon,72.7,24.2,57.5,6581.5,6807.2,6715.7
Tamil Nadu,Namakkal,Paramathivelur(Uzhavar Sandhai ),Onion,Bellary,Local,03/05/2026,2026,5,3,Summer,17.2,31.8,52.0,6644.6,6919.6,6801.6
Tamil Nadu,Namakkal,Paramathivelur(Uzhavar Sandhai ),Onion,Bellary,Local,04/01/2026,2026,1,4,Winter,19.4,19.3,48.2,6090.8,6261.9,6168.6
Tamil Nadu,Namakkal,Paramathivelur(Uzhavar Sandhai ),Onion,Bellary,Local,05/04/2026,2026,4,5,Summer,10.4,27.5,45.1,6466.6,6630.0,6546.7
Tamil Nadu,Namakkal,Paramathivelur(Uzhavar Sandhai ),Onion,Bellary,Local,05/07/2026,2026,7,5,Monsoon,246.0,35.2,83.7,8770.3,8949.1,8875.6
Tamil Nadu,Namakkal,Paramathivelur(Uzhavar Sandhai ),Onion,Bellary,Local,05/10/2025,2025,10,5,Post-Monsoon,73.9,24.0,56.4,6595.3,6761.2,6679.5
Tamil Nadu,Namakkal,Paramathivelur(Uzhavar Sandhai ),Onion,Bellary,Local,06/09/2026,2026,9,6,Monsoon,102.2,32.3,67.6,8576.8,8817.0,8667.1
Tamil Nadu,Namakkal,Paramathivelur(Uzhavar Sandhai ),Onion,Bellary,Local,07/06/2026,2026,6,7,Monsoon,246.5,37.4,83.3,9292.2,9507.3,9401.1
Tamil Nadu,Namakkal,Paramathivelur(Uzhavar Sandhai ),Onion,Bellary,Local,07/12/2025,2025,12,7,Winter,18.7,20.8,51.5,5583.1,5820.3,5665.7
Tamil Nadu,Namakkal,Paramathivelur(Uzhavar Sandhai ),Onion,Bellary,Local,08/02/2026,2026,2,8,Winter,18.5,23.0,52.9,5365.7,5707.5,5550.3
Tamil Nadu,Namakkal,Paramathivelur(Uzhavar Sandhai ),Onion,Bellary,Local,08/03/2026,2026,3,8,Summer,10.4,21.5,46.8,6404.4,6546.5,6479.2
Tamil Nadu,Namakkal,Paramathivelur(Uzhavar Sandhai ),Onion,Bellary,Local,09/08/2026,2026,8,9,Monsoon,154.0,33.3,67.2,8600.5,8949.2,8774.5
Tamil Nadu,Namakkal,Paramathivelur(Uzhavar Sandhai ),Onion,Bellary,Local,09/11/2025,2025,11,9,Post-Monsoon,53.8,22.4,52.1,6686.9,6891.1,6799.6
Tamil Nadu,Namakkal,Paramathivelur(Uzhavar Sandhai ),Onion,Bellary,Local,10/05/2026,2026,5,10,Summer,16.6,31.5,42.5,6709.6,6932.3,6796.8
Tamil Nadu,Namakkal,Paramathivelur(Uzhavar Sandhai ),Onion,Bellary,Local,11/01/2026,2026,1,11,Winter,6.4,17.5,44.5,5545.6,5698.0,5626.9
Tamil Nadu,Namakkal,Paramathivelur(Uzhavar Sandhai ),Onion,Bellary,Local,12/04/2026,2026,4,12,Summer,15.8,27.3,47.7,6446.2,6770.1,6613.5
Tamil Nadu,Namakkal,Paramathivelur(Uzhavar Sandhai ),Onion,Bellary,Local,12/07/2026,2026,7,12,Monsoon,174.0,38.9,71.4,8388.7,8598.7,8481.8
Tamil Nadu,Namakkal,Paramathivelur(Uzhavar Sandhai ),Onion,Bellary,Local,12/10/2025,2025,10,12,Post-Monsoon,30.6,26.2,57.1,6388.3,6756.9,6580.6
Tamil Nadu,Namakkal,Paramathivelur(Uzhavar Sandhai ),Onion,Bellary,Local,13/09/2026,2026,9,13,Monsoon,165.9,31.1,78.2,8413.3,8568.5,8489.7
Tamil Nadu,Namakkal,Paramathivelur(Uzhavar Sandhai ),Onion,Bellary,Local,14/06/2026,2026,6,14,Monsoon,237.3,35.5,82.5,9061.5,9206.2,9146.3
Tamil Nadu,Namakkal,Paramathivelur(Uzhavar Sandhai ),Onion,Bellary,Local,14/12/2025,2025,12,14,Winter,11.8,19.1,52.8,5911.2,6128.8,5996.1
Tamil Nadu,Namakkal,Paramathivelur(Uzhavar Sandhai ),Onion,Bellary,Local,15/02/2026,2026,2,15,Winter,17.2,21.4,47.0,5583.3,5740.7,5671.3
Tamil Nadu,Namakkal,Paramathivelur(Uzhavar Sandhai ),Onion,Bellary,Local,15/03/2026,2026,3,15,Summer,15.3,25.9,44.1,6960.9,7182.8,7072.3
Tamil Nadu,Namakkal,Paramathivelur(Uzhavar Sandhai ),Onion,Bellary,Local,16/08/2026,2026,8,16,Monsoon,242.8,35.7,82.5,9903.5,10199.3,10027.0
Tamil Nadu,Namakkal,Paramathivelur(Uzhavar Sandhai ),Onion,Bellary,Local,16/11/2025,2025,11,16,Post-Monsoon,65.4,23.5,58.2,6338.9,6566.3,6454.4
Tamil Nadu,Namakkal,Paramathivelur(Uzhavar Sandhai ),Onion,Bellary,Local,17/05/2026,2026,5,17,Summer,3.2,28.8,47.5,6628.9,6770.7,6701.8
Tamil Nadu,Namakkal,Paramathivelur(Uzhavar Sandhai ),Onion,Bellary,Local,18/01/2026,2026,1,18,Winter,1.9,17.8,46.0,5770.8,6057.0,5876.9
Tamil Nadu,Namakkal,Paramathivelur(Uzhavar Sandhai ),Onion,Bellary,Local,19/04/2026,2026,4,19,Summer,12.5,26.5,48.3,6194.3,6370.7,6281.3
Tamil Nadu,Namakkal,Paramathivelur(Uzhavar Sandhai ),Onion,Bellary,Local,19/07/2026,2026,7,19,Monsoon,201.1,33.8,77.7,8769.8,9047.1,8899.8
Tamil Nadu,Namakkal,Paramathivelur(Uzhavar Sandhai ),Onion,Bellary,Local,19/10/2025,2025,10,19,Post-Monsoon,75.7,28.0,57.2,5946.6,6050.1,5993.0
Tamil Nadu,Namakkal,Paramathivelur(Uzhavar Sandhai ),Onion,Bellary,Local,20/09/2026,2026,9,20,Monsoon,245.4,31.0,82.8,9148.7,9395.5,9292.5
Tamil Nadu,Namakkal,Paramathivelur(Uzhavar Sandhai ),Onion,Bellary,Local,21/06/2026,2026,6,21,Monsoon,168.8,33.7,78.1,8616.6,9021.2,8823.8
Tamil Nadu,Namakkal,Paramathivelur(Uzhavar Sandhai ),Onion,Bellary,Local,21/12/2025,2025,12,21,Winter,14.3,22.3,45.8,5597.8,5781.6,5676.1
Tamil Nadu,Namakkal,Paramathivelur(Uzhavar Sandhai ),Onion,Bellary,Local,22/02/2026,2026,2,22,Winter,4.6,18.7,46.7,5571.2,5912.1,5738.3
Tamil Nadu,Namakkal,Paramathivelur(Uzhavar Sandhai ),Onion,Bellary,Local,22/03/2026,2026,3,22,Summer,12.8,24.7,50.6,6671.7,6926.9,6801.2
Tamil Nadu,Namakkal,Paramathivelur(Uzhavar Sandhai ),Onion,Bellary,Local,23/08/2026,2026,8,23,Monsoon,165.5,31.4,71.8,8851.9,9072.6,8948.5
Tamil Nadu,Namakkal,Paramathivelur(Uzhavar Sandhai ),Onion,Bellary,Local,23/11/2025,2025,11,23,Post-Monsoon,46.9,23.2,57.1,6002.7,6137.2,6078.4
Tamil Nadu,Namakkal,Paramathivelur(Uzhavar Sandhai ),Onion,Bellary,Local,24/05/2026,2026,5,24,Summer,17.5,31.4,46.1,6941.1,7272.5,7152.0
Tamil Nadu,Namakkal,Paramathivelur(Uzhavar Sandhai ),Onion,Bellary,Local,25/01/2026,2026,1,25,Winter,9.9,18.6,47.5,5880.2,6190.4,6071.9
Tamil Nadu,Namakkal,Paramathivelur(Uzhavar Sandhai ),Onion,Bellary,Local,26/04/2026,2026,4,26,Summer,19.3,29.7,49.3,6588.2,6772.0,6686.0
Tamil Nadu,Namakkal,Paramathivelur(Uzhavar Sandhai ),Onion,Bellary,Local,26/07/2026,2026,7,26,Monsoon,139.6,35.8,64.0,8636.9,8963.7,8823.3
Tamil Nadu,Namakkal,Paramathivelur(Uzhavar Sandhai ),Onion,Bellary,Local,26/10/2025,2025,10,26,Post-Monsoon,26.0,25.9,47.5,6217.2,6502.5,6313.1
Tamil Nadu,Namakkal,Paramathivelur(Uzhavar Sandhai ),Onion,Bellary,Local,28/06/2026,2026,6,28,Monsoon,101.8,33.7,62.7,8429.3,8631.0,8548.9
Tamil Nadu,Namakkal,Paramathivelur(Uzhavar Sandhai ),Onion,Bellary,Local,28/12/2025,2025,12,28,Winter,16.6,19.0,51.7,5320.3,5559.0,5443.3
Tamil Nadu,Namakkal,Paramathivelur(Uzhavar Sandhai ),Onion,Bellary,Local,29/03/2026,2026,3,29,Summer,12.6,22.6,48.1,6730.0,6978.9,6852.8
Tamil Nadu,Namakkal,Paramathivelur(Uzhavar Sandhai ),Onion,Bellary,Local,30/08/2026,2026,8,30,Monsoon,218.4,35.0,81.9,8770.7,9109.2,8978.3
Tamil Nadu,Namakkal,Paramathivelur(Uzhavar Sandhai ),Onion,Bellary,Local,30/11/2025,2025,11,30,Post-Monsoon,28.9,21.7,53.6,6382.5,6727.1,6535.0
Tamil Nadu,Namakkal,Paramathivelur(Uzhavar Sandhai ),Onion,Bellary,Local,31/05/2026,2026,5,31,Summer,9.4,32.8,41.7,6438.4,6660.4,6547.5
Tamil Nadu,Namakkal,Rasipuram(Uzhavar Sandhai ),Onion,Bellary,Local,01/02/2026,2026,2,1,Winter,5.1,20.1,48.9,5791.8,6008.7,5904.3
Tamil Nadu,Namakkal,Rasipuram(Uzhavar Sandhai ),Onion,Bellary,Local,01/03/2026,2026,3,1,Summer,2.1,21.9,45.3,6688.4,6971.3,6798.5
Tamil Nadu,Namakkal,Rasipuram(Uzhavar Sandhai ),Onion,Bellary,Local,02/08/2026,2026,8,2,Monsoon,202.6,35.1,80.6,9286.5,9473.6,9384.0
Tamil Nadu,Namakkal,Rasipuram(Uzhavar Sandhai ),Onion,Bellary,Local,02/11/2025,2025,11,2,Post-Monsoon,79.2,26.3,53.4,6202.2,6570.9,6377.9
Tamil Nadu,Namakkal,Rasipuram(Uzhavar Sandhai ),Onion,Bellary,Local,03/05/2026,2026,5,3,Summer,19.0,28.9,44.3,6950.7,7375.8,7153.5
Tamil Nadu,Namakkal,Rasipuram(Uzhavar Sandhai ),Onion,Bellary,Local,04/01/2026,2026,1,4,Winter,13.5,19.7,45.0,5635.4,5774.7,5703.1
Tamil Nadu,Namakkal,Rasipuram(Uzhavar Sandhai ),Onion,Bellary,Local,05/04/2026,2026,4,5,Summer,0.9,26.1,41.1,6534.8,6860.1,6725.3
Tamil Nadu,Namakkal,Rasipuram(Uzhavar Sandhai ),Onion,Bellary,Local,05/07/2026,2026,7,5,Monsoon,137.1,35.0,65.0,8297.7,8604.2,8432.0
Tamil Nadu,Namakkal,Rasipuram(Uzhavar Sandhai ),Onion,Bellary,Local,05/10/2025,2025,10,5,Post-Monsoon,43.7,27.4,53.3,5980.4,6123.0,6066.9
Tamil Nadu,Namakkal,Rasipuram(Uzhavar Sandhai ),Onion,Bellary,Local,06/09/2026,2026,9,6,Monsoon,96.5,32.3,61.5,8174.7,8361.1,8272.3
Tamil Nadu,Namakkal,Rasipuram(Uzhavar Sandhai ),Onion,Bellary,Local,07/06/2026,2026,6,7,Monsoon,148.0,31.4,70.5,8993.2,9280.7,9156.0
Tamil Nadu,Namakkal,Rasipuram(Uzhavar Sandhai ),Onion,Bellary,Local,07/12/2025,2025,12,7,Winter,0.9,17.0,45.0,5393.9,5753.6,5585.2
Tamil Nadu,Namakkal,Rasipuram(Uzhavar Sandhai ),Onion,Bellary,Local,08/02/2026,2026,2,8,Winter,5.2,21.3,42.2,5784.1,5936.5,5842.8
Tamil Nadu,Namakkal,Rasipuram(Uzhavar Sandhai ),Onion,Bellary,Local,08/03/2026,2026,3,8,Summer,14.0,21.9,44.1,6412.6,6705.4,6588.7
Tamil Nadu,Namakkal,Rasipuram(Uzhavar Sandhai ),Onion,Bellary,Local,09/08/2026,2026,8,9,Monsoon,246.9,35.1,82.8,9456.6,9708.1,9580.9
Tamil Nadu,Namakkal,Rasipuram(Uzhavar Sandhai ),Onion,Bellary,Local,09/11/2025,2025,11,9,Post-Monsoon,44.5,20.7,51.0,6273.9,6576.3,6453.1
Tamil Nadu,Namakkal,Rasipuram(Uzhavar Sandhai ),Onion,Bellary,Local,10/05/2026,2026,5,10,Summer,18.5,29.8,50.4,7001.1,7174.5,7094.6
Tamil Nadu,Namakkal,Rasipuram(Uzhavar Sandhai ),Onion,Bellary,Local,11/01/2026,2026,1,11,Winter,0.2,20.0,47.6,5706.2,5893.2,5804.7
Tamil Nadu,Namakkal,Rasipuram(Uzhavar Sandhai ),Onion,Bellary,Local,12/04/2026,2026,4,12,Summer,2.0,28.0,44.4,6341.5,6666.6,6530.5
Tamil Nadu,Namakkal,Rasipuram(Uzhavar Sandhai ),Onion,Bellary,Local,12/07/2026,2026,7,12,Monsoon,97.3,34.9,61.8,8519.8,8728.6,8640.6
Tamil Nadu,Namakkal,Rasipuram(Uzhavar Sandhai ),Onion,Bellary,Local,12/10/2025,2025,10,12,Post-Monsoon,33.8,25.0,53.1,5914.9,6081.5,6019.2
Tamil Nadu,Namakkal,Rasipuram(Uzhavar Sandhai ),Onion,Bellary,Local,13/09/2026,2026,9,13,Monsoon,131.6,32.0,68.6,8152.0,8358.6,8246.0
Tamil Nadu,Namakkal,Rasipuram(Uzhavar Sandhai ),Onion,Bellary,Local,14/06/2026,2026,6,14,Monsoon,195.0,30.0,77.1,9195.0,9383.7,9281.5
Tamil Nadu,Namakkal,Rasipuram(Uzhavar Sandhai ),Onion,Bellary,Local,14/12/2025,2025,12,14,Winter,17.3,18.7,48.3,5612.6,5902.1,5728.7
Tamil Nadu,Namakkal,Rasipuram(Uzhavar Sandhai ),Onion,Bellary,Local,15/02/2026,2026,2,15,Winter,19.9,20.6,50.1,5687.7,5852.7,5779.9
Tamil Nadu,Namakkal,Rasipuram(Uzhavar Sandhai ),Onion,Bellary,Local,15/03/2026,2026,3,15,Summer,7.0,21.9,43.2,6917.2,7052.6,6983.0
Tamil Nadu,Namakkal,Rasipuram(Uzhavar Sandhai ),Onion,Bellary,Local,16/08/2026,2026,8,16,Monsoon,203.8,35.4,78.6,9500.5,9644.1,9568.5
Tamil Nadu,Namakkal,Rasipuram(Uzhavar Sandhai ),Onion,Bellary,Local,16/11/2025,2025,11,16,Post-Monsoon,74.9,23.2,56.1,6184.0,6425.9,6319.7
Tamil Nadu,Namakkal,Rasipuram(Uzhavar Sandhai ),Onion,Bellary,Local,17/05/2026,2026,5,17,Summer,4.9,31.7,50.7,6962.6,7269.7,7124.3
Tamil Nadu,Namakkal,Rasipuram(Uzhavar Sandhai ),Onion,Bellary,Local,18/01/2026,2026,1,18,Winter,18.8,19.6,49.1,6047.2,6269.8,6133.4
Tamil Nadu,Namakkal,Rasipuram(Uzhavar Sandhai ),Onion,Bellary,Local,19/04/2026,2026,4,19,Summer,11.4,28.1,50.7,6609.7,6870.8,6742.5
Tamil Nadu,Namakkal,Rasipuram(Uzhavar Sandhai ),Onion,Bellary,Local,19/07/2026,2026,7,19,Monsoon,247.5,35.9,86.5,9017.9,9303.1,9164.5
Tamil Nadu,Namakkal,Rasipuram(Uzhavar Sandhai ),Onion,Bellary,Local,19/10/2025,2025,10,19,Post-Monsoon,26.7,27.1,48.4,6018.3,6170.7,6115.3
Tamil Nadu,Namakkal,Rasipuram(Uzhavar Sandhai ),Onion,Bellary,Local,20/09/2026,2026,9,20,Monsoon,177.9,33.2,72.0,9250.4,9546.2,9399.8
Tamil Nadu,Namakkal,Rasipuram(Uzhavar Sandhai ),Onion,Bellary,Local,21/06/2026,2026,6,21,Monsoon,230.6,34.5,86.0,9239.3,9642.4,9436.0
Tamil Nadu,Namakkal,Rasipuram(Uzhavar Sandhai ),Onion,Bellary,Local,21/12/2025,2025,12,21,Winter,18.9,19.7,49.2,5756.7,5933.9,5867.8
Tamil Nadu,Namakkal,Rasipuram(Uzhavar Sandhai ),Onion,Bellary,Local,22/02/2026,2026,2,22,Winter,12.7,22.1,48.6,5606.9,5795.7,5679.7
Tamil Nadu,Namakkal,Rasipuram(Uzhavar Sandhai ),Onion,Bellary,Local,22/03/2026,2026,3,22,Summer,11.1,24.1,44.1,6535.9,6705.3,6627.3
Tamil Nadu,Namakkal,Rasipuram(Uzhavar Sandhai ),Onion,Bellary,Local,23/08/2026,2026,8,23,Monsoon,208.7,35.8,78.1,8990.6,9208.0,9101.8
Tamil Nadu,Namakkal,Rasipuram(Uzhavar Sandhai ),Onion,Bellary,Local,23/11/2025,2025,11,23,Post-Monsoon,75.5,25.4,57.0,6478.7,6746.1,6624.7
Tamil Nadu,Namakkal,Rasipuram(Uzhavar Sandhai ),Onion,Bellary,Local,24/05/2026,2026,5,24,Summer,2.8,33.4,51.8,6806.1,7068.4,6946.8
Tamil Nadu,Namakkal,Rasipuram(Uzhavar Sandhai ),Onion,Bellary,Local,25/01/2026,2026,1,25,Winter,14.7,19.8,43.4,5468.8,5753.8,5612.7
Tamil Nadu,Namakkal,Rasipuram(Uzhavar Sandhai ),Onion,Bellary,Local,26/04/2026,2026,4,26,Summer,13.5,28.3,47.5,6658.7,6785.4,6718.2
Tamil Nadu,Namakkal,Rasipuram(Uzhavar Sandhai ),Onion,Bellary,Local,26/07/2026,2026,7,26,Monsoon,92.5,35.4,58.7,8012.7,8252.8,8109.1
Tamil Nadu,Namakkal,Rasipuram(Uzhavar Sandhai ),Onion,Bellary,Local,26/10/2025,2025,10,26,Post-Monsoon,71.7,29.6,59.2,6607.0,6791.1,6714.0
Tamil Nadu,Namakkal,Rasipuram(Uzhavar Sandhai ),Onion,Bellary,Local,28/06/2026,2026,6,28,Monsoon,247.9,34.4,80.4,9428.7,9722.3,9576.2
Tamil Nadu,Namakkal,Rasipuram(Uzhavar Sandhai ),Onion,Bellary,Local,28/12/2025,2025,12,28,Winter,15.2,17.0,50.0,5354.3,5482.9,5412.8
Tamil Nadu,Namakkal,Rasipuram(Uzhavar Sandhai ),Onion,Bellary,Local,29/03/2026,2026,3,29,Summer,2.1,24.1,47.7,6354.9,6691.8,6495.9
Tamil Nadu,Namakkal,Rasipuram(Uzhavar Sandhai ),Onion,Bellary,Local,30/08/2026,2026,8,30,Monsoon,146.3,35.3,64.4,8576.1,8900.8,8751.6
Tamil Nadu,Namakkal,Rasipuram(Uzhavar Sandhai ),Onion,Bellary,Local,30/11/2025,2025,11,30,Post-Monsoon,61.6,21.7,53.5,6168.5,6542.3,6318.4
Tamil Nadu,Namakkal,Rasipuram(Uzhavar Sandhai ),Onion,Bellary,Local,31/05/2026,2026,5,31,Summer,18.7,28.6,51.0,6727.6,6973.4,6858.5
Tamil Nadu,Namakkal,Tiruchengode APMC,Onion,Bellary,Local,01/02/2026,2026,2,1,Winter,19.8,21.2,42.7,5600.2,5856.6,5733.5
Tamil Nadu,Namakkal,Tiruchengode APMC,Onion,Bellary,Local,01/03/2026,2026,3,1,Summer,14.8,22.0,46.4,6228.7,6370.3,6294.7
Tamil Nadu,Namakkal,Tiruchengode APMC,Onion,Bellary,Local,02/08/2026,2026,8,2,Monsoon,227.3,33.8,81.7,9064.6,9376.0,9248.8
Tamil Nadu,Namakkal,Tiruchengode APMC,Onion,Bellary,Local,02/11/2025,2025,11,2,Post-Monsoon,45.1,22.3,52.3,5749.6,5881.5,5803.4
Tamil Nadu,Namakkal,Tiruchengode APMC,Onion,Bellary,Local,03/05/2026,2026,5,3,Summer,10.1,30.4,46.1,6892.1,7106.5,6982.8
Tamil Nadu,Namakkal,Tiruchengode APMC,Onion,Bellary,Local,04/01/2026,2026,1,4,Winter,3.6,18.7,46.9,5760.1,5968.2,5891.0
Tamil Nadu,Namakkal,Tiruchengode APMC,Onion,Bellary,Local,05/04/2026,2026,4,5,Summer,3.1,28.7,50.9,5992.8,6340.8,6167.5
Tamil Nadu,Namakkal,Tiruchengode APMC,Onion,Bellary,Local,05/07/2026,2026,7,5,Monsoon,243.5,31.6,85.9,9152.0,9311.5,9231.8
Tamil Nadu,Namakkal,Tiruchengode APMC,Onion,Bellary,Local,05/10/2025,2025,10,5,Post-Monsoon,72.1,29.0,57.5,6457.7,6658.8,6535.4
Tamil Nadu,Namakkal,Tiruchengode APMC,Onion,Bellary,Local,06/09/2026,2026,9,6,Monsoon,118.3,32.0,62.7,8843.8,9085.7,8936.8
Tamil Nadu,Namakkal,Tiruchengode APMC,Onion,Bellary,Local,07/06/2026,2026,6,7,Monsoon,125.5,34.3,66.2,7879.2,8068.3,7974.9
Tamil Nadu,Namakkal,Tiruchengode APMC,Onion,Bellary,Local,07/12/2025,2025,12,7,Winter,14.5,19.6,46.9,5822.1,6050.8,5935.4
Tamil Nadu,Namakkal,Tiruchengode APMC,Onion,Bellary,Local,08/02/2026,2026,2,8,Winter,1.1,22.7,50.5,5581.7,5766.9,5693.8
Tamil Nadu,Namakkal,Tiruchengode APMC,Onion,Bellary,Local,08/03/2026,2026,3,8,Summer,11.9,24.6,46.8,6464.0,6618.2,6531.5
Tamil Nadu,Namakkal,Tiruchengode APMC,Onion,Bellary,Local,09/08/2026,2026,8,9,Monsoon,181.6,35.2,70.9,8844.9,9066.6,8964.1
Tamil Nadu,Namakkal,Tiruchengode APMC,Onion,Bellary,Local,09/11/2025,2025,11,9,Post-Monsoon,34.9,22.8,48.0,5903.1,6311.2,6101.8
Tamil Nadu,Namakkal,Tiruchengode APMC,Onion,Bellary,Local,10/05/2026,2026,5,10,Summer,9.4,30.3,44.7,6706.4,6867.8,6785.5
Tamil Nadu,Namakkal,Tiruchengode APMC,Onion,Bellary,Local,11/01/2026,2026,1,11,Winter,0.8,17.3,43.1,5279.0,5429.9,5336.0
Tamil Nadu,Namakkal,Tiruchengode APMC,Onion,Bellary,Local,12/04/2026,2026,4,12,Summer,3.0,26.5,45.1,6225.2,6500.2,6375.0
Tamil Nadu,Namakkal,Tiruchengode APMC,Onion,Bellary,Local,12/07/2026,2026,7,12,Monsoon,108.1,37.4,59.3,8017.7,8263.9,8141.8
Tamil Nadu,Namakkal,Tiruchengode APMC,Onion,Bellary,Local,12/10/2025,2025,10,12,Post-Monsoon,39.7,29.9,50.3,5460.7,5617.1,5547.1
Tamil Nadu,Namakkal,Tiruchengode APMC,Onion,Bellary,Local,13/09/2026,2026,9,13,Monsoon,184.9,30.5,71.7,8772.8,8911.8,8845.8
Tamil Nadu,Namakkal,Tiruchengode APMC,Onion,Bellary,Local,14/06/2026,2026,6,14,Monsoon,82.1,34.5,53.8,8340.1,8471.9,8410.1
Tamil Nadu,Namakkal,Tiruchengode APMC,Onion,Bellary,Local,14/12/2025,2025,12,14,Winter,14.7,18.9,46.9,5746.5,5904.6,5822.3
Tamil Nadu,Namakkal,Tiruchengode APMC,Onion,Bellary,Local,15/02/2026,2026,2,15,Winter,2.0,18.7,49.6,5631.4,5921.0,5759.1
Tamil Nadu,Namakkal,Tiruchengode APMC,Onion,Bellary,Local,15/03/2026,2026,3,15,Summer,2.0,21.5,45.8,6243.7,6400.5,6327.3
Tamil Nadu,Namakkal,Tiruchengode APMC,Onion,Bellary,Local,16/08/2026,2026,8,16,Monsoon,143.7,35.1,70.6,7963.6,8230.2,8110.9
Tamil Nadu,Namakkal,Tiruchengode APMC,Onion,Bellary,Local,16/11/2025,2025,11,16,Post-Monsoon,65.8,23.6,50.7,6450.2,6666.1,6549.1
Tamil Nadu,Namakkal,Tiruchengode APMC,Onion,Bellary,Local,17/05/2026,2026,5,17,Summer,12.0,32.1,50.2,6603.2,6834.0,6715.8
Tamil Nadu,Namakkal,Tiruchengode APMC,Onion,Bellary,Local,18/01/2026,2026,1,18,Winter,3.3,18.7,47.7,5204.9,5402.5,5304.1
Tamil Nadu,Namakkal,Tiruchengode APMC,Onion,Bellary,Local,19/04/2026,2026,4,19,Summer,0.9,26.7,38.8,6106.1,6384.2,6252.1
Tamil Nadu,Namakkal,Tiruchengode APMC,Onion,Bellary,Local,19/07/2026,2026,7,19,Monsoon,220.6,35.4,80.4,8695.5,8877.2,8787.4
Tamil Nadu,Namakkal,Tiruchengode APMC,Onion,Bellary,Local,19/10/2025,2025,10,19,Post-Monsoon,78.3,25.6,54.4,6240.9,6461.0,6351.5
Tamil Nadu,Namakkal,Tiruchengode APMC,Onion,Bellary,Local,20/09/2026,2026,9,20,Monsoon,168.0,33.0,71.2,8878.3,9148.2,9026.0
Tamil Nadu,Namakkal,Tiruchengode APMC,Onion,Bellary,Local,21/06/2026,2026,6,21,Monsoon,240.1,32.2,79.7,9150.9,9502.9,9311.7
Tamil Nadu,Namakkal,Tiruchengode APMC,Onion,Bellary,Local,21/12/2025,2025,12,21,Winter,14.3,21.1,50.6,5620.7,5944.6,5795.2
Tamil Nadu,Namakkal,Tiruchengode APMC,Onion,Bellary,Local,22/02/2026,2026,2,22,Winter,14.7,20.8,49.4,5693.5,5866.4,5767.6
Tamil Nadu,Namakkal,Tiruchengode APMC,Onion,Bellary,Local,22/03/2026,2026,3,22,Summer,16.6,22.3,50.8,6268.9,6453.0,6364.6
Tamil Nadu,Namakkal,Tiruchengode APMC,Onion,Bellary,Local,23/08/2026,2026,8,23,Monsoon,246.0,37.2,86.8,8769.0,8923.5,8843.1
Tamil Nadu,Namakkal,Tiruchengode APMC,Onion,Bellary,Local,23/11/2025,2025,11,23,Post-Monsoon,48.0,22.9,58.1,5533.3,5791.4,5646.5
Tamil Nadu,Namakkal,Tiruchengode APMC,Onion,Bellary,Local,24/05/2026,2026,5,24,Summer,7.8,30.2,42.4,6940.3,7226.9,7085.3
Tamil Nadu,Namakkal,Tiruchengode APMC,Onion,Bellary,Local,25/01/2026,2026,1,25,Winter,15.4,20.0,49.8,5731.3,6007.8,5880.1
Tamil Nadu,Namakkal,Tiruchengode APMC,Onion,Bellary,Local,26/04/2026,2026,4,26,Summer,1.2,28.1,49.2,6192.0,6531.1,6348.6
Tamil Nadu,Namakkal,Tiruchengode APMC,Onion,Bellary,Local,26/07/2026,2026,7,26,Monsoon,138.8,35.2,66.6,8978.8,9441.2,9208.0
Tamil Nadu,Namakkal,Tiruchengode APMC,Onion,Bellary,Local,26/10/2025,2025,10,26,Post-Monsoon,22.1,25.4,49.2,5841.5,6063.9,5943.5
Tamil Nadu,Namakkal,Tiruchengode APMC,Onion,Bellary,Local,28/06/2026,2026,6,28,Monsoon,115.2,35.4,68.7,8446.4,8659.6,8545.5
Tamil Nadu,Namakkal,Tiruchengode APMC,Onion,Bellary,Local,28/12/2025,2025,12,28,Winter,19.7,21.0,44.0,5602.5,5844.8,5715.9
Tamil Nadu,Namakkal,Tiruchengode APMC,Onion,Bellary,Local,29/03/2026,2026,3,29,Summer,1.6,23.1,47.3,6538.4,6766.8,6629.5
Tamil Nadu,Namakkal,Tiruchengode APMC,Onion,Bellary,Local,30/08/2026,2026,8,30,Monsoon,112.7,32.1,62.5,8753.6,8905.5,8846.6
Tamil Nadu,Namakkal,Tiruchengode APMC,Onion,Bellary,Local,30/11/2025,2025,11,30,Post-Monsoon,72.5,20.8,55.7,6217.5,6514.9,6368.0
Tamil Nadu,Namakkal,Tiruchengode APMC,Onion,Bellary,Local,31/05/2026,2026,5,31,Summer,10.1,32.3,47.9,6480.2,6813.4,6682.5
Tamil Nadu,Perambalur,Perambalur(Uzhavar Sandhai ),Onion,Bellary,Local,01/02/2026,2026,2,1,Winter,16.9,20.1,47.2,6687.2,6864.2,6775.5
Tamil Nadu,Perambalur,Perambalur(Uzhavar Sandhai ),Onion,Bellary,Local,01/03/2026,2026,3,1,Summer,0.4,25.2,45.7,7436.3,7702.5,7541.4
Tamil Nadu,Perambalur,Perambalur(Uzhavar Sandhai ),Onion,Bellary,Local,02/08/2026,2026,8,2,Monsoon,179.2,34.5,70.0,10103.6,10411.0,10246.9
Tamil Nadu,Perambalur,Perambalur(Uzhavar Sandhai ),Onion,Bellary,Local,02/11/2025,2025,11,2,Post-Monsoon,77.4,23.5,54.1,6902.0,7084.5,7009.0
Tamil Nadu,Perambalur,Perambalur(Uzhavar Sandhai ),Onion,Bellary,Local,03/05/2026,2026,5,3,Summer,14.8,31.5,48.3,7266.9,7647.3,7445.4
Tamil Nadu,Perambalur,Perambalur(Uzhavar Sandhai ),Onion,Bellary,Local,04/01/2026,2026,1,4,Winter,5.1,19.7,43.8,6170.5,6490.0,6342.8
Tamil Nadu,Perambalur,Perambalur(Uzhavar Sandhai ),Onion,Bellary,Local,05/04/2026,2026,4,5,Summer,2.7,27.4,49.7,7766.8,8108.1,7940.5
Tamil Nadu,Perambalur,Perambalur(Uzhavar Sandhai ),Onion,Bellary,Local,05/07/2026,2026,7,5,Monsoon,224.8,37.1,79.0,10399.2,10546.9,10460.2
Tamil Nadu,Perambalur,Perambalur(Uzhavar Sandhai ),Onion,Bellary,Local,05/10/2025,2025,10,5,Post-Monsoon,27.5,25.9,51.3,6822.3,7164.9,6976.7
Tamil Nadu,Perambalur,Perambalur(Uzhavar Sandhai ),Onion,Bellary,Local,06/09/2026,2026,9,6,Monsoon,169.0,32.5,74.8,10400.3,10523.9,10467.5
Tamil Nadu,Perambalur,Perambalur(Uzhavar Sandhai ),Onion,Bellary,Local,07/06/2026,2026,6,7,Monsoon,88.1,33.3,62.9,9145.6,9484.7,9272.1
Tamil Nadu,Perambalur,Perambalur(Uzhavar Sandhai ),Onion,Bellary,Local,07/12/2025,2025,12,7,Winter,19.4,20.1,50.9,6477.2,6657.5,6554.0
Tamil Nadu,Perambalur,Perambalur(Uzhavar Sandhai ),Onion,Bellary,Local,08/02/2026,2026,2,8,Winter,16.7,18.8,48.8,6233.7,6398.2,6318.8
Tamil Nadu,Perambalur,Perambalur(Uzhavar Sandhai ),Onion,Bellary,Local,08/03/2026,2026,3,8,Summer,6.0,20.9,46.8,7026.4,7314.4,7171.9
Tamil Nadu,Perambalur,Perambalur(Uzhavar Sandhai ),Onion,Bellary,Local,09/08/2026,2026,8,9,Monsoon,224.6,33.1,82.1,10802.4,10948.6,10855.5
Tamil Nadu,Perambalur,Perambalur(Uzhavar Sandhai ),Onion,Bellary,Local,09/11/2025,2025,11,9,Post-Monsoon,39.8,20.7,45.5,6950.8,7334.6,7143.8
Tamil Nadu,Perambalur,Perambalur(Uzhavar Sandhai ),Onion,Bellary,Local,10/05/2026,2026,5,10,Summer,14.8,29.4,50.0,7484.9,7639.8,7584.9
Tamil Nadu,Perambalur,Perambalur(Uzhavar Sandhai ),Onion,Bellary,Local,11/01/2026,2026,1,11,Winter,6.9,18.8,45.0,5946.1,6179.5,6054.9
Tamil Nadu,Perambalur,Perambalur(Uzhavar Sandhai ),Onion,Bellary,Local,12/04/2026,2026,4,12,Summer,15.3,24.6,48.9,8019.5,8180.5,8098.4
Tamil Nadu,Perambalur,Perambalur(Uzhavar Sandhai ),Onion,Bellary,Local,12/07/2026,2026,7,12,Monsoon,183.3,33.1,73.9,9489.3,9730.1,9618.2
Tamil Nadu,Perambalur,Perambalur(Uzhavar Sandhai ),Onion,Bellary,Local,12/10/2025,2025,10,12,Post-Monsoon,25.3,26.8,58.7,7002.6,7241.7,7150.1
Tamil Nadu,Perambalur,Perambalur(Uzhavar Sandhai ),Onion,Bellary,Local,13/09/2026,2026,9,13,Monsoon,81.5,28.9,59.6,8557.1,8898.5,8776.6
Tamil Nadu,Perambalur,Perambalur(Uzhavar Sandhai ),Onion,Bellary,Local,14/06/2026,2026,6,14,Monsoon,172.5,33.4,72.5,9720.7,10062.5,9904.2
Tamil Nadu,Perambalur,Perambalur(Uzhavar Sandhai ),Onion,Bellary,Local,14/12/2025,2025,12,14,Winter,10.0,21.3,50.5,6783.1,6903.8,6832.3
Tamil Nadu,Perambalur,Perambalur(Uzhavar Sandhai ),Onion,Bellary,Local,15/02/2026,2026,2,15,Winter,10.6,19.4,47.5,5847.2,6270.6,6066.2
Tamil Nadu,Perambalur,Perambalur(Uzhavar Sandhai ),Onion,Bellary,Local,15/03/2026,2026,3,15,Summer,9.7,20.9,43.2,7594.6,7858.1,7732.7
Tamil Nadu,Perambalur,Perambalur(Uzhavar Sandhai ),Onion,Bellary,Local,16/08/2026,2026,8,16,Monsoon,163.2,33.1,74.0,10566.4,10901.6,10690.0
Tamil Nadu,Perambalur,Perambalur(Uzhavar Sandhai ),Onion,Bellary,Local,16/11/2025,2025,11,16,Post-Monsoon,26.1,19.1,48.3,6975.8,7180.6,7081.7
Tamil Nadu,Perambalur,Perambalur(Uzhavar Sandhai ),Onion,Bellary,Local,17/05/2026,2026,5,17,Summer,16.6,31.9,49.3,7421.7,7715.3,7583.1
Tamil Nadu,Perambalur,Perambalur(Uzhavar Sandhai ),Onion,Bellary,Local,18/01/2026,2026,1,18,Winter,13.5,19.4,41.6,6482.8,6757.6,6595.4
Tamil Nadu,Perambalur,Perambalur(Uzhavar Sandhai ),Onion,Bellary,Local,19/04/2026,2026,4,19,Summer,13.0,25.8,47.3,7706.1,7919.8,7815.5
Tamil Nadu,Perambalur,Perambalur(Uzhavar Sandhai ),Onion,Bellary,Local,19/07/2026,2026,7,19,Monsoon,190.8,34.0,82.6,10939.7,11123.9,11039.7
Tamil Nadu,Perambalur,Perambalur(Uzhavar Sandhai ),Onion,Bellary,Local,19/10/2025,2025,10,19,Post-Monsoon,52.9,25.3,49.5,7248.5,7429.7,7325.9
Tamil Nadu,Perambalur,Perambalur(Uzhavar Sandhai ),Onion,Bellary,Local,20/09/2026,2026,9,20,Monsoon,241.1,31.0,82.3,10661.6,10934.6,10818.5
Tamil Nadu,Perambalur,Perambalur(Uzhavar Sandhai ),Onion,Bellary,Local,21/06/2026,2026,6,21,Monsoon,226.2,34.6,83.6,10522.1,10801.0,10671.4
Tamil Nadu,Perambalur,Perambalur(Uzhavar Sandhai ),Onion,Bellary,Local,21/12/2025,2025,12,21,Winter,3.8,21.3,51.9,5896.4,6252.3,6066.5
Tamil Nadu,Perambalur,Perambalur(Uzhavar Sandhai ),Onion,Bellary,Local,22/02/2026,2026,2,22,Winter,18.7,20.5,50.2,6407.3,6648.0,6527.5
Tamil Nadu,Perambalur,Perambalur(Uzhavar Sandhai ),Onion,Bellary,Local,22/03/2026,2026,3,22,Summer,9.5,20.5,47.1,7382.7,7617.3,7508.2
Tamil Nadu,Perambalur,Perambalur(Uzhavar Sandhai ),Onion,Bellary,Local,23/08/2026,2026,8,23,Monsoon,214.8,32.7,76.1,9871.9,9992.7,9921.1
Tamil Nadu,Perambalur,Perambalur(Uzhavar Sandhai ),Onion,Bellary,Local,23/11/2025,2025,11,23,Post-Monsoon,53.1,25.3,58.0,6872.2,7050.8,6973.4
Tamil Nadu,Perambalur,Perambalur(Uzhavar Sandhai ),Onion,Bellary,Local,24/05/2026,2026,5,24,Summer,1.2,30.4,46.3,7868.4,8058.3,7965.7
Tamil Nadu,Perambalur,Perambalur(Uzhavar Sandhai ),Onion,Bellary,Local,25/01/2026,2026,1,25,Winter,12.9,17.8,46.2,6473.1,6730.0,6608.7
Tamil Nadu,Perambalur,Perambalur(Uzhavar Sandhai ),Onion,Bellary,Local,26/04/2026,2026,4,26,Summer,0.4,26.4,39.9,7547.2,7855.0,7733.7
Tamil Nadu,Perambalur,Perambalur(Uzhavar Sandhai ),Onion,Bellary,Local,26/07/2026,2026,7,26,Monsoon,111.3,32.4,59.6,9596.4,9748.3,9671.9
Tamil Nadu,Perambalur,Perambalur(Uzhavar Sandhai ),Onion,Bellary,Local,26/10/2025,2025,10,26,Post-Monsoon,56.4,26.3,56.4,7205.4,7380.9,7287.1
Tamil Nadu,Perambalur,Perambalur(Uzhavar Sandhai ),Onion,Bellary,Local,28/06/2026,2026,6,28,Monsoon,176.7,35.9,72.1,9434.6,9596.1,9508.8
Tamil Nadu,Perambalur,Perambalur(Uzhavar Sandhai ),Onion,Bellary,Local,28/12/2025,2025,12,28,Winter,16.8,21.2,43.6,6469.4,6772.1,6655.6
Tamil Nadu,Perambalur,Perambalur(Uzhavar Sandhai ),Onion,Bellary,Local,29/03/2026,2026,3,29,Summer,18.1,24.3,47.0,7356.7,7648.1,7537.3
Tamil Nadu,Perambalur,Perambalur(Uzhavar Sandhai ),Onion,Bellary,Local,30/08/2026,2026,8,30,Monsoon,96.2,34.6,59.3,10094.6,10312.9,10202.6
Tamil Nadu,Perambalur,Perambalur(Uzhavar Sandhai ),Onion,Bellary,Local,30/11/2025,2025,11,30,Post-Monsoon,28.1,24.1,46.3,6442.1,6821.1,6641.4
Tamil Nadu,Perambalur,Perambalur(Uzhavar Sandhai ),Onion,Bellary,Local,31/05/2026,2026,5,31,Summer,2.5,28.5,46.0,7211.8,7387.9,7293.5
Tamil Nadu,Pudukkottai,Alangudi(Uzhavar Sandhai ),Onion,Bellary,Local,01/02/2026,2026,2,1,Winter,3.3,21.1,45.7,6124.7,6479.6,6296.0
Tamil Nadu,Pudukkottai,Alangudi(Uzhavar Sandhai ),Onion,Bellary,Local,01/03/2026,2026,3,1,Summer,5.4,22.0,49.1,6816.1,7106.8,6930.2
Tamil Nadu,Pudukkottai,Alangudi(Uzhavar Sandhai ),Onion,Bellary,Local,02/08/2026,2026,8,2,Monsoon,248.5,36.0,82.7,9939.7,10229.4,10071.6
Tamil Nadu,Pudukkottai,Alangudi(Uzhavar Sandhai ),Onion,Bellary,Local,02/11/2025,2025,11,2,Post-Monsoon,40.4,25.3,53.7,6197.2,6517.4,6317.0
Tamil Nadu,Pudukkottai,Alangudi(Uzhavar Sandhai ),Onion,Bellary,Local,03/05/2026,2026,5,3,Summer,17.6,31.4,55.1,7352.6,7504.2,7419.3
Tamil Nadu,Pudukkottai,Alangudi(Uzhavar Sandhai ),Onion,Bellary,Local,04/01/2026,2026,1,4,Winter,13.7,18.7,46.7,5536.1,5819.2,5688.8
Tamil Nadu,Pudukkottai,Alangudi(Uzhavar Sandhai ),Onion,Bellary,Local,05/04/2026,2026,4,5,Summer,17.7,28.3,47.7,6960.0,7273.7,7104.2
Tamil Nadu,Pudukkottai,Alangudi(Uzhavar Sandhai ),Onion,Bellary,Local,05/07/2026,2026,7,5,Monsoon,133.5,38.6,68.6,9576.4,9744.0,9644.3
Tamil Nadu,Pudukkottai,Alangudi(Uzhavar Sandhai ),Onion,Bellary,Local,05/10/2025,2025,10,5,Post-Monsoon,38.3,24.9,50.9,6033.3,6231.7,6147.0
Tamil Nadu,Pudukkottai,Alangudi(Uzhavar Sandhai ),Onion,Bellary,Local,06/09/2026,2026,9,6,Monsoon,201.4,29.8,73.4,8670.0,8840.8,8753.7
Tamil Nadu,Pudukkottai,Alangudi(Uzhavar Sandhai ),Onion,Bellary,Local,07/06/2026,2026,6,7,Monsoon,85.7,33.6,64.0,8770.0,9065.6,8914.1
Tamil Nadu,Pudukkottai,Alangudi(Uzhavar Sandhai ),Onion,Bellary,Local,07/12/2025,2025,12,7,Winter,11.9,19.8,47.3,6343.9,6577.2,6469.1
Tamil Nadu,Pudukkottai,Alangudi(Uzhavar Sandhai ),Onion,Bellary,Local,08/02/2026,2026,2,8,Winter,15.8,19.1,49.6,5847.0,6150.1,6036.1
Tamil Nadu,Pudukkottai,Alangudi(Uzhavar Sandhai ),Onion,Bellary,Local,08/03/2026,2026,3,8,Summer,12.7,24.3,50.3,7417.7,7726.9,7554.9
Tamil Nadu,Pudukkottai,Alangudi(Uzhavar Sandhai ),Onion,Bellary,Local,09/08/2026,2026,8,9,Monsoon,127.3,33.8,66.6,9338.2,9472.0,9405.0
Tamil Nadu,Pudukkottai,Alangudi(Uzhavar Sandhai ),Onion,Bellary,Local,09/11/2025,2025,11,9,Post-Monsoon,70.2,22.5,62.0,7021.9,7245.0,7154.2
Tamil Nadu,Pudukkottai,Alangudi(Uzhavar Sandhai ),Onion,Bellary,Local,10/05/2026,2026,5,10,Summer,12.4,30.0,45.1,7120.0,7301.1,7231.3
Tamil Nadu,Pudukkottai,Alangudi(Uzhavar Sandhai ),Onion,Bellary,Local,11/01/2026,2026,1,11,Winter,16.5,19.2,50.2,6000.2,6378.8,6172.5
Tamil Nadu,Pudukkottai,Alangudi(Uzhavar Sandhai ),Onion,Bellary,Local,12/04/2026,2026,4,12,Summer,17.1,26.4,46.4,7179.2,7378.9,7262.9
Tamil Nadu,Pudukkottai,Alangudi(Uzhavar Sandhai ),Onion,Bellary,Local,12/07/2026,2026,7,12,Monsoon,226.5,34.2,81.9,9744.5,10049.8,9908.2
Tamil Nadu,Pudukkottai,Alangudi(Uzhavar Sandhai ),Onion,Bellary,Local,12/10/2025,2025,10,12,Post-Monsoon,25.6,25.6,47.5,6423.5,6575.4,6489.0
Tamil Nadu,Pudukkottai,Alangudi(Uzhavar Sandhai ),Onion,Bellary,Local,13/09/2026,2026,9,13,Monsoon,170.3,29.0,70.6,9153.0,9318.9,9216.7
Tamil Nadu,Pudukkottai,Alangudi(Uzhavar Sandhai ),Onion,Bellary,Local,14/06/2026,2026,6,14,Monsoon,98.9,32.1,61.5,8722.4,9052.9,8859.8
Tamil Nadu,Pudukkottai,Alangudi(Uzhavar Sandhai ),Onion,Bellary,Local,14/12/2025,2025,12,14,Winter,3.8,20.3,43.7,6235.0,6437.5,6315.9
Tamil Nadu,Pudukkottai,Alangudi(Uzhavar Sandhai ),Onion,Bellary,Local,15/02/2026,2026,2,15,Winter,5.1,19.6,51.3,5403.5,5719.0,5570.5
Tamil Nadu,Pudukkottai,Alangudi(Uzhavar Sandhai ),Onion,Bellary,Local,15/03/2026,2026,3,15,Summer,3.6,22.2,47.0,7211.8,7405.0,7311.9
Tamil Nadu,Pudukkottai,Alangudi(Uzhavar Sandhai ),Onion,Bellary,Local,16/08/2026,2026,8,16,Monsoon,248.3,36.3,85.8,10143.6,10338.5,10234.7
Tamil Nadu,Pudukkottai,Alangudi(Uzhavar Sandhai ),Onion,Bellary,Local,16/11/2025,2025,11,16,Post-Monsoon,53.6,23.1,54.1,6271.1,6549.4,6417.9
Tamil Nadu,Pudukkottai,Alangudi(Uzhavar Sandhai ),Onion,Bellary,Local,17/05/2026,2026,5,17,Summer,6.6,31.0,39.4,6836.4,7035.1,6933.5
Tamil Nadu,Pudukkottai,Alangudi(Uzhavar Sandhai ),Onion,Bellary,Local,18/01/2026,2026,1,18,Winter,17.9,16.2,45.3,5556.2,5803.2,5662.7
Tamil Nadu,Pudukkottai,Alangudi(Uzhavar Sandhai ),Onion,Bellary,Local,19/04/2026,2026,4,19,Summer,4.4,28.3,44.1,7196.9,7536.6,7411.7
Tamil Nadu,Pudukkottai,Alangudi(Uzhavar Sandhai ),Onion,Bellary,Local,19/07/2026,2026,7,19,Monsoon,80.6,35.0,60.9,8785.9,9034.9,8937.9
Tamil Nadu,Pudukkottai,Alangudi(Uzhavar Sandhai ),Onion,Bellary,Local,19/10/2025,2025,10,19,Post-Monsoon,32.8,26.7,44.6,6432.9,6842.2,6631.3
Tamil Nadu,Pudukkottai,Alangudi(Uzhavar Sandhai ),Onion,Bellary,Local,20/09/2026,2026,9,20,Monsoon,161.6,30.5,69.4,9286.3,9507.0,9414.0
Tamil Nadu,Pudukkottai,Alangudi(Uzhavar Sandhai ),Onion,Bellary,Local,21/06/2026,2026,6,21,Monsoon,190.1,35.0,78.0,9463.3,9709.7,9556.3
Tamil Nadu,Pudukkottai,Alangudi(Uzhavar Sandhai ),Onion,Bellary,Local,21/12/2025,2025,12,21,Winter,11.1,19.6,49.5,5889.2,6238.0,6047.7
Tamil Nadu,Pudukkottai,Alangudi(Uzhavar Sandhai ),Onion,Bellary,Local,22/02/2026,2026,2,22,Winter,2.3,18.6,41.5,6235.0,6453.0,6342.5
Tamil Nadu,Pudukkottai,Alangudi(Uzhavar Sandhai ),Onion,Bellary,Local,22/03/2026,2026,3,22,Summer,5.2,26.7,42.9,6941.3,7197.9,7032.6
Tamil Nadu,Pudukkottai,Alangudi(Uzhavar Sandhai ),Onion,Bellary,Local,23/08/2026,2026,8,23,Monsoon,187.3,35.1,76.7,9661.4,9959.5,9799.7
Tamil Nadu,Pudukkottai,Alangudi(Uzhavar Sandhai ),Onion,Bellary,Local,23/11/2025,2025,11,23,Post-Monsoon,51.6,22.6,51.9,6815.2,7082.6,6972.8
Tamil Nadu,Pudukkottai,Alangudi(Uzhavar Sandhai ),Onion,Bellary,Local,24/05/2026,2026,5,24,Summer,16.7,27.8,41.3,6945.6,7132.8,7036.7
Tamil Nadu,Pudukkottai,Alangudi(Uzhavar Sandhai ),Onion,Bellary,Local,25/01/2026,2026,1,25,Winter,3.0,19.6,42.8,6289.7,6533.5,6408.0
Tamil Nadu,Pudukkottai,Alangudi(Uzhavar Sandhai ),Onion,Bellary,Local,26/04/2026,2026,4,26,Summer,15.4,27.9,44.7,7397.9,7627.9,7485.5
Tamil Nadu,Pudukkottai,Alangudi(Uzhavar Sandhai ),Onion,Bellary,Local,26/07/2026,2026,7,26,Monsoon,201.6,32.6,80.4,10043.7,10266.7,10150.1
Tamil Nadu,Pudukkottai,Alangudi(Uzhavar Sandhai ),Onion,Bellary,Local,26/10/2025,2025,10,26,Post-Monsoon,38.3,27.9,54.3,7243.5,7442.8,7327.6
Tamil Nadu,Pudukkottai,Alangudi(Uzhavar Sandhai ),Onion,Bellary,Local,28/06/2026,2026,6,28,Monsoon,155.1,33.1,66.2,9298.3,9556.3,9452.2
Tamil Nadu,Pudukkottai,Alangudi(Uzhavar Sandhai ),Onion,Bellary,Local,28/12/2025,2025,12,28,Winter,1.9,21.9,44.1,6176.8,6332.7,6252.2
Tamil Nadu,Pudukkottai,Alangudi(Uzhavar Sandhai ),Onion,Bellary,Local,29/03/2026,2026,3,29,Summer,4.7,23.4,47.9,7502.2,7621.7,7559.9
Tamil Nadu,Pudukkottai,Alangudi(Uzhavar Sandhai ),Onion,Bellary,Local,30/08/2026,2026,8,30,Monsoon,172.7,35.8,72.0,8834.0,9179.0,9041.5
Tamil Nadu,Pudukkottai,Alangudi(Uzhavar Sandhai ),Onion,Bellary,Local,30/11/2025,2025,11,30,Post-Monsoon,63.9,22.9,58.4,6977.2,7346.9,7197.1
Tamil Nadu,Pudukkottai,Alangudi(Uzhavar Sandhai ),Onion,Bellary,Local,31/05/2026,2026,5,31,Summer,10.3,30.4,40.0,7003.5,7244.3,7105.3
Tamil Nadu,Pudukkottai,Aranthangi(Uzhavar Sandhai ),Onion,Bellary,Local,01/02/2026,2026,2,1,Winter,9.0,20.6,47.1,5466.9,5622.0,5549.3
Tamil Nadu,Pudukkottai,Aranthangi(Uzhavar Sandhai ),Onion,Bellary,Local,01/03/2026,2026,3,1,Summer,9.2,22.2,43.4,6480.5,6729.9,6624.7
Tamil Nadu,Pudukkottai,Aranthangi(Uzhavar Sandhai ),Onion,Bellary,Local,02/08/2026,2026,8,2,Monsoon,223.9,34.7,75.1,9165.9,9469.4,9295.6
Tamil Nadu,Pudukkottai,Aranthangi(Uzhavar Sandhai ),Onion,Bellary,Local,02/11/2025,2025,11,2,Post-Monsoon,32.5,23.4,50.3,6156.8,6475.0,6308.7
Tamil Nadu,Pudukkottai,Aranthangi(Uzhavar Sandhai ),Onion,Bellary,Local,03/05/2026,2026,5,3,Summer,17.7,31.4,48.5,6553.1,6761.6,6668.7
Tamil Nadu,Pudukkottai,Aranthangi(Uzhavar Sandhai ),Onion,Bellary,Local,04/01/2026,2026,1,4,Winter,14.6,17.8,47.3,5811.6,6073.8,5926.3
Tamil Nadu,Pudukkottai,Aranthangi(Uzhavar Sandhai ),Onion,Bellary,Local,05/04/2026,2026,4,5,Summer,12.5,26.6,45.3,6310.7,6530.1,6416.2
Tamil Nadu,Pudukkottai,Aranthangi(Uzhavar Sandhai ),Onion,Bellary,Local,05/07/2026,2026,7,5,Monsoon,83.3,33.4,63.1,8744.8,9063.7,8912.3
Tamil Nadu,Pudukkottai,Aranthangi(Uzhavar Sandhai ),Onion,Bellary,Local,05/10/2025,2025,10,5,Post-Monsoon,41.6,27.6,53.0,5801.8,6020.0,5898.2
Tamil Nadu,Pudukkottai,Aranthangi(Uzhavar Sandhai ),Onion,Bellary,Local,06/09/2026,2026,9,6,Monsoon,105.7,29.3,59.4,8686.3,9052.8,8839.3
Tamil Nadu,Pudukkottai,Aranthangi(Uzhavar Sandhai ),Onion,Bellary,Local,07/06/2026,2026,6,7,Monsoon,187.7,33.1,72.6,8933.1,9196.0,9073.1
Tamil Nadu,Pudukkottai,Aranthangi(Uzhavar Sandhai ),Onion,Bellary,Local,07/12/2025,2025,12,7,Winter,18.5,19.6,49.0,6171.4,6566.1,6356.3
Tamil Nadu,Pudukkottai,Aranthangi(Uzhavar Sandhai ),Onion,Bellary,Local,08/02/2026,2026,2,8,Winter,19.9,16.7,46.8,5564.7,5821.9,5687.4
Tamil Nadu,Pudukkottai,Aranthangi(Uzhavar Sandhai ),Onion,Bellary,Local,08/03/2026,2026,3,8,Summer,7.7,24.2,44.7,6737.2,6925.8,6835.1
Tamil Nadu,Pudukkottai,Aranthangi(Uzhavar Sandhai ),Onion,Bellary,Local,09/08/2026,2026,8,9,Monsoon,90.0,35.8,56.0,8142.3,8374.3,8276.2
Tamil Nadu,Pudukkottai,Aranthangi(Uzhavar Sandhai ),Onion,Bellary,Local,09/11/2025,2025,11,9,Post-Monsoon,45.3,24.5,52.4,6223.7,6575.2,6393.5
Tamil Nadu,Pudukkottai,Aranthangi(Uzhavar Sandhai ),Onion,Bellary,Local,10/05/2026,2026,5,10,Summer,5.1,29.0,46.9,7056.5,7241.1,7136.3
Tamil Nadu,Pudukkottai,Aranthangi(Uzhavar Sandhai ),Onion,Bellary,Local,11/01/2026,2026,1,11,Winter,10.1,15.8,49.4,5517.4,5732.5,5606.6
Tamil Nadu,Pudukkottai,Aranthangi(Uzhavar Sandhai ),Onion,Bellary,Local,12/04/2026,2026,4,12,Summer,0.7,27.2,47.8,7199.2,7473.8,7338.8
Tamil Nadu,Pudukkottai,Aranthangi(Uzhavar Sandhai ),Onion,Bellary,Local,12/07/2026,2026,7,12,Monsoon,203.9,34.7,72.7,9970.4,10071.6,10020.3
Tamil Nadu,Pudukkottai,Aranthangi(Uzhavar Sandhai ),Onion,Bellary,Local,12/10/2025,2025,10,12,Post-Monsoon,44.4,26.0,48.6,6215.0,6459.4,6361.3
Tamil Nadu,Pudukkottai,Aranthangi(Uzhavar Sandhai ),Onion,Bellary,Local,13/09/2026,2026,9,13,Monsoon,247.7,31.9,88.6,9362.3,9580.8,9447.9
Tamil Nadu,Pudukkottai,Aranthangi(Uzhavar Sandhai ),Onion,Bellary,Local,14/06/2026,2026,6,14,Monsoon,131.4,34.7,69.4,8887.1,9155.1,9005.4
Tamil Nadu,Pudukkottai,Aranthangi(Uzhavar Sandhai ),Onion,Bellary,Local,14/12/2025,2025,12,14,Winter,7.0,22.4,46.7,5520.1,5778.1,5651.6
Tamil Nadu,Pudukkottai,Aranthangi(Uzhavar Sandhai ),Onion,Bellary,Local,15/02/2026,2026,2,15,Winter,19.5,21.4,48.2,5748.5,6004.2,5873.8
Tamil Nadu,Pudukkottai,Aranthangi(Uzhavar Sandhai ),Onion,Bellary,Local,15/03/2026,2026,3,15,Summer,5.7,24.8,44.6,7156.1,7370.4,7271.9
Tamil Nadu,Pudukkottai,Aranthangi(Uzhavar Sandhai ),Onion,Bellary,Local,16/08/2026,2026,8,16,Monsoon,135.2,36.0,69.8,8725.7,8984.7,8865.9
Tamil Nadu,Pudukkottai,Aranthangi(Uzhavar Sandhai ),Onion,Bellary,Local,16/11/2025,2025,11,16,Post-Monsoon,74.1,23.0,56.9,6022.3,6310.1,6143.6
Tamil Nadu,Pudukkottai,Aranthangi(Uzhavar Sandhai ),Onion,Bellary,Local,17/05/2026,2026,5,17,Summer,20.0,29.5,45.5,6636.7,6801.0,6710.1
Tamil Nadu,Pudukkottai,Aranthangi(Uzhavar Sandhai ),Onion,Bellary,Local,18/01/2026,2026,1,18,Winter,10.8,20.7,44.7,5877.5,5995.1,5939.3
Tamil Nadu,Pudukkottai,Aranthangi(Uzhavar Sandhai ),Onion,Bellary,Local,19/04/2026,2026,4,19,Summer,5.9,27.3,45.4,6973.3,7255.1,7099.0
Tamil Nadu,Pudukkottai,Aranthangi(Uzhavar Sandhai ),Onion,Bellary,Local,19/07/2026,2026,7,19,Monsoon,243.0,36.8,80.7,10143.3,10425.4,10258.5
Tamil Nadu,Pudukkottai,Aranthangi(Uzhavar Sandhai ),Onion,Bellary,Local,19/10/2025,2025,10,19,Post-Monsoon,28.3,27.9,51.6,6222.5,6373.5,6315.8
Tamil Nadu,Pudukkottai,Aranthangi(Uzhavar Sandhai ),Onion,Bellary,Local,20/09/2026,2026,9,20,Monsoon,101.3,32.4,65.2,8857.2,9115.7,8992.3
Tamil Nadu,Pudukkottai,Aranthangi(Uzhavar Sandhai ),Onion,Bellary,Local,21/06/2026,2026,6,21,Monsoon,244.0,32.5,84.1,9164.0,9456.3,9292.7
Tamil Nadu,Pudukkottai,Aranthangi(Uzhavar Sandhai ),Onion,Bellary,Local,21/12/2025,2025,12,21,Winter,16.0,18.9,49.5,5683.0,6027.5,5872.0
Tamil Nadu,Pudukkottai,Aranthangi(Uzhavar Sandhai ),Onion,Bellary,Local,22/02/2026,2026,2,22,Winter,18.6,22.6,50.6,5585.0,5787.1,5706.4
Tamil Nadu,Pudukkottai,Aranthangi(Uzhavar Sandhai ),Onion,Bellary,Local,22/03/2026,2026,3,22,Summer,10.9,22.2,43.4,7404.8,7664.8,7506.0
Tamil Nadu,Pudukkottai,Aranthangi(Uzhavar Sandhai ),Onion,Bellary,Local,23/08/2026,2026,8,23,Monsoon,153.1,34.4,64.4,8231.1,8557.6,8367.7
Tamil Nadu,Pudukkottai,Aranthangi(Uzhavar Sandhai ),Onion,Bellary,Local,23/11/2025,2025,11,23,Post-Monsoon,61.9,24.2,56.7,6595.3,6938.5,6785.1
Tamil Nadu,Pudukkottai,Aranthangi(Uzhavar Sandhai ),Onion,Bellary,Local,24/05/2026,2026,5,24,Summer,19.3,28.8,53.3,6792.5,6941.0,6873.7
Tamil Nadu,Pudukkottai,Aranthangi(Uzhavar Sandhai ),Onion,Bellary,Local,25/01/2026,2026,1,25,Winter,18.0,17.9,47.9,5718.6,5896.6,5804.2
Tamil Nadu,Pudukkottai,Aranthangi(Uzhavar Sandhai ),Onion,Bellary,Local,26/04/2026,2026,4,26,Summer,2.5,24.7,43.7,7098.5,7447.7,7246.6
Tamil Nadu,Pudukkottai,Aranthangi(Uzhavar Sandhai ),Onion,Bellary,Local,26/07/2026,2026,7,26,Monsoon,236.3,37.9,85.6,9729.4,9861.1,9783.9
Tamil Nadu,Pudukkottai,Aranthangi(Uzhavar Sandhai ),Onion,Bellary,Local,26/10/2025,2025,10,26,Post-Monsoon,31.8,25.3,56.1,6417.6,6754.2,6571.2
Tamil Nadu,Pudukkottai,Aranthangi(Uzhavar Sandhai ),Onion,Bellary,Local,28/06/2026,2026,6,28,Monsoon,142.4,35.3,65.3,7885.7,8259.6,8068.6
Tamil Nadu,Pudukkottai,Aranthangi(Uzhavar Sandhai ),Onion,Bellary,Local,28/12/2025,2025,12,28,Winter,3.1,18.9,47.7,6027.5,6368.9,6237.7
Tamil Nadu,Pudukkottai,Aranthangi(Uzhavar Sandhai ),Onion,Bellary,Local,29/03/2026,2026,3,29,Summer,18.1,22.2,48.0,6886.1,7218.5,7019.4
Tamil Nadu,Pudukkottai,Aranthangi(Uzhavar Sandhai ),Onion,Bellary,Local,30/08/2026,2026,8,30,Monsoon,247.1,37.9,87.7,8925.4,9216.8,9049.1
Tamil Nadu,Pudukkottai,Aranthangi(Uzhavar Sandhai ),Onion,Bellary,Local,30/11/2025,2025,11,30,Post-Monsoon,50.3,21.7,60.2,6618.8,6761.9,6705.5
Tamil Nadu,Pudukkottai,Aranthangi(Uzhavar Sandhai ),Onion,Bellary,Local,31/05/2026,2026,5,31,Summer,0.7,30.9,42.4,6311.2,6645.6,6460.0
Tamil Nadu,Pudukkottai,Gandarvakottai(Uzhavar Sandhai ),Onion,Bellary,Local,01/02/2026,2026,2,1,Winter,5.6,19.5,42.4,5660.1,5951.4,5803.6
Tamil Nadu,Pudukkottai,Gandarvakottai(Uzhavar Sandhai ),Onion,Bellary,Local,01/03/2026,2026,3,1,Summer,11.6,25.8,46.9,6579.3,6852.2,6753.8
Tamil Nadu,Pudukkottai,Gandarvakottai(Uzhavar Sandhai ),Onion,Bellary,Local,02/08/2026,2026,8,2,Monsoon,209.4,33.4,75.5,10204.9,10331.1,10271.5
Tamil Nadu,Pudukkottai,Gandarvakottai(Uzhavar Sandhai ),Onion,Bellary,Local,02/11/2025,2025,11,2,Post-Monsoon,60.7,23.9,51.7,7071.5,7230.0,7151.2
Tamil Nadu,Pudukkottai,Gandarvakottai(Uzhavar Sandhai ),Onion,Bellary,Local,03/05/2026,2026,5,3,Summer,7.1,32.4,42.6,7155.5,7329.9,7258.8
Tamil Nadu,Pudukkottai,Gandarvakottai(Uzhavar Sandhai ),Onion,Bellary,Local,04/01/2026,2026,1,4,Winter,9.1,19.4,47.3,5988.7,6367.7,6205.8
Tamil Nadu,Pudukkottai,Gandarvakottai(Uzhavar Sandhai ),Onion,Bellary,Local,05/04/2026,2026,4,5,Summer,19.5,28.0,44.7,6908.8,7179.9,7030.8
Tamil Nadu,Pudukkottai,Gandarvakottai(Uzhavar Sandhai ),Onion,Bellary,Local,05/07/2026,2026,7,5,Monsoon,147.7,38.5,72.0,8821.6,9236.5,9032.0
Tamil Nadu,Pudukkottai,Gandarvakottai(Uzhavar Sandhai ),Onion,Bellary,Local,05/10/2025,2025,10,5,Post-Monsoon,30.5,25.7,52.8,5925.6,6291.6,6118.5
Tamil Nadu,Pudukkottai,Gandarvakottai(Uzhavar Sandhai ),Onion,Bellary,Local,06/09/2026,2026,9,6,Monsoon,159.0,30.4,76.8,9266.5,9588.5,9397.5
Tamil Nadu,Pudukkottai,Gandarvakottai(Uzhavar Sandhai ),Onion,Bellary,Local,07/06/2026,2026,6,7,Monsoon,179.9,33.6,77.6,10313.9,10562.6,10434.0
Tamil Nadu,Pudukkottai,Gandarvakottai(Uzhavar Sandhai ),Onion,Bellary,Local,07/12/2025,2025,12,7,Winter,9.6,17.3,45.5,6210.5,6521.9,6337.7
Tamil Nadu,Pudukkottai,Gandarvakottai(Uzhavar Sandhai ),Onion,Bellary,Local,08/02/2026,2026,2,8,Winter,11.8,19.7,47.4,6102.6,6363.1,6229.0
Tamil Nadu,Pudukkottai,Gandarvakottai(Uzhavar Sandhai ),Onion,Bellary,Local,08/03/2026,2026,3,8,Summer,10.1,23.7,45.6,7197.6,7411.7,7285.7
Tamil Nadu,Pudukkottai,Gandarvakottai(Uzhavar Sandhai ),Onion,Bellary,Local,09/08/2026,2026,8,9,Monsoon,130.1,35.1,61.8,8986.9,9389.0,9191.2
Tamil Nadu,Pudukkottai,Gandarvakottai(Uzhavar Sandhai ),Onion,Bellary,Local,09/11/2025,2025,11,9,Post-Monsoon,76.5,22.3,60.0,6895.0,7229.6,7084.0
Tamil Nadu,Pudukkottai,Gandarvakottai(Uzhavar Sandhai ),Onion,Bellary,Local,10/05/2026,2026,5,10,Summer,8.5,31.5,46.0,7340.8,7498.2,7410.1
Tamil Nadu,Pudukkottai,Gandarvakottai(Uzhavar Sandhai ),Onion,Bellary,Local,11/01/2026,2026,1,11,Winter,13.1,16.6,43.6,6396.4,6690.5,6546.3
Tamil Nadu,Pudukkottai,Gandarvakottai(Uzhavar Sandhai ),Onion,Bellary,Local,12/04/2026,2026,4,12,Summer,14.6,26.9,45.2,6933.2,7210.6,7090.5
Tamil Nadu,Pudukkottai,Gandarvakottai(Uzhavar Sandhai ),Onion,Bellary,Local,12/07/2026,2026,7,12,Monsoon,247.8,36.6,87.1,10439.6,10863.8,10654.1
Tamil Nadu,Pudukkottai,Gandarvakottai(Uzhavar Sandhai ),Onion,Bellary,Local,12/10/2025,2025,10,12,Post-Monsoon,36.5,25.1,51.4,6597.6,6998.2,6783.7
Tamil Nadu,Pudukkottai,Gandarvakottai(Uzhavar Sandhai ),Onion,Bellary,Local,13/09/2026,2026,9,13,Monsoon,181.0,29.3,72.0,9552.6,9953.6,9740.0
Tamil Nadu,Pudukkottai,Gandarvakottai(Uzhavar Sandhai ),Onion,Bellary,Local,14/06/2026,2026,6,14,Monsoon,138.9,33.6,65.7,9104.9,9257.0,9187.8
Tamil Nadu,Pudukkottai,Gandarvakottai(Uzhavar Sandhai ),Onion,Bellary,Local,14/12/2025,2025,12,14,Winter,9.1,19.6,44.8,6407.3,6577.7,6491.1
Tamil Nadu,Pudukkottai,Gandarvakottai(Uzhavar Sandhai ),Onion,Bellary,Local,15/02/2026,2026,2,15,Winter,4.6,22.3,45.7,6025.0,6349.3,6203.3
Tamil Nadu,Pudukkottai,Gandarvakottai(Uzhavar Sandhai ),Onion,Bellary,Local,15/03/2026,2026,3,15,Summer,4.8,21.6,52.5,7024.7,7216.1,7142.3
Tamil Nadu,Pudukkottai,Gandarvakottai(Uzhavar Sandhai ),Onion,Bellary,Local,16/08/2026,2026,8,16,Monsoon,150.4,34.3,71.8,8984.9,9262.7,9148.8
Tamil Nadu,Pudukkottai,Gandarvakottai(Uzhavar Sandhai ),Onion,Bellary,Local,16/11/2025,2025,11,16,Post-Monsoon,72.2,22.3,61.2,6839.0,7226.3,7069.7
Tamil Nadu,Pudukkottai,Gandarvakottai(Uzhavar Sandhai ),Onion,Bellary,Local,17/05/2026,2026,5,17,Summer,15.3,31.5,49.1,7025.9,7344.4,7148.7
Tamil Nadu,Pudukkottai,Gandarvakottai(Uzhavar Sandhai ),Onion,Bellary,Local,18/01/2026,2026,1,18,Winter,0.4,18.3,42.1,6419.8,6686.5,6563.9
Tamil Nadu,Pudukkottai,Gandarvakottai(Uzhavar Sandhai ),Onion,Bellary,Local,19/04/2026,2026,4,19,Summer,14.8,28.3,48.7,7261.9,7541.7,7392.1
Tamil Nadu,Pudukkottai,Gandarvakottai(Uzhavar Sandhai ),Onion,Bellary,Local,19/07/2026,2026,7,19,Monsoon,240.8,36.1,82.9,9986.1,10122.7,10056.9
Tamil Nadu,Pudukkottai,Gandarvakottai(Uzhavar Sandhai ),Onion,Bellary,Local,19/10/2025,2025,10,19,Post-Monsoon,68.8,27.4,55.8,6685.6,6996.7,6831.8
Tamil Nadu,Pudukkottai,Gandarvakottai(Uzhavar Sandhai ),Onion,Bellary,Local,20/09/2026,2026,9,20,Monsoon,121.9,32.3,66.6,8394.6,8661.4,8497.7
Tamil Nadu,Pudukkottai,Gandarvakottai(Uzhavar Sandhai ),Onion,Bellary,Local,21/06/2026,2026,6,21,Monsoon,205.6,32.2,78.1,9534.0,9699.7,9591.8
Tamil Nadu,Pudukkottai,Gandarvakottai(Uzhavar Sandhai ),Onion,Bellary,Local,21/12/2025,2025,12,21,Winter,13.1,19.2,45.1,6116.3,6432.5,6289.1
Tamil Nadu,Pudukkottai,Gandarvakottai(Uzhavar Sandhai ),Onion,Bellary,Local,22/02/2026,2026,2,22,Winter,10.1,20.9,49.0,6312.9,6679.0,6465.9
Tamil Nadu,Pudukkottai,Gandarvakottai(Uzhavar Sandhai ),Onion,Bellary,Local,22/03/2026,2026,3,22,Summer,17.1,22.7,49.4,7560.6,7694.5,7632.9
Tamil Nadu,Pudukkottai,Gandarvakottai(Uzhavar Sandhai ),Onion,Bellary,Local,23/08/2026,2026,8,23,Monsoon,214.7,34.0,83.6,9933.2,10172.4,10061.9
Tamil Nadu,Pudukkottai,Gandarvakottai(Uzhavar Sandhai ),Onion,Bellary,Local,23/11/2025,2025,11,23,Post-Monsoon,45.3,23.6,51.4,6430.3,6761.8,6581.6
Tamil Nadu,Pudukkottai,Gandarvakottai(Uzhavar Sandhai ),Onion,Bellary,Local,24/05/2026,2026,5,24,Summer,14.7,32.0,50.4,6505.9,6683.1,6592.6
Tamil Nadu,Pudukkottai,Gandarvakottai(Uzhavar Sandhai ),Onion,Bellary,Local,25/01/2026,2026,1,25,Winter,17.7,19.7,53.1,5623.4,6004.2,5806.7
Tamil Nadu,Pudukkottai,Gandarvakottai(Uzhavar Sandhai ),Onion,Bellary,Local,26/04/2026,2026,4,26,Summer,19.4,25.8,46.0,7369.7,7622.4,7492.3
Tamil Nadu,Pudukkottai,Gandarvakottai(Uzhavar Sandhai ),Onion,Bellary,Local,26/07/2026,2026,7,26,Monsoon,156.7,36.1,69.5,9560.1,9892.2,9729.1
Tamil Nadu,Pudukkottai,Gandarvakottai(Uzhavar Sandhai ),Onion,Bellary,Local,26/10/2025,2025,10,26,Post-Monsoon,72.0,27.3,60.2,6899.1,7081.1,6983.2
Tamil Nadu,Pudukkottai,Gandarvakottai(Uzhavar Sandhai ),Onion,Bellary,Local,28/06/2026,2026,6,28,Monsoon,194.2,34.4,74.0,9310.8,9550.3,9455.1
Tamil Nadu,Pudukkottai,Gandarvakottai(Uzhavar Sandhai ),Onion,Bellary,Local,28/12/2025,2025,12,28,Winter,12.2,18.8,50.6,6188.0,6329.5,6273.7
Tamil Nadu,Pudukkottai,Gandarvakottai(Uzhavar Sandhai ),Onion,Bellary,Local,29/03/2026,2026,3,29,Summer,9.1,22.1,42.1,7145.2,7273.9,7226.0
Tamil Nadu,Pudukkottai,Gandarvakottai(Uzhavar Sandhai ),Onion,Bellary,Local,30/08/2026,2026,8,30,Monsoon,131.9,34.3,65.4,9620.8,9767.8,9683.5
Tamil Nadu,Pudukkottai,Gandarvakottai(Uzhavar Sandhai ),Onion,Bellary,Local,30/11/2025,2025,11,30,Post-Monsoon,60.0,22.1,56.2,6521.3,6797.6,6664.8
Tamil Nadu,Pudukkottai,Gandarvakottai(Uzhavar Sandhai ),Onion,Bellary,Local,31/05/2026,2026,5,31,Summer,4.4,32.3,46.0,7009.5,7168.7,7079.7
Tamil Nadu,Pudukkottai,Karambakkudi(Uzhavar Sandhai ),Onion,Bellary,Local,01/02/2026,2026,2,1,Winter,2.4,20.8,48.7,4630.5,4976.0,4797.4
Tamil Nadu,Pudukkottai,Karambakkudi(Uzhavar Sandhai ),Onion,Bellary,Local,01/03/2026,2026,3,1,Summer,13.3,18.8,48.1,5795.1,6060.1,5959.6
Tamil Nadu,Pudukkottai,Karambakkudi(Uzhavar Sandhai ),Onion,Bellary,Local,02/08/2026,2026,8,2,Monsoon,129.2,33.7,59.9,7675.1,7859.6,7765.8
Tamil Nadu,Pudukkottai,Karambakkudi(Uzhavar Sandhai ),Onion,Bellary,Local,02/11/2025,2025,11,2,Post-Monsoon,41.6,23.8,53.9,5957.0,6172.2,6051.4
Tamil Nadu,Pudukkottai,Karambakkudi(Uzhavar Sandhai ),Onion,Bellary,Local,03/05/2026,2026,5,3,Summer,7.7,31.2,44.0,6124.8,6405.8,6277.2
Tamil Nadu,Pudukkottai,Karambakkudi(Uzhavar Sandhai ),Onion,Bellary,Local,04/01/2026,2026,1,4,Winter,15.1,18.6,45.6,5538.8,5963.5,5744.1
Tamil Nadu,Pudukkottai,Karambakkudi(Uzhavar Sandhai ),Onion,Bellary,Local,05/04/2026,2026,4,5,Summer,3.2,27.0,45.8,5846.9,6004.7,5923.9
Tamil Nadu,Pudukkottai,Karambakkudi(Uzhavar Sandhai ),Onion,Bellary,Local,05/07/2026,2026,7,5,Monsoon,125.6,34.0,72.0,7762.0,8071.6,7892.4
Tamil Nadu,Pudukkottai,Karambakkudi(Uzhavar Sandhai ),Onion,Bellary,Local,05/10/2025,2025,10,5,Post-Monsoon,25.2,29.8,47.7,5816.9,6184.7,5975.5
Tamil Nadu,Pudukkottai,Karambakkudi(Uzhavar Sandhai ),Onion,Bellary,Local,06/09/2026,2026,9,6,Monsoon,186.1,30.4,78.8,8448.4,8729.6,8577.0
Tamil Nadu,Pudukkottai,Karambakkudi(Uzhavar Sandhai ),Onion,Bellary,Local,07/06/2026,2026,6,7,Monsoon,133.2,33.1,63.0,7537.5,7859.0,7655.7
Tamil Nadu,Pudukkottai,Karambakkudi(Uzhavar Sandhai ),Onion,Bellary,Local,07/12/2025,2025,12,7,Winter,6.5,20.2,44.8,5384.6,5663.7,5525.2
Tamil Nadu,Pudukkottai,Karambakkudi(Uzhavar Sandhai ),Onion,Bellary,Local,08/02/2026,2026,2,8,Winter,12.1,21.5,52.5,5236.4,5637.7,5442.1
Tamil Nadu,Pudukkottai,Karambakkudi(Uzhavar Sandhai ),Onion,Bellary,Local,08/03/2026,2026,3,8,Summer,4.8,22.1,49.6,5999.1,6143.9,6075.7
Tamil Nadu,Pudukkottai,Karambakkudi(Uzhavar Sandhai ),Onion,Bellary,Local,09/08/2026,2026,8,9,Monsoon,119.4,33.3,59.6,7440.2,7594.8,7512.7
Tamil Nadu,Pudukkottai,Karambakkudi(Uzhavar Sandhai ),Onion,Bellary,Local,09/11/2025,2025,11,9,Post-Monsoon,39.0,24.0,53.0,5887.8,6194.0,6055.5
Tamil Nadu,Pudukkottai,Karambakkudi(Uzhavar Sandhai ),Onion,Bellary,Local,10/05/2026,2026,5,10,Summer,12.7,29.3,42.9,5705.6,6092.7,5915.2
Tamil Nadu,Pudukkottai,Karambakkudi(Uzhavar Sandhai ),Onion,Bellary,Local,11/01/2026,2026,1,11,Winter,8.8,19.4,47.8,5027.7,5302.0,5149.6
Tamil Nadu,Pudukkottai,Karambakkudi(Uzhavar Sandhai ),Onion,Bellary,Local,12/04/2026,2026,4,12,Summer,15.2,25.8,44.0,5724.7,5941.1,5833.0
Tamil Nadu,Pudukkottai,Karambakkudi(Uzhavar Sandhai ),Onion,Bellary,Local,12/07/2026,2026,7,12,Monsoon,100.0,35.7,61.7,7339.5,7497.3,7409.8
Tamil Nadu,Pudukkottai,Karambakkudi(Uzhavar Sandhai ),Onion,Bellary,Local,12/10/2025,2025,10,12,Post-Monsoon,25.6,27.7,50.1,5548.7,5841.9,5701.8
Tamil Nadu,Pudukkottai,Karambakkudi(Uzhavar Sandhai ),Onion,Bellary,Local,13/09/2026,2026,9,13,Monsoon,121.9,29.8,65.7,8020.6,8352.4,8152.5
Tamil Nadu,Pudukkottai,Karambakkudi(Uzhavar Sandhai ),Onion,Bellary,Local,14/06/2026,2026,6,14,Monsoon,182.2,35.7,75.1,7670.0,7857.8,7753.5
Tamil Nadu,Pudukkottai,Karambakkudi(Uzhavar Sandhai ),Onion,Bellary,Local,14/12/2025,2025,12,14,Winter,3.7,21.7,44.8,5542.0,5693.2,5614.0
Tamil Nadu,Pudukkottai,Karambakkudi(Uzhavar Sandhai ),Onion,Bellary,Local,15/02/2026,2026,2,15,Winter,8.3,16.6,44.8,5340.6,5612.4,5489.2
Tamil Nadu,Pudukkottai,Karambakkudi(Uzhavar Sandhai ),Onion,Bellary,Local,15/03/2026,2026,3,15,Summer,6.3,24.3,46.9,5665.0,5966.2,5791.8
Tamil Nadu,Pudukkottai,Karambakkudi(Uzhavar Sandhai ),Onion,Bellary,Local,16/08/2026,2026,8,16,Monsoon,218.0,34.1,79.6,8181.5,8443.2,8338.5
Tamil Nadu,Pudukkottai,Karambakkudi(Uzhavar Sandhai ),Onion,Bellary,Local,16/11/2025,2025,11,16,Post-Monsoon,33.1,21.5,51.5,5252.7,5518.2,5344.3
Tamil Nadu,Pudukkottai,Karambakkudi(Uzhavar Sandhai ),Onion,Bellary,Local,17/05/2026,2026,5,17,Summer,1.0,30.1,42.4,5758.7,5922.1,5849.8
Tamil Nadu,Pudukkottai,Karambakkudi(Uzhavar Sandhai ),Onion,Bellary,Local,18/01/2026,2026,1,18,Winter,11.4,19.3,47.1,4885.8,5144.4,5025.9
Tamil Nadu,Pudukkottai,Karambakkudi(Uzhavar Sandhai ),Onion,Bellary,Local,19/04/2026,2026,4,19,Summer,17.3,25.6,48.8,6162.8,6519.8,6357.3
Tamil Nadu,Pudukkottai,Karambakkudi(Uzhavar Sandhai ),Onion,Bellary,Local,19/07/2026,2026,7,19,Monsoon,122.2,35.1,71.0,6773.9,7118.2,6968.1
Tamil Nadu,Pudukkottai,Karambakkudi(Uzhavar Sandhai ),Onion,Bellary,Local,19/10/2025,2025,10,19,Post-Monsoon,53.1,24.6,53.1,5844.5,5997.8,5936.9
Tamil Nadu,Pudukkottai,Karambakkudi(Uzhavar Sandhai ),Onion,Bellary,Local,20/09/2026,2026,9,20,Monsoon,86.3,29.8,55.4,7584.0,7702.7,7642.5
Tamil Nadu,Pudukkottai,Karambakkudi(Uzhavar Sandhai ),Onion,Bellary,Local,21/06/2026,2026,6,21,Monsoon,98.7,35.5,57.7,7537.5,7931.9,7724.2
Tamil Nadu,Pudukkottai,Karambakkudi(Uzhavar Sandhai ),Onion,Bellary,Local,21/12/2025,2025,12,21,Winter,8.0,19.3,48.6,5016.9,5301.8,5156.7
Tamil Nadu,Pudukkottai,Karambakkudi(Uzhavar Sandhai ),Onion,Bellary,Local,22/02/2026,2026,2,22,Winter,9.1,19.8,42.2,4946.1,5342.1,5125.7
Tamil Nadu,Pudukkottai,Karambakkudi(Uzhavar Sandhai ),Onion,Bellary,Local,22/03/2026,2026,3,22,Summer,18.0,25.0,49.6,6303.1,6648.9,6491.7
Tamil Nadu,Pudukkottai,Karambakkudi(Uzhavar Sandhai ),Onion,Bellary,Local,23/08/2026,2026,8,23,Monsoon,212.3,36.6,81.5,8793.5,9069.0,8919.6
Tamil Nadu,Pudukkottai,Karambakkudi(Uzhavar Sandhai ),Onion,Bellary,Local,23/11/2025,2025,11,23,Post-Monsoon,69.6,23.2,54.5,5337.9,5578.0,5476.9
Tamil Nadu,Pudukkottai,Karambakkudi(Uzhavar Sandhai ),Onion,Bellary,Local,24/05/2026,2026,5,24,Summer,0.4,25.4,43.8,5919.2,6284.5,6087.8
Tamil Nadu,Pudukkottai,Karambakkudi(Uzhavar Sandhai ),Onion,Bellary,Local,25/01/2026,2026,1,25,Winter,9.6,20.4,50.2,4848.1,5218.1,5036.3
Tamil Nadu,Pudukkottai,Karambakkudi(Uzhavar Sandhai ),Onion,Bellary,Local,26/04/2026,2026,4,26,Summer,10.7,25.3,49.9,6173.4,6351.5,6274.0
Tamil Nadu,Pudukkottai,Karambakkudi(Uzhavar Sandhai ),Onion,Bellary,Local,26/07/2026,2026,7,26,Monsoon,140.4,36.1,63.4,7823.8,8108.4,7936.8
Tamil Nadu,Pudukkottai,Karambakkudi(Uzhavar Sandhai ),Onion,Bellary,Local,26/10/2025,2025,10,26,Post-Monsoon,36.4,24.9,52.0,5671.1,5949.2,5780.4
Tamil Nadu,Pudukkottai,Karambakkudi(Uzhavar Sandhai ),Onion,Bellary,Local,28/06/2026,2026,6,28,Monsoon,94.8,34.4,60.8,7181.1,7401.5,7257.9
Tamil Nadu,Pudukkottai,Karambakkudi(Uzhavar Sandhai ),Onion,Bellary,Local,28/12/2025,2025,12,28,Winter,10.6,21.1,48.7,4894.9,5293.6,5090.3
Tamil Nadu,Pudukkottai,Karambakkudi(Uzhavar Sandhai ),Onion,Bellary,Local,29/03/2026,2026,3,29,Summer,8.2,21.6,44.9,6037.4,6304.5,6182.2
Tamil Nadu,Pudukkottai,Karambakkudi(Uzhavar Sandhai ),Onion,Bellary,Local,30/08/2026,2026,8,30,Monsoon,93.4,34.2,60.6,7520.8,7693.4,7603.8
Tamil Nadu,Pudukkottai,Karambakkudi(Uzhavar Sandhai ),Onion,Bellary,Local,30/11/2025,2025,11,30,Post-Monsoon,22.9,22.0,46.7,5815.2,5985.3,5908.9
Tamil Nadu,Pudukkottai,Karambakkudi(Uzhavar Sandhai ),Onion,Bellary,Local,31/05/2026,2026,5,31,Summer,6.8,32.5,44.2,5667.2,6025.3,5852.7
Tamil Nadu,Pudukkottai,Ponnamaravathi(Uzhavar Sandhai),Onion,Bellary,Local,01/02/2026,2026,2,1,Winter,9.0,18.6,46.5,6438.7,6664.8,6556.4
Tamil Nadu,Pudukkottai,Ponnamaravathi(Uzhavar Sandhai),Onion,Bellary,Local,01/03/2026,2026,3,1,Summer,15.8,20.7,46.1,6940.4,7179.1,7040.3
Tamil Nadu,Pudukkottai,Ponnamaravathi(Uzhavar Sandhai),Onion,Bellary,Local,02/08/2026,2026,8,2,Monsoon,234.1,34.3,85.8,9820.6,9980.2,9878.7
Tamil Nadu,Pudukkottai,Ponnamaravathi(Uzhavar Sandhai),Onion,Bellary,Local,02/11/2025,2025,11,2,Post-Monsoon,74.5,25.4,55.8,5982.8,6267.3,6163.8
Tamil Nadu,Pudukkottai,Ponnamaravathi(Uzhavar Sandhai),Onion,Bellary,Local,03/05/2026,2026,5,3,Summer,7.2,31.1,45.2,7018.5,7332.1,7144.1
Tamil Nadu,Pudukkottai,Ponnamaravathi(Uzhavar Sandhai),Onion,Bellary,Local,04/01/2026,2026,1,4,Winter,4.5,18.2,48.7,5690.2,5906.1,5828.6
Tamil Nadu,Pudukkottai,Ponnamaravathi(Uzhavar Sandhai),Onion,Bellary,Local,05/04/2026,2026,4,5,Summer,12.6,25.9,45.2,6249.4,6532.1,6373.2
Tamil Nadu,Pudukkottai,Ponnamaravathi(Uzhavar Sandhai),Onion,Bellary,Local,05/07/2026,2026,7,5,Monsoon,193.9,34.9,73.4,9204.4,9520.4,9354.4
Tamil Nadu,Pudukkottai,Ponnamaravathi(Uzhavar Sandhai),Onion,Bellary,Local,05/10/2025,2025,10,5,Post-Monsoon,49.6,26.1,45.8,6762.7,6886.5,6837.3
Tamil Nadu,Pudukkottai,Ponnamaravathi(Uzhavar Sandhai),Onion,Bellary,Local,06/09/2026,2026,9,6,Monsoon,145.0,31.4,68.5,9325.2,9473.9,9395.0
Tamil Nadu,Pudukkottai,Ponnamaravathi(Uzhavar Sandhai),Onion,Bellary,Local,07/06/2026,2026,6,7,Monsoon,138.7,34.0,70.0,8577.2,8745.0,8659.1
Tamil Nadu,Pudukkottai,Ponnamaravathi(Uzhavar Sandhai),Onion,Bellary,Local,07/12/2025,2025,12,7,Winter,1.0,22.0,48.0,5950.2,6329.6,6181.3
Tamil Nadu,Pudukkottai,Ponnamaravathi(Uzhavar Sandhai),Onion,Bellary,Local,08/02/2026,2026,2,8,Winter,10.9,17.0,43.4,6373.3,6506.6,6438.2
Tamil Nadu,Pudukkottai,Ponnamaravathi(Uzhavar Sandhai),Onion,Bellary,Local,08/03/2026,2026,3,8,Summer,5.8,23.9,47.6,6565.4,6903.4,6751.7
Tamil Nadu,Pudukkottai,Ponnamaravathi(Uzhavar Sandhai),Onion,Bellary,Local,09/08/2026,2026,8,9,Monsoon,92.7,32.7,62.3,8624.9,8934.0,8751.0
Tamil Nadu,Pudukkottai,Ponnamaravathi(Uzhavar Sandhai),Onion,Bellary,Local,09/11/2025,2025,11,9,Post-Monsoon,47.1,21.7,52.6,6537.2,6840.2,6710.7
Tamil Nadu,Pudukkottai,Ponnamaravathi(Uzhavar Sandhai),Onion,Bellary,Local,10/05/2026,2026,5,10,Summer,7.0,31.9,44.9,7307.1,7515.7,7427.0
Tamil Nadu,Pudukkottai,Ponnamaravathi(Uzhavar Sandhai),Onion,Bellary,Local,11/01/2026,2026,1,11,Winter,10.0,16.3,44.3,5720.4,6094.2,5916.0
Tamil Nadu,Pudukkottai,Ponnamaravathi(Uzhavar Sandhai),Onion,Bellary,Local,12/04/2026,2026,4,12,Summer,17.7,27.1,48.6,7185.1,7323.1,7260.1
Tamil Nadu,Pudukkottai,Ponnamaravathi(Uzhavar Sandhai),Onion,Bellary,Local,12/07/2026,2026,7,12,Monsoon,125.8,33.2,71.5,8358.4,8660.9,8536.6
Tamil Nadu,Pudukkottai,Ponnamaravathi(Uzhavar Sandhai),Onion,Bellary,Local,12/10/2025,2025,10,12,Post-Monsoon,66.7,28.4,54.7,6175.5,6406.8,6285.3
Tamil Nadu,Pudukkottai,Ponnamaravathi(Uzhavar Sandhai),Onion,Bellary,Local,13/09/2026,2026,9,13,Monsoon,147.2,31.0,66.6,9081.3,9271.8,9184.9
Tamil Nadu,Pudukkottai,Ponnamaravathi(Uzhavar Sandhai),Onion,Bellary,Local,14/06/2026,2026,6,14,Monsoon,158.1,34.1,72.0,9110.7,9409.1,9259.2
Tamil Nadu,Pudukkottai,Ponnamaravathi(Uzhavar Sandhai),Onion,Bellary,Local,14/12/2025,2025,12,14,Winter,11.5,23.3,41.9,6019.2,6328.3,6183.3
Tamil Nadu,Pudukkottai,Ponnamaravathi(Uzhavar Sandhai),Onion,Bellary,Local,15/02/2026,2026,2,15,Winter,1.9,21.7,43.9,6302.7,6669.1,6502.8
Tamil Nadu,Pudukkottai,Ponnamaravathi(Uzhavar Sandhai),Onion,Bellary,Local,15/03/2026,2026,3,15,Summer,0.7,22.8,46.7,6810.4,7090.4,6946.8
Tamil Nadu,Pudukkottai,Ponnamaravathi(Uzhavar Sandhai),Onion,Bellary,Local,16/08/2026,2026,8,16,Monsoon,118.2,34.1,63.8,8680.7,8851.9,8780.5
Tamil Nadu,Pudukkottai,Ponnamaravathi(Uzhavar Sandhai),Onion,Bellary,Local,16/11/2025,2025,11,16,Post-Monsoon,67.1,21.5,59.8,7278.5,7482.1,7385.2
Tamil Nadu,Pudukkottai,Ponnamaravathi(Uzhavar Sandhai),Onion,Bellary,Local,17/05/2026,2026,5,17,Summer,0.3,33.4,41.6,6887.2,7051.9,6965.4
Tamil Nadu,Pudukkottai,Ponnamaravathi(Uzhavar Sandhai),Onion,Bellary,Local,18/01/2026,2026,1,18,Winter,17.2,19.5,43.6,5815.2,6065.8,5902.8
Tamil Nadu,Pudukkottai,Ponnamaravathi(Uzhavar Sandhai),Onion,Bellary,Local,19/04/2026,2026,4,19,Summer,14.1,29.0,49.5,7088.3,7405.7,7246.7
Tamil Nadu,Pudukkottai,Ponnamaravathi(Uzhavar Sandhai),Onion,Bellary,Local,19/07/2026,2026,7,19,Monsoon,131.1,36.1,69.8,9381.5,9682.3,9546.1
Tamil Nadu,Pudukkottai,Ponnamaravathi(Uzhavar Sandhai),Onion,Bellary,Local,19/10/2025,2025,10,19,Post-Monsoon,43.9,26.0,48.5,6236.5,6456.1,6351.0
Tamil Nadu,Pudukkottai,Ponnamaravathi(Uzhavar Sandhai),Onion,Bellary,Local,20/09/2026,2026,9,20,Monsoon,130.3,30.5,67.9,9349.8,9550.8,9445.3
Tamil Nadu,Pudukkottai,Ponnamaravathi(Uzhavar Sandhai),Onion,Bellary,Local,21/06/2026,2026,6,21,Monsoon,120.6,36.0,64.2,8410.4,8745.1,8559.2
Tamil Nadu,Pudukkottai,Ponnamaravathi(Uzhavar Sandhai),Onion,Bellary,Local,21/12/2025,2025,12,21,Winter,2.8,19.8,42.0,6176.3,6551.8,6365.5
Tamil Nadu,Pudukkottai,Ponnamaravathi(Uzhavar Sandhai),Onion,Bellary,Local,22/02/2026,2026,2,22,Winter,3.7,22.7,47.9,5630.3,5986.4,5823.3
Tamil Nadu,Pudukkottai,Ponnamaravathi(Uzhavar Sandhai),Onion,Bellary,Local,22/03/2026,2026,3,22,Summer,4.7,23.0,48.5,6716.9,6968.6,6844.9
Tamil Nadu,Pudukkottai,Ponnamaravathi(Uzhavar Sandhai),Onion,Bellary,Local,23/08/2026,2026,8,23,Monsoon,138.2,31.4,68.7,9586.1,9726.9,9649.3
Tamil Nadu,Pudukkottai,Ponnamaravathi(Uzhavar Sandhai),Onion,Bellary,Local,23/11/2025,2025,11,23,Post-Monsoon,38.1,25.6,50.9,6539.0,6727.1,6631.3
Tamil Nadu,Pudukkottai,Ponnamaravathi(Uzhavar Sandhai),Onion,Bellary,Local,24/05/2026,2026,5,24,Summer,8.3,28.6,43.9,7031.3,7189.8,7100.7
Tamil Nadu,Pudukkottai,Ponnamaravathi(Uzhavar Sandhai),Onion,Bellary,Local,25/01/2026,2026,1,25,Winter,2.9,18.5,46.4,6234.2,6497.7,6330.3
Tamil Nadu,Pudukkottai,Ponnamaravathi(Uzhavar Sandhai),Onion,Bellary,Local,26/04/2026,2026,4,26,Summer,10.9,27.9,49.5,7268.0,7557.7,7403.9
Tamil Nadu,Pudukkottai,Ponnamaravathi(Uzhavar Sandhai),Onion,Bellary,Local,26/07/2026,2026,7,26,Monsoon,147.1,34.0,67.1,8862.9,9287.8,9073.6
Tamil Nadu,Pudukkottai,Ponnamaravathi(Uzhavar Sandhai),Onion,Bellary,Local,26/10/2025,2025,10,26,Post-Monsoon,34.2,25.5,50.9,5845.0,6121.6,6004.8
Tamil Nadu,Pudukkottai,Ponnamaravathi(Uzhavar Sandhai),Onion,Bellary,Local,28/06/2026,2026,6,28,Monsoon,200.4,34.4,81.4,9731.1,10010.3,9888.1
Tamil Nadu,Pudukkottai,Ponnamaravathi(Uzhavar Sandhai),Onion,Bellary,Local,28/12/2025,2025,12,28,Winter,11.2,22.8,47.8,5999.9,6363.1,6181.9
Tamil Nadu,Pudukkottai,Ponnamaravathi(Uzhavar Sandhai),Onion,Bellary,Local,29/03/2026,2026,3,29,Summer,12.7,25.7,42.1,7307.3,7463.7,7384.2
Tamil Nadu,Pudukkottai,Ponnamaravathi(Uzhavar Sandhai),Onion,Bellary,Local,30/08/2026,2026,8,30,Monsoon,152.1,33.3,62.8,9495.0,9752.6,9603.3
Tamil Nadu,Pudukkottai,Ponnamaravathi(Uzhavar Sandhai),Onion,Bellary,Local,30/11/2025,2025,11,30,Post-Monsoon,56.5,21.0,48.5,6579.1,6946.9,6750.5
Tamil Nadu,Pudukkottai,Ponnamaravathi(Uzhavar Sandhai),Onion,Bellary,Local,31/05/2026,2026,5,31,Summer,10.6,32.0,54.0,7408.9,7572.8,7471.8
Tamil Nadu,Pudukkottai,Pudukottai(Uzhavar Sandhai ),Onion,Bellary,Local,01/02/2026,2026,2,1,Winter,4.2,21.5,41.7,6911.5,7081.9,7000.3
Tamil Nadu,Pudukkottai,Pudukottai(Uzhavar Sandhai ),Onion,Bellary,Local,01/03/2026,2026,3,1,Summer,5.1,22.5,43.8,7966.1,8145.0,8057.5
Tamil Nadu,Pudukkottai,Pudukottai(Uzhavar Sandhai ),Onion,Bellary,Local,02/08/2026,2026,8,2,Monsoon,134.3,35.0,65.2,9354.3,9575.4,9464.4
Tamil Nadu,Pudukkottai,Pudukottai(Uzhavar Sandhai ),Onion,Bellary,Local,02/11/2025,2025,11,2,Post-Monsoon,50.7,23.3,53.2,7657.8,7840.7,7750.3
Tamil Nadu,Pudukkottai,Pudukottai(Uzhavar Sandhai ),Onion,Bellary,Local,03/05/2026,2026,5,3,Summer,15.7,29.6,41.8,7732.8,7876.6,7815.5
Tamil Nadu,Pudukkottai,Pudukottai(Uzhavar Sandhai ),Onion,Bellary,Local,04/01/2026,2026,1,4,Winter,16.2,18.5,45.5,6724.1,7092.8,6897.0
Tamil Nadu,Pudukkottai,Pudukottai(Uzhavar Sandhai ),Onion,Bellary,Local,05/04/2026,2026,4,5,Summer,14.8,25.0,47.4,7888.0,8072.2,7990.9
Tamil Nadu,Pudukkottai,Pudukottai(Uzhavar Sandhai ),Onion,Bellary,Local,05/07/2026,2026,7,5,Monsoon,136.5,32.8,68.2,10370.9,10598.4,10483.9
Tamil Nadu,Pudukkottai,Pudukottai(Uzhavar Sandhai ),Onion,Bellary,Local,05/10/2025,2025,10,5,Post-Monsoon,77.6,29.1,54.9,7868.1,8061.8,7994.2
Tamil Nadu,Pudukkottai,Pudukottai(Uzhavar Sandhai ),Onion,Bellary,Local,06/09/2026,2026,9,6,Monsoon,141.9,31.2,65.3,9359.8,9620.5,9505.3
Tamil Nadu,Pudukkottai,Pudukottai(Uzhavar Sandhai ),Onion,Bellary,Local,07/06/2026,2026,6,7,Monsoon,118.1,34.1,63.8,10062.5,10335.3,10195.2
Tamil Nadu,Pudukkottai,Pudukottai(Uzhavar Sandhai ),Onion,Bellary,Local,07/12/2025,2025,12,7,Winter,11.5,19.2,44.6,6517.0,6855.2,6671.9
Tamil Nadu,Pudukkottai,Pudukottai(Uzhavar Sandhai ),Onion,Bellary,Local,08/02/2026,2026,2,8,Winter,4.7,17.0,46.2,6486.2,6771.6,6626.4
Tamil Nadu,Pudukkottai,Pudukottai(Uzhavar Sandhai ),Onion,Bellary,Local,08/03/2026,2026,3,8,Summer,3.5,23.1,47.4,7581.6,7756.1,7680.6
Tamil Nadu,Pudukkottai,Pudukottai(Uzhavar Sandhai ),Onion,Bellary,Local,09/08/2026,2026,8,9,Monsoon,168.4,32.6,67.0,10136.1,10299.8,10210.7
Tamil Nadu,Pudukkottai,Pudukottai(Uzhavar Sandhai ),Onion,Bellary,Local,09/11/2025,2025,11,9,Post-Monsoon,21.6,22.4,46.6,6473.5,6863.5,6653.7
Tamil Nadu,Pudukkottai,Pudukottai(Uzhavar Sandhai ),Onion,Bellary,Local,10/05/2026,2026,5,10,Summer,7.1,31.0,39.8,8124.3,8376.2,8248.1
Tamil Nadu,Pudukkottai,Pudukottai(Uzhavar Sandhai ),Onion,Bellary,Local,11/01/2026,2026,1,11,Winter,10.2,21.3,46.2,6900.7,7098.6,6983.3
Tamil Nadu,Pudukkottai,Pudukottai(Uzhavar Sandhai ),Onion,Bellary,Local,12/04/2026,2026,4,12,Summer,16.8,30.3,46.8,7954.8,8254.9,8069.6
Tamil Nadu,Pudukkottai,Pudukottai(Uzhavar Sandhai ),Onion,Bellary,Local,12/07/2026,2026,7,12,Monsoon,175.6,36.0,77.3,11295.7,11456.3,11381.1
Tamil Nadu,Pudukkottai,Pudukottai(Uzhavar Sandhai ),Onion,Bellary,Local,12/10/2025,2025,10,12,Post-Monsoon,70.6,25.5,50.8,7588.6,7930.8,7759.6
Tamil Nadu,Pudukkottai,Pudukottai(Uzhavar Sandhai ),Onion,Bellary,Local,13/09/2026,2026,9,13,Monsoon,136.2,31.5,67.6,9804.6,10061.7,9920.0
Tamil Nadu,Pudukkottai,Pudukottai(Uzhavar Sandhai ),Onion,Bellary,Local,14/06/2026,2026,6,14,Monsoon,137.9,31.7,68.9,10976.1,11161.3,11059.9
Tamil Nadu,Pudukkottai,Pudukottai(Uzhavar Sandhai ),Onion,Bellary,Local,14/12/2025,2025,12,14,Winter,17.2,16.9,49.5,6317.3,6719.1,6498.5
Tamil Nadu,Pudukkottai,Pudukottai(Uzhavar Sandhai ),Onion,Bellary,Local,15/02/2026,2026,2,15,Winter,16.3,19.5,46.7,7314.4,7563.7,7468.6
Tamil Nadu,Pudukkottai,Pudukottai(Uzhavar Sandhai ),Onion,Bellary,Local,15/03/2026,2026,3,15,Summer,10.9,25.1,43.6,7189.3,7398.0,7314.2
Tamil Nadu,Pudukkottai,Pudukottai(Uzhavar Sandhai ),Onion,Bellary,Local,16/08/2026,2026,8,16,Monsoon,224.7,34.7,76.7,10682.0,11039.5,10900.7
Tamil Nadu,Pudukkottai,Pudukottai(Uzhavar Sandhai ),Onion,Bellary,Local,16/11/2025,2025,11,16,Post-Monsoon,51.6,21.8,53.0,7102.2,7346.0,7229.6
Tamil Nadu,Pudukkottai,Pudukottai(Uzhavar Sandhai ),Onion,Bellary,Local,17/05/2026,2026,5,17,Summer,5.9,32.1,49.3,8259.0,8426.2,8348.8
Tamil Nadu,Pudukkottai,Pudukottai(Uzhavar Sandhai ),Onion,Bellary,Local,18/01/2026,2026,1,18,Winter,10.0,20.0,40.3,6837.7,7206.9,7017.4
Tamil Nadu,Pudukkottai,Pudukottai(Uzhavar Sandhai ),Onion,Bellary,Local,19/04/2026,2026,4,19,Summer,12.4,27.2,49.1,7953.4,8128.6,8032.3
Tamil Nadu,Pudukkottai,Pudukottai(Uzhavar Sandhai ),Onion,Bellary,Local,19/07/2026,2026,7,19,Monsoon,154.5,34.2,68.7,9882.5,10177.8,10061.4
Tamil Nadu,Pudukkottai,Pudukottai(Uzhavar Sandhai ),Onion,Bellary,Local,19/10/2025,2025,10,19,Post-Monsoon,23.6,26.8,48.6,6769.7,7001.5,6872.1
Tamil Nadu,Pudukkottai,Pudukottai(Uzhavar Sandhai ),Onion,Bellary,Local,20/09/2026,2026,9,20,Monsoon,156.2,29.4,68.6,10077.3,10353.6,10212.2
Tamil Nadu,Pudukkottai,Pudukottai(Uzhavar Sandhai ),Onion,Bellary,Local,21/06/2026,2026,6,21,Monsoon,106.2,33.5,59.9,9800.5,10076.0,9929.6
Tamil Nadu,Pudukkottai,Pudukottai(Uzhavar Sandhai ),Onion,Bellary,Local,21/12/2025,2025,12,21,Winter,2.0,20.7,45.2,7065.0,7236.6,7145.1
Tamil Nadu,Pudukkottai,Pudukottai(Uzhavar Sandhai ),Onion,Bellary,Local,22/02/2026,2026,2,22,Winter,8.6,20.1,48.7,6452.5,6715.0,6594.0
Tamil Nadu,Pudukkottai,Pudukottai(Uzhavar Sandhai ),Onion,Bellary,Local,22/03/2026,2026,3,22,Summer,8.7,22.5,44.4,7796.2,7966.1,7866.3
Tamil Nadu,Pudukkottai,Pudukottai(Uzhavar Sandhai ),Onion,Bellary,Local,23/08/2026,2026,8,23,Monsoon,124.0,35.5,63.4,9689.9,10027.3,9908.3
Tamil Nadu,Pudukkottai,Pudukottai(Uzhavar Sandhai ),Onion,Bellary,Local,23/11/2025,2025,11,23,Post-Monsoon,39.8,20.7,48.7,7157.6,7447.9,7290.9
Tamil Nadu,Pudukkottai,Pudukottai(Uzhavar Sandhai ),Onion,Bellary,Local,24/05/2026,2026,5,24,Summer,17.0,30.3,49.9,7753.0,8012.4,7867.3
Tamil Nadu,Pudukkottai,Pudukottai(Uzhavar Sandhai ),Onion,Bellary,Local,25/01/2026,2026,1,25,Winter,8.2,16.7,45.5,6790.5,6917.4,6846.0
Tamil Nadu,Pudukkottai,Pudukottai(Uzhavar Sandhai ),Onion,Bellary,Local,26/04/2026,2026,4,26,Summer,15.0,30.1,44.9,8568.6,8875.3,8694.5
Tamil Nadu,Pudukkottai,Pudukottai(Uzhavar Sandhai ),Onion,Bellary,Local,26/07/2026,2026,7,26,Monsoon,224.2,35.5,84.2,10360.4,10644.7,10487.3
Tamil Nadu,Pudukkottai,Pudukottai(Uzhavar Sandhai ),Onion,Bellary,Local,26/10/2025,2025,10,26,Post-Monsoon,20.9,26.8,46.4,7075.9,7327.8,7221.3
Tamil Nadu,Pudukkottai,Pudukottai(Uzhavar Sandhai ),Onion,Bellary,Local,28/06/2026,2026,6,28,Monsoon,208.1,32.4,76.6,9736.7,9980.0,9834.8
Tamil Nadu,Pudukkottai,Pudukottai(Uzhavar Sandhai ),Onion,Bellary,Local,28/12/2025,2025,12,28,Winter,7.7,19.0,47.2,6898.4,7050.0,6954.3
Tamil Nadu,Pudukkottai,Pudukottai(Uzhavar Sandhai ),Onion,Bellary,Local,29/03/2026,2026,3,29,Summer,8.1,24.1,49.2,7860.9,8186.6,8025.4
Tamil Nadu,Pudukkottai,Pudukottai(Uzhavar Sandhai ),Onion,Bellary,Local,30/08/2026,2026,8,30,Monsoon,180.9,30.9,77.5,10778.7,10903.1,10843.4
Tamil Nadu,Pudukkottai,Pudukottai(Uzhavar Sandhai ),Onion,Bellary,Local,30/11/2025,2025,11,30,Post-Monsoon,52.2,22.1,48.5,7504.7,7711.2,7590.8
Tamil Nadu,Pudukkottai,Pudukottai(Uzhavar Sandhai ),Onion,Bellary,Local,31/05/2026,2026,5,31,Summer,16.3,31.2,46.1,7781.3,8127.5,7969.4
Tamil Nadu,Ramanathapuram,Paramakudi(Uzhavar Sandhai ),Onion,Bellary,Local,01/02/2026,2026,2,1,Winter,10.6,16.8,44.4,4807.0,5017.4,4924.9
Tamil Nadu,Ramanathapuram,Paramakudi(Uzhavar Sandhai ),Onion,Bellary,Local,01/03/2026,2026,3,1,Summer,1.9,21.1,42.6,5330.1,5603.9,5433.7
Tamil Nadu,Ramanathapuram,Paramakudi(Uzhavar Sandhai ),Onion,Bellary,Local,02/08/2026,2026,8,2,Monsoon,188.7,36.6,72.3,7635.5,7932.1,7763.1
Tamil Nadu,Ramanathapuram,Paramakudi(Uzhavar Sandhai ),Onion,Bellary,Local,02/11/2025,2025,11,2,Post-Monsoon,63.6,22.5,56.7,5429.6,5719.0,5594.2
Tamil Nadu,Ramanathapuram,Paramakudi(Uzhavar Sandhai ),Onion,Bellary,Local,03/05/2026,2026,5,3,Summer,15.1,29.9,44.1,4878.6,5198.2,5049.1
Tamil Nadu,Ramanathapuram,Paramakudi(Uzhavar Sandhai ),Onion,Bellary,Local,04/01/2026,2026,1,4,Winter,18.2,18.9,48.4,4785.7,4962.9,4866.8
Tamil Nadu,Ramanathapuram,Paramakudi(Uzhavar Sandhai ),Onion,Bellary,Local,05/04/2026,2026,4,5,Summer,15.4,28.7,42.2,5343.8,5734.6,5537.7
Tamil Nadu,Ramanathapuram,Paramakudi(Uzhavar Sandhai ),Onion,Bellary,Local,05/07/2026,2026,7,5,Monsoon,235.5,33.8,83.0,7509.8,7822.2,7659.5
Tamil Nadu,Ramanathapuram,Paramakudi(Uzhavar Sandhai ),Onion,Bellary,Local,05/10/2025,2025,10,5,Post-Monsoon,78.1,31.2,63.7,4919.9,5038.6,4985.5
Tamil Nadu,Ramanathapuram,Paramakudi(Uzhavar Sandhai ),Onion,Bellary,Local,06/09/2026,2026,9,6,Monsoon,118.0,28.7,61.6,6986.3,7096.2,7040.9
Tamil Nadu,Ramanathapuram,Paramakudi(Uzhavar Sandhai ),Onion,Bellary,Local,07/06/2026,2026,6,7,Monsoon,112.6,33.0,65.9,7058.4,7180.5,7120.0
Tamil Nadu,Ramanathapuram,Paramakudi(Uzhavar Sandhai ),Onion,Bellary,Local,07/12/2025,2025,12,7,Winter,18.1,20.1,45.6,4585.4,4706.7,4633.6
Tamil Nadu,Ramanathapuram,Paramakudi(Uzhavar Sandhai ),Onion,Bellary,Local,08/02/2026,2026,2,8,Winter,18.3,21.0,51.6,4894.1,5092.7,5019.7
Tamil Nadu,Ramanathapuram,Paramakudi(Uzhavar Sandhai ),Onion,Bellary,Local,08/03/2026,2026,3,8,Summer,15.4,23.5,52.2,5417.3,5843.7,5640.6
Tamil Nadu,Ramanathapuram,Paramakudi(Uzhavar Sandhai ),Onion,Bellary,Local,09/08/2026,2026,8,9,Monsoon,131.5,33.4,69.3,7452.9,7757.6,7609.4
Tamil Nadu,Ramanathapuram,Paramakudi(Uzhavar Sandhai ),Onion,Bellary,Local,09/11/2025,2025,11,9,Post-Monsoon,20.7,20.6,44.7,4984.7,5242.8,5090.7
Tamil Nadu,Ramanathapuram,Paramakudi(Uzhavar Sandhai ),Onion,Bellary,Local,10/05/2026,2026,5,10,Summer,5.2,35.0,47.5,5640.8,5918.1,5775.5
Tamil Nadu,Ramanathapuram,Paramakudi(Uzhavar Sandhai ),Onion,Bellary,Local,11/01/2026,2026,1,11,Winter,18.6,21.7,46.3,4842.6,5089.8,4963.6
Tamil Nadu,Ramanathapuram,Paramakudi(Uzhavar Sandhai ),Onion,Bellary,Local,12/04/2026,2026,4,12,Summer,12.9,26.8,47.4,5384.4,5644.3,5496.7
Tamil Nadu,Ramanathapuram,Paramakudi(Uzhavar Sandhai ),Onion,Bellary,Local,12/07/2026,2026,7,12,Monsoon,223.4,33.9,79.7,7387.0,7785.6,7595.2
Tamil Nadu,Ramanathapuram,Paramakudi(Uzhavar Sandhai ),Onion,Bellary,Local,12/10/2025,2025,10,12,Post-Monsoon,28.3,28.9,51.5,4893.3,5078.9,5003.1
Tamil Nadu,Ramanathapuram,Paramakudi(Uzhavar Sandhai ),Onion,Bellary,Local,13/09/2026,2026,9,13,Monsoon,103.2,29.7,57.8,7005.6,7202.6,7110.0
Tamil Nadu,Ramanathapuram,Paramakudi(Uzhavar Sandhai ),Onion,Bellary,Local,14/06/2026,2026,6,14,Monsoon,124.7,33.0,64.2,7193.1,7428.5,7312.6
Tamil Nadu,Ramanathapuram,Paramakudi(Uzhavar Sandhai ),Onion,Bellary,Local,14/12/2025,2025,12,14,Winter,9.3,20.1,46.0,4720.2,4972.3,4815.3
Tamil Nadu,Ramanathapuram,Paramakudi(Uzhavar Sandhai ),Onion,Bellary,Local,15/02/2026,2026,2,15,Winter,11.1,22.3,50.1,4730.6,4925.9,4818.5
Tamil Nadu,Ramanathapuram,Paramakudi(Uzhavar Sandhai ),Onion,Bellary,Local,15/03/2026,2026,3,15,Summer,17.0,20.6,43.2,5558.2,5876.0,5685.7
Tamil Nadu,Ramanathapuram,Paramakudi(Uzhavar Sandhai ),Onion,Bellary,Local,16/08/2026,2026,8,16,Monsoon,223.2,36.0,79.9,7297.4,7587.1,7442.4
Tamil Nadu,Ramanathapuram,Paramakudi(Uzhavar Sandhai ),Onion,Bellary,Local,16/11/2025,2025,11,16,Post-Monsoon,60.1,22.4,56.2,4901.7,5300.6,5104.7
Tamil Nadu,Ramanathapuram,Paramakudi(Uzhavar Sandhai ),Onion,Bellary,Local,17/05/2026,2026,5,17,Summer,5.8,33.4,47.0,5197.6,5309.8,5249.3
Tamil Nadu,Ramanathapuram,Paramakudi(Uzhavar Sandhai ),Onion,Bellary,Local,18/01/2026,2026,1,18,Winter,15.2,17.0,48.0,4696.5,4999.8,4842.7
Tamil Nadu,Ramanathapuram,Paramakudi(Uzhavar Sandhai ),Onion,Bellary,Local,19/04/2026,2026,4,19,Summer,1.5,26.1,47.3,5586.5,5776.1,5665.8
Tamil Nadu,Ramanathapuram,Paramakudi(Uzhavar Sandhai ),Onion,Bellary,Local,19/07/2026,2026,7,19,Monsoon,216.8,35.1,82.9,7136.6,7349.6,7239.1
Tamil Nadu,Ramanathapuram,Paramakudi(Uzhavar Sandhai ),Onion,Bellary,Local,19/10/2025,2025,10,19,Post-Monsoon,68.4,27.8,57.5,5212.9,5346.5,5273.9
Tamil Nadu,Ramanathapuram,Paramakudi(Uzhavar Sandhai ),Onion,Bellary,Local,20/09/2026,2026,9,20,Monsoon,107.8,32.5,59.6,7058.0,7216.0,7129.8
Tamil Nadu,Ramanathapuram,Paramakudi(Uzhavar Sandhai ),Onion,Bellary,Local,21/06/2026,2026,6,21,Monsoon,212.5,31.9,78.8,7238.4,7406.1,7315.8
Tamil Nadu,Ramanathapuram,Paramakudi(Uzhavar Sandhai ),Onion,Bellary,Local,21/12/2025,2025,12,21,Winter,18.3,18.0,44.7,4386.0,4582.8,4481.7
Tamil Nadu,Ramanathapuram,Paramakudi(Uzhavar Sandhai ),Onion,Bellary,Local,22/02/2026,2026,2,22,Winter,4.3,21.1,48.9,4934.1,5180.4,5079.5
Tamil Nadu,Ramanathapuram,Paramakudi(Uzhavar Sandhai ),Onion,Bellary,Local,22/03/2026,2026,3,22,Summer,13.0,24.1,45.5,5589.7,5884.8,5745.8
Tamil Nadu,Ramanathapuram,Paramakudi(Uzhavar Sandhai ),Onion,Bellary,Local,23/08/2026,2026,8,23,Monsoon,84.1,34.8,57.3,6315.1,6437.4,6376.3
Tamil Nadu,Ramanathapuram,Paramakudi(Uzhavar Sandhai ),Onion,Bellary,Local,23/11/2025,2025,11,23,Post-Monsoon,74.2,21.6,54.0,5306.3,5598.5,5486.8
Tamil Nadu,Ramanathapuram,Paramakudi(Uzhavar Sandhai ),Onion,Bellary,Local,24/05/2026,2026,5,24,Summer,3.9,28.8,41.4,5349.6,5492.4,5410.9
Tamil Nadu,Ramanathapuram,Paramakudi(Uzhavar Sandhai ),Onion,Bellary,Local,25/01/2026,2026,1,25,Winter,15.8,16.5,48.8,4641.0,4839.5,4761.3
Tamil Nadu,Ramanathapuram,Paramakudi(Uzhavar Sandhai ),Onion,Bellary,Local,26/04/2026,2026,4,26,Summer,15.5,26.2,50.5,5425.4,5716.6,5536.2
Tamil Nadu,Ramanathapuram,Paramakudi(Uzhavar Sandhai ),Onion,Bellary,Local,26/07/2026,2026,7,26,Monsoon,147.5,36.5,70.2,6960.7,7283.6,7127.3
Tamil Nadu,Ramanathapuram,Paramakudi(Uzhavar Sandhai ),Onion,Bellary,Local,26/10/2025,2025,10,26,Post-Monsoon,32.4,27.4,50.6,4966.6,5152.6,5061.4
Tamil Nadu,Ramanathapuram,Paramakudi(Uzhavar Sandhai ),Onion,Bellary,Local,28/06/2026,2026,6,28,Monsoon,191.7,36.4,74.1,7858.1,8127.9,7987.3
Tamil Nadu,Ramanathapuram,Paramakudi(Uzhavar Sandhai ),Onion,Bellary,Local,28/12/2025,2025,12,28,Winter,13.6,21.7,47.6,4829.9,4977.0,4887.7
Tamil Nadu,Ramanathapuram,Paramakudi(Uzhavar Sandhai ),Onion,Bellary,Local,29/03/2026,2026,3,29,Summer,14.9,22.9,48.0,5202.2,5515.1,5358.0
Tamil Nadu,Ramanathapuram,Paramakudi(Uzhavar Sandhai ),Onion,Bellary,Local,30/08/2026,2026,8,30,Monsoon,116.5,35.8,62.4,6943.3,7222.1,7101.1
Tamil Nadu,Ramanathapuram,Paramakudi(Uzhavar Sandhai ),Onion,Bellary,Local,30/11/2025,2025,11,30,Post-Monsoon,69.6,23.5,55.8,5300.5,5670.1,5441.3
Tamil Nadu,Ramanathapuram,Paramakudi(Uzhavar Sandhai ),Onion,Bellary,Local,31/05/2026,2026,5,31,Summer,5.3,30.3,43.6,5479.0,5614.9,5547.8
Tamil Nadu,Salem,Ammapet(Uzhavar Sandhai ),Onion,Bellary,Local,01/02/2026,2026,2,1,Winter,15.5,20.5,47.3,5377.4,5615.7,5509.3
Tamil Nadu,Salem,Ammapet(Uzhavar Sandhai ),Onion,Bellary,Local,01/03/2026,2026,3,1,Summer,12.6,25.1,44.4,6664.6,6850.3,6756.3
Tamil Nadu,Salem,Ammapet(Uzhavar Sandhai ),Onion,Bellary,Local,02/08/2026,2026,8,2,Monsoon,154.0,33.7,66.0,8846.2,9104.1,8939.6
Tamil Nadu,Salem,Ammapet(Uzhavar Sandhai ),Onion,Bellary,Local,02/11/2025,2025,11,2,Post-Monsoon,72.9,26.5,55.1,6156.5,6401.1,6271.7
Tamil Nadu,Salem,Ammapet(Uzhavar Sandhai ),Onion,Bellary,Local,03/05/2026,2026,5,3,Summer,18.2,31.4,49.4,6608.4,6799.6,6704.9
Tamil Nadu,Salem,Ammapet(Uzhavar Sandhai ),Onion,Bellary,Local,04/01/2026,2026,1,4,Winter,18.5,20.8,47.4,5602.4,5903.8,5776.4
Tamil Nadu,Salem,Ammapet(Uzhavar Sandhai ),Onion,Bellary,Local,05/04/2026,2026,4,5,Summer,12.0,28.1,51.5,6387.0,6700.4,6534.9
Tamil Nadu,Salem,Ammapet(Uzhavar Sandhai ),Onion,Bellary,Local,05/07/2026,2026,7,5,Monsoon,217.6,36.3,79.6,8857.3,9017.7,8929.2
Tamil Nadu,Salem,Ammapet(Uzhavar Sandhai ),Onion,Bellary,Local,05/10/2025,2025,10,5,Post-Monsoon,34.2,27.5,44.3,5684.1,5965.0,5834.5
Tamil Nadu,Salem,Ammapet(Uzhavar Sandhai ),Onion,Bellary,Local,06/09/2026,2026,9,6,Monsoon,233.8,30.3,84.1,9153.0,9374.8,9247.3
Tamil Nadu,Salem,Ammapet(Uzhavar Sandhai ),Onion,Bellary,Local,07/06/2026,2026,6,7,Monsoon,229.8,35.4,81.6,9927.0,10053.5,9987.2
Tamil Nadu,Salem,Ammapet(Uzhavar Sandhai ),Onion,Bellary,Local,07/12/2025,2025,12,7,Winter,0.1,20.3,40.4,5255.8,5443.7,5370.5
Tamil Nadu,Salem,Ammapet(Uzhavar Sandhai ),Onion,Bellary,Local,08/02/2026,2026,2,8,Winter,16.5,22.2,45.2,5475.1,5812.2,5610.6
Tamil Nadu,Salem,Ammapet(Uzhavar Sandhai ),Onion,Bellary,Local,08/03/2026,2026,3,8,Summer,7.8,23.7,49.5,6339.3,6451.1,6398.7
Tamil Nadu,Salem,Ammapet(Uzhavar Sandhai ),Onion,Bellary,Local,09/08/2026,2026,8,9,Monsoon,152.3,31.4,76.0,8598.9,8742.3,8671.5
Tamil Nadu,Salem,Ammapet(Uzhavar Sandhai ),Onion,Bellary,Local,09/11/2025,2025,11,9,Post-Monsoon,69.2,26.1,64.3,6449.1,6705.7,6573.1
Tamil Nadu,Salem,Ammapet(Uzhavar Sandhai ),Onion,Bellary,Local,10/05/2026,2026,5,10,Summer,0.9,30.1,49.8,6495.0,6747.6,6641.0
Tamil Nadu,Salem,Ammapet(Uzhavar Sandhai ),Onion,Bellary,Local,11/01/2026,2026,1,11,Winter,10.1,19.1,43.7,5763.1,5948.9,5859.2
Tamil Nadu,Salem,Ammapet(Uzhavar Sandhai ),Onion,Bellary,Local,12/04/2026,2026,4,12,Summer,17.3,27.8,44.1,6351.9,6674.3,6479.6
Tamil Nadu,Salem,Ammapet(Uzhavar Sandhai ),Onion,Bellary,Local,12/07/2026,2026,7,12,Monsoon,212.1,38.2,76.9,8884.4,9200.5,9062.1
Tamil Nadu,Salem,Ammapet(Uzhavar Sandhai ),Onion,Bellary,Local,12/10/2025,2025,10,12,Post-Monsoon,30.9,27.7,50.2,5855.3,6081.5,5980.0
Tamil Nadu,Salem,Ammapet(Uzhavar Sandhai ),Onion,Bellary,Local,13/09/2026,2026,9,13,Monsoon,226.3,33.5,82.0,9841.4,10006.0,9921.1
Tamil Nadu,Salem,Ammapet(Uzhavar Sandhai ),Onion,Bellary,Local,14/06/2026,2026,6,14,Monsoon,122.8,32.8,62.6,8496.3,8694.4,8601.9
Tamil Nadu,Salem,Ammapet(Uzhavar Sandhai ),Onion,Bellary,Local,14/12/2025,2025,12,14,Winter,13.6,21.8,44.4,5384.2,5646.3,5484.3
Tamil Nadu,Salem,Ammapet(Uzhavar Sandhai ),Onion,Bellary,Local,15/02/2026,2026,2,15,Winter,5.9,18.9,45.6,5215.1,5498.1,5392.9
Tamil Nadu,Salem,Ammapet(Uzhavar Sandhai ),Onion,Bellary,Local,15/03/2026,2026,3,15,Summer,2.6,24.4,43.0,6454.9,6658.8,6583.7
Tamil Nadu,Salem,Ammapet(Uzhavar Sandhai ),Onion,Bellary,Local,16/08/2026,2026,8,16,Monsoon,145.4,34.8,69.2,8648.8,8825.9,8750.9
Tamil Nadu,Salem,Ammapet(Uzhavar Sandhai ),Onion,Bellary,Local,16/11/2025,2025,11,16,Post-Monsoon,67.3,22.0,52.3,5819.5,6000.5,5903.5
Tamil Nadu,Salem,Ammapet(Uzhavar Sandhai ),Onion,Bellary,Local,17/05/2026,2026,5,17,Summer,7.8,30.9,47.2,6176.4,6468.7,6309.6
Tamil Nadu,Salem,Ammapet(Uzhavar Sandhai ),Onion,Bellary,Local,18/01/2026,2026,1,18,Winter,1.3,18.1,44.5,5319.4,5697.2,5546.5
Tamil Nadu,Salem,Ammapet(Uzhavar Sandhai ),Onion,Bellary,Local,19/04/2026,2026,4,19,Summer,3.2,27.7,43.5,6618.2,6795.4,6702.1
Tamil Nadu,Salem,Ammapet(Uzhavar Sandhai ),Onion,Bellary,Local,19/07/2026,2026,7,19,Monsoon,237.8,36.2,82.1,8855.7,9174.4,9043.6
Tamil Nadu,Salem,Ammapet(Uzhavar Sandhai ),Onion,Bellary,Local,19/10/2025,2025,10,19,Post-Monsoon,34.8,24.7,49.5,5930.2,6085.7,6019.1
Tamil Nadu,Salem,Ammapet(Uzhavar Sandhai ),Onion,Bellary,Local,20/09/2026,2026,9,20,Monsoon,154.9,34.1,71.2,8724.1,8894.1,8813.0
Tamil Nadu,Salem,Ammapet(Uzhavar Sandhai ),Onion,Bellary,Local,21/06/2026,2026,6,21,Monsoon,160.5,34.3,68.1,8239.1,8564.3,8358.2
Tamil Nadu,Salem,Ammapet(Uzhavar Sandhai ),Onion,Bellary,Local,21/12/2025,2025,12,21,Winter,0.9,23.1,39.2,5786.3,6165.6,6009.8
Tamil Nadu,Salem,Ammapet(Uzhavar Sandhai ),Onion,Bellary,Local,22/02/2026,2026,2,22,Winter,6.6,18.1,42.5,5596.2,5925.8,5734.2
Tamil Nadu,Salem,Ammapet(Uzhavar Sandhai ),Onion,Bellary,Local,22/03/2026,2026,3,22,Summer,1.9,23.8,43.3,5844.9,6207.2,6046.7
Tamil Nadu,Salem,Ammapet(Uzhavar Sandhai ),Onion,Bellary,Local,23/08/2026,2026,8,23,Monsoon,102.5,35.1,65.5,8676.6,8813.8,8753.3
Tamil Nadu,Salem,Ammapet(Uzhavar Sandhai ),Onion,Bellary,Local,23/11/2025,2025,11,23,Post-Monsoon,68.2,18.4,53.9,6209.0,6329.7,6257.9
Tamil Nadu,Salem,Ammapet(Uzhavar Sandhai ),Onion,Bellary,Local,24/05/2026,2026,5,24,Summer,15.3,31.6,43.8,6373.9,6557.9,6447.4
Tamil Nadu,Salem,Ammapet(Uzhavar Sandhai ),Onion,Bellary,Local,25/01/2026,2026,1,25,Winter,5.2,19.0,51.1,5755.7,6175.2,5970.1
Tamil Nadu,Salem,Ammapet(Uzhavar Sandhai ),Onion,Bellary,Local,26/04/2026,2026,4,26,Summer,19.7,26.7,45.4,6459.2,6607.5,6520.0
Tamil Nadu,Salem,Ammapet(Uzhavar Sandhai ),Onion,Bellary,Local,26/07/2026,2026,7,26,Monsoon,87.8,36.6,62.7,7832.1,8063.3,7971.6
Tamil Nadu,Salem,Ammapet(Uzhavar Sandhai ),Onion,Bellary,Local,26/10/2025,2025,10,26,Post-Monsoon,63.8,25.8,57.5,6833.6,7092.1,6946.8
Tamil Nadu,Salem,Ammapet(Uzhavar Sandhai ),Onion,Bellary,Local,28/06/2026,2026,6,28,Monsoon,174.1,36.4,73.1,8651.9,8913.6,8811.3
Tamil Nadu,Salem,Ammapet(Uzhavar Sandhai ),Onion,Bellary,Local,28/12/2025,2025,12,28,Winter,11.0,16.0,48.3,5394.3,5582.9,5502.0
Tamil Nadu,Salem,Ammapet(Uzhavar Sandhai ),Onion,Bellary,Local,29/03/2026,2026,3,29,Summer,9.9,22.6,42.2,6498.5,6671.9,6579.8
Tamil Nadu,Salem,Ammapet(Uzhavar Sandhai ),Onion,Bellary,Local,30/08/2026,2026,8,30,Monsoon,201.7,33.8,80.9,9020.5,9219.1,9109.7
Tamil Nadu,Salem,Ammapet(Uzhavar Sandhai ),Onion,Bellary,Local,30/11/2025,2025,11,30,Post-Monsoon,44.6,22.5,56.1,6010.9,6182.0,6086.7
Tamil Nadu,Salem,Ammapet(Uzhavar Sandhai ),Onion,Bellary,Local,31/05/2026,2026,5,31,Summer,7.1,33.0,45.5,6451.3,6713.2,6562.0
Tamil Nadu,Salem,Athur(Uzhavar Sandhai ),Onion,Bellary,Local,01/02/2026,2026,2,1,Winter,2.1,20.1,46.3,5392.6,5534.9,5451.7
Tamil Nadu,Salem,Athur(Uzhavar Sandhai ),Onion,Bellary,Local,01/03/2026,2026,3,1,Summer,15.6,23.1,50.2,6632.5,6803.2,6713.7
Tamil Nadu,Salem,Athur(Uzhavar Sandhai ),Onion,Bellary,Local,02/08/2026,2026,8,2,Monsoon,230.3,33.8,87.4,8900.9,9208.9,9049.4
Tamil Nadu,Salem,Athur(Uzhavar Sandhai ),Onion,Bellary,Local,02/11/2025,2025,11,2,Post-Monsoon,52.7,24.4,55.5,6169.8,6413.5,6297.2
Tamil Nadu,Salem,Athur(Uzhavar Sandhai ),Onion,Bellary,Local,03/05/2026,2026,5,3,Summer,8.3,30.1,47.1,6554.9,6859.0,6722.6
Tamil Nadu,Salem,Athur(Uzhavar Sandhai ),Onion,Bellary,Local,04/01/2026,2026,1,4,Winter,0.2,18.2,45.5,5497.4,5710.5,5575.0
Tamil Nadu,Salem,Athur(Uzhavar Sandhai ),Onion,Bellary,Local,05/04/2026,2026,4,5,Summer,10.9,29.0,53.9,6163.9,6373.5,6262.4
Tamil Nadu,Salem,Athur(Uzhavar Sandhai ),Onion,Bellary,Local,05/07/2026,2026,7,5,Monsoon,160.3,34.1,69.9,8585.4,8804.2,8678.9
Tamil Nadu,Salem,Athur(Uzhavar Sandhai ),Onion,Bellary,Local,05/10/2025,2025,10,5,Post-Monsoon,49.8,25.7,54.4,6373.5,6690.9,6513.6
Tamil Nadu,Salem,Athur(Uzhavar Sandhai ),Onion,Bellary,Local,06/09/2026,2026,9,6,Monsoon,124.5,33.0,64.5,8493.8,8693.7,8584.4
Tamil Nadu,Salem,Athur(Uzhavar Sandhai ),Onion,Bellary,Local,07/06/2026,2026,6,7,Monsoon,136.1,34.7,70.8,8422.4,8702.2,8570.9
Tamil Nadu,Salem,Athur(Uzhavar Sandhai ),Onion,Bellary,Local,07/12/2025,2025,12,7,Winter,5.6,22.0,43.6,5465.2,5589.8,5522.1
Tamil Nadu,Salem,Athur(Uzhavar Sandhai ),Onion,Bellary,Local,08/02/2026,2026,2,8,Winter,8.8,20.7,46.6,5829.2,6023.6,5949.1
Tamil Nadu,Salem,Athur(Uzhavar Sandhai ),Onion,Bellary,Local,08/03/2026,2026,3,8,Summer,17.5,22.6,44.4,6894.4,7110.3,7016.0
Tamil Nadu,Salem,Athur(Uzhavar Sandhai ),Onion,Bellary,Local,09/08/2026,2026,8,9,Monsoon,121.4,32.7,64.3,7505.4,7777.1,7654.2
Tamil Nadu,Salem,Athur(Uzhavar Sandhai ),Onion,Bellary,Local,09/11/2025,2025,11,9,Post-Monsoon,21.4,23.3,46.7,5979.5,6134.1,6033.6
Tamil Nadu,Salem,Athur(Uzhavar Sandhai ),Onion,Bellary,Local,10/05/2026,2026,5,10,Summer,17.9,33.7,47.8,6444.5,6815.4,6631.8
Tamil Nadu,Salem,Athur(Uzhavar Sandhai ),Onion,Bellary,Local,11/01/2026,2026,1,11,Winter,6.1,19.5,45.8,5460.3,5825.1,5605.3
Tamil Nadu,Salem,Athur(Uzhavar Sandhai ),Onion,Bellary,Local,12/04/2026,2026,4,12,Summer,5.4,27.2,47.4,6632.7,6823.3,6734.9
Tamil Nadu,Salem,Athur(Uzhavar Sandhai ),Onion,Bellary,Local,12/07/2026,2026,7,12,Monsoon,246.6,33.6,85.9,8627.5,8818.7,8744.4
Tamil Nadu,Salem,Athur(Uzhavar Sandhai ),Onion,Bellary,Local,12/10/2025,2025,10,12,Post-Monsoon,21.0,27.0,48.1,5807.1,6188.8,6000.4
Tamil Nadu,Salem,Athur(Uzhavar Sandhai ),Onion,Bellary,Local,13/09/2026,2026,9,13,Monsoon,87.1,31.6,57.0,8237.6,8584.5,8401.1
Tamil Nadu,Salem,Athur(Uzhavar Sandhai ),Onion,Bellary,Local,14/06/2026,2026,6,14,Monsoon,147.3,34.2,67.9,9328.6,9538.2,9427.1
Tamil Nadu,Salem,Athur(Uzhavar Sandhai ),Onion,Bellary,Local,14/12/2025,2025,12,14,Winter,2.1,19.5,41.3,5134.6,5326.7,5242.5
Tamil Nadu,Salem,Athur(Uzhavar Sandhai ),Onion,Bellary,Local,15/02/2026,2026,2,15,Winter,11.1,22.7,52.5,5744.7,5960.1,5849.5
Tamil Nadu,Salem,Athur(Uzhavar Sandhai ),Onion,Bellary,Local,15/03/2026,2026,3,15,Summer,11.4,23.0,44.6,6438.3,6758.4,6563.8
Tamil Nadu,Salem,Athur(Uzhavar Sandhai ),Onion,Bellary,Local,16/08/2026,2026,8,16,Monsoon,118.5,35.3,60.2,8438.3,8614.6,8511.4
Tamil Nadu,Salem,Athur(Uzhavar Sandhai ),Onion,Bellary,Local,16/11/2025,2025,11,16,Post-Monsoon,70.7,20.6,55.2,6164.8,6421.3,6326.6
Tamil Nadu,Salem,Athur(Uzhavar Sandhai ),Onion,Bellary,Local,17/05/2026,2026,5,17,Summer,8.9,32.3,49.3,6225.4,6522.6,6379.0
Tamil Nadu,Salem,Athur(Uzhavar Sandhai ),Onion,Bellary,Local,18/01/2026,2026,1,18,Winter,12.9,20.6,50.6,5711.9,5908.0,5809.8
Tamil Nadu,Salem,Athur(Uzhavar Sandhai ),Onion,Bellary,Local,19/04/2026,2026,4,19,Summer,3.8,28.2,46.0,6725.6,6913.5,6825.7
Tamil Nadu,Salem,Athur(Uzhavar Sandhai ),Onion,Bellary,Local,19/07/2026,2026,7,19,Monsoon,144.0,35.6,66.4,8211.9,8410.7,8300.8
Tamil Nadu,Salem,Athur(Uzhavar Sandhai ),Onion,Bellary,Local,19/10/2025,2025,10,19,Post-Monsoon,59.4,27.5,48.6,5787.2,6037.6,5925.5
Tamil Nadu,Salem,Athur(Uzhavar Sandhai ),Onion,Bellary,Local,20/09/2026,2026,9,20,Monsoon,166.5,28.7,65.6,8140.6,8416.2,8267.4
Tamil Nadu,Salem,Athur(Uzhavar Sandhai ),Onion,Bellary,Local,21/06/2026,2026,6,21,Monsoon,162.0,34.0,68.2,8812.8,9044.9,8921.8
Tamil Nadu,Salem,Athur(Uzhavar Sandhai ),Onion,Bellary,Local,21/12/2025,2025,12,21,Winter,14.8,21.3,44.1,5794.9,6051.9,5934.3
Tamil Nadu,Salem,Athur(Uzhavar Sandhai ),Onion,Bellary,Local,22/02/2026,2026,2,22,Winter,15.2,20.0,46.4,5364.1,5657.9,5520.7
Tamil Nadu,Salem,Athur(Uzhavar Sandhai ),Onion,Bellary,Local,22/03/2026,2026,3,22,Summer,18.2,22.2,45.9,6087.0,6425.8,6223.4
Tamil Nadu,Salem,Athur(Uzhavar Sandhai ),Onion,Bellary,Local,23/08/2026,2026,8,23,Monsoon,86.3,34.5,62.1,8040.2,8328.7,8181.9
Tamil Nadu,Salem,Athur(Uzhavar Sandhai ),Onion,Bellary,Local,23/11/2025,2025,11,23,Post-Monsoon,45.1,21.9,47.6,5934.7,6129.3,6035.9
Tamil Nadu,Salem,Athur(Uzhavar Sandhai ),Onion,Bellary,Local,24/05/2026,2026,5,24,Summer,4.3,30.2,48.6,6092.3,6498.3,6320.2
Tamil Nadu,Salem,Athur(Uzhavar Sandhai ),Onion,Bellary,Local,25/01/2026,2026,1,25,Winter,6.6,20.6,47.2,4946.4,5257.8,5081.2
Tamil Nadu,Salem,Athur(Uzhavar Sandhai ),Onion,Bellary,Local,26/04/2026,2026,4,26,Summer,8.8,29.9,47.7,7260.6,7508.0,7376.4
Tamil Nadu,Salem,Athur(Uzhavar Sandhai ),Onion,Bellary,Local,26/07/2026,2026,7,26,Monsoon,206.2,38.7,78.7,9161.5,9435.9,9307.2
Tamil Nadu,Salem,Athur(Uzhavar Sandhai ),Onion,Bellary,Local,26/10/2025,2025,10,26,Post-Monsoon,32.1,28.5,52.6,5999.7,6173.8,6082.7
Tamil Nadu,Salem,Athur(Uzhavar Sandhai ),Onion,Bellary,Local,28/06/2026,2026,6,28,Monsoon,223.1,34.3,78.8,9957.2,10178.0,10077.8
Tamil Nadu,Salem,Athur(Uzhavar Sandhai ),Onion,Bellary,Local,28/12/2025,2025,12,28,Winter,13.4,19.2,50.8,5234.7,5599.8,5425.0
Tamil Nadu,Salem,Athur(Uzhavar Sandhai ),Onion,Bellary,Local,29/03/2026,2026,3,29,Summer,17.2,22.1,46.6,6474.9,6743.7,6571.4
Tamil Nadu,Salem,Athur(Uzhavar Sandhai ),Onion,Bellary,Local,30/08/2026,2026,8,30,Monsoon,128.7,33.2,63.5,8732.1,8924.9,8812.2
Tamil Nadu,Salem,Athur(Uzhavar Sandhai ),Onion,Bellary,Local,30/11/2025,2025,11,30,Post-Monsoon,44.7,24.6,50.8,6218.5,6447.9,6348.0
Tamil Nadu,Salem,Athur(Uzhavar Sandhai ),Onion,Bellary,Local,31/05/2026,2026,5,31,Summer,17.7,33.3,47.4,6207.2,6393.7,6292.5
Tamil Nadu,Salem,Edapadi (Uzhavar Sandhai ),Onion,Bellary,Local,01/02/2026,2026,2,1,Winter,14.3,21.4,47.9,5644.5,5818.9,5718.2
Tamil Nadu,Salem,Edapadi (Uzhavar Sandhai ),Onion,Bellary,Local,01/03/2026,2026,3,1,Summer,7.6,23.4,48.8,6864.1,7171.0,7011.1
Tamil Nadu,Salem,Edapadi (Uzhavar Sandhai ),Onion,Bellary,Local,02/08/2026,2026,8,2,Monsoon,241.3,32.8,85.2,9197.8,9395.4,9301.3
Tamil Nadu,Salem,Edapadi (Uzhavar Sandhai ),Onion,Bellary,Local,02/11/2025,2025,11,2,Post-Monsoon,46.3,21.9,50.9,6427.3,6580.5,6484.3
Tamil Nadu,Salem,Edapadi (Uzhavar Sandhai ),Onion,Bellary,Local,03/05/2026,2026,5,3,Summer,11.6,30.8,48.2,7191.4,7348.3,7291.5
Tamil Nadu,Salem,Edapadi (Uzhavar Sandhai ),Onion,Bellary,Local,04/01/2026,2026,1,4,Winter,4.2,16.6,47.5,5775.5,6042.1,5893.6
Tamil Nadu,Salem,Edapadi (Uzhavar Sandhai ),Onion,Bellary,Local,05/04/2026,2026,4,5,Summer,6.0,26.9,49.4,6873.6,7096.5,6997.5
Tamil Nadu,Salem,Edapadi (Uzhavar Sandhai ),Onion,Bellary,Local,05/07/2026,2026,7,5,Monsoon,189.9,34.3,77.1,9940.0,10138.0,10029.0
Tamil Nadu,Salem,Edapadi (Uzhavar Sandhai ),Onion,Bellary,Local,05/10/2025,2025,10,5,Post-Monsoon,35.3,26.3,47.1,6510.5,6779.2,6639.0
Tamil Nadu,Salem,Edapadi (Uzhavar Sandhai ),Onion,Bellary,Local,06/09/2026,2026,9,6,Monsoon,208.2,31.9,82.0,9733.2,9853.4,9800.3
Tamil Nadu,Salem,Edapadi (Uzhavar Sandhai ),Onion,Bellary,Local,07/06/2026,2026,6,7,Monsoon,138.8,33.0,71.2,8656.8,8835.4,8749.3
Tamil Nadu,Salem,Edapadi (Uzhavar Sandhai ),Onion,Bellary,Local,07/12/2025,2025,12,7,Winter,19.6,19.7,45.7,6107.0,6369.8,6225.6
Tamil Nadu,Salem,Edapadi (Uzhavar Sandhai ),Onion,Bellary,Local,08/02/2026,2026,2,8,Winter,15.2,21.3,42.0,5849.6,6039.4,5947.2
Tamil Nadu,Salem,Edapadi (Uzhavar Sandhai ),Onion,Bellary,Local,08/03/2026,2026,3,8,Summer,8.6,25.8,44.1,6490.0,6832.6,6698.8
Tamil Nadu,Salem,Edapadi (Uzhavar Sandhai ),Onion,Bellary,Local,09/08/2026,2026,8,9,Monsoon,215.9,33.4,78.3,9533.8,9837.8,9690.7
Tamil Nadu,Salem,Edapadi (Uzhavar Sandhai ),Onion,Bellary,Local,09/11/2025,2025,11,9,Post-Monsoon,52.6,20.0,53.9,6311.1,6484.3,6397.4
Tamil Nadu,Salem,Edapadi (Uzhavar Sandhai ),Onion,Bellary,Local,10/05/2026,2026,5,10,Summer,11.3,32.9,44.5,6218.3,6523.9,6391.6
Tamil Nadu,Salem,Edapadi (Uzhavar Sandhai ),Onion,Bellary,Local,11/01/2026,2026,1,11,Winter,12.5,17.3,48.0,5613.3,5777.0,5684.7
Tamil Nadu,Salem,Edapadi (Uzhavar Sandhai ),Onion,Bellary,Local,12/04/2026,2026,4,12,Summer,4.0,25.6,42.2,6673.8,6873.5,6756.7
Tamil Nadu,Salem,Edapadi (Uzhavar Sandhai ),Onion,Bellary,Local,12/07/2026,2026,7,12,Monsoon,214.3,35.5,81.2,9454.3,9612.7,9537.3
Tamil Nadu,Salem,Edapadi (Uzhavar Sandhai ),Onion,Bellary,Local,12/10/2025,2025,10,12,Post-Monsoon,77.2,26.6,56.7,6347.7,6715.1,6577.1
Tamil Nadu,Salem,Edapadi (Uzhavar Sandhai ),Onion,Bellary,Local,13/09/2026,2026,9,13,Monsoon,103.4,32.9,58.1,8335.9,8660.0,8539.3
Tamil Nadu,Salem,Edapadi (Uzhavar Sandhai ),Onion,Bellary,Local,14/06/2026,2026,6,14,Monsoon,131.9,34.5,71.2,9349.9,9728.8,9557.4
Tamil Nadu,Salem,Edapadi (Uzhavar Sandhai ),Onion,Bellary,Local,14/12/2025,2025,12,14,Winter,5.3,22.4,45.0,5758.8,6045.9,5903.7
Tamil Nadu,Salem,Edapadi (Uzhavar Sandhai ),Onion,Bellary,Local,15/02/2026,2026,2,15,Winter,19.4,19.5,49.6,6421.1,6660.8,6537.5
Tamil Nadu,Salem,Edapadi (Uzhavar Sandhai ),Onion,Bellary,Local,15/03/2026,2026,3,15,Summer,19.6,23.1,47.5,7333.9,7576.3,7434.5
Tamil Nadu,Salem,Edapadi (Uzhavar Sandhai ),Onion,Bellary,Local,16/08/2026,2026,8,16,Monsoon,221.4,31.7,82.2,9018.9,9152.5,9070.2
Tamil Nadu,Salem,Edapadi (Uzhavar Sandhai ),Onion,Bellary,Local,16/11/2025,2025,11,16,Post-Monsoon,59.1,22.4,55.2,6228.4,6471.2,6365.3
Tamil Nadu,Salem,Edapadi (Uzhavar Sandhai ),Onion,Bellary,Local,17/05/2026,2026,5,17,Summer,19.8,29.3,49.1,7056.4,7184.6,7128.6
Tamil Nadu,Salem,Edapadi (Uzhavar Sandhai ),Onion,Bellary,Local,18/01/2026,2026,1,18,Winter,7.0,21.9,44.5,5866.8,6074.1,5969.7
Tamil Nadu,Salem,Edapadi (Uzhavar Sandhai ),Onion,Bellary,Local,19/04/2026,2026,4,19,Summer,15.3,27.5,47.1,6639.6,6851.4,6752.6
Tamil Nadu,Salem,Edapadi (Uzhavar Sandhai ),Onion,Bellary,Local,19/07/2026,2026,7,19,Monsoon,211.9,34.3,82.5,9936.1,10191.1,10053.7
Tamil Nadu,Salem,Edapadi (Uzhavar Sandhai ),Onion,Bellary,Local,19/10/2025,2025,10,19,Post-Monsoon,28.7,26.1,49.3,6124.1,6294.0,6197.4
Tamil Nadu,Salem,Edapadi (Uzhavar Sandhai ),Onion,Bellary,Local,20/09/2026,2026,9,20,Monsoon,122.3,31.7,66.1,8618.9,8813.9,8731.0
Tamil Nadu,Salem,Edapadi (Uzhavar Sandhai ),Onion,Bellary,Local,21/06/2026,2026,6,21,Monsoon,228.7,33.5,81.6,9502.6,9663.1,9569.5
Tamil Nadu,Salem,Edapadi (Uzhavar Sandhai ),Onion,Bellary,Local,21/12/2025,2025,12,21,Winter,12.3,22.5,45.5,5828.2,6111.0,5952.7
Tamil Nadu,Salem,Edapadi (Uzhavar Sandhai ),Onion,Bellary,Local,22/02/2026,2026,2,22,Winter,12.7,20.3,49.1,5279.0,5513.9,5413.4
Tamil Nadu,Salem,Edapadi (Uzhavar Sandhai ),Onion,Bellary,Local,22/03/2026,2026,3,22,Summer,1.5,26.2,50.7,6818.4,7038.9,6938.7
Tamil Nadu,Salem,Edapadi (Uzhavar Sandhai ),Onion,Bellary,Local,23/08/2026,2026,8,23,Monsoon,84.2,35.7,59.3,8106.0,8465.3,8296.1
Tamil Nadu,Salem,Edapadi (Uzhavar Sandhai ),Onion,Bellary,Local,23/11/2025,2025,11,23,Post-Monsoon,78.0,23.6,57.3,6341.2,6475.8,6422.2
Tamil Nadu,Salem,Edapadi (Uzhavar Sandhai ),Onion,Bellary,Local,24/05/2026,2026,5,24,Summer,8.7,29.7,45.6,7260.8,7410.8,7332.5
Tamil Nadu,Salem,Edapadi (Uzhavar Sandhai ),Onion,Bellary,Local,25/01/2026,2026,1,25,Winter,15.5,21.1,52.6,5845.2,6003.8,5917.1
Tamil Nadu,Salem,Edapadi (Uzhavar Sandhai ),Onion,Bellary,Local,26/04/2026,2026,4,26,Summer,7.7,30.1,53.0,7357.0,7671.1,7495.8
Tamil Nadu,Salem,Edapadi (Uzhavar Sandhai ),Onion,Bellary,Local,26/07/2026,2026,7,26,Monsoon,187.7,36.8,76.7,9489.7,9733.6,9620.0
Tamil Nadu,Salem,Edapadi (Uzhavar Sandhai ),Onion,Bellary,Local,26/10/2025,2025,10,26,Post-Monsoon,45.6,27.3,45.5,6517.5,6717.7,6605.9
Tamil Nadu,Salem,Edapadi (Uzhavar Sandhai ),Onion,Bellary,Local,28/06/2026,2026,6,28,Monsoon,207.0,36.5,75.4,8255.5,8437.9,8347.8
Tamil Nadu,Salem,Edapadi (Uzhavar Sandhai ),Onion,Bellary,Local,28/12/2025,2025,12,28,Winter,16.2,22.1,49.8,5737.7,6033.7,5890.1
Tamil Nadu,Salem,Edapadi (Uzhavar Sandhai ),Onion,Bellary,Local,29/03/2026,2026,3,29,Summer,12.1,23.9,47.6,6643.9,7070.5,6847.7
Tamil Nadu,Salem,Edapadi (Uzhavar Sandhai ),Onion,Bellary,Local,30/08/2026,2026,8,30,Monsoon,178.3,33.7,70.4,9306.2,9634.0,9466.6
Tamil Nadu,Salem,Edapadi (Uzhavar Sandhai ),Onion,Bellary,Local,30/11/2025,2025,11,30,Post-Monsoon,30.5,24.3,47.4,6375.0,6508.4,6431.8
Tamil Nadu,Salem,Edapadi (Uzhavar Sandhai ),Onion,Bellary,Local,31/05/2026,2026,5,31,Summer,1.4,33.7,49.4,6693.9,6913.8,6795.3
Tamil Nadu,Salem,Elampillai(Uzhavar Sandhai ),Onion,Bellary,Local,01/02/2026,2026,2,1,Winter,13.3,22.7,53.4,5700.4,6012.5,5856.9
Tamil Nadu,Salem,Elampillai(Uzhavar Sandhai ),Onion,Bellary,Local,01/03/2026,2026,3,1,Summer,3.1,23.4,42.0,6600.7,6844.4,6753.0
Tamil Nadu,Salem,Elampillai(Uzhavar Sandhai ),Onion,Bellary,Local,02/08/2026,2026,8,2,Monsoon,129.5,35.0,67.8,7967.6,8299.6,8157.6
Tamil Nadu,Salem,Elampillai(Uzhavar Sandhai ),Onion,Bellary,Local,02/11/2025,2025,11,2,Post-Monsoon,43.5,25.3,50.2,6283.0,6483.6,6387.2
Tamil Nadu,Salem,Elampillai(Uzhavar Sandhai ),Onion,Bellary,Local,03/05/2026,2026,5,3,Summer,5.1,32.3,44.0,6602.0,6892.3,6735.4
Tamil Nadu,Salem,Elampillai(Uzhavar Sandhai ),Onion,Bellary,Local,04/01/2026,2026,1,4,Winter,17.8,19.3,49.2,5863.2,6081.6,5961.9
Tamil Nadu,Salem,Elampillai(Uzhavar Sandhai ),Onion,Bellary,Local,05/04/2026,2026,4,5,Summer,12.6,25.7,50.6,6730.9,7071.6,6884.0
Tamil Nadu,Salem,Elampillai(Uzhavar Sandhai ),Onion,Bellary,Local,05/07/2026,2026,7,5,Monsoon,88.4,35.5,58.7,8064.3,8278.9,8199.8
Tamil Nadu,Salem,Elampillai(Uzhavar Sandhai ),Onion,Bellary,Local,05/10/2025,2025,10,5,Post-Monsoon,62.1,26.6,55.0,5738.1,6084.2,5919.7
Tamil Nadu,Salem,Elampillai(Uzhavar Sandhai ),Onion,Bellary,Local,06/09/2026,2026,9,6,Monsoon,227.4,33.1,80.5,8730.5,8964.7,8861.2
Tamil Nadu,Salem,Elampillai(Uzhavar Sandhai ),Onion,Bellary,Local,07/06/2026,2026,6,7,Monsoon,158.8,34.7,70.5,8689.9,8819.4,8767.2
Tamil Nadu,Salem,Elampillai(Uzhavar Sandhai ),Onion,Bellary,Local,07/12/2025,2025,12,7,Winter,5.3,21.4,45.8,5509.2,5794.6,5640.1
Tamil Nadu,Salem,Elampillai(Uzhavar Sandhai ),Onion,Bellary,Local,08/02/2026,2026,2,8,Winter,11.1,20.1,45.9,5478.2,5656.5,5554.4
Tamil Nadu,Salem,Elampillai(Uzhavar Sandhai ),Onion,Bellary,Local,08/03/2026,2026,3,8,Summer,10.0,22.6,51.8,6328.8,6597.6,6474.5
Tamil Nadu,Salem,Elampillai(Uzhavar Sandhai ),Onion,Bellary,Local,09/08/2026,2026,8,9,Monsoon,183.8,33.9,79.6,8329.7,8589.1,8449.3
Tamil Nadu,Salem,Elampillai(Uzhavar Sandhai ),Onion,Bellary,Local,09/11/2025,2025,11,9,Post-Monsoon,25.7,20.8,52.2,5898.4,6128.8,5981.8
Tamil Nadu,Salem,Elampillai(Uzhavar Sandhai ),Onion,Bellary,Local,10/05/2026,2026,5,10,Summer,20.0,32.3,50.6,5991.5,6264.7,6123.5
Tamil Nadu,Salem,Elampillai(Uzhavar Sandhai ),Onion,Bellary,Local,11/01/2026,2026,1,11,Winter,8.9,19.1,47.0,5597.9,5937.3,5792.4
Tamil Nadu,Salem,Elampillai(Uzhavar Sandhai ),Onion,Bellary,Local,12/04/2026,2026,4,12,Summer,14.6,26.4,49.5,6830.8,7105.8,6975.0
Tamil Nadu,Salem,Elampillai(Uzhavar Sandhai ),Onion,Bellary,Local,12/07/2026,2026,7,12,Monsoon,113.5,33.8,59.5,8161.8,8503.6,8338.3
Tamil Nadu,Salem,Elampillai(Uzhavar Sandhai ),Onion,Bellary,Local,12/10/2025,2025,10,12,Post-Monsoon,20.4,27.3,45.1,5354.4,5682.2,5506.6
Tamil Nadu,Salem,Elampillai(Uzhavar Sandhai ),Onion,Bellary,Local,13/09/2026,2026,9,13,Monsoon,249.4,32.0,86.3,9194.1,9369.6,9274.8
Tamil Nadu,Salem,Elampillai(Uzhavar Sandhai ),Onion,Bellary,Local,14/06/2026,2026,6,14,Monsoon,200.8,35.1,80.5,8711.7,9044.6,8875.6
Tamil Nadu,Salem,Elampillai(Uzhavar Sandhai ),Onion,Bellary,Local,14/12/2025,2025,12,14,Winter,19.9,20.0,50.9,5663.6,5810.5,5739.0
Tamil Nadu,Salem,Elampillai(Uzhavar Sandhai ),Onion,Bellary,Local,15/02/2026,2026,2,15,Winter,7.7,19.2,45.8,5482.3,5719.7,5597.5
Tamil Nadu,Salem,Elampillai(Uzhavar Sandhai ),Onion,Bellary,Local,15/03/2026,2026,3,15,Summer,13.2,23.8,45.5,6522.3,6684.6,6607.5
Tamil Nadu,Salem,Elampillai(Uzhavar Sandhai ),Onion,Bellary,Local,16/08/2026,2026,8,16,Monsoon,184.3,33.0,69.2,9091.4,9298.7,9193.0
Tamil Nadu,Salem,Elampillai(Uzhavar Sandhai ),Onion,Bellary,Local,16/11/2025,2025,11,16,Post-Monsoon,37.1,20.9,48.2,6181.4,6545.9,6335.2
Tamil Nadu,Salem,Elampillai(Uzhavar Sandhai ),Onion,Bellary,Local,17/05/2026,2026,5,17,Summer,17.4,28.9,41.4,6348.2,6639.6,6494.5
Tamil Nadu,Salem,Elampillai(Uzhavar Sandhai ),Onion,Bellary,Local,18/01/2026,2026,1,18,Winter,14.4,18.4,43.4,5674.5,5995.7,5808.6
Tamil Nadu,Salem,Elampillai(Uzhavar Sandhai ),Onion,Bellary,Local,19/04/2026,2026,4,19,Summer,13.2,28.4,45.7,6146.6,6406.5,6281.0
Tamil Nadu,Salem,Elampillai(Uzhavar Sandhai ),Onion,Bellary,Local,19/07/2026,2026,7,19,Monsoon,154.8,34.9,64.6,8701.1,8996.1,8866.9
Tamil Nadu,Salem,Elampillai(Uzhavar Sandhai ),Onion,Bellary,Local,19/10/2025,2025,10,19,Post-Monsoon,54.1,26.8,47.5,6755.7,6991.8,6889.8
Tamil Nadu,Salem,Elampillai(Uzhavar Sandhai ),Onion,Bellary,Local,20/09/2026,2026,9,20,Monsoon,108.7,30.4,63.3,7901.8,8059.4,7993.9
Tamil Nadu,Salem,Elampillai(Uzhavar Sandhai ),Onion,Bellary,Local,21/06/2026,2026,6,21,Monsoon,180.3,32.1,73.1,8500.1,8680.5,8587.3
Tamil Nadu,Salem,Elampillai(Uzhavar Sandhai ),Onion,Bellary,Local,21/12/2025,2025,12,21,Winter,5.9,21.8,44.8,5823.7,5984.2,5903.2
Tamil Nadu,Salem,Elampillai(Uzhavar Sandhai ),Onion,Bellary,Local,22/02/2026,2026,2,22,Winter,16.3,19.2,49.4,5875.7,6240.2,6075.7
Tamil Nadu,Salem,Elampillai(Uzhavar Sandhai ),Onion,Bellary,Local,22/03/2026,2026,3,22,Summer,12.6,21.2,50.1,6928.3,7155.5,7051.5
Tamil Nadu,Salem,Elampillai(Uzhavar Sandhai ),Onion,Bellary,Local,23/08/2026,2026,8,23,Monsoon,101.1,32.0,62.2,8180.0,8389.0,8293.5
Tamil Nadu,Salem,Elampillai(Uzhavar Sandhai ),Onion,Bellary,Local,23/11/2025,2025,11,23,Post-Monsoon,40.5,23.0,50.7,5809.1,5985.7,5920.8
Tamil Nadu,Salem,Elampillai(Uzhavar Sandhai ),Onion,Bellary,Local,24/05/2026,2026,5,24,Summer,14.3,30.4,43.7,6311.1,6562.0,6432.6
Tamil Nadu,Salem,Elampillai(Uzhavar Sandhai ),Onion,Bellary,Local,25/01/2026,2026,1,25,Winter,4.0,20.8,38.9,5893.0,6109.6,5991.5
Tamil Nadu,Salem,Elampillai(Uzhavar Sandhai ),Onion,Bellary,Local,26/04/2026,2026,4,26,Summer,1.7,26.6,39.5,6716.8,6913.9,6808.2
Tamil Nadu,Salem,Elampillai(Uzhavar Sandhai ),Onion,Bellary,Local,26/07/2026,2026,7,26,Monsoon,110.3,34.8,58.9,8065.2,8231.9,8150.9
Tamil Nadu,Salem,Elampillai(Uzhavar Sandhai ),Onion,Bellary,Local,26/10/2025,2025,10,26,Post-Monsoon,51.7,26.2,53.9,6094.2,6438.0,6261.3
Tamil Nadu,Salem,Elampillai(Uzhavar Sandhai ),Onion,Bellary,Local,28/06/2026,2026,6,28,Monsoon,176.8,35.0,70.9,8831.3,9100.1,8940.8
Tamil Nadu,Salem,Elampillai(Uzhavar Sandhai ),Onion,Bellary,Local,28/12/2025,2025,12,28,Winter,10.8,20.0,44.4,5355.3,5778.1,5582.6
Tamil Nadu,Salem,Elampillai(Uzhavar Sandhai ),Onion,Bellary,Local,29/03/2026,2026,3,29,Summer,9.8,26.0,47.5,6407.1,6694.1,6537.1
Tamil Nadu,Salem,Elampillai(Uzhavar Sandhai ),Onion,Bellary,Local,30/08/2026,2026,8,30,Monsoon,180.5,36.6,73.4,8817.4,8966.5,8891.3
Tamil Nadu,Salem,Elampillai(Uzhavar Sandhai ),Onion,Bellary,Local,30/11/2025,2025,11,30,Post-Monsoon,49.4,23.1,58.7,6232.8,6356.6,6308.6
Tamil Nadu,Salem,Elampillai(Uzhavar Sandhai ),Onion,Bellary,Local,31/05/2026,2026,5,31,Summer,3.9,30.2,43.4,6783.4,6973.3,6871.9
Tamil Nadu,Salem,Hasthampatti(Uzhavar Sandhai ),Onion,Bellary,Local,01/02/2026,2026,2,1,Winter,3.3,18.3,43.4,5677.6,5862.2,5771.2
Tamil Nadu,Salem,Hasthampatti(Uzhavar Sandhai ),Onion,Bellary,Local,01/03/2026,2026,3,1,Summer,2.3,21.7,43.0,6306.5,6502.8,6390.7
Tamil Nadu,Salem,Hasthampatti(Uzhavar Sandhai ),Onion,Bellary,Local,02/08/2026,2026,8,2,Monsoon,98.9,35.1,60.6,8497.2,8731.9,8617.4
Tamil Nadu,Salem,Hasthampatti(Uzhavar Sandhai ),Onion,Bellary,Local,02/11/2025,2025,11,2,Post-Monsoon,23.8,24.2,47.8,5391.4,5552.9,5472.6
Tamil Nadu,Salem,Hasthampatti(Uzhavar Sandhai ),Onion,Bellary,Local,03/05/2026,2026,5,3,Summer,2.1,28.2,48.3,5976.1,6225.8,6125.8
Tamil Nadu,Salem,Hasthampatti(Uzhavar Sandhai ),Onion,Bellary,Local,04/01/2026,2026,1,4,Winter,10.7,17.8,47.1,5287.2,5494.9,5380.2
Tamil Nadu,Salem,Hasthampatti(Uzhavar Sandhai ),Onion,Bellary,Local,05/04/2026,2026,4,5,Summer,5.5,29.8,44.4,6333.6,6497.8,6421.8
Tamil Nadu,Salem,Hasthampatti(Uzhavar Sandhai ),Onion,Bellary,Local,05/07/2026,2026,7,5,Monsoon,135.5,35.9,66.8,8137.5,8536.8,8338.5
Tamil Nadu,Salem,Hasthampatti(Uzhavar Sandhai ),Onion,Bellary,Local,05/10/2025,2025,10,5,Post-Monsoon,59.4,26.7,44.5,6132.1,6393.1,6247.3
Tamil Nadu,Salem,Hasthampatti(Uzhavar Sandhai ),Onion,Bellary,Local,06/09/2026,2026,9,6,Monsoon,108.8,28.8,65.6,8082.7,8359.9,8250.7
Tamil Nadu,Salem,Hasthampatti(Uzhavar Sandhai ),Onion,Bellary,Local,07/06/2026,2026,6,7,Monsoon,249.9,33.8,81.9,9722.1,9970.0,9826.3
Tamil Nadu,Salem,Hasthampatti(Uzhavar Sandhai ),Onion,Bellary,Local,07/12/2025,2025,12,7,Winter,10.8,18.7,45.7,5799.0,6073.1,5913.8
Tamil Nadu,Salem,Hasthampatti(Uzhavar Sandhai ),Onion,Bellary,Local,08/02/2026,2026,2,8,Winter,9.3,19.6,44.6,5838.7,6067.2,5943.2
Tamil Nadu,Salem,Hasthampatti(Uzhavar Sandhai ),Onion,Bellary,Local,08/03/2026,2026,3,8,Summer,13.2,20.6,47.8,6510.2,6910.8,6703.2
Tamil Nadu,Salem,Hasthampatti(Uzhavar Sandhai ),Onion,Bellary,Local,09/08/2026,2026,8,9,Monsoon,185.9,34.6,73.8,8307.9,8671.2,8515.4
Tamil Nadu,Salem,Hasthampatti(Uzhavar Sandhai ),Onion,Bellary,Local,09/11/2025,2025,11,9,Post-Monsoon,69.8,24.9,56.2,6347.2,6532.2,6436.5
Tamil Nadu,Salem,Hasthampatti(Uzhavar Sandhai ),Onion,Bellary,Local,10/05/2026,2026,5,10,Summer,18.2,31.1,43.8,6507.1,6728.2,6634.1
Tamil Nadu,Salem,Hasthampatti(Uzhavar Sandhai ),Onion,Bellary,Local,11/01/2026,2026,1,11,Winter,3.0,17.1,48.6,5846.9,6029.5,5942.6
Tamil Nadu,Salem,Hasthampatti(Uzhavar Sandhai ),Onion,Bellary,Local,12/04/2026,2026,4,12,Summer,0.1,26.7,43.7,6827.9,7045.0,6945.3
Tamil Nadu,Salem,Hasthampatti(Uzhavar Sandhai ),Onion,Bellary,Local,12/07/2026,2026,7,12,Monsoon,116.5,37.9,59.9,7811.1,8117.2,7965.3
Tamil Nadu,Salem,Hasthampatti(Uzhavar Sandhai ),Onion,Bellary,Local,12/10/2025,2025,10,12,Post-Monsoon,46.9,26.9,54.1,5643.5,5830.1,5743.5
Tamil Nadu,Salem,Hasthampatti(Uzhavar Sandhai ),Onion,Bellary,Local,13/09/2026,2026,9,13,Monsoon,209.9,32.6,74.2,8836.1,9138.5,9019.2
Tamil Nadu,Salem,Hasthampatti(Uzhavar Sandhai ),Onion,Bellary,Local,14/06/2026,2026,6,14,Monsoon,143.8,35.7,68.4,8549.6,8696.8,8636.8
Tamil Nadu,Salem,Hasthampatti(Uzhavar Sandhai ),Onion,Bellary,Local,14/12/2025,2025,12,14,Winter,10.4,19.8,45.5,5673.7,5917.8,5822.4
Tamil Nadu,Salem,Hasthampatti(Uzhavar Sandhai ),Onion,Bellary,Local,15/02/2026,2026,2,15,Winter,4.1,19.0,47.1,5574.6,5910.0,5746.7
Tamil Nadu,Salem,Hasthampatti(Uzhavar Sandhai ),Onion,Bellary,Local,15/03/2026,2026,3,15,Summer,17.8,23.7,49.0,6944.5,7233.6,7091.1
Tamil Nadu,Salem,Hasthampatti(Uzhavar Sandhai ),Onion,Bellary,Local,16/08/2026,2026,8,16,Monsoon,190.1,31.0,72.4,8759.6,9161.3,8962.9
Tamil Nadu,Salem,Hasthampatti(Uzhavar Sandhai ),Onion,Bellary,Local,16/11/2025,2025,11,16,Post-Monsoon,75.9,23.2,64.1,6564.2,6887.8,6719.2
Tamil Nadu,Salem,Hasthampatti(Uzhavar Sandhai ),Onion,Bellary,Local,17/05/2026,2026,5,17,Summer,11.2,31.2,48.1,6199.2,6513.6,6331.8
Tamil Nadu,Salem,Hasthampatti(Uzhavar Sandhai ),Onion,Bellary,Local,18/01/2026,2026,1,18,Winter,4.3,21.5,48.1,5638.1,5795.8,5721.0
Tamil Nadu,Salem,Hasthampatti(Uzhavar Sandhai ),Onion,Bellary,Local,19/04/2026,2026,4,19,Summer,13.9,27.5,47.3,6822.2,6960.6,6898.2
Tamil Nadu,Salem,Hasthampatti(Uzhavar Sandhai ),Onion,Bellary,Local,19/07/2026,2026,7,19,Monsoon,192.7,36.9,72.4,8935.3,9265.4,9072.5
Tamil Nadu,Salem,Hasthampatti(Uzhavar Sandhai ),Onion,Bellary,Local,19/10/2025,2025,10,19,Post-Monsoon,28.3,28.8,49.4,6045.0,6352.5,6178.3
Tamil Nadu,Salem,Hasthampatti(Uzhavar Sandhai ),Onion,Bellary,Local,20/09/2026,2026,9,20,Monsoon,172.1,33.0,71.5,8824.6,9045.3,8927.0
Tamil Nadu,Salem,Hasthampatti(Uzhavar Sandhai ),Onion,Bellary,Local,21/06/2026,2026,6,21,Monsoon,121.8,36.3,67.4,8725.8,8980.3,8847.3
Tamil Nadu,Salem,Hasthampatti(Uzhavar Sandhai ),Onion,Bellary,Local,21/12/2025,2025,12,21,Winter,17.5,20.0,50.2,5608.7,5856.0,5740.7
Tamil Nadu,Salem,Hasthampatti(Uzhavar Sandhai ),Onion,Bellary,Local,22/02/2026,2026,2,22,Winter,14.0,21.9,44.6,5665.1,5867.8,5772.8
Tamil Nadu,Salem,Hasthampatti(Uzhavar Sandhai ),Onion,Bellary,Local,22/03/2026,2026,3,22,Summer,7.3,26.4,46.1,6634.6,6870.5,6742.5
Tamil Nadu,Salem,Hasthampatti(Uzhavar Sandhai ),Onion,Bellary,Local,23/08/2026,2026,8,23,Monsoon,175.1,34.5,72.2,8561.8,8883.8,8719.1
Tamil Nadu,Salem,Hasthampatti(Uzhavar Sandhai ),Onion,Bellary,Local,23/11/2025,2025,11,23,Post-Monsoon,58.3,24.4,58.6,6341.5,6583.5,6477.2
Tamil Nadu,Salem,Hasthampatti(Uzhavar Sandhai ),Onion,Bellary,Local,24/05/2026,2026,5,24,Summer,2.6,32.2,44.4,6453.1,6673.3,6537.6
Tamil Nadu,Salem,Hasthampatti(Uzhavar Sandhai ),Onion,Bellary,Local,25/01/2026,2026,1,25,Winter,8.1,17.9,43.0,5663.4,5998.9,5841.0
Tamil Nadu,Salem,Hasthampatti(Uzhavar Sandhai ),Onion,Bellary,Local,26/04/2026,2026,4,26,Summer,17.6,25.3,44.6,6359.8,6603.3,6479.5
Tamil Nadu,Salem,Hasthampatti(Uzhavar Sandhai ),Onion,Bellary,Local,26/07/2026,2026,7,26,Monsoon,110.0,36.1,63.5,8368.2,8559.3,8470.8
Tamil Nadu,Salem,Hasthampatti(Uzhavar Sandhai ),Onion,Bellary,Local,26/10/2025,2025,10,26,Post-Monsoon,61.2,26.0,56.6,6290.4,6499.1,6383.5
Tamil Nadu,Salem,Hasthampatti(Uzhavar Sandhai ),Onion,Bellary,Local,28/06/2026,2026,6,28,Monsoon,172.7,32.2,75.4,8942.5,9233.1,9094.8
Tamil Nadu,Salem,Hasthampatti(Uzhavar Sandhai ),Onion,Bellary,Local,28/12/2025,2025,12,28,Winter,2.9,19.7,45.0,5993.3,6179.9,6087.6
Tamil Nadu,Salem,Hasthampatti(Uzhavar Sandhai ),Onion,Bellary,Local,29/03/2026,2026,3,29,Summer,5.2,22.5,43.2,6552.7,6938.7,6743.0
Tamil Nadu,Salem,Hasthampatti(Uzhavar Sandhai ),Onion,Bellary,Local,30/08/2026,2026,8,30,Monsoon,174.5,31.7,76.1,8805.3,9184.4,8998.8
Tamil Nadu,Salem,Hasthampatti(Uzhavar Sandhai ),Onion,Bellary,Local,30/11/2025,2025,11,30,Post-Monsoon,60.7,21.5,56.1,6174.3,6370.8,6268.3
Tamil Nadu,Salem,Hasthampatti(Uzhavar Sandhai ),Onion,Bellary,Local,31/05/2026,2026,5,31,Summer,18.5,29.9,48.9,6667.1,6827.8,6753.1
Tamil Nadu,Salem,Jalagandapuram(Uzhavar Sandhai ),Onion,Bellary,Local,01/02/2026,2026,2,1,Winter,6.9,20.9,46.1,5979.4,6139.9,6068.8
Tamil Nadu,Salem,Jalagandapuram(Uzhavar Sandhai ),Onion,Bellary,Local,01/03/2026,2026,3,1,Summer,19.1,24.6,49.7,7735.2,7836.7,7782.3
Tamil Nadu,Salem,Jalagandapuram(Uzhavar Sandhai ),Onion,Bellary,Local,02/08/2026,2026,8,2,Monsoon,249.3,33.6,78.4,10106.2,10254.4,10165.4
Tamil Nadu,Salem,Jalagandapuram(Uzhavar Sandhai ),Onion,Bellary,Local,02/11/2025,2025,11,2,Post-Monsoon,62.8,22.6,57.7,7213.5,7474.9,7360.4
Tamil Nadu,Salem,Jalagandapuram(Uzhavar Sandhai ),Onion,Bellary,Local,03/05/2026,2026,5,3,Summer,6.9,29.1,44.9,6735.6,6942.4,6836.6
Tamil Nadu,Salem,Jalagandapuram(Uzhavar Sandhai ),Onion,Bellary,Local,04/01/2026,2026,1,4,Winter,5.3,17.5,46.7,5519.0,5700.7,5634.3
Tamil Nadu,Salem,Jalagandapuram(Uzhavar Sandhai ),Onion,Bellary,Local,05/04/2026,2026,4,5,Summer,16.4,28.3,45.7,6785.3,7135.0,6946.0
Tamil Nadu,Salem,Jalagandapuram(Uzhavar Sandhai ),Onion,Bellary,Local,05/07/2026,2026,7,5,Monsoon,134.2,33.3,66.1,8889.8,9082.3,8982.2
Tamil Nadu,Salem,Jalagandapuram(Uzhavar Sandhai ),Onion,Bellary,Local,05/10/2025,2025,10,5,Post-Monsoon,47.3,26.7,49.1,6641.2,6930.6,6761.8
Tamil Nadu,Salem,Jalagandapuram(Uzhavar Sandhai ),Onion,Bellary,Local,06/09/2026,2026,9,6,Monsoon,87.9,32.9,58.3,9056.1,9295.6,9183.8
Tamil Nadu,Salem,Jalagandapuram(Uzhavar Sandhai ),Onion,Bellary,Local,07/06/2026,2026,6,7,Monsoon,97.8,32.2,65.9,8991.2,9162.8,9091.6
Tamil Nadu,Salem,Jalagandapuram(Uzhavar Sandhai ),Onion,Bellary,Local,07/12/2025,2025,12,7,Winter,19.9,21.0,40.9,6098.8,6332.0,6194.9
Tamil Nadu,Salem,Jalagandapuram(Uzhavar Sandhai ),Onion,Bellary,Local,08/02/2026,2026,2,8,Winter,1.5,19.7,42.6,5972.5,6237.7,6122.9
Tamil Nadu,Salem,Jalagandapuram(Uzhavar Sandhai ),Onion,Bellary,Local,08/03/2026,2026,3,8,Summer,3.7,21.7,42.4,6759.9,6902.2,6814.5
Tamil Nadu,Salem,Jalagandapuram(Uzhavar Sandhai ),Onion,Bellary,Local,09/08/2026,2026,8,9,Monsoon,174.4,34.0,76.8,9471.6,9796.0,9595.6
Tamil Nadu,Salem,Jalagandapuram(Uzhavar Sandhai ),Onion,Bellary,Local,09/11/2025,2025,11,9,Post-Monsoon,65.3,21.4,56.2,7114.7,7294.1,7205.6
Tamil Nadu,Salem,Jalagandapuram(Uzhavar Sandhai ),Onion,Bellary,Local,10/05/2026,2026,5,10,Summer,3.3,30.3,45.1,6899.4,7098.9,6995.3
Tamil Nadu,Salem,Jalagandapuram(Uzhavar Sandhai ),Onion,Bellary,Local,11/01/2026,2026,1,11,Winter,8.9,19.5,49.6,5778.3,6157.2,5971.7
Tamil Nadu,Salem,Jalagandapuram(Uzhavar Sandhai ),Onion,Bellary,Local,12/04/2026,2026,4,12,Summer,12.2,26.1,49.4,7074.6,7386.8,7208.8
Tamil Nadu,Salem,Jalagandapuram(Uzhavar Sandhai ),Onion,Bellary,Local,12/07/2026,2026,7,12,Monsoon,170.5,32.0,68.8,9136.4,9454.3,9312.3
Tamil Nadu,Salem,Jalagandapuram(Uzhavar Sandhai ),Onion,Bellary,Local,12/10/2025,2025,10,12,Post-Monsoon,33.5,26.9,53.3,6452.8,6667.7,6565.6
Tamil Nadu,Salem,Jalagandapuram(Uzhavar Sandhai ),Onion,Bellary,Local,13/09/2026,2026,9,13,Monsoon,178.7,32.4,78.9,9394.9,9600.5,9499.5
Tamil Nadu,Salem,Jalagandapuram(Uzhavar Sandhai ),Onion,Bellary,Local,14/06/2026,2026,6,14,Monsoon,184.3,36.6,71.5,9229.5,9376.8,9287.2
Tamil Nadu,Salem,Jalagandapuram(Uzhavar Sandhai ),Onion,Bellary,Local,14/12/2025,2025,12,14,Winter,17.4,19.5,43.6,6050.2,6262.9,6153.7
Tamil Nadu,Salem,Jalagandapuram(Uzhavar Sandhai ),Onion,Bellary,Local,15/02/2026,2026,2,15,Winter,19.5,20.6,48.9,5714.0,5985.0,5875.4
Tamil Nadu,Salem,Jalagandapuram(Uzhavar Sandhai ),Onion,Bellary,Local,15/03/2026,2026,3,15,Summer,10.7,20.2,52.9,6766.2,7094.8,6919.1
Tamil Nadu,Salem,Jalagandapuram(Uzhavar Sandhai ),Onion,Bellary,Local,16/08/2026,2026,8,16,Monsoon,194.8,35.0,74.9,9382.0,9667.6,9500.2
Tamil Nadu,Salem,Jalagandapuram(Uzhavar Sandhai ),Onion,Bellary,Local,16/11/2025,2025,11,16,Post-Monsoon,40.4,23.4,51.2,6745.4,7009.1,6843.3
Tamil Nadu,Salem,Jalagandapuram(Uzhavar Sandhai ),Onion,Bellary,Local,17/05/2026,2026,5,17,Summer,4.0,32.1,48.5,6519.8,6875.5,6742.7
Tamil Nadu,Salem,Jalagandapuram(Uzhavar Sandhai ),Onion,Bellary,Local,18/01/2026,2026,1,18,Winter,6.8,16.5,44.8,5587.8,5873.4,5749.9
Tamil Nadu,Salem,Jalagandapuram(Uzhavar Sandhai ),Onion,Bellary,Local,19/04/2026,2026,4,19,Summer,3.6,27.9,45.8,7267.6,7623.3,7440.5
Tamil Nadu,Salem,Jalagandapuram(Uzhavar Sandhai ),Onion,Bellary,Local,19/07/2026,2026,7,19,Monsoon,130.5,35.8,63.2,9079.3,9190.7,9133.2
Tamil Nadu,Salem,Jalagandapuram(Uzhavar Sandhai ),Onion,Bellary,Local,19/10/2025,2025,10,19,Post-Monsoon,68.0,26.1,62.7,6490.4,6832.1,6668.2
Tamil Nadu,Salem,Jalagandapuram(Uzhavar Sandhai ),Onion,Bellary,Local,20/09/2026,2026,9,20,Monsoon,115.9,30.3,62.8,8829.1,9010.3,8932.1
Tamil Nadu,Salem,Jalagandapuram(Uzhavar Sandhai ),Onion,Bellary,Local,21/06/2026,2026,6,21,Monsoon,240.5,31.7,88.0,10231.1,10466.9,10360.1
Tamil Nadu,Salem,Jalagandapuram(Uzhavar Sandhai ),Onion,Bellary,Local,21/12/2025,2025,12,21,Winter,12.6,21.1,46.4,6330.7,6636.1,6493.8
Tamil Nadu,Salem,Jalagandapuram(Uzhavar Sandhai ),Onion,Bellary,Local,22/02/2026,2026,2,22,Winter,19.2,21.6,49.3,5425.6,5833.5,5612.7
Tamil Nadu,Salem,Jalagandapuram(Uzhavar Sandhai ),Onion,Bellary,Local,22/03/2026,2026,3,22,Summer,19.1,22.6,51.6,6740.4,7045.1,6912.9
Tamil Nadu,Salem,Jalagandapuram(Uzhavar Sandhai ),Onion,Bellary,Local,23/08/2026,2026,8,23,Monsoon,133.3,35.4,67.7,8602.0,9038.8,8813.7
Tamil Nadu,Salem,Jalagandapuram(Uzhavar Sandhai ),Onion,Bellary,Local,23/11/2025,2025,11,23,Post-Monsoon,42.5,24.7,51.8,6214.2,6534.6,6422.8
Tamil Nadu,Salem,Jalagandapuram(Uzhavar Sandhai ),Onion,Bellary,Local,24/05/2026,2026,5,24,Summer,4.5,33.4,43.0,7012.3,7253.6,7135.3
Tamil Nadu,Salem,Jalagandapuram(Uzhavar Sandhai ),Onion,Bellary,Local,25/01/2026,2026,1,25,Winter,10.1,18.5,47.1,5846.5,6097.7,5937.6
Tamil Nadu,Salem,Jalagandapuram(Uzhavar Sandhai ),Onion,Bellary,Local,26/04/2026,2026,4,26,Summer,5.5,27.7,45.7,6640.6,6858.4,6760.4
Tamil Nadu,Salem,Jalagandapuram(Uzhavar Sandhai ),Onion,Bellary,Local,26/07/2026,2026,7,26,Monsoon,165.7,34.3,73.3,9068.3,9367.1,9204.9
Tamil Nadu,Salem,Jalagandapuram(Uzhavar Sandhai ),Onion,Bellary,Local,26/10/2025,2025,10,26,Post-Monsoon,51.3,25.3,51.2,6959.7,7149.6,7052.3
Tamil Nadu,Salem,Jalagandapuram(Uzhavar Sandhai ),Onion,Bellary,Local,28/06/2026,2026,6,28,Monsoon,80.3,32.1,55.7,8653.8,8890.2,8791.9
Tamil Nadu,Salem,Jalagandapuram(Uzhavar Sandhai ),Onion,Bellary,Local,28/12/2025,2025,12,28,Winter,13.2,20.8,52.3,5812.0,6077.0,5909.3
Tamil Nadu,Salem,Jalagandapuram(Uzhavar Sandhai ),Onion,Bellary,Local,29/03/2026,2026,3,29,Summer,18.6,23.7,46.4,7132.6,7337.9,7246.0
Tamil Nadu,Salem,Jalagandapuram(Uzhavar Sandhai ),Onion,Bellary,Local,30/08/2026,2026,8,30,Monsoon,154.6,31.1,68.3,8702.2,8937.1,8811.7
Tamil Nadu,Salem,Jalagandapuram(Uzhavar Sandhai ),Onion,Bellary,Local,30/11/2025,2025,11,30,Post-Monsoon,73.2,25.2,62.4,6858.9,7252.3,7032.4
Tamil Nadu,Salem,Jalagandapuram(Uzhavar Sandhai ),Onion,Bellary,Local,31/05/2026,2026,5,31,Summer,6.6,31.9,46.2,7252.8,7379.2,7304.3
Tamil Nadu,Salem,Mettur(Uzhavar Sandhai ),Onion,Bellary,Local,01/02/2026,2026,2,1,Winter,9.4,22.0,47.9,5527.5,5802.4,5661.4
Tamil Nadu,Salem,Mettur(Uzhavar Sandhai ),Onion,Bellary,Local,01/03/2026,2026,3,1,Summer,3.7,22.5,40.8,7160.5,7368.4,7296.0
Tamil Nadu,Salem,Mettur(Uzhavar Sandhai ),Onion,Bellary,Local,02/08/2026,2026,8,2,Monsoon,174.7,37.2,73.3,8873.6,9089.1,8967.5
Tamil Nadu,Salem,Mettur(Uzhavar Sandhai ),Onion,Bellary,Local,02/11/2025,2025,11,2,Post-Monsoon,40.9,23.2,51.0,6437.0,6858.7,6650.5
Tamil Nadu,Salem,Mettur(Uzhavar Sandhai ),Onion,Bellary,Local,03/05/2026,2026,5,3,Summer,19.3,31.5,50.2,6546.5,6781.1,6643.1
Tamil Nadu,Salem,Mettur(Uzhavar Sandhai ),Onion,Bellary,Local,04/01/2026,2026,1,4,Winter,1.9,20.3,47.0,5884.4,6089.3,5996.4
Tamil Nadu,Salem,Mettur(Uzhavar Sandhai ),Onion,Bellary,Local,05/04/2026,2026,4,5,Summer,12.9,26.1,49.7,7397.0,7587.1,7509.8
Tamil Nadu,Salem,Mettur(Uzhavar Sandhai ),Onion,Bellary,Local,05/07/2026,2026,7,5,Monsoon,113.1,35.5,65.0,8595.7,8989.4,8770.5
Tamil Nadu,Salem,Mettur(Uzhavar Sandhai ),Onion,Bellary,Local,05/10/2025,2025,10,5,Post-Monsoon,54.3,25.0,56.3,6796.4,6939.1,6846.1
Tamil Nadu,Salem,Mettur(Uzhavar Sandhai ),Onion,Bellary,Local,06/09/2026,2026,9,6,Monsoon,111.6,33.4,61.0,8562.2,8874.4,8692.3
Tamil Nadu,Salem,Mettur(Uzhavar Sandhai ),Onion,Bellary,Local,07/06/2026,2026,6,7,Monsoon,221.0,35.2,77.6,9817.4,10130.5,9962.8
Tamil Nadu,Salem,Mettur(Uzhavar Sandhai ),Onion,Bellary,Local,07/12/2025,2025,12,7,Winter,0.4,20.3,42.4,6071.2,6199.1,6128.4
Tamil Nadu,Salem,Mettur(Uzhavar Sandhai ),Onion,Bellary,Local,08/02/2026,2026,2,8,Winter,10.9,18.7,46.8,5668.9,5952.7,5818.4
Tamil Nadu,Salem,Mettur(Uzhavar Sandhai ),Onion,Bellary,Local,08/03/2026,2026,3,8,Summer,10.6,21.2,42.8,6905.2,7078.8,6999.8
Tamil Nadu,Salem,Mettur(Uzhavar Sandhai ),Onion,Bellary,Local,09/08/2026,2026,8,9,Monsoon,168.4,36.5,70.0,9247.8,9498.6,9379.0
Tamil Nadu,Salem,Mettur(Uzhavar Sandhai ),Onion,Bellary,Local,09/11/2025,2025,11,9,Post-Monsoon,36.5,22.4,50.8,7111.7,7384.0,7243.5
Tamil Nadu,Salem,Mettur(Uzhavar Sandhai ),Onion,Bellary,Local,10/05/2026,2026,5,10,Summer,4.2,31.2,42.4,6479.7,6651.9,6555.7
Tamil Nadu,Salem,Mettur(Uzhavar Sandhai ),Onion,Bellary,Local,11/01/2026,2026,1,11,Winter,15.2,18.3,43.0,5800.3,6025.1,5891.0
Tamil Nadu,Salem,Mettur(Uzhavar Sandhai ),Onion,Bellary,Local,12/04/2026,2026,4,12,Summer,14.3,28.3,47.4,7592.3,7729.5,7662.0
Tamil Nadu,Salem,Mettur(Uzhavar Sandhai ),Onion,Bellary,Local,12/07/2026,2026,7,12,Monsoon,203.8,38.0,81.1,9327.9,9697.9,9545.9
Tamil Nadu,Salem,Mettur(Uzhavar Sandhai ),Onion,Bellary,Local,12/10/2025,2025,10,12,Post-Monsoon,61.7,26.1,58.4,6274.0,6587.6,6476.9
Tamil Nadu,Salem,Mettur(Uzhavar Sandhai ),Onion,Bellary,Local,13/09/2026,2026,9,13,Monsoon,169.7,31.0,71.3,10105.5,10308.1,10206.4
Tamil Nadu,Salem,Mettur(Uzhavar Sandhai ),Onion,Bellary,Local,14/06/2026,2026,6,14,Monsoon,226.1,34.8,84.2,10061.9,10258.5,10136.5
Tamil Nadu,Salem,Mettur(Uzhavar Sandhai ),Onion,Bellary,Local,14/12/2025,2025,12,14,Winter,1.5,22.4,48.4,6307.7,6523.7,6422.3
Tamil Nadu,Salem,Mettur(Uzhavar Sandhai ),Onion,Bellary,Local,15/02/2026,2026,2,15,Winter,4.4,19.4,40.6,5532.9,5730.6,5643.6
Tamil Nadu,Salem,Mettur(Uzhavar Sandhai ),Onion,Bellary,Local,15/03/2026,2026,3,15,Summer,15.5,22.4,52.1,7292.5,7499.3,7396.0
Tamil Nadu,Salem,Mettur(Uzhavar Sandhai ),Onion,Bellary,Local,16/08/2026,2026,8,16,Monsoon,228.0,36.2,89.4,9578.5,9756.6,9678.9
Tamil Nadu,Salem,Mettur(Uzhavar Sandhai ),Onion,Bellary,Local,16/11/2025,2025,11,16,Post-Monsoon,79.3,21.3,55.7,7176.6,7342.6,7269.5
Tamil Nadu,Salem,Mettur(Uzhavar Sandhai ),Onion,Bellary,Local,17/05/2026,2026,5,17,Summer,10.0,31.6,51.2,7487.9,7711.2,7606.4
Tamil Nadu,Salem,Mettur(Uzhavar Sandhai ),Onion,Bellary,Local,18/01/2026,2026,1,18,Winter,10.7,17.8,47.6,5156.8,5558.7,5354.8
Tamil Nadu,Salem,Mettur(Uzhavar Sandhai ),Onion,Bellary,Local,19/04/2026,2026,4,19,Summer,10.4,27.5,41.7,7418.2,7653.7,7524.1
Tamil Nadu,Salem,Mettur(Uzhavar Sandhai ),Onion,Bellary,Local,19/07/2026,2026,7,19,Monsoon,237.1,33.9,78.5,10893.5,11215.9,11059.6
Tamil Nadu,Salem,Mettur(Uzhavar Sandhai ),Onion,Bellary,Local,19/10/2025,2025,10,19,Post-Monsoon,69.1,27.4,59.3,6488.0,6699.3,6581.9
Tamil Nadu,Salem,Mettur(Uzhavar Sandhai ),Onion,Bellary,Local,20/09/2026,2026,9,20,Monsoon,232.4,32.0,83.8,9082.7,9335.9,9188.5
Tamil Nadu,Salem,Mettur(Uzhavar Sandhai ),Onion,Bellary,Local,21/06/2026,2026,6,21,Monsoon,227.6,34.3,81.3,9820.5,10139.8,10017.7
Tamil Nadu,Salem,Mettur(Uzhavar Sandhai ),Onion,Bellary,Local,21/12/2025,2025,12,21,Winter,6.7,20.5,43.3,6271.6,6509.7,6372.1
Tamil Nadu,Salem,Mettur(Uzhavar Sandhai ),Onion,Bellary,Local,22/02/2026,2026,2,22,Winter,13.4,21.9,52.1,6052.6,6281.7,6194.7
Tamil Nadu,Salem,Mettur(Uzhavar Sandhai ),Onion,Bellary,Local,22/03/2026,2026,3,22,Summer,3.1,21.8,47.6,7365.1,7530.1,7444.6
Tamil Nadu,Salem,Mettur(Uzhavar Sandhai ),Onion,Bellary,Local,23/08/2026,2026,8,23,Monsoon,202.2,32.3,76.4,9031.2,9202.8,9098.8
Tamil Nadu,Salem,Mettur(Uzhavar Sandhai ),Onion,Bellary,Local,23/11/2025,2025,11,23,Post-Monsoon,44.8,19.0,55.7,6742.6,7042.2,6882.2
Tamil Nadu,Salem,Mettur(Uzhavar Sandhai ),Onion,Bellary,Local,24/05/2026,2026,5,24,Summer,16.1,29.4,43.7,7122.1,7343.2,7236.3
Tamil Nadu,Salem,Mettur(Uzhavar Sandhai ),Onion,Bellary,Local,25/01/2026,2026,1,25,Winter,6.3,17.0,45.6,5722.5,5987.1,5845.2
Tamil Nadu,Salem,Mettur(Uzhavar Sandhai ),Onion,Bellary,Local,26/04/2026,2026,4,26,Summer,19.7,24.6,50.7,6922.8,7152.9,7016.2
Tamil Nadu,Salem,Mettur(Uzhavar Sandhai ),Onion,Bellary,Local,26/07/2026,2026,7,26,Monsoon,82.7,35.2,57.4,8307.7,8625.9,8503.5
Tamil Nadu,Salem,Mettur(Uzhavar Sandhai ),Onion,Bellary,Local,26/10/2025,2025,10,26,Post-Monsoon,68.2,26.9,60.4,6682.3,6969.0,6844.0
Tamil Nadu,Salem,Mettur(Uzhavar Sandhai ),Onion,Bellary,Local,28/06/2026,2026,6,28,Monsoon,187.4,33.6,71.2,9560.2,9820.2,9719.0
Tamil Nadu,Salem,Mettur(Uzhavar Sandhai ),Onion,Bellary,Local,28/12/2025,2025,12,28,Winter,3.4,21.4,44.7,5864.0,6197.2,6051.1
Tamil Nadu,Salem,Mettur(Uzhavar Sandhai ),Onion,Bellary,Local,29/03/2026,2026,3,29,Summer,1.0,21.2,40.2,7475.6,7643.2,7561.2
Tamil Nadu,Salem,Mettur(Uzhavar Sandhai ),Onion,Bellary,Local,30/08/2026,2026,8,30,Monsoon,208.3,32.5,78.2,8998.9,9209.1,9107.1
Tamil Nadu,Salem,Mettur(Uzhavar Sandhai ),Onion,Bellary,Local,30/11/2025,2025,11,30,Post-Monsoon,30.1,23.2,52.9,6263.1,6471.1,6337.8
Tamil Nadu,Salem,Mettur(Uzhavar Sandhai ),Onion,Bellary,Local,31/05/2026,2026,5,31,Summer,18.9,30.0,47.9,6836.2,7009.8,6919.1
Tamil Nadu,Salem,Sooramangalam(Uzhavar Sandhai ),Onion,Bellary,Local,01/02/2026,2026,2,1,Winter,18.1,21.5,47.4,5293.9,5437.2,5352.6
Tamil Nadu,Salem,Sooramangalam(Uzhavar Sandhai ),Onion,Bellary,Local,01/03/2026,2026,3,1,Summer,7.1,24.4,46.8,6373.6,6550.4,6455.5
Tamil Nadu,Salem,Sooramangalam(Uzhavar Sandhai ),Onion,Bellary,Local,02/08/2026,2026,8,2,Monsoon,112.5,35.1,60.9,7558.6,7875.1,7737.4
Tamil Nadu,Salem,Sooramangalam(Uzhavar Sandhai ),Onion,Bellary,Local,02/11/2025,2025,11,2,Post-Monsoon,43.5,25.5,47.2,5822.5,6000.1,5902.9
Tamil Nadu,Salem,Sooramangalam(Uzhavar Sandhai ),Onion,Bellary,Local,03/05/2026,2026,5,3,Summer,18.8,33.4,49.8,6250.1,6531.9,6413.4
Tamil Nadu,Salem,Sooramangalam(Uzhavar Sandhai ),Onion,Bellary,Local,04/01/2026,2026,1,4,Winter,8.7,20.1,48.6,5466.2,5566.6,5515.6
Tamil Nadu,Salem,Sooramangalam(Uzhavar Sandhai ),Onion,Bellary,Local,05/04/2026,2026,4,5,Summer,5.0,29.0,46.1,6216.0,6407.0,6299.3
Tamil Nadu,Salem,Sooramangalam(Uzhavar Sandhai ),Onion,Bellary,Local,05/07/2026,2026,7,5,Monsoon,169.9,36.8,75.3,8317.2,8580.3,8414.5
Tamil Nadu,Salem,Sooramangalam(Uzhavar Sandhai ),Onion,Bellary,Local,05/10/2025,2025,10,5,Post-Monsoon,69.8,23.8,56.3,6442.2,6714.9,6581.5
Tamil Nadu,Salem,Sooramangalam(Uzhavar Sandhai ),Onion,Bellary,Local,06/09/2026,2026,9,6,Monsoon,248.8,32.7,84.6,9230.5,9455.5,9333.5
Tamil Nadu,Salem,Sooramangalam(Uzhavar Sandhai ),Onion,Bellary,Local,07/06/2026,2026,6,7,Monsoon,183.8,34.1,81.9,8413.6,8658.5,8525.0
Tamil Nadu,Salem,Sooramangalam(Uzhavar Sandhai ),Onion,Bellary,Local,07/12/2025,2025,12,7,Winter,13.2,20.3,48.8,5792.5,5913.9,5850.2
Tamil Nadu,Salem,Sooramangalam(Uzhavar Sandhai ),Onion,Bellary,Local,08/02/2026,2026,2,8,Winter,8.6,22.8,45.3,4963.8,5154.4,5062.9
Tamil Nadu,Salem,Sooramangalam(Uzhavar Sandhai ),Onion,Bellary,Local,08/03/2026,2026,3,8,Summer,13.1,22.5,52.2,6406.4,6668.4,6557.1
Tamil Nadu,Salem,Sooramangalam(Uzhavar Sandhai ),Onion,Bellary,Local,09/08/2026,2026,8,9,Monsoon,163.1,34.9,67.4,9056.6,9291.0,9171.9
Tamil Nadu,Salem,Sooramangalam(Uzhavar Sandhai ),Onion,Bellary,Local,09/11/2025,2025,11,9,Post-Monsoon,72.5,22.9,63.7,6365.6,6543.4,6461.7
Tamil Nadu,Salem,Sooramangalam(Uzhavar Sandhai ),Onion,Bellary,Local,10/05/2026,2026,5,10,Summer,12.9,31.4,43.0,6754.5,7044.2,6925.3
Tamil Nadu,Salem,Sooramangalam(Uzhavar Sandhai ),Onion,Bellary,Local,11/01/2026,2026,1,11,Winter,5.9,17.1,46.1,5841.5,6190.6,6024.8
Tamil Nadu,Salem,Sooramangalam(Uzhavar Sandhai ),Onion,Bellary,Local,12/04/2026,2026,4,12,Summer,4.4,27.9,48.8,6519.6,6733.2,6628.9
Tamil Nadu,Salem,Sooramangalam(Uzhavar Sandhai ),Onion,Bellary,Local,12/07/2026,2026,7,12,Monsoon,174.3,35.6,75.3,8474.3,8663.8,8586.3
Tamil Nadu,Salem,Sooramangalam(Uzhavar Sandhai ),Onion,Bellary,Local,12/10/2025,2025,10,12,Post-Monsoon,72.0,28.2,57.5,6341.9,6516.3,6432.2
Tamil Nadu,Salem,Sooramangalam(Uzhavar Sandhai ),Onion,Bellary,Local,13/09/2026,2026,9,13,Monsoon,245.1,31.0,84.2,9808.2,9994.4,9896.7
Tamil Nadu,Salem,Sooramangalam(Uzhavar Sandhai ),Onion,Bellary,Local,14/06/2026,2026,6,14,Monsoon,91.5,34.9,60.1,8389.6,8854.0,8618.5
Tamil Nadu,Salem,Sooramangalam(Uzhavar Sandhai ),Onion,Bellary,Local,14/12/2025,2025,12,14,Winter,3.9,19.3,49.1,6021.8,6227.7,6119.5
Tamil Nadu,Salem,Sooramangalam(Uzhavar Sandhai ),Onion,Bellary,Local,15/02/2026,2026,2,15,Winter,18.2,21.9,48.6,5371.7,5650.9,5491.4
Tamil Nadu,Salem,Sooramangalam(Uzhavar Sandhai ),Onion,Bellary,Local,15/03/2026,2026,3,15,Summer,6.3,24.6,44.4,6323.1,6479.3,6410.0
Tamil Nadu,Salem,Sooramangalam(Uzhavar Sandhai ),Onion,Bellary,Local,16/08/2026,2026,8,16,Monsoon,132.8,36.7,71.8,8439.3,8679.6,8551.5
Tamil Nadu,Salem,Sooramangalam(Uzhavar Sandhai ),Onion,Bellary,Local,16/11/2025,2025,11,16,Post-Monsoon,55.7,23.9,54.8,6239.4,6585.1,6454.8
Tamil Nadu,Salem,Sooramangalam(Uzhavar Sandhai ),Onion,Bellary,Local,17/05/2026,2026,5,17,Summer,11.6,27.9,50.2,6316.0,6608.9,6455.7
Tamil Nadu,Salem,Sooramangalam(Uzhavar Sandhai ),Onion,Bellary,Local,18/01/2026,2026,1,18,Winter,10.0,19.2,48.8,5847.5,5986.9,5930.9
Tamil Nadu,Salem,Sooramangalam(Uzhavar Sandhai ),Onion,Bellary,Local,19/04/2026,2026,4,19,Summer,10.6,24.7,45.7,7039.3,7221.2,7136.0
Tamil Nadu,Salem,Sooramangalam(Uzhavar Sandhai ),Onion,Bellary,Local,19/07/2026,2026,7,19,Monsoon,148.2,34.2,66.4,9012.6,9305.2,9141.0
Tamil Nadu,Salem,Sooramangalam(Uzhavar Sandhai ),Onion,Bellary,Local,19/10/2025,2025,10,19,Post-Monsoon,21.0,26.1,45.2,6070.8,6217.5,6134.9
Tamil Nadu,Salem,Sooramangalam(Uzhavar Sandhai ),Onion,Bellary,Local,20/09/2026,2026,9,20,Monsoon,191.5,32.2,80.7,8808.8,8992.7,8921.8
Tamil Nadu,Salem,Sooramangalam(Uzhavar Sandhai ),Onion,Bellary,Local,21/06/2026,2026,6,21,Monsoon,97.2,31.7,65.7,7514.6,7693.1,7597.6
Tamil Nadu,Salem,Sooramangalam(Uzhavar Sandhai ),Onion,Bellary,Local,21/12/2025,2025,12,21,Winter,5.8,19.1,42.3,5902.9,6118.9,6034.0
Tamil Nadu,Salem,Sooramangalam(Uzhavar Sandhai ),Onion,Bellary,Local,22/02/2026,2026,2,22,Winter,4.8,21.1,40.2,5538.9,5900.7,5731.1
Tamil Nadu,Salem,Sooramangalam(Uzhavar Sandhai ),Onion,Bellary,Local,22/03/2026,2026,3,22,Summer,4.4,24.2,40.1,6177.5,6487.0,6369.7
Tamil Nadu,Salem,Sooramangalam(Uzhavar Sandhai ),Onion,Bellary,Local,23/08/2026,2026,8,23,Monsoon,87.7,33.2,62.7,8717.5,8911.2,8817.1
Tamil Nadu,Salem,Sooramangalam(Uzhavar Sandhai ),Onion,Bellary,Local,23/11/2025,2025,11,23,Post-Monsoon,20.7,24.5,47.4,6099.7,6334.6,6240.6
Tamil Nadu,Salem,Sooramangalam(Uzhavar Sandhai ),Onion,Bellary,Local,24/05/2026,2026,5,24,Summer,7.2,30.5,46.4,6707.4,6823.4,6760.8
Tamil Nadu,Salem,Sooramangalam(Uzhavar Sandhai ),Onion,Bellary,Local,25/01/2026,2026,1,25,Winter,16.4,18.9,47.7,5884.2,6192.2,6051.9
Tamil Nadu,Salem,Sooramangalam(Uzhavar Sandhai ),Onion,Bellary,Local,26/04/2026,2026,4,26,Summer,12.4,25.2,52.0,6314.8,6679.1,6505.6
Tamil Nadu,Salem,Sooramangalam(Uzhavar Sandhai ),Onion,Bellary,Local,26/07/2026,2026,7,26,Monsoon,86.4,31.0,61.8,8175.8,8324.1,8247.7
Tamil Nadu,Salem,Sooramangalam(Uzhavar Sandhai ),Onion,Bellary,Local,26/10/2025,2025,10,26,Post-Monsoon,26.9,26.5,47.6,6308.2,6659.6,6440.0
Tamil Nadu,Salem,Sooramangalam(Uzhavar Sandhai ),Onion,Bellary,Local,28/06/2026,2026,6,28,Monsoon,170.5,34.4,73.7,8577.2,8850.0,8715.7
Tamil Nadu,Salem,Sooramangalam(Uzhavar Sandhai ),Onion,Bellary,Local,28/12/2025,2025,12,28,Winter,14.2,21.8,48.0,5442.1,5660.9,5566.8
Tamil Nadu,Salem,Sooramangalam(Uzhavar Sandhai ),Onion,Bellary,Local,29/03/2026,2026,3,29,Summer,4.9,22.4,39.6,6237.7,6423.9,6329.1
Tamil Nadu,Salem,Sooramangalam(Uzhavar Sandhai ),Onion,Bellary,Local,30/08/2026,2026,8,30,Monsoon,210.4,33.7,75.8,8562.6,8721.6,8664.1
Tamil Nadu,Salem,Sooramangalam(Uzhavar Sandhai ),Onion,Bellary,Local,30/11/2025,2025,11,30,Post-Monsoon,34.3,21.4,51.4,5632.1,5842.9,5753.0
Tamil Nadu,Salem,Sooramangalam(Uzhavar Sandhai ),Onion,Bellary,Local,31/05/2026,2026,5,31,Summer,11.5,29.2,46.8,6414.4,6641.4,6543.3
Tamil Nadu,Salem,Thammampatti (Uzhavar Sandhai ),Onion,Bellary,Local,01/02/2026,2026,2,1,Winter,15.4,20.4,47.8,5598.8,5758.0,5669.8
Tamil Nadu,Salem,Thammampatti (Uzhavar Sandhai ),Onion,Bellary,Local,01/03/2026,2026,3,1,Summer,11.6,21.3,47.2,6765.9,6979.4,6887.4
Tamil Nadu,Salem,Thammampatti (Uzhavar Sandhai ),Onion,Bellary,Local,02/08/2026,2026,8,2,Monsoon,219.9,34.3,82.8,9474.7,9611.8,9526.9
Tamil Nadu,Salem,Thammampatti (Uzhavar Sandhai ),Onion,Bellary,Local,02/11/2025,2025,11,2,Post-Monsoon,51.2,19.7,55.4,6648.2,6845.9,6737.3
Tamil Nadu,Salem,Thammampatti (Uzhavar Sandhai ),Onion,Bellary,Local,03/05/2026,2026,5,3,Summer,4.0,28.8,48.0,6599.9,6837.0,6728.3
Tamil Nadu,Salem,Thammampatti (Uzhavar Sandhai ),Onion,Bellary,Local,04/01/2026,2026,1,4,Winter,8.6,19.9,49.8,5246.1,5554.9,5375.5
Tamil Nadu,Salem,Thammampatti (Uzhavar Sandhai ),Onion,Bellary,Local,05/04/2026,2026,4,5,Summer,12.1,24.7,47.0,6361.7,6523.8,6441.4
Tamil Nadu,Salem,Thammampatti (Uzhavar Sandhai ),Onion,Bellary,Local,05/07/2026,2026,7,5,Monsoon,83.9,35.9,60.0,8464.9,8612.1,8537.1
Tamil Nadu,Salem,Thammampatti (Uzhavar Sandhai ),Onion,Bellary,Local,05/10/2025,2025,10,5,Post-Monsoon,79.7,29.0,53.4,6349.0,6617.0,6486.2
Tamil Nadu,Salem,Thammampatti (Uzhavar Sandhai ),Onion,Bellary,Local,06/09/2026,2026,9,6,Monsoon,169.8,30.8,70.7,8316.9,8690.8,8472.6
Tamil Nadu,Salem,Thammampatti (Uzhavar Sandhai ),Onion,Bellary,Local,07/06/2026,2026,6,7,Monsoon,178.1,31.6,72.3,8973.6,9143.0,9054.8
Tamil Nadu,Salem,Thammampatti (Uzhavar Sandhai ),Onion,Bellary,Local,07/12/2025,2025,12,7,Winter,10.1,19.4,45.3,5689.9,5905.1,5778.5
Tamil Nadu,Salem,Thammampatti (Uzhavar Sandhai ),Onion,Bellary,Local,08/02/2026,2026,2,8,Winter,1.7,18.2,45.5,5357.3,5566.1,5458.6
Tamil Nadu,Salem,Thammampatti (Uzhavar Sandhai ),Onion,Bellary,Local,08/03/2026,2026,3,8,Summer,0.4,23.5,45.5,6825.5,7004.3,6918.6
Tamil Nadu,Salem,Thammampatti (Uzhavar Sandhai ),Onion,Bellary,Local,09/08/2026,2026,8,9,Monsoon,240.6,34.8,85.0,8447.0,8771.7,8611.1
Tamil Nadu,Salem,Thammampatti (Uzhavar Sandhai ),Onion,Bellary,Local,09/11/2025,2025,11,9,Post-Monsoon,78.7,25.0,58.0,6374.1,6532.0,6444.3
Tamil Nadu,Salem,Thammampatti (Uzhavar Sandhai ),Onion,Bellary,Local,10/05/2026,2026,5,10,Summer,16.4,34.1,48.5,6926.5,7298.8,7129.1
Tamil Nadu,Salem,Thammampatti (Uzhavar Sandhai ),Onion,Bellary,Local,11/01/2026,2026,1,11,Winter,18.0,19.0,45.0,5539.1,5682.6,5623.1
Tamil Nadu,Salem,Thammampatti (Uzhavar Sandhai ),Onion,Bellary,Local,12/04/2026,2026,4,12,Summer,3.3,26.2,46.1,6520.1,6683.2,6595.5
Tamil Nadu,Salem,Thammampatti (Uzhavar Sandhai ),Onion,Bellary,Local,12/07/2026,2026,7,12,Monsoon,178.0,32.4,74.6,9003.1,9148.4,9071.5
Tamil Nadu,Salem,Thammampatti (Uzhavar Sandhai ),Onion,Bellary,Local,12/10/2025,2025,10,12,Post-Monsoon,68.5,28.2,59.3,6328.6,6465.5,6414.2
Tamil Nadu,Salem,Thammampatti (Uzhavar Sandhai ),Onion,Bellary,Local,13/09/2026,2026,9,13,Monsoon,152.0,28.7,69.5,8943.9,9140.4,9043.0
Tamil Nadu,Salem,Thammampatti (Uzhavar Sandhai ),Onion,Bellary,Local,14/06/2026,2026,6,14,Monsoon,103.5,32.3,60.5,8175.9,8606.5,8373.2
Tamil Nadu,Salem,Thammampatti (Uzhavar Sandhai ),Onion,Bellary,Local,14/12/2025,2025,12,14,Winter,13.6,22.8,48.5,5893.3,6055.8,5983.3
Tamil Nadu,Salem,Thammampatti (Uzhavar Sandhai ),Onion,Bellary,Local,15/02/2026,2026,2,15,Winter,15.6,21.0,46.1,5541.9,5773.4,5635.9
Tamil Nadu,Salem,Thammampatti (Uzhavar Sandhai ),Onion,Bellary,Local,15/03/2026,2026,3,15,Summer,16.4,21.8,45.0,6250.2,6580.0,6409.4
Tamil Nadu,Salem,Thammampatti (Uzhavar Sandhai ),Onion,Bellary,Local,16/08/2026,2026,8,16,Monsoon,240.9,34.6,82.4,9132.8,9456.1,9264.1
Tamil Nadu,Salem,Thammampatti (Uzhavar Sandhai ),Onion,Bellary,Local,16/11/2025,2025,11,16,Post-Monsoon,57.2,22.4,55.8,6710.7,6920.8,6824.7
Tamil Nadu,Salem,Thammampatti (Uzhavar Sandhai ),Onion,Bellary,Local,17/05/2026,2026,5,17,Summer,1.4,28.1,47.9,6968.2,7281.2,7124.4
Tamil Nadu,Salem,Thammampatti (Uzhavar Sandhai ),Onion,Bellary,Local,18/01/2026,2026,1,18,Winter,3.0,19.0,47.7,5704.4,5953.6,5824.0
Tamil Nadu,Salem,Thammampatti (Uzhavar Sandhai ),Onion,Bellary,Local,19/04/2026,2026,4,19,Summer,0.9,25.5,44.1,6276.3,6507.6,6362.1
Tamil Nadu,Salem,Thammampatti (Uzhavar Sandhai ),Onion,Bellary,Local,19/07/2026,2026,7,19,Monsoon,179.7,35.5,74.1,8497.5,8730.3,8605.8
Tamil Nadu,Salem,Thammampatti (Uzhavar Sandhai ),Onion,Bellary,Local,19/10/2025,2025,10,19,Post-Monsoon,63.3,29.6,52.7,5936.2,6173.4,6043.0
Tamil Nadu,Salem,Thammampatti (Uzhavar Sandhai ),Onion,Bellary,Local,20/09/2026,2026,9,20,Monsoon,124.2,29.7,63.1,8688.8,8962.5,8815.5
Tamil Nadu,Salem,Thammampatti (Uzhavar Sandhai ),Onion,Bellary,Local,21/06/2026,2026,6,21,Monsoon,153.8,32.8,69.3,8616.1,8781.6,8707.8
Tamil Nadu,Salem,Thammampatti (Uzhavar Sandhai ),Onion,Bellary,Local,21/12/2025,2025,12,21,Winter,8.6,21.0,49.5,5797.1,6088.8,5925.6
Tamil Nadu,Salem,Thammampatti (Uzhavar Sandhai ),Onion,Bellary,Local,22/02/2026,2026,2,22,Winter,11.5,19.9,47.0,5908.7,6013.2,5961.1
Tamil Nadu,Salem,Thammampatti (Uzhavar Sandhai ),Onion,Bellary,Local,22/03/2026,2026,3,22,Summer,19.8,20.9,44.0,6462.4,6657.7,6551.4
Tamil Nadu,Salem,Thammampatti (Uzhavar Sandhai ),Onion,Bellary,Local,23/08/2026,2026,8,23,Monsoon,228.4,35.3,80.0,9529.1,9696.6,9612.3
Tamil Nadu,Salem,Thammampatti (Uzhavar Sandhai ),Onion,Bellary,Local,23/11/2025,2025,11,23,Post-Monsoon,79.2,22.5,65.2,5825.4,5995.5,5918.4
Tamil Nadu,Salem,Thammampatti (Uzhavar Sandhai ),Onion,Bellary,Local,24/05/2026,2026,5,24,Summer,2.2,31.9,46.8,6136.8,6355.2,6270.1
Tamil Nadu,Salem,Thammampatti (Uzhavar Sandhai ),Onion,Bellary,Local,25/01/2026,2026,1,25,Winter,16.7,20.3,49.5,5128.2,5389.0,5271.9
Tamil Nadu,Salem,Thammampatti (Uzhavar Sandhai ),Onion,Bellary,Local,26/04/2026,2026,4,26,Summer,9.8,27.0,42.4,6492.0,6702.3,6577.2
Tamil Nadu,Salem,Thammampatti (Uzhavar Sandhai ),Onion,Bellary,Local,26/07/2026,2026,7,26,Monsoon,136.1,34.3,68.3,8842.6,9160.6,9021.3
Tamil Nadu,Salem,Thammampatti (Uzhavar Sandhai ),Onion,Bellary,Local,26/10/2025,2025,10,26,Post-Monsoon,64.3,27.6,55.4,5988.7,6285.4,6107.0
Tamil Nadu,Salem,Thammampatti (Uzhavar Sandhai ),Onion,Bellary,Local,28/06/2026,2026,6,28,Monsoon,134.0,32.1,70.1,7778.2,8073.7,7914.4
Tamil Nadu,Salem,Thammampatti (Uzhavar Sandhai ),Onion,Bellary,Local,28/12/2025,2025,12,28,Winter,7.3,19.8,47.5,5832.0,6148.2,5994.5
Tamil Nadu,Salem,Thammampatti (Uzhavar Sandhai ),Onion,Bellary,Local,29/03/2026,2026,3,29,Summer,0.9,24.4,40.7,6143.6,6330.1,6248.4
Tamil Nadu,Salem,Thammampatti (Uzhavar Sandhai ),Onion,Bellary,Local,30/08/2026,2026,8,30,Monsoon,163.5,33.0,72.7,8608.7,8949.8,8804.9
Tamil Nadu,Salem,Thammampatti (Uzhavar Sandhai ),Onion,Bellary,Local,30/11/2025,2025,11,30,Post-Monsoon,32.1,20.1,53.8,6092.7,6409.2,6233.7
Tamil Nadu,Salem,Thammampatti (Uzhavar Sandhai ),Onion,Bellary,Local,31/05/2026,2026,5,31,Summer,3.8,31.1,54.4,6378.2,6479.7,6427.6
Tamil Nadu,Salem,Thathakapatti(Uzhavar Sandhai ),Onion,Bellary,Local,01/02/2026,2026,2,1,Winter,6.8,19.5,46.6,5404.4,5595.0,5500.1
Tamil Nadu,Salem,Thathakapatti(Uzhavar Sandhai ),Onion,Bellary,Local,01/03/2026,2026,3,1,Summer,9.2,25.7,48.4,6786.5,6966.9,6879.8
Tamil Nadu,Salem,Thathakapatti(Uzhavar Sandhai ),Onion,Bellary,Local,02/08/2026,2026,8,2,Monsoon,83.8,31.5,62.4,8383.4,8596.5,8516.0
Tamil Nadu,Salem,Thathakapatti(Uzhavar Sandhai ),Onion,Bellary,Local,02/11/2025,2025,11,2,Post-Monsoon,76.3,22.4,57.2,6099.4,6349.5,6218.3
Tamil Nadu,Salem,Thathakapatti(Uzhavar Sandhai ),Onion,Bellary,Local,03/05/2026,2026,5,3,Summer,0.8,31.3,40.9,6060.8,6184.8,6119.6
Tamil Nadu,Salem,Thathakapatti(Uzhavar Sandhai ),Onion,Bellary,Local,04/01/2026,2026,1,4,Winter,4.0,22.7,45.3,5743.7,5954.3,5862.4
Tamil Nadu,Salem,Thathakapatti(Uzhavar Sandhai ),Onion,Bellary,Local,05/04/2026,2026,4,5,Summer,13.4,27.1,46.7,6631.9,6951.6,6830.2
Tamil Nadu,Salem,Thathakapatti(Uzhavar Sandhai ),Onion,Bellary,Local,05/07/2026,2026,7,5,Monsoon,176.8,37.4,73.8,9308.3,9489.7,9391.1
Tamil Nadu,Salem,Thathakapatti(Uzhavar Sandhai ),Onion,Bellary,Local,05/10/2025,2025,10,5,Post-Monsoon,32.1,28.3,49.4,5348.3,5499.9,5444.4
Tamil Nadu,Salem,Thathakapatti(Uzhavar Sandhai ),Onion,Bellary,Local,06/09/2026,2026,9,6,Monsoon,115.1,32.4,60.6,8347.2,8552.4,8466.3
Tamil Nadu,Salem,Thathakapatti(Uzhavar Sandhai ),Onion,Bellary,Local,07/06/2026,2026,6,7,Monsoon,233.8,31.3,88.7,9301.0,9549.1,9409.8
Tamil Nadu,Salem,Thathakapatti(Uzhavar Sandhai ),Onion,Bellary,Local,07/12/2025,2025,12,7,Winter,7.7,20.6,53.7,5475.7,5668.0,5596.4
Tamil Nadu,Salem,Thathakapatti(Uzhavar Sandhai ),Onion,Bellary,Local,08/02/2026,2026,2,8,Winter,8.1,21.1,47.8,5933.6,6242.9,6076.9
Tamil Nadu,Salem,Thathakapatti(Uzhavar Sandhai ),Onion,Bellary,Local,08/03/2026,2026,3,8,Summer,0.8,23.4,48.6,6733.9,7037.2,6902.4
Tamil Nadu,Salem,Thathakapatti(Uzhavar Sandhai ),Onion,Bellary,Local,09/08/2026,2026,8,9,Monsoon,192.7,33.5,72.3,9108.1,9357.6,9235.4
Tamil Nadu,Salem,Thathakapatti(Uzhavar Sandhai ),Onion,Bellary,Local,09/11/2025,2025,11,9,Post-Monsoon,36.8,25.6,52.3,6041.1,6338.7,6217.5
Tamil Nadu,Salem,Thathakapatti(Uzhavar Sandhai ),Onion,Bellary,Local,10/05/2026,2026,5,10,Summer,13.1,32.6,42.0,6808.1,6998.0,6904.3
Tamil Nadu,Salem,Thathakapatti(Uzhavar Sandhai ),Onion,Bellary,Local,11/01/2026,2026,1,11,Winter,15.0,17.5,49.0,5482.3,5746.3,5603.0
Tamil Nadu,Salem,Thathakapatti(Uzhavar Sandhai ),Onion,Bellary,Local,12/04/2026,2026,4,12,Summer,18.1,22.6,44.5,6229.5,6457.7,6376.3
Tamil Nadu,Salem,Thathakapatti(Uzhavar Sandhai ),Onion,Bellary,Local,12/07/2026,2026,7,12,Monsoon,83.1,34.4,60.6,8181.9,8429.1,8290.4
Tamil Nadu,Salem,Thathakapatti(Uzhavar Sandhai ),Onion,Bellary,Local,12/10/2025,2025,10,12,Post-Monsoon,61.8,26.3,54.9,5838.8,5980.5,5912.6
Tamil Nadu,Salem,Thathakapatti(Uzhavar Sandhai ),Onion,Bellary,Local,13/09/2026,2026,9,13,Monsoon,163.0,33.3,66.4,8651.4,8992.9,8853.3
Tamil Nadu,Salem,Thathakapatti(Uzhavar Sandhai ),Onion,Bellary,Local,14/06/2026,2026,6,14,Monsoon,160.0,34.1,74.0,8146.7,8544.7,8331.9
Tamil Nadu,Salem,Thathakapatti(Uzhavar Sandhai ),Onion,Bellary,Local,14/12/2025,2025,12,14,Winter,17.1,20.3,51.6,5299.6,5428.5,5359.8
Tamil Nadu,Salem,Thathakapatti(Uzhavar Sandhai ),Onion,Bellary,Local,15/02/2026,2026,2,15,Winter,9.7,21.3,45.7,5474.4,5726.1,5620.7
Tamil Nadu,Salem,Thathakapatti(Uzhavar Sandhai ),Onion,Bellary,Local,15/03/2026,2026,3,15,Summer,17.4,23.9,47.2,6260.7,6493.8,6394.5
Tamil Nadu,Salem,Thathakapatti(Uzhavar Sandhai ),Onion,Bellary,Local,16/08/2026,2026,8,16,Monsoon,135.9,32.9,66.9,8400.1,8583.3,8494.9
Tamil Nadu,Salem,Thathakapatti(Uzhavar Sandhai ),Onion,Bellary,Local,16/11/2025,2025,11,16,Post-Monsoon,26.5,22.6,46.6,5975.9,6304.6,6098.2
Tamil Nadu,Salem,Thathakapatti(Uzhavar Sandhai ),Onion,Bellary,Local,17/05/2026,2026,5,17,Summer,0.7,32.2,45.5,5907.9,6177.9,6015.6
Tamil Nadu,Salem,Thathakapatti(Uzhavar Sandhai ),Onion,Bellary,Local,18/01/2026,2026,1,18,Winter,17.3,17.2,46.1,5527.6,5711.9,5640.7
Tamil Nadu,Salem,Thathakapatti(Uzhavar Sandhai ),Onion,Bellary,Local,19/04/2026,2026,4,19,Summer,5.5,27.3,48.4,6583.3,6915.1,6769.7
Tamil Nadu,Salem,Thathakapatti(Uzhavar Sandhai ),Onion,Bellary,Local,19/07/2026,2026,7,19,Monsoon,211.9,33.5,75.3,9252.8,9436.3,9327.7
Tamil Nadu,Salem,Thathakapatti(Uzhavar Sandhai ),Onion,Bellary,Local,19/10/2025,2025,10,19,Post-Monsoon,50.4,27.2,53.3,6169.7,6519.1,6354.2
Tamil Nadu,Salem,Thathakapatti(Uzhavar Sandhai ),Onion,Bellary,Local,20/09/2026,2026,9,20,Monsoon,84.2,31.4,55.4,7861.5,8127.4,8024.8
Tamil Nadu,Salem,Thathakapatti(Uzhavar Sandhai ),Onion,Bellary,Local,21/06/2026,2026,6,21,Monsoon,126.3,34.4,66.6,8807.6,8983.0,8902.1
Tamil Nadu,Salem,Thathakapatti(Uzhavar Sandhai ),Onion,Bellary,Local,21/12/2025,2025,12,21,Winter,2.6,20.3,39.5,5793.2,6077.8,5944.8
Tamil Nadu,Salem,Thathakapatti(Uzhavar Sandhai ),Onion,Bellary,Local,22/02/2026,2026,2,22,Winter,7.8,19.7,49.8,5706.7,5995.5,5859.0
Tamil Nadu,Salem,Thathakapatti(Uzhavar Sandhai ),Onion,Bellary,Local,22/03/2026,2026,3,22,Summer,11.8,24.3,45.9,6413.1,6821.8,6603.8
Tamil Nadu,Salem,Thathakapatti(Uzhavar Sandhai ),Onion,Bellary,Local,23/08/2026,2026,8,23,Monsoon,240.4,31.7,84.5,9223.3,9533.1,9361.9
Tamil Nadu,Salem,Thathakapatti(Uzhavar Sandhai ),Onion,Bellary,Local,23/11/2025,2025,11,23,Post-Monsoon,51.5,22.1,52.7,6431.5,6643.9,6557.7
Tamil Nadu,Salem,Thathakapatti(Uzhavar Sandhai ),Onion,Bellary,Local,24/05/2026,2026,5,24,Summer,7.4,30.9,45.7,5895.3,6088.6,5969.4
Tamil Nadu,Salem,Thathakapatti(Uzhavar Sandhai ),Onion,Bellary,Local,25/01/2026,2026,1,25,Winter,0.5,21.2,45.2,5460.3,5709.3,5584.4
Tamil Nadu,Salem,Thathakapatti(Uzhavar Sandhai ),Onion,Bellary,Local,26/04/2026,2026,4,26,Summer,18.5,27.6,52.3,6675.6,6978.9,6810.3
Tamil Nadu,Salem,Thathakapatti(Uzhavar Sandhai ),Onion,Bellary,Local,26/07/2026,2026,7,26,Monsoon,197.0,37.8,75.4,9572.5,9836.4,9704.7
Tamil Nadu,Salem,Thathakapatti(Uzhavar Sandhai ),Onion,Bellary,Local,26/10/2025,2025,10,26,Post-Monsoon,71.3,28.6,56.2,6009.6,6389.1,6182.9
Tamil Nadu,Salem,Thathakapatti(Uzhavar Sandhai ),Onion,Bellary,Local,28/06/2026,2026,6,28,Monsoon,129.7,32.7,69.5,8876.6,9026.2,8939.2
Tamil Nadu,Salem,Thathakapatti(Uzhavar Sandhai ),Onion,Bellary,Local,28/12/2025,2025,12,28,Winter,9.5,20.7,50.0,5550.8,5716.2,5613.4
Tamil Nadu,Salem,Thathakapatti(Uzhavar Sandhai ),Onion,Bellary,Local,29/03/2026,2026,3,29,Summer,13.5,23.3,40.5,6591.5,6834.7,6711.5
Tamil Nadu,Salem,Thathakapatti(Uzhavar Sandhai ),Onion,Bellary,Local,30/08/2026,2026,8,30,Monsoon,189.2,36.6,77.9,8331.0,8587.8,8480.5
Tamil Nadu,Salem,Thathakapatti(Uzhavar Sandhai ),Onion,Bellary,Local,30/11/2025,2025,11,30,Post-Monsoon,47.0,25.7,49.7,6083.8,6366.0,6241.8
Tamil Nadu,Salem,Thathakapatti(Uzhavar Sandhai ),Onion,Bellary,Local,31/05/2026,2026,5,31,Summer,19.9,32.2,45.0,6123.7,6407.9,6280.7
Tamil Nadu,Sivaganga,Devakottai (Uzhavar Sandhai ),Onion,Bellary,Local,01/02/2026,2026,2,1,Winter,1.8,20.9,42.4,4782.4,4959.7,4862.2
Tamil Nadu,Sivaganga,Devakottai (Uzhavar Sandhai ),Onion,Bellary,Local,01/03/2026,2026,3,1,Summer,4.8,21.8,45.5,5216.3,5346.8,5272.3
Tamil Nadu,Sivaganga,Devakottai (Uzhavar Sandhai ),Onion,Bellary,Local,02/08/2026,2026,8,2,Monsoon,133.4,36.4,70.0,6749.2,7137.9,6974.4
Tamil Nadu,Sivaganga,Devakottai (Uzhavar Sandhai ),Onion,Bellary,Local,02/11/2025,2025,11,2,Post-Monsoon,47.1,23.5,51.6,4984.6,5146.3,5054.9
Tamil Nadu,Sivaganga,Devakottai (Uzhavar Sandhai ),Onion,Bellary,Local,03/05/2026,2026,5,3,Summer,19.2,29.5,57.3,5104.7,5386.0,5217.0
Tamil Nadu,Sivaganga,Devakottai (Uzhavar Sandhai ),Onion,Bellary,Local,04/01/2026,2026,1,4,Winter,4.3,20.4,48.2,4482.2,4670.2,4580.8
Tamil Nadu,Sivaganga,Devakottai (Uzhavar Sandhai ),Onion,Bellary,Local,05/04/2026,2026,4,5,Summer,16.1,28.0,52.4,5266.4,5558.1,5426.8
Tamil Nadu,Sivaganga,Devakottai (Uzhavar Sandhai ),Onion,Bellary,Local,05/07/2026,2026,7,5,Monsoon,105.0,33.3,64.4,6598.4,6743.8,6659.7
Tamil Nadu,Sivaganga,Devakottai (Uzhavar Sandhai ),Onion,Bellary,Local,05/10/2025,2025,10,5,Post-Monsoon,56.3,26.5,51.6,5122.3,5321.1,5206.5
Tamil Nadu,Sivaganga,Devakottai (Uzhavar Sandhai ),Onion,Bellary,Local,06/09/2026,2026,9,6,Monsoon,117.2,31.7,62.5,6756.3,7075.9,6941.3
Tamil Nadu,Sivaganga,Devakottai (Uzhavar Sandhai ),Onion,Bellary,Local,07/06/2026,2026,6,7,Monsoon,245.8,33.7,85.4,7593.2,7878.2,7718.4
Tamil Nadu,Sivaganga,Devakottai (Uzhavar Sandhai ),Onion,Bellary,Local,07/12/2025,2025,12,7,Winter,11.0,23.2,50.9,4534.7,4871.4,4717.5
Tamil Nadu,Sivaganga,Devakottai (Uzhavar Sandhai ),Onion,Bellary,Local,08/02/2026,2026,2,8,Winter,0.7,19.6,46.6,4368.7,4674.7,4494.4
Tamil Nadu,Sivaganga,Devakottai (Uzhavar Sandhai ),Onion,Bellary,Local,08/03/2026,2026,3,8,Summer,15.7,20.3,49.4,5096.4,5252.5,5177.7
Tamil Nadu,Sivaganga,Devakottai (Uzhavar Sandhai ),Onion,Bellary,Local,09/08/2026,2026,8,9,Monsoon,113.2,36.5,62.9,5759.9,6107.4,5906.8
Tamil Nadu,Sivaganga,Devakottai (Uzhavar Sandhai ),Onion,Bellary,Local,09/11/2025,2025,11,9,Post-Monsoon,74.1,24.5,56.0,5231.3,5491.1,5399.8
Tamil Nadu,Sivaganga,Devakottai (Uzhavar Sandhai ),Onion,Bellary,Local,10/05/2026,2026,5,10,Summer,11.7,30.5,41.7,5608.3,5728.4,5658.8
Tamil Nadu,Sivaganga,Devakottai (Uzhavar Sandhai ),Onion,Bellary,Local,11/01/2026,2026,1,11,Winter,13.9,20.7,46.0,4749.4,4942.8,4860.1
Tamil Nadu,Sivaganga,Devakottai (Uzhavar Sandhai ),Onion,Bellary,Local,12/04/2026,2026,4,12,Summer,18.8,26.0,48.0,5012.7,5336.6,5177.0
Tamil Nadu,Sivaganga,Devakottai (Uzhavar Sandhai ),Onion,Bellary,Local,12/07/2026,2026,7,12,Monsoon,131.4,37.0,66.9,6894.7,7124.3,6989.6
Tamil Nadu,Sivaganga,Devakottai (Uzhavar Sandhai ),Onion,Bellary,Local,12/10/2025,2025,10,12,Post-Monsoon,32.3,25.8,42.1,4970.3,5103.0,5053.4
Tamil Nadu,Sivaganga,Devakottai (Uzhavar Sandhai ),Onion,Bellary,Local,13/09/2026,2026,9,13,Monsoon,143.7,30.7,66.4,7253.9,7429.2,7334.1
Tamil Nadu,Sivaganga,Devakottai (Uzhavar Sandhai ),Onion,Bellary,Local,14/06/2026,2026,6,14,Monsoon,92.1,32.9,57.6,6159.8,6281.5,6221.2
Tamil Nadu,Sivaganga,Devakottai (Uzhavar Sandhai ),Onion,Bellary,Local,14/12/2025,2025,12,14,Winter,2.8,21.7,50.0,4357.5,4574.5,4470.2
Tamil Nadu,Sivaganga,Devakottai (Uzhavar Sandhai ),Onion,Bellary,Local,15/02/2026,2026,2,15,Winter,17.8,20.2,49.9,4398.6,4838.0,4617.1
Tamil Nadu,Sivaganga,Devakottai (Uzhavar Sandhai ),Onion,Bellary,Local,15/03/2026,2026,3,15,Summer,15.2,24.0,50.6,5704.5,6021.5,5875.7
Tamil Nadu,Sivaganga,Devakottai (Uzhavar Sandhai ),Onion,Bellary,Local,16/08/2026,2026,8,16,Monsoon,149.2,31.7,67.3,6365.4,6602.8,6480.5
Tamil Nadu,Sivaganga,Devakottai (Uzhavar Sandhai ),Onion,Bellary,Local,16/11/2025,2025,11,16,Post-Monsoon,58.9,22.7,52.4,4883.1,5228.2,5069.9
Tamil Nadu,Sivaganga,Devakottai (Uzhavar Sandhai ),Onion,Bellary,Local,17/05/2026,2026,5,17,Summer,1.7,32.4,46.1,5322.0,5550.1,5435.3
Tamil Nadu,Sivaganga,Devakottai (Uzhavar Sandhai ),Onion,Bellary,Local,18/01/2026,2026,1,18,Winter,18.8,19.9,43.7,4805.3,4993.5,4883.0
Tamil Nadu,Sivaganga,Devakottai (Uzhavar Sandhai ),Onion,Bellary,Local,19/04/2026,2026,4,19,Summer,5.5,27.6,42.8,4982.3,5287.9,5124.7
Tamil Nadu,Sivaganga,Devakottai (Uzhavar Sandhai ),Onion,Bellary,Local,19/07/2026,2026,7,19,Monsoon,126.5,33.4,62.7,6783.6,7032.2,6887.4
Tamil Nadu,Sivaganga,Devakottai (Uzhavar Sandhai ),Onion,Bellary,Local,19/10/2025,2025,10,19,Post-Monsoon,48.5,30.0,55.6,4778.4,4927.5,4857.2
Tamil Nadu,Sivaganga,Devakottai (Uzhavar Sandhai ),Onion,Bellary,Local,20/09/2026,2026,9,20,Monsoon,215.3,31.8,76.5,7096.4,7374.3,7234.6
Tamil Nadu,Sivaganga,Devakottai (Uzhavar Sandhai ),Onion,Bellary,Local,21/06/2026,2026,6,21,Monsoon,245.4,33.6,79.2,7341.6,7617.0,7480.7
Tamil Nadu,Sivaganga,Devakottai (Uzhavar Sandhai ),Onion,Bellary,Local,21/12/2025,2025,12,21,Winter,18.2,20.9,49.5,4765.4,5091.6,4943.1
Tamil Nadu,Sivaganga,Devakottai (Uzhavar Sandhai ),Onion,Bellary,Local,22/02/2026,2026,2,22,Winter,5.0,19.0,46.2,4631.2,5037.9,4827.2
Tamil Nadu,Sivaganga,Devakottai (Uzhavar Sandhai ),Onion,Bellary,Local,22/03/2026,2026,3,22,Summer,11.6,25.7,45.4,4950.6,5296.9,5123.7
Tamil Nadu,Sivaganga,Devakottai (Uzhavar Sandhai ),Onion,Bellary,Local,23/08/2026,2026,8,23,Monsoon,241.7,34.3,79.9,7377.7,7637.5,7492.5
Tamil Nadu,Sivaganga,Devakottai (Uzhavar Sandhai ),Onion,Bellary,Local,23/11/2025,2025,11,23,Post-Monsoon,33.2,25.0,46.5,4642.6,4784.7,4711.3
Tamil Nadu,Sivaganga,Devakottai (Uzhavar Sandhai ),Onion,Bellary,Local,24/05/2026,2026,5,24,Summer,3.9,32.2,42.9,5380.0,5698.5,5590.1
Tamil Nadu,Sivaganga,Devakottai (Uzhavar Sandhai ),Onion,Bellary,Local,25/01/2026,2026,1,25,Winter,4.4,16.7,47.6,4620.8,4925.6,4802.8
Tamil Nadu,Sivaganga,Devakottai (Uzhavar Sandhai ),Onion,Bellary,Local,26/04/2026,2026,4,26,Summer,16.7,27.6,49.2,5555.1,5910.0,5734.3
Tamil Nadu,Sivaganga,Devakottai (Uzhavar Sandhai ),Onion,Bellary,Local,26/07/2026,2026,7,26,Monsoon,89.7,33.2,52.4,6644.6,6990.5,6813.5
Tamil Nadu,Sivaganga,Devakottai (Uzhavar Sandhai ),Onion,Bellary,Local,26/10/2025,2025,10,26,Post-Monsoon,70.2,28.3,57.3,5146.8,5401.1,5255.3
Tamil Nadu,Sivaganga,Devakottai (Uzhavar Sandhai ),Onion,Bellary,Local,28/06/2026,2026,6,28,Monsoon,119.5,33.4,62.4,7166.4,7316.5,7226.6
Tamil Nadu,Sivaganga,Devakottai (Uzhavar Sandhai ),Onion,Bellary,Local,28/12/2025,2025,12,28,Winter,12.6,19.9,43.4,4385.1,4538.9,4464.2
Tamil Nadu,Sivaganga,Devakottai (Uzhavar Sandhai ),Onion,Bellary,Local,29/03/2026,2026,3,29,Summer,6.8,22.2,41.7,5184.8,5619.3,5421.9
Tamil Nadu,Sivaganga,Devakottai (Uzhavar Sandhai ),Onion,Bellary,Local,30/08/2026,2026,8,30,Monsoon,143.3,38.0,65.3,7005.4,7221.8,7109.5
Tamil Nadu,Sivaganga,Devakottai (Uzhavar Sandhai ),Onion,Bellary,Local,30/11/2025,2025,11,30,Post-Monsoon,63.4,24.9,58.0,5027.2,5189.6,5109.1
Tamil Nadu,Sivaganga,Devakottai (Uzhavar Sandhai ),Onion,Bellary,Local,31/05/2026,2026,5,31,Summer,17.9,31.4,48.1,5644.6,5763.9,5710.9
Tamil Nadu,Sivaganga,Karaikudi(Uzhavar Sandhai ),Onion,Bellary,Local,01/02/2026,2026,2,1,Winter,8.6,20.4,51.5,6004.2,6208.7,6111.9
Tamil Nadu,Sivaganga,Karaikudi(Uzhavar Sandhai ),Onion,Bellary,Local,01/03/2026,2026,3,1,Summer,4.3,23.2,43.6,7176.7,7321.2,7238.5
Tamil Nadu,Sivaganga,Karaikudi(Uzhavar Sandhai ),Onion,Bellary,Local,02/08/2026,2026,8,2,Monsoon,81.9,32.9,61.1,8649.6,8912.8,8797.3
Tamil Nadu,Sivaganga,Karaikudi(Uzhavar Sandhai ),Onion,Bellary,Local,02/11/2025,2025,11,2,Post-Monsoon,40.4,22.5,58.7,6559.6,6900.8,6730.7
Tamil Nadu,Sivaganga,Karaikudi(Uzhavar Sandhai ),Onion,Bellary,Local,03/05/2026,2026,5,3,Summer,16.3,30.1,42.9,7529.7,7687.5,7600.6
Tamil Nadu,Sivaganga,Karaikudi(Uzhavar Sandhai ),Onion,Bellary,Local,04/01/2026,2026,1,4,Winter,3.3,17.4,46.4,5978.6,6203.1,6081.6
Tamil Nadu,Sivaganga,Karaikudi(Uzhavar Sandhai ),Onion,Bellary,Local,05/04/2026,2026,4,5,Summer,16.5,26.9,45.3,6429.1,6635.8,6560.0
Tamil Nadu,Sivaganga,Karaikudi(Uzhavar Sandhai ),Onion,Bellary,Local,05/07/2026,2026,7,5,Monsoon,239.6,35.7,79.9,9631.7,9853.4,9753.6
Tamil Nadu,Sivaganga,Karaikudi(Uzhavar Sandhai ),Onion,Bellary,Local,05/10/2025,2025,10,5,Post-Monsoon,20.0,26.0,49.1,6477.8,6744.9,6638.9
Tamil Nadu,Sivaganga,Karaikudi(Uzhavar Sandhai ),Onion,Bellary,Local,06/09/2026,2026,9,6,Monsoon,177.2,30.0,75.2,9742.8,9879.5,9807.8
Tamil Nadu,Sivaganga,Karaikudi(Uzhavar Sandhai ),Onion,Bellary,Local,07/06/2026,2026,6,7,Monsoon,171.9,33.6,76.0,9652.7,9865.1,9770.4
Tamil Nadu,Sivaganga,Karaikudi(Uzhavar Sandhai ),Onion,Bellary,Local,07/12/2025,2025,12,7,Winter,15.5,19.0,43.9,6189.3,6402.9,6293.9
Tamil Nadu,Sivaganga,Karaikudi(Uzhavar Sandhai ),Onion,Bellary,Local,08/02/2026,2026,2,8,Winter,3.3,17.3,45.9,5697.7,6044.4,5849.1
Tamil Nadu,Sivaganga,Karaikudi(Uzhavar Sandhai ),Onion,Bellary,Local,08/03/2026,2026,3,8,Summer,5.9,26.1,45.7,7183.2,7332.6,7257.8
Tamil Nadu,Sivaganga,Karaikudi(Uzhavar Sandhai ),Onion,Bellary,Local,09/08/2026,2026,8,9,Monsoon,126.8,33.2,62.2,9313.1,9643.1,9468.2
Tamil Nadu,Sivaganga,Karaikudi(Uzhavar Sandhai ),Onion,Bellary,Local,09/11/2025,2025,11,9,Post-Monsoon,23.0,23.1,47.1,6816.3,6957.5,6874.8
Tamil Nadu,Sivaganga,Karaikudi(Uzhavar Sandhai ),Onion,Bellary,Local,10/05/2026,2026,5,10,Summer,8.3,32.7,50.2,7031.2,7206.1,7099.0
Tamil Nadu,Sivaganga,Karaikudi(Uzhavar Sandhai ),Onion,Bellary,Local,11/01/2026,2026,1,11,Winter,13.2,19.7,49.6,6187.9,6516.7,6356.1
Tamil Nadu,Sivaganga,Karaikudi(Uzhavar Sandhai ),Onion,Bellary,Local,12/04/2026,2026,4,12,Summer,18.7,27.5,53.9,7124.5,7337.5,7212.3
Tamil Nadu,Sivaganga,Karaikudi(Uzhavar Sandhai ),Onion,Bellary,Local,12/07/2026,2026,7,12,Monsoon,109.1,33.5,66.9,8690.9,8969.2,8812.7
Tamil Nadu,Sivaganga,Karaikudi(Uzhavar Sandhai ),Onion,Bellary,Local,12/10/2025,2025,10,12,Post-Monsoon,47.5,25.9,51.8,6877.9,6997.9,6939.9
Tamil Nadu,Sivaganga,Karaikudi(Uzhavar Sandhai ),Onion,Bellary,Local,13/09/2026,2026,9,13,Monsoon,141.4,33.5,65.0,9727.4,9900.1,9825.1
Tamil Nadu,Sivaganga,Karaikudi(Uzhavar Sandhai ),Onion,Bellary,Local,14/06/2026,2026,6,14,Monsoon,167.4,33.6,73.8,8716.4,8876.8,8788.5
Tamil Nadu,Sivaganga,Karaikudi(Uzhavar Sandhai ),Onion,Bellary,Local,14/12/2025,2025,12,14,Winter,6.4,20.4,47.0,6160.0,6373.5,6244.3
Tamil Nadu,Sivaganga,Karaikudi(Uzhavar Sandhai ),Onion,Bellary,Local,15/02/2026,2026,2,15,Winter,13.2,22.9,49.5,6031.5,6228.8,6101.8
Tamil Nadu,Sivaganga,Karaikudi(Uzhavar Sandhai ),Onion,Bellary,Local,15/03/2026,2026,3,15,Summer,13.8,20.7,46.5,6658.2,6939.3,6778.2
Tamil Nadu,Sivaganga,Karaikudi(Uzhavar Sandhai ),Onion,Bellary,Local,16/08/2026,2026,8,16,Monsoon,88.6,35.7,58.4,8496.7,8728.9,8609.3
Tamil Nadu,Sivaganga,Karaikudi(Uzhavar Sandhai ),Onion,Bellary,Local,16/11/2025,2025,11,16,Post-Monsoon,34.2,22.7,51.2,6317.3,6486.0,6394.8
Tamil Nadu,Sivaganga,Karaikudi(Uzhavar Sandhai ),Onion,Bellary,Local,17/05/2026,2026,5,17,Summer,0.8,30.0,41.5,6837.4,7146.8,7010.2
Tamil Nadu,Sivaganga,Karaikudi(Uzhavar Sandhai ),Onion,Bellary,Local,18/01/2026,2026,1,18,Winter,15.1,20.0,44.1,5534.5,5958.2,5745.6
Tamil Nadu,Sivaganga,Karaikudi(Uzhavar Sandhai ),Onion,Bellary,Local,19/04/2026,2026,4,19,Summer,19.4,26.2,53.3,7298.1,7425.2,7369.2
Tamil Nadu,Sivaganga,Karaikudi(Uzhavar Sandhai ),Onion,Bellary,Local,19/07/2026,2026,7,19,Monsoon,97.0,33.3,61.6,8540.7,8909.2,8752.9
Tamil Nadu,Sivaganga,Karaikudi(Uzhavar Sandhai ),Onion,Bellary,Local,19/10/2025,2025,10,19,Post-Monsoon,34.3,27.0,50.3,6727.8,6960.9,6868.6
Tamil Nadu,Sivaganga,Karaikudi(Uzhavar Sandhai ),Onion,Bellary,Local,20/09/2026,2026,9,20,Monsoon,230.6,29.7,81.0,10123.2,10288.3,10211.1
Tamil Nadu,Sivaganga,Karaikudi(Uzhavar Sandhai ),Onion,Bellary,Local,21/06/2026,2026,6,21,Monsoon,81.1,36.2,55.9,9009.9,9362.7,9215.1
Tamil Nadu,Sivaganga,Karaikudi(Uzhavar Sandhai ),Onion,Bellary,Local,21/12/2025,2025,12,21,Winter,0.2,21.6,48.1,5738.2,5875.9,5811.7
Tamil Nadu,Sivaganga,Karaikudi(Uzhavar Sandhai ),Onion,Bellary,Local,22/02/2026,2026,2,22,Winter,16.0,21.4,48.1,5857.7,6105.0,5947.0
Tamil Nadu,Sivaganga,Karaikudi(Uzhavar Sandhai ),Onion,Bellary,Local,22/03/2026,2026,3,22,Summer,16.4,24.0,41.1,6978.6,7204.9,7109.0
Tamil Nadu,Sivaganga,Karaikudi(Uzhavar Sandhai ),Onion,Bellary,Local,23/08/2026,2026,8,23,Monsoon,96.2,34.9,54.4,8543.1,8796.2,8662.6
Tamil Nadu,Sivaganga,Karaikudi(Uzhavar Sandhai ),Onion,Bellary,Local,23/11/2025,2025,11,23,Post-Monsoon,68.1,25.1,54.1,6832.9,7036.5,6938.2
Tamil Nadu,Sivaganga,Karaikudi(Uzhavar Sandhai ),Onion,Bellary,Local,24/05/2026,2026,5,24,Summer,10.0,31.5,45.8,7418.9,7666.0,7550.8
Tamil Nadu,Sivaganga,Karaikudi(Uzhavar Sandhai ),Onion,Bellary,Local,25/01/2026,2026,1,25,Winter,6.3,16.7,42.7,6269.0,6418.8,6339.2
Tamil Nadu,Sivaganga,Karaikudi(Uzhavar Sandhai ),Onion,Bellary,Local,26/04/2026,2026,4,26,Summer,12.3,27.3,48.4,6991.5,7270.8,7112.6
Tamil Nadu,Sivaganga,Karaikudi(Uzhavar Sandhai ),Onion,Bellary,Local,26/07/2026,2026,7,26,Monsoon,88.6,34.2,59.4,8557.7,8752.2,8634.3
Tamil Nadu,Sivaganga,Karaikudi(Uzhavar Sandhai ),Onion,Bellary,Local,26/10/2025,2025,10,26,Post-Monsoon,49.2,29.9,48.7,6983.7,7112.9,7043.3
Tamil Nadu,Sivaganga,Karaikudi(Uzhavar Sandhai ),Onion,Bellary,Local,28/06/2026,2026,6,28,Monsoon,213.2,32.2,79.3,9535.2,9800.5,9694.7
Tamil Nadu,Sivaganga,Karaikudi(Uzhavar Sandhai ),Onion,Bellary,Local,28/12/2025,2025,12,28,Winter,6.9,18.2,44.7,5712.7,5959.6,5834.4
Tamil Nadu,Sivaganga,Karaikudi(Uzhavar Sandhai ),Onion,Bellary,Local,29/03/2026,2026,3,29,Summer,4.2,22.9,43.1,7383.4,7579.9,7468.5
Tamil Nadu,Sivaganga,Karaikudi(Uzhavar Sandhai ),Onion,Bellary,Local,30/08/2026,2026,8,30,Monsoon,207.9,33.9,76.3,8913.7,9114.4,9027.8
Tamil Nadu,Sivaganga,Karaikudi(Uzhavar Sandhai ),Onion,Bellary,Local,30/11/2025,2025,11,30,Post-Monsoon,75.7,22.3,55.2,6767.3,6922.9,6852.1
Tamil Nadu,Sivaganga,Karaikudi(Uzhavar Sandhai ),Onion,Bellary,Local,31/05/2026,2026,5,31,Summer,13.5,33.1,52.0,6916.3,7234.6,7038.8
Tamil Nadu,Sivaganga,Singampunari(Uzhavar Sandhai ),Onion,Bellary,Local,01/02/2026,2026,2,1,Winter,2.0,18.3,48.4,4601.8,4882.3,4785.4
Tamil Nadu,Sivaganga,Singampunari(Uzhavar Sandhai ),Onion,Bellary,Local,01/03/2026,2026,3,1,Summer,1.3,22.0,40.7,5996.4,6354.1,6146.0
Tamil Nadu,Sivaganga,Singampunari(Uzhavar Sandhai ),Onion,Bellary,Local,02/08/2026,2026,8,2,Monsoon,243.1,34.1,80.0,7954.9,8115.5,8054.9
Tamil Nadu,Sivaganga,Singampunari(Uzhavar Sandhai ),Onion,Bellary,Local,02/11/2025,2025,11,2,Post-Monsoon,35.5,21.6,49.9,5096.9,5369.1,5248.4
Tamil Nadu,Sivaganga,Singampunari(Uzhavar Sandhai ),Onion,Bellary,Local,03/05/2026,2026,5,3,Summer,3.7,32.0,49.3,5546.9,5791.0,5662.8
Tamil Nadu,Sivaganga,Singampunari(Uzhavar Sandhai ),Onion,Bellary,Local,04/01/2026,2026,1,4,Winter,6.1,18.9,41.2,4658.0,5099.5,4872.8
Tamil Nadu,Sivaganga,Singampunari(Uzhavar Sandhai ),Onion,Bellary,Local,05/04/2026,2026,4,5,Summer,9.1,24.8,54.7,6015.9,6356.2,6207.7
Tamil Nadu,Sivaganga,Singampunari(Uzhavar Sandhai ),Onion,Bellary,Local,05/07/2026,2026,7,5,Monsoon,217.7,35.5,78.4,8002.8,8267.5,8135.4
Tamil Nadu,Sivaganga,Singampunari(Uzhavar Sandhai ),Onion,Bellary,Local,05/10/2025,2025,10,5,Post-Monsoon,68.4,27.5,60.3,5418.2,5620.0,5517.3
Tamil Nadu,Sivaganga,Singampunari(Uzhavar Sandhai ),Onion,Bellary,Local,06/09/2026,2026,9,6,Monsoon,111.0,29.6,59.6,7434.8,7708.2,7588.8
Tamil Nadu,Sivaganga,Singampunari(Uzhavar Sandhai ),Onion,Bellary,Local,07/06/2026,2026,6,7,Monsoon,85.0,34.7,50.0,6491.7,6736.1,6606.1
Tamil Nadu,Sivaganga,Singampunari(Uzhavar Sandhai ),Onion,Bellary,Local,07/12/2025,2025,12,7,Winter,18.3,18.9,45.4,4996.9,5352.8,5137.7
Tamil Nadu,Sivaganga,Singampunari(Uzhavar Sandhai ),Onion,Bellary,Local,08/02/2026,2026,2,8,Winter,0.2,22.0,47.0,4999.4,5169.3,5099.5
Tamil Nadu,Sivaganga,Singampunari(Uzhavar Sandhai ),Onion,Bellary,Local,08/03/2026,2026,3,8,Summer,1.9,21.5,45.3,5477.5,5640.2,5546.4
Tamil Nadu,Sivaganga,Singampunari(Uzhavar Sandhai ),Onion,Bellary,Local,09/08/2026,2026,8,9,Monsoon,167.3,33.0,73.2,7449.4,7687.4,7570.6
Tamil Nadu,Sivaganga,Singampunari(Uzhavar Sandhai ),Onion,Bellary,Local,09/11/2025,2025,11,9,Post-Monsoon,26.0,24.4,47.2,4927.9,5122.5,5045.0
Tamil Nadu,Sivaganga,Singampunari(Uzhavar Sandhai ),Onion,Bellary,Local,10/05/2026,2026,5,10,Summer,5.5,28.4,49.4,5726.4,5870.2,5811.7
Tamil Nadu,Sivaganga,Singampunari(Uzhavar Sandhai ),Onion,Bellary,Local,11/01/2026,2026,1,11,Winter,16.1,16.7,50.9,4614.0,5028.7,4836.4
Tamil Nadu,Sivaganga,Singampunari(Uzhavar Sandhai ),Onion,Bellary,Local,12/04/2026,2026,4,12,Summer,10.6,29.2,50.7,5384.3,5515.7,5447.9
Tamil Nadu,Sivaganga,Singampunari(Uzhavar Sandhai ),Onion,Bellary,Local,12/07/2026,2026,7,12,Monsoon,187.4,36.8,74.3,8042.6,8195.3,8126.9
Tamil Nadu,Sivaganga,Singampunari(Uzhavar Sandhai ),Onion,Bellary,Local,12/10/2025,2025,10,12,Post-Monsoon,76.6,27.3,57.0,5494.1,5790.5,5661.1
Tamil Nadu,Sivaganga,Singampunari(Uzhavar Sandhai ),Onion,Bellary,Local,13/09/2026,2026,9,13,Monsoon,167.7,32.6,74.6,8022.9,8298.3,8162.0
Tamil Nadu,Sivaganga,Singampunari(Uzhavar Sandhai ),Onion,Bellary,Local,14/06/2026,2026,6,14,Monsoon,211.5,35.0,76.4,8019.7,8392.7,8241.5
Tamil Nadu,Sivaganga,Singampunari(Uzhavar Sandhai ),Onion,Bellary,Local,14/12/2025,2025,12,14,Winter,5.2,19.5,46.1,4914.3,5013.6,4961.4
Tamil Nadu,Sivaganga,Singampunari(Uzhavar Sandhai ),Onion,Bellary,Local,15/02/2026,2026,2,15,Winter,3.8,21.9,44.8,5233.3,5566.0,5378.0
Tamil Nadu,Sivaganga,Singampunari(Uzhavar Sandhai ),Onion,Bellary,Local,15/03/2026,2026,3,15,Summer,4.8,21.4,49.0,5562.1,5887.8,5713.8
Tamil Nadu,Sivaganga,Singampunari(Uzhavar Sandhai ),Onion,Bellary,Local,16/08/2026,2026,8,16,Monsoon,101.8,35.1,64.5,6838.8,7207.3,7006.6
Tamil Nadu,Sivaganga,Singampunari(Uzhavar Sandhai ),Onion,Bellary,Local,16/11/2025,2025,11,16,Post-Monsoon,57.7,22.4,57.8,5515.2,5779.9,5638.9
Tamil Nadu,Sivaganga,Singampunari(Uzhavar Sandhai ),Onion,Bellary,Local,17/05/2026,2026,5,17,Summer,5.1,32.2,44.6,5462.7,5712.6,5605.3
Tamil Nadu,Sivaganga,Singampunari(Uzhavar Sandhai ),Onion,Bellary,Local,18/01/2026,2026,1,18,Winter,4.2,18.9,47.2,4761.4,4976.4,4858.2
Tamil Nadu,Sivaganga,Singampunari(Uzhavar Sandhai ),Onion,Bellary,Local,19/04/2026,2026,4,19,Summer,1.2,27.5,43.6,5787.4,6038.5,5918.5
Tamil Nadu,Sivaganga,Singampunari(Uzhavar Sandhai ),Onion,Bellary,Local,19/07/2026,2026,7,19,Monsoon,145.4,34.9,67.8,7410.9,7537.2,7478.1
Tamil Nadu,Sivaganga,Singampunari(Uzhavar Sandhai ),Onion,Bellary,Local,19/10/2025,2025,10,19,Post-Monsoon,31.4,28.2,51.2,5332.6,5519.4,5431.1
Tamil Nadu,Sivaganga,Singampunari(Uzhavar Sandhai ),Onion,Bellary,Local,20/09/2026,2026,9,20,Monsoon,193.2,30.3,74.0,7361.3,7612.5,7474.1
Tamil Nadu,Sivaganga,Singampunari(Uzhavar Sandhai ),Onion,Bellary,Local,21/06/2026,2026,6,21,Monsoon,113.2,33.2,57.4,7194.2,7506.0,7332.6
Tamil Nadu,Sivaganga,Singampunari(Uzhavar Sandhai ),Onion,Bellary,Local,21/12/2025,2025,12,21,Winter,3.8,19.0,47.7,4777.0,5078.6,4895.1
Tamil Nadu,Sivaganga,Singampunari(Uzhavar Sandhai ),Onion,Bellary,Local,22/02/2026,2026,2,22,Winter,17.2,19.2,46.1,4479.2,4859.1,4714.2
Tamil Nadu,Sivaganga,Singampunari(Uzhavar Sandhai ),Onion,Bellary,Local,22/03/2026,2026,3,22,Summer,18.0,22.1,46.1,5753.1,6077.9,5903.3
Tamil Nadu,Sivaganga,Singampunari(Uzhavar Sandhai ),Onion,Bellary,Local,23/08/2026,2026,8,23,Monsoon,179.8,34.1,71.0,7082.3,7282.0,7182.6
Tamil Nadu,Sivaganga,Singampunari(Uzhavar Sandhai ),Onion,Bellary,Local,23/11/2025,2025,11,23,Post-Monsoon,43.2,24.1,57.0,5268.0,5581.4,5400.3
Tamil Nadu,Sivaganga,Singampunari(Uzhavar Sandhai ),Onion,Bellary,Local,24/05/2026,2026,5,24,Summer,19.8,29.7,47.7,5646.2,6063.2,5832.4
Tamil Nadu,Sivaganga,Singampunari(Uzhavar Sandhai ),Onion,Bellary,Local,25/01/2026,2026,1,25,Winter,8.7,20.7,43.1,4848.0,5173.6,4987.6
Tamil Nadu,Sivaganga,Singampunari(Uzhavar Sandhai ),Onion,Bellary,Local,26/04/2026,2026,4,26,Summer,9.6,27.0,46.1,5614.7,5760.3,5682.4
Tamil Nadu,Sivaganga,Singampunari(Uzhavar Sandhai ),Onion,Bellary,Local,26/07/2026,2026,7,26,Monsoon,161.2,37.0,72.8,7398.2,7568.2,7479.2
Tamil Nadu,Sivaganga,Singampunari(Uzhavar Sandhai ),Onion,Bellary,Local,26/10/2025,2025,10,26,Post-Monsoon,29.5,24.3,50.5,5172.1,5390.6,5265.5
Tamil Nadu,Sivaganga,Singampunari(Uzhavar Sandhai ),Onion,Bellary,Local,28/06/2026,2026,6,28,Monsoon,128.2,34.7,66.5,7015.9,7200.6,7108.8
Tamil Nadu,Sivaganga,Singampunari(Uzhavar Sandhai ),Onion,Bellary,Local,28/12/2025,2025,12,28,Winter,13.4,20.5,48.2,4860.2,5128.2,4981.5
Tamil Nadu,Sivaganga,Singampunari(Uzhavar Sandhai ),Onion,Bellary,Local,29/03/2026,2026,3,29,Summer,9.9,23.3,43.5,6271.0,6642.4,6481.2
Tamil Nadu,Sivaganga,Singampunari(Uzhavar Sandhai ),Onion,Bellary,Local,30/08/2026,2026,8,30,Monsoon,114.1,33.7,63.9,6718.5,6991.0,6848.8
Tamil Nadu,Sivaganga,Singampunari(Uzhavar Sandhai ),Onion,Bellary,Local,30/11/2025,2025,11,30,Post-Monsoon,70.6,22.0,61.4,5234.1,5542.1,5393.7
Tamil Nadu,Sivaganga,Singampunari(Uzhavar Sandhai ),Onion,Bellary,Local,31/05/2026,2026,5,31,Summer,8.9,29.5,46.4,4931.6,5246.1,5064.7
Tamil Nadu,Sivaganga,Sivagangai (Uzhavar Sandhai ),Onion,Bellary,Local,01/02/2026,2026,2,1,Winter,11.1,21.5,47.1,5275.8,5409.1,5362.2
Tamil Nadu,Sivaganga,Sivagangai (Uzhavar Sandhai ),Onion,Bellary,Local,01/03/2026,2026,3,1,Summer,8.6,25.0,49.3,6196.2,6419.5,6313.2
Tamil Nadu,Sivaganga,Sivagangai (Uzhavar Sandhai ),Onion,Bellary,Local,02/08/2026,2026,8,2,Monsoon,141.7,34.7,68.2,7774.4,7913.3,7864.2
Tamil Nadu,Sivaganga,Sivagangai (Uzhavar Sandhai ),Onion,Bellary,Local,02/11/2025,2025,11,2,Post-Monsoon,62.5,24.9,54.8,6062.8,6295.6,6188.1
Tamil Nadu,Sivaganga,Sivagangai (Uzhavar Sandhai ),Onion,Bellary,Local,03/05/2026,2026,5,3,Summer,17.2,30.5,47.5,5994.1,6332.8,6175.8
Tamil Nadu,Sivaganga,Sivagangai (Uzhavar Sandhai ),Onion,Bellary,Local,04/01/2026,2026,1,4,Winter,10.5,18.2,44.5,5084.6,5483.4,5274.0
Tamil Nadu,Sivaganga,Sivagangai (Uzhavar Sandhai ),Onion,Bellary,Local,05/04/2026,2026,4,5,Summer,18.2,28.2,51.4,6420.3,6772.0,6623.1
Tamil Nadu,Sivaganga,Sivagangai (Uzhavar Sandhai ),Onion,Bellary,Local,05/07/2026,2026,7,5,Monsoon,248.4,34.7,91.9,9174.3,9457.5,9303.1
Tamil Nadu,Sivaganga,Sivagangai (Uzhavar Sandhai ),Onion,Bellary,Local,05/10/2025,2025,10,5,Post-Monsoon,43.1,25.4,51.9,5943.0,6219.9,6086.4
Tamil Nadu,Sivaganga,Sivagangai (Uzhavar Sandhai ),Onion,Bellary,Local,06/09/2026,2026,9,6,Monsoon,228.5,28.4,79.4,8569.4,8895.7,8751.4
Tamil Nadu,Sivaganga,Sivagangai (Uzhavar Sandhai ),Onion,Bellary,Local,07/06/2026,2026,6,7,Monsoon,190.9,32.8,66.1,8843.1,9120.3,8947.2
Tamil Nadu,Sivaganga,Sivagangai (Uzhavar Sandhai ),Onion,Bellary,Local,07/12/2025,2025,12,7,Winter,8.0,20.3,51.1,5170.2,5437.9,5312.4
Tamil Nadu,Sivaganga,Sivagangai (Uzhavar Sandhai ),Onion,Bellary,Local,08/02/2026,2026,2,8,Winter,9.6,21.5,42.5,5482.0,5858.4,5669.9
Tamil Nadu,Sivaganga,Sivagangai (Uzhavar Sandhai ),Onion,Bellary,Local,08/03/2026,2026,3,8,Summer,4.0,21.6,47.1,6025.3,6164.7,6096.3
Tamil Nadu,Sivaganga,Sivagangai (Uzhavar Sandhai ),Onion,Bellary,Local,09/08/2026,2026,8,9,Monsoon,184.6,34.1,77.7,7938.9,8122.5,8007.7
Tamil Nadu,Sivaganga,Sivagangai (Uzhavar Sandhai ),Onion,Bellary,Local,09/11/2025,2025,11,9,Post-Monsoon,23.3,22.9,52.3,5466.0,5799.7,5629.2
Tamil Nadu,Sivaganga,Sivagangai (Uzhavar Sandhai ),Onion,Bellary,Local,10/05/2026,2026,5,10,Summer,3.5,31.3,48.5,6052.9,6376.6,6194.3
Tamil Nadu,Sivaganga,Sivagangai (Uzhavar Sandhai ),Onion,Bellary,Local,11/01/2026,2026,1,11,Winter,16.4,18.3,51.3,5463.6,5794.2,5616.0
Tamil Nadu,Sivaganga,Sivagangai (Uzhavar Sandhai ),Onion,Bellary,Local,12/04/2026,2026,4,12,Summer,14.1,26.9,45.3,6177.1,6320.4,6254.3
Tamil Nadu,Sivaganga,Sivagangai (Uzhavar Sandhai ),Onion,Bellary,Local,12/07/2026,2026,7,12,Monsoon,133.9,37.8,72.2,8082.5,8304.9,8199.4
Tamil Nadu,Sivaganga,Sivagangai (Uzhavar Sandhai ),Onion,Bellary,Local,12/10/2025,2025,10,12,Post-Monsoon,23.3,30.0,51.2,5883.3,6165.9,6042.9
Tamil Nadu,Sivaganga,Sivagangai (Uzhavar Sandhai ),Onion,Bellary,Local,13/09/2026,2026,9,13,Monsoon,163.9,31.8,74.6,7864.1,8135.6,8002.3
Tamil Nadu,Sivaganga,Sivagangai (Uzhavar Sandhai ),Onion,Bellary,Local,14/06/2026,2026,6,14,Monsoon,221.1,34.8,79.8,8321.5,8654.4,8477.4
Tamil Nadu,Sivaganga,Sivagangai (Uzhavar Sandhai ),Onion,Bellary,Local,14/12/2025,2025,12,14,Winter,15.5,20.8,48.4,4905.3,5096.8,4991.6
Tamil Nadu,Sivaganga,Sivagangai (Uzhavar Sandhai ),Onion,Bellary,Local,15/02/2026,2026,2,15,Winter,7.5,20.4,51.6,5408.5,5749.0,5581.5
Tamil Nadu,Sivaganga,Sivagangai (Uzhavar Sandhai ),Onion,Bellary,Local,15/03/2026,2026,3,15,Summer,14.3,20.8,44.4,6597.9,6703.3,6645.6
Tamil Nadu,Sivaganga,Sivagangai (Uzhavar Sandhai ),Onion,Bellary,Local,16/08/2026,2026,8,16,Monsoon,132.9,36.2,67.1,7509.5,7866.9,7704.2
Tamil Nadu,Sivaganga,Sivagangai (Uzhavar Sandhai ),Onion,Bellary,Local,16/11/2025,2025,11,16,Post-Monsoon,77.4,25.6,58.3,6223.2,6627.4,6453.6
Tamil Nadu,Sivaganga,Sivagangai (Uzhavar Sandhai ),Onion,Bellary,Local,17/05/2026,2026,5,17,Summer,8.5,29.5,42.2,6244.6,6448.8,6346.6
Tamil Nadu,Sivaganga,Sivagangai (Uzhavar Sandhai ),Onion,Bellary,Local,18/01/2026,2026,1,18,Winter,3.7,18.3,44.8,5130.5,5453.2,5290.1
Tamil Nadu,Sivaganga,Sivagangai (Uzhavar Sandhai ),Onion,Bellary,Local,19/04/2026,2026,4,19,Summer,7.6,27.3,51.7,6435.0,6707.4,6552.3
Tamil Nadu,Sivaganga,Sivagangai (Uzhavar Sandhai ),Onion,Bellary,Local,19/07/2026,2026,7,19,Monsoon,89.1,34.5,63.4,7167.8,7457.9,7318.0
Tamil Nadu,Sivaganga,Sivagangai (Uzhavar Sandhai ),Onion,Bellary,Local,19/10/2025,2025,10,19,Post-Monsoon,51.1,28.2,54.9,5898.7,6128.9,6004.2
Tamil Nadu,Sivaganga,Sivagangai (Uzhavar Sandhai ),Onion,Bellary,Local,20/09/2026,2026,9,20,Monsoon,83.8,29.6,64.0,7474.8,7646.4,7562.5
Tamil Nadu,Sivaganga,Sivagangai (Uzhavar Sandhai ),Onion,Bellary,Local,21/06/2026,2026,6,21,Monsoon,165.4,32.8,67.0,7813.1,8085.9,7946.8
Tamil Nadu,Sivaganga,Sivagangai (Uzhavar Sandhai ),Onion,Bellary,Local,21/12/2025,2025,12,21,Winter,19.8,19.0,45.9,5463.0,5731.9,5578.3
Tamil Nadu,Sivaganga,Sivagangai (Uzhavar Sandhai ),Onion,Bellary,Local,22/02/2026,2026,2,22,Winter,18.1,16.5,47.5,5265.2,5510.2,5412.5
Tamil Nadu,Sivaganga,Sivagangai (Uzhavar Sandhai ),Onion,Bellary,Local,22/03/2026,2026,3,22,Summer,17.8,22.1,47.3,6498.4,6810.2,6651.9
Tamil Nadu,Sivaganga,Sivagangai (Uzhavar Sandhai ),Onion,Bellary,Local,23/08/2026,2026,8,23,Monsoon,199.6,35.9,75.8,7821.1,8095.9,7959.6
Tamil Nadu,Sivaganga,Sivagangai (Uzhavar Sandhai ),Onion,Bellary,Local,23/11/2025,2025,11,23,Post-Monsoon,58.9,22.6,58.4,5272.7,5486.6,5380.3
Tamil Nadu,Sivaganga,Sivagangai (Uzhavar Sandhai ),Onion,Bellary,Local,24/05/2026,2026,5,24,Summer,5.6,29.4,45.3,5657.7,5860.0,5756.1
Tamil Nadu,Sivaganga,Sivagangai (Uzhavar Sandhai ),Onion,Bellary,Local,25/01/2026,2026,1,25,Winter,9.0,20.8,50.5,5365.1,5567.3,5481.4
Tamil Nadu,Sivaganga,Sivagangai (Uzhavar Sandhai ),Onion,Bellary,Local,26/04/2026,2026,4,26,Summer,19.1,25.8,49.6,6377.3,6641.7,6527.4
Tamil Nadu,Sivaganga,Sivagangai (Uzhavar Sandhai ),Onion,Bellary,Local,26/07/2026,2026,7,26,Monsoon,213.0,35.2,80.8,8447.8,8642.2,8523.3
Tamil Nadu,Sivaganga,Sivagangai (Uzhavar Sandhai ),Onion,Bellary,Local,26/10/2025,2025,10,26,Post-Monsoon,21.2,27.9,43.2,5746.9,5883.0,5807.3
Tamil Nadu,Sivaganga,Sivagangai (Uzhavar Sandhai ),Onion,Bellary,Local,28/06/2026,2026,6,28,Monsoon,230.6,33.7,77.5,8565.2,8835.4,8717.2
Tamil Nadu,Sivaganga,Sivagangai (Uzhavar Sandhai ),Onion,Bellary,Local,28/12/2025,2025,12,28,Winter,5.9,19.1,43.9,5242.5,5376.4,5303.8
Tamil Nadu,Sivaganga,Sivagangai (Uzhavar Sandhai ),Onion,Bellary,Local,29/03/2026,2026,3,29,Summer,11.6,22.2,47.4,6503.5,6716.8,6638.6
Tamil Nadu,Sivaganga,Sivagangai (Uzhavar Sandhai ),Onion,Bellary,Local,30/08/2026,2026,8,30,Monsoon,189.3,33.0,66.4,8462.0,8633.9,8536.9
Tamil Nadu,Sivaganga,Sivagangai (Uzhavar Sandhai ),Onion,Bellary,Local,30/11/2025,2025,11,30,Post-Monsoon,74.0,19.2,53.6,5583.0,5918.4,5729.1
Tamil Nadu,Sivaganga,Sivagangai (Uzhavar Sandhai ),Onion,Bellary,Local,31/05/2026,2026,5,31,Summer,8.4,28.8,51.1,5820.7,6169.0,6039.0
Tamil Nadu,Sivaganga,Tirupatthur(Uzhavar Sandhai ),Onion,Bellary,Local,01/02/2026,2026,2,1,Winter,4.6,20.4,41.9,4274.5,4440.5,4365.0
Tamil Nadu,Sivaganga,Tirupatthur(Uzhavar Sandhai ),Onion,Bellary,Local,01/03/2026,2026,3,1,Summer,5.8,19.4,47.3,5014.4,5354.6,5206.2
Tamil Nadu,Sivaganga,Tirupatthur(Uzhavar Sandhai ),Onion,Bellary,Local,02/08/2026,2026,8,2,Monsoon,144.3,32.3,70.3,7066.4,7341.0,7214.4
Tamil Nadu,Sivaganga,Tirupatthur(Uzhavar Sandhai ),Onion,Bellary,Local,02/11/2025,2025,11,2,Post-Monsoon,53.0,21.9,50.9,5130.3,5272.2,5209.1
Tamil Nadu,Sivaganga,Tirupatthur(Uzhavar Sandhai ),Onion,Bellary,Local,03/05/2026,2026,5,3,Summer,2.4,32.1,45.7,5227.2,5533.6,5366.8
Tamil Nadu,Sivaganga,Tirupatthur(Uzhavar Sandhai ),Onion,Bellary,Local,04/01/2026,2026,1,4,Winter,6.4,17.4,47.2,4397.6,4647.9,4547.2
Tamil Nadu,Sivaganga,Tirupatthur(Uzhavar Sandhai ),Onion,Bellary,Local,05/04/2026,2026,4,5,Summer,9.4,26.7,44.4,5436.4,5733.3,5622.6
Tamil Nadu,Sivaganga,Tirupatthur(Uzhavar Sandhai ),Onion,Bellary,Local,05/07/2026,2026,7,5,Monsoon,238.7,38.8,88.5,6994.0,7289.4,7153.7
Tamil Nadu,Sivaganga,Tirupatthur(Uzhavar Sandhai ),Onion,Bellary,Local,05/10/2025,2025,10,5,Post-Monsoon,60.1,26.9,56.5,5193.4,5516.1,5312.8
Tamil Nadu,Sivaganga,Tirupatthur(Uzhavar Sandhai ),Onion,Bellary,Local,06/09/2026,2026,9,6,Monsoon,202.3,30.5,78.3,7633.5,7892.2,7772.8
Tamil Nadu,Sivaganga,Tirupatthur(Uzhavar Sandhai ),Onion,Bellary,Local,07/06/2026,2026,6,7,Monsoon,117.3,35.1,69.0,6862.8,7014.6,6933.7
Tamil Nadu,Sivaganga,Tirupatthur(Uzhavar Sandhai ),Onion,Bellary,Local,07/12/2025,2025,12,7,Winter,3.7,20.2,39.7,4241.0,4560.1,4428.1
Tamil Nadu,Sivaganga,Tirupatthur(Uzhavar Sandhai ),Onion,Bellary,Local,08/02/2026,2026,2,8,Winter,7.3,20.0,41.0,4331.5,4581.8,4448.4
Tamil Nadu,Sivaganga,Tirupatthur(Uzhavar Sandhai ),Onion,Bellary,Local,08/03/2026,2026,3,8,Summer,7.6,23.4,47.2,5154.1,5470.7,5278.8
Tamil Nadu,Sivaganga,Tirupatthur(Uzhavar Sandhai ),Onion,Bellary,Local,09/08/2026,2026,8,9,Monsoon,163.2,30.8,69.7,6914.7,7072.3,6992.9
Tamil Nadu,Sivaganga,Tirupatthur(Uzhavar Sandhai ),Onion,Bellary,Local,09/11/2025,2025,11,9,Post-Monsoon,52.2,23.6,56.7,4857.6,5252.2,5078.9
Tamil Nadu,Sivaganga,Tirupatthur(Uzhavar Sandhai ),Onion,Bellary,Local,10/05/2026,2026,5,10,Summer,9.9,28.6,53.9,5130.3,5303.5,5222.4
Tamil Nadu,Sivaganga,Tirupatthur(Uzhavar Sandhai ),Onion,Bellary,Local,11/01/2026,2026,1,11,Winter,0.4,19.6,42.7,4684.7,5023.4,4851.0
Tamil Nadu,Sivaganga,Tirupatthur(Uzhavar Sandhai ),Onion,Bellary,Local,12/04/2026,2026,4,12,Summer,12.3,27.2,46.4,5145.7,5403.0,5264.7
Tamil Nadu,Sivaganga,Tirupatthur(Uzhavar Sandhai ),Onion,Bellary,Local,12/07/2026,2026,7,12,Monsoon,106.1,36.6,61.1,6337.7,6575.2,6470.5
Tamil Nadu,Sivaganga,Tirupatthur(Uzhavar Sandhai ),Onion,Bellary,Local,12/10/2025,2025,10,12,Post-Monsoon,77.5,26.7,58.0,4716.5,4989.5,4870.8
Tamil Nadu,Sivaganga,Tirupatthur(Uzhavar Sandhai ),Onion,Bellary,Local,13/09/2026,2026,9,13,Monsoon,80.2,34.1,61.9,6308.4,6477.8,6398.0
Tamil Nadu,Sivaganga,Tirupatthur(Uzhavar Sandhai ),Onion,Bellary,Local,14/06/2026,2026,6,14,Monsoon,217.9,34.2,81.8,6974.4,7195.4,7063.5
Tamil Nadu,Sivaganga,Tirupatthur(Uzhavar Sandhai ),Onion,Bellary,Local,14/12/2025,2025,12,14,Winter,7.9,21.7,49.4,4346.4,4490.8,4409.6
Tamil Nadu,Sivaganga,Tirupatthur(Uzhavar Sandhai ),Onion,Bellary,Local,15/02/2026,2026,2,15,Winter,3.7,18.9,45.4,4391.0,4745.8,4571.9
Tamil Nadu,Sivaganga,Tirupatthur(Uzhavar Sandhai ),Onion,Bellary,Local,15/03/2026,2026,3,15,Summer,7.8,24.8,47.1,5184.5,5459.5,5354.4
Tamil Nadu,Sivaganga,Tirupatthur(Uzhavar Sandhai ),Onion,Bellary,Local,16/08/2026,2026,8,16,Monsoon,162.1,35.2,69.5,6512.0,6703.9,6625.2
Tamil Nadu,Sivaganga,Tirupatthur(Uzhavar Sandhai ),Onion,Bellary,Local,16/11/2025,2025,11,16,Post-Monsoon,38.3,26.2,47.1,4709.7,4951.1,4848.8
Tamil Nadu,Sivaganga,Tirupatthur(Uzhavar Sandhai ),Onion,Bellary,Local,17/05/2026,2026,5,17,Summer,2.6,31.3,46.0,5244.0,5585.2,5444.7
Tamil Nadu,Sivaganga,Tirupatthur(Uzhavar Sandhai ),Onion,Bellary,Local,18/01/2026,2026,1,18,Winter,12.7,18.7,47.4,4489.9,4702.9,4601.7
Tamil Nadu,Sivaganga,Tirupatthur(Uzhavar Sandhai ),Onion,Bellary,Local,19/04/2026,2026,4,19,Summer,17.1,27.4,46.2,4995.2,5237.4,5129.5
Tamil Nadu,Sivaganga,Tirupatthur(Uzhavar Sandhai ),Onion,Bellary,Local,19/07/2026,2026,7,19,Monsoon,240.5,33.8,81.2,7436.3,7754.4,7597.9
Tamil Nadu,Sivaganga,Tirupatthur(Uzhavar Sandhai ),Onion,Bellary,Local,19/10/2025,2025,10,19,Post-Monsoon,52.4,26.2,51.2,5100.0,5409.3,5293.2
Tamil Nadu,Sivaganga,Tirupatthur(Uzhavar Sandhai ),Onion,Bellary,Local,20/09/2026,2026,9,20,Monsoon,211.4,31.4,80.7,6643.0,6966.3,6785.1
Tamil Nadu,Sivaganga,Tirupatthur(Uzhavar Sandhai ),Onion,Bellary,Local,21/06/2026,2026,6,21,Monsoon,95.5,32.8,60.4,6692.0,6937.7,6813.8
Tamil Nadu,Sivaganga,Tirupatthur(Uzhavar Sandhai ),Onion,Bellary,Local,21/12/2025,2025,12,21,Winter,11.3,22.3,39.8,4292.6,4553.9,4449.7
Tamil Nadu,Sivaganga,Tirupatthur(Uzhavar Sandhai ),Onion,Bellary,Local,22/02/2026,2026,2,22,Winter,6.9,19.4,43.9,4562.1,4774.1,4639.3
Tamil Nadu,Sivaganga,Tirupatthur(Uzhavar Sandhai ),Onion,Bellary,Local,22/03/2026,2026,3,22,Summer,8.4,22.1,44.9,4840.4,5169.0,5008.6
Tamil Nadu,Sivaganga,Tirupatthur(Uzhavar Sandhai ),Onion,Bellary,Local,23/08/2026,2026,8,23,Monsoon,231.8,37.3,85.9,7493.0,7840.6,7683.2
Tamil Nadu,Sivaganga,Tirupatthur(Uzhavar Sandhai ),Onion,Bellary,Local,23/11/2025,2025,11,23,Post-Monsoon,31.9,24.5,49.9,5097.2,5309.8,5207.9
Tamil Nadu,Sivaganga,Tirupatthur(Uzhavar Sandhai ),Onion,Bellary,Local,24/05/2026,2026,5,24,Summer,11.0,28.5,42.3,5088.4,5291.2,5176.2
Tamil Nadu,Sivaganga,Tirupatthur(Uzhavar Sandhai ),Onion,Bellary,Local,25/01/2026,2026,1,25,Winter,12.1,17.9,48.3,4239.0,4377.9,4300.7
Tamil Nadu,Sivaganga,Tirupatthur(Uzhavar Sandhai ),Onion,Bellary,Local,26/04/2026,2026,4,26,Summer,18.6,26.6,45.7,4979.0,5188.2,5088.7
Tamil Nadu,Sivaganga,Tirupatthur(Uzhavar Sandhai ),Onion,Bellary,Local,26/07/2026,2026,7,26,Monsoon,174.4,34.8,72.5,6499.0,6676.4,6582.4
Tamil Nadu,Sivaganga,Tirupatthur(Uzhavar Sandhai ),Onion,Bellary,Local,26/10/2025,2025,10,26,Post-Monsoon,57.3,27.5,49.6,4556.8,4722.4,4652.7
Tamil Nadu,Sivaganga,Tirupatthur(Uzhavar Sandhai ),Onion,Bellary,Local,28/06/2026,2026,6,28,Monsoon,118.6,31.4,65.8,6504.1,6740.7,6628.7
Tamil Nadu,Sivaganga,Tirupatthur(Uzhavar Sandhai ),Onion,Bellary,Local,28/12/2025,2025,12,28,Winter,17.4,18.1,44.7,4275.3,4476.1,4375.1
Tamil Nadu,Sivaganga,Tirupatthur(Uzhavar Sandhai ),Onion,Bellary,Local,29/03/2026,2026,3,29,Summer,10.6,22.3,48.5,4892.2,5124.0,5004.4
Tamil Nadu,Sivaganga,Tirupatthur(Uzhavar Sandhai ),Onion,Bellary,Local,30/08/2026,2026,8,30,Monsoon,184.2,34.1,80.4,7505.3,7788.0,7648.0
Tamil Nadu,Sivaganga,Tirupatthur(Uzhavar Sandhai ),Onion,Bellary,Local,30/11/2025,2025,11,30,Post-Monsoon,59.5,24.0,54.5,4763.1,4984.0,4852.2
Tamil Nadu,Sivaganga,Tirupatthur(Uzhavar Sandhai ),Onion,Bellary,Local,31/05/2026,2026,5,31,Summer,16.7,28.2,46.8,4766.3,5091.5,4882.7
Tamil Nadu,Thanjavur,Pattukottai(Uzhavar Sandhai ),Onion,Bellary,Local,01/02/2026,2026,2,1,Winter,1.3,22.0,48.8,5647.0,5786.6,5716.9
Tamil Nadu,Thanjavur,Pattukottai(Uzhavar Sandhai ),Onion,Bellary,Local,01/03/2026,2026,3,1,Summer,4.0,23.4,44.4,6178.9,6459.3,6350.9
Tamil Nadu,Thanjavur,Pattukottai(Uzhavar Sandhai ),Onion,Bellary,Local,02/08/2026,2026,8,2,Monsoon,139.0,32.4,68.6,8008.2,8351.6,8197.6
Tamil Nadu,Thanjavur,Pattukottai(Uzhavar Sandhai ),Onion,Bellary,Local,02/11/2025,2025,11,2,Post-Monsoon,65.0,26.0,64.3,6183.8,6522.4,6370.7
Tamil Nadu,Thanjavur,Pattukottai(Uzhavar Sandhai ),Onion,Bellary,Local,03/05/2026,2026,5,3,Summer,9.1,31.0,43.4,6167.6,6448.2,6328.9
Tamil Nadu,Thanjavur,Pattukottai(Uzhavar Sandhai ),Onion,Bellary,Local,04/01/2026,2026,1,4,Winter,19.4,19.0,46.8,5649.0,5915.0,5791.0
Tamil Nadu,Thanjavur,Pattukottai(Uzhavar Sandhai ),Onion,Bellary,Local,05/04/2026,2026,4,5,Summer,3.9,27.5,47.5,6172.3,6336.0,6233.6
Tamil Nadu,Thanjavur,Pattukottai(Uzhavar Sandhai ),Onion,Bellary,Local,05/07/2026,2026,7,5,Monsoon,248.8,37.3,87.4,8835.7,9031.4,8918.1
Tamil Nadu,Thanjavur,Pattukottai(Uzhavar Sandhai ),Onion,Bellary,Local,05/10/2025,2025,10,5,Post-Monsoon,60.8,30.1,56.5,5635.4,5982.0,5816.0
Tamil Nadu,Thanjavur,Pattukottai(Uzhavar Sandhai ),Onion,Bellary,Local,06/09/2026,2026,9,6,Monsoon,151.6,29.5,68.9,7791.9,7957.9,7893.4
Tamil Nadu,Thanjavur,Pattukottai(Uzhavar Sandhai ),Onion,Bellary,Local,07/06/2026,2026,6,7,Monsoon,103.3,35.9,61.3,7415.5,7671.4,7526.5
Tamil Nadu,Thanjavur,Pattukottai(Uzhavar Sandhai ),Onion,Bellary,Local,07/12/2025,2025,12,7,Winter,4.2,21.5,44.6,5215.8,5398.6,5307.7
Tamil Nadu,Thanjavur,Pattukottai(Uzhavar Sandhai ),Onion,Bellary,Local,08/02/2026,2026,2,8,Winter,19.1,21.2,53.1,5246.9,5440.9,5350.2
Tamil Nadu,Thanjavur,Pattukottai(Uzhavar Sandhai ),Onion,Bellary,Local,08/03/2026,2026,3,8,Summer,18.1,24.4,48.0,6008.8,6362.8,6163.9
Tamil Nadu,Thanjavur,Pattukottai(Uzhavar Sandhai ),Onion,Bellary,Local,09/08/2026,2026,8,9,Monsoon,169.4,34.9,69.5,8862.0,9034.7,8945.9
Tamil Nadu,Thanjavur,Pattukottai(Uzhavar Sandhai ),Onion,Bellary,Local,09/11/2025,2025,11,9,Post-Monsoon,57.5,23.4,53.0,6033.2,6310.1,6160.1
Tamil Nadu,Thanjavur,Pattukottai(Uzhavar Sandhai ),Onion,Bellary,Local,10/05/2026,2026,5,10,Summer,3.0,32.2,46.4,6351.6,6653.6,6514.4
Tamil Nadu,Thanjavur,Pattukottai(Uzhavar Sandhai ),Onion,Bellary,Local,11/01/2026,2026,1,11,Winter,12.4,19.5,51.6,5274.2,5487.4,5362.6
Tamil Nadu,Thanjavur,Pattukottai(Uzhavar Sandhai ),Onion,Bellary,Local,12/04/2026,2026,4,12,Summer,4.2,27.4,46.4,6784.9,7027.9,6887.5
Tamil Nadu,Thanjavur,Pattukottai(Uzhavar Sandhai ),Onion,Bellary,Local,12/07/2026,2026,7,12,Monsoon,95.5,36.1,60.8,7906.6,8134.8,8013.1
Tamil Nadu,Thanjavur,Pattukottai(Uzhavar Sandhai ),Onion,Bellary,Local,12/10/2025,2025,10,12,Post-Monsoon,57.7,25.5,55.7,6239.0,6564.2,6372.1
Tamil Nadu,Thanjavur,Pattukottai(Uzhavar Sandhai ),Onion,Bellary,Local,13/09/2026,2026,9,13,Monsoon,104.0,31.9,64.3,8070.5,8179.9,8125.6
Tamil Nadu,Thanjavur,Pattukottai(Uzhavar Sandhai ),Onion,Bellary,Local,14/06/2026,2026,6,14,Monsoon,191.8,32.7,74.1,8006.7,8280.0,8120.8
Tamil Nadu,Thanjavur,Pattukottai(Uzhavar Sandhai ),Onion,Bellary,Local,14/12/2025,2025,12,14,Winter,11.7,21.7,48.4,5340.2,5536.1,5436.3
Tamil Nadu,Thanjavur,Pattukottai(Uzhavar Sandhai ),Onion,Bellary,Local,15/02/2026,2026,2,15,Winter,12.4,17.3,47.4,5964.1,6142.6,6043.0
Tamil Nadu,Thanjavur,Pattukottai(Uzhavar Sandhai ),Onion,Bellary,Local,15/03/2026,2026,3,15,Summer,4.2,22.5,44.1,6272.3,6469.4,6377.5
Tamil Nadu,Thanjavur,Pattukottai(Uzhavar Sandhai ),Onion,Bellary,Local,16/08/2026,2026,8,16,Monsoon,218.0,33.2,77.3,8264.6,8582.5,8454.7
Tamil Nadu,Thanjavur,Pattukottai(Uzhavar Sandhai ),Onion,Bellary,Local,16/11/2025,2025,11,16,Post-Monsoon,21.0,22.0,46.2,5372.7,5687.1,5541.0
Tamil Nadu,Thanjavur,Pattukottai(Uzhavar Sandhai ),Onion,Bellary,Local,17/05/2026,2026,5,17,Summer,4.3,31.0,48.1,6232.9,6507.1,6369.7
Tamil Nadu,Thanjavur,Pattukottai(Uzhavar Sandhai ),Onion,Bellary,Local,18/01/2026,2026,1,18,Winter,15.1,17.7,48.6,5617.7,5819.5,5722.9
Tamil Nadu,Thanjavur,Pattukottai(Uzhavar Sandhai ),Onion,Bellary,Local,19/04/2026,2026,4,19,Summer,0.9,26.8,44.1,6091.9,6260.4,6173.7
Tamil Nadu,Thanjavur,Pattukottai(Uzhavar Sandhai ),Onion,Bellary,Local,19/07/2026,2026,7,19,Monsoon,169.4,36.4,73.6,7767.1,8050.5,7884.1
Tamil Nadu,Thanjavur,Pattukottai(Uzhavar Sandhai ),Onion,Bellary,Local,19/10/2025,2025,10,19,Post-Monsoon,77.8,25.2,62.0,6040.7,6305.7,6176.0
Tamil Nadu,Thanjavur,Pattukottai(Uzhavar Sandhai ),Onion,Bellary,Local,20/09/2026,2026,9,20,Monsoon,88.0,32.5,64.4,7692.3,8060.7,7856.7
Tamil Nadu,Thanjavur,Pattukottai(Uzhavar Sandhai ),Onion,Bellary,Local,21/06/2026,2026,6,21,Monsoon,96.7,30.6,66.6,8101.2,8309.5,8211.7
Tamil Nadu,Thanjavur,Pattukottai(Uzhavar Sandhai ),Onion,Bellary,Local,21/12/2025,2025,12,21,Winter,13.1,20.4,52.0,5365.6,5596.3,5452.3
Tamil Nadu,Thanjavur,Pattukottai(Uzhavar Sandhai ),Onion,Bellary,Local,22/02/2026,2026,2,22,Winter,1.4,20.2,42.9,5433.6,5846.1,5650.5
Tamil Nadu,Thanjavur,Pattukottai(Uzhavar Sandhai ),Onion,Bellary,Local,22/03/2026,2026,3,22,Summer,6.7,24.3,44.0,6650.7,6745.2,6697.6
Tamil Nadu,Thanjavur,Pattukottai(Uzhavar Sandhai ),Onion,Bellary,Local,23/08/2026,2026,8,23,Monsoon,104.4,34.9,57.0,7565.2,7820.7,7687.5
Tamil Nadu,Thanjavur,Pattukottai(Uzhavar Sandhai ),Onion,Bellary,Local,23/11/2025,2025,11,23,Post-Monsoon,34.5,21.6,51.6,6037.5,6231.0,6121.1
Tamil Nadu,Thanjavur,Pattukottai(Uzhavar Sandhai ),Onion,Bellary,Local,24/05/2026,2026,5,24,Summer,4.7,31.0,52.9,6124.1,6522.3,6324.6
Tamil Nadu,Thanjavur,Pattukottai(Uzhavar Sandhai ),Onion,Bellary,Local,25/01/2026,2026,1,25,Winter,6.7,17.4,44.9,5280.2,5531.8,5443.6
Tamil Nadu,Thanjavur,Pattukottai(Uzhavar Sandhai ),Onion,Bellary,Local,26/04/2026,2026,4,26,Summer,12.2,28.1,48.8,5940.0,6250.1,6132.3
Tamil Nadu,Thanjavur,Pattukottai(Uzhavar Sandhai ),Onion,Bellary,Local,26/07/2026,2026,7,26,Monsoon,179.9,32.7,76.5,8504.2,8738.5,8623.2
Tamil Nadu,Thanjavur,Pattukottai(Uzhavar Sandhai ),Onion,Bellary,Local,26/10/2025,2025,10,26,Post-Monsoon,64.2,26.9,56.8,6144.9,6431.4,6259.1
Tamil Nadu,Thanjavur,Pattukottai(Uzhavar Sandhai ),Onion,Bellary,Local,28/06/2026,2026,6,28,Monsoon,189.8,35.3,75.4,8182.4,8323.1,8249.8
Tamil Nadu,Thanjavur,Pattukottai(Uzhavar Sandhai ),Onion,Bellary,Local,28/12/2025,2025,12,28,Winter,1.7,19.2,42.8,5578.4,5887.0,5749.2
Tamil Nadu,Thanjavur,Pattukottai(Uzhavar Sandhai ),Onion,Bellary,Local,29/03/2026,2026,3,29,Summer,4.4,21.9,49.8,5762.6,6049.3,5923.7
Tamil Nadu,Thanjavur,Pattukottai(Uzhavar Sandhai ),Onion,Bellary,Local,30/08/2026,2026,8,30,Monsoon,245.0,35.3,82.9,8913.2,9193.7,9036.7
Tamil Nadu,Thanjavur,Pattukottai(Uzhavar Sandhai ),Onion,Bellary,Local,30/11/2025,2025,11,30,Post-Monsoon,64.3,21.3,56.0,5747.5,6047.0,5917.0
Tamil Nadu,Thanjavur,Pattukottai(Uzhavar Sandhai ),Onion,Bellary,Local,31/05/2026,2026,5,31,Summer,18.8,30.0,46.3,6205.9,6529.5,6324.5
Tamil Nadu,Thanjavur,Peravurani(Uzhavar Sandhai),Onion,Bellary,Local,01/02/2026,2026,2,1,Winter,1.3,19.4,42.8,5328.6,5452.4,5389.8
Tamil Nadu,Thanjavur,Peravurani(Uzhavar Sandhai),Onion,Bellary,Local,01/03/2026,2026,3,1,Summer,16.7,21.6,50.0,5998.0,6218.5,6097.0
Tamil Nadu,Thanjavur,Peravurani(Uzhavar Sandhai),Onion,Bellary,Local,02/08/2026,2026,8,2,Monsoon,191.5,37.2,73.3,8332.6,8537.0,8446.6
Tamil Nadu,Thanjavur,Peravurani(Uzhavar Sandhai),Onion,Bellary,Local,02/11/2025,2025,11,2,Post-Monsoon,50.8,22.5,51.6,6007.3,6250.7,6138.7
Tamil Nadu,Thanjavur,Peravurani(Uzhavar Sandhai),Onion,Bellary,Local,03/05/2026,2026,5,3,Summer,11.9,29.4,46.6,5947.7,6320.2,6086.7
Tamil Nadu,Thanjavur,Peravurani(Uzhavar Sandhai),Onion,Bellary,Local,04/01/2026,2026,1,4,Winter,5.1,18.5,48.0,4926.6,5066.7,4995.5
Tamil Nadu,Thanjavur,Peravurani(Uzhavar Sandhai),Onion,Bellary,Local,05/04/2026,2026,4,5,Summer,7.6,27.7,47.7,6325.0,6618.3,6431.0
Tamil Nadu,Thanjavur,Peravurani(Uzhavar Sandhai),Onion,Bellary,Local,05/07/2026,2026,7,5,Monsoon,123.1,34.4,64.0,7961.0,8204.2,8068.7
Tamil Nadu,Thanjavur,Peravurani(Uzhavar Sandhai),Onion,Bellary,Local,05/10/2025,2025,10,5,Post-Monsoon,62.2,29.0,54.8,6037.6,6286.3,6179.9
Tamil Nadu,Thanjavur,Peravurani(Uzhavar Sandhai),Onion,Bellary,Local,06/09/2026,2026,9,6,Monsoon,106.3,30.0,61.6,8138.2,8348.5,8228.5
Tamil Nadu,Thanjavur,Peravurani(Uzhavar Sandhai),Onion,Bellary,Local,07/06/2026,2026,6,7,Monsoon,218.6,36.7,77.7,8302.3,8544.2,8421.4
Tamil Nadu,Thanjavur,Peravurani(Uzhavar Sandhai),Onion,Bellary,Local,07/12/2025,2025,12,7,Winter,13.9,22.4,47.1,5473.7,5664.4,5585.9
Tamil Nadu,Thanjavur,Peravurani(Uzhavar Sandhai),Onion,Bellary,Local,08/02/2026,2026,2,8,Winter,19.9,19.8,45.9,5157.0,5470.3,5336.4
Tamil Nadu,Thanjavur,Peravurani(Uzhavar Sandhai),Onion,Bellary,Local,08/03/2026,2026,3,8,Summer,8.2,22.7,43.7,6366.4,6661.8,6507.8
Tamil Nadu,Thanjavur,Peravurani(Uzhavar Sandhai),Onion,Bellary,Local,09/08/2026,2026,8,9,Monsoon,118.2,31.6,64.2,7849.7,8065.0,7971.3
Tamil Nadu,Thanjavur,Peravurani(Uzhavar Sandhai),Onion,Bellary,Local,09/11/2025,2025,11,9,Post-Monsoon,44.1,23.1,53.0,5901.1,6067.5,5964.4
Tamil Nadu,Thanjavur,Peravurani(Uzhavar Sandhai),Onion,Bellary,Local,10/05/2026,2026,5,10,Summer,16.5,32.3,51.6,6456.7,6629.1,6533.2
Tamil Nadu,Thanjavur,Peravurani(Uzhavar Sandhai),Onion,Bellary,Local,11/01/2026,2026,1,11,Winter,17.9,20.9,44.7,4979.7,5348.6,5162.1
Tamil Nadu,Thanjavur,Peravurani(Uzhavar Sandhai),Onion,Bellary,Local,12/04/2026,2026,4,12,Summer,15.5,28.7,49.7,6311.6,6437.1,6384.7
Tamil Nadu,Thanjavur,Peravurani(Uzhavar Sandhai),Onion,Bellary,Local,12/07/2026,2026,7,12,Monsoon,177.5,35.0,68.6,8134.4,8382.0,8252.4
Tamil Nadu,Thanjavur,Peravurani(Uzhavar Sandhai),Onion,Bellary,Local,12/10/2025,2025,10,12,Post-Monsoon,47.7,27.9,52.8,5892.3,6100.8,5998.7
Tamil Nadu,Thanjavur,Peravurani(Uzhavar Sandhai),Onion,Bellary,Local,13/09/2026,2026,9,13,Monsoon,196.5,30.0,76.3,9188.9,9377.9,9293.0
Tamil Nadu,Thanjavur,Peravurani(Uzhavar Sandhai),Onion,Bellary,Local,14/06/2026,2026,6,14,Monsoon,178.3,32.9,73.0,8266.1,8434.3,8350.4
Tamil Nadu,Thanjavur,Peravurani(Uzhavar Sandhai),Onion,Bellary,Local,14/12/2025,2025,12,14,Winter,18.8,20.5,49.1,5326.3,5692.2,5460.6
Tamil Nadu,Thanjavur,Peravurani(Uzhavar Sandhai),Onion,Bellary,Local,15/02/2026,2026,2,15,Winter,17.5,18.4,46.1,5599.0,5810.0,5720.3
Tamil Nadu,Thanjavur,Peravurani(Uzhavar Sandhai),Onion,Bellary,Local,15/03/2026,2026,3,15,Summer,15.4,20.8,50.4,5883.2,6157.2,6002.6
Tamil Nadu,Thanjavur,Peravurani(Uzhavar Sandhai),Onion,Bellary,Local,16/08/2026,2026,8,16,Monsoon,129.1,32.0,68.3,7757.7,8168.6,7948.9
Tamil Nadu,Thanjavur,Peravurani(Uzhavar Sandhai),Onion,Bellary,Local,16/11/2025,2025,11,16,Post-Monsoon,49.6,24.7,55.0,6044.9,6394.8,6224.8
Tamil Nadu,Thanjavur,Peravurani(Uzhavar Sandhai),Onion,Bellary,Local,17/05/2026,2026,5,17,Summer,1.8,30.2,43.0,5767.3,6119.6,5962.5
Tamil Nadu,Thanjavur,Peravurani(Uzhavar Sandhai),Onion,Bellary,Local,18/01/2026,2026,1,18,Winter,19.1,18.4,52.0,5425.2,5591.6,5511.0
Tamil Nadu,Thanjavur,Peravurani(Uzhavar Sandhai),Onion,Bellary,Local,19/04/2026,2026,4,19,Summer,5.9,27.5,40.8,6358.0,6670.5,6533.6
Tamil Nadu,Thanjavur,Peravurani(Uzhavar Sandhai),Onion,Bellary,Local,19/07/2026,2026,7,19,Monsoon,139.2,35.5,72.0,8216.9,8632.3,8430.1
Tamil Nadu,Thanjavur,Peravurani(Uzhavar Sandhai),Onion,Bellary,Local,19/10/2025,2025,10,19,Post-Monsoon,28.5,27.0,48.4,5697.5,5984.2,5853.3
Tamil Nadu,Thanjavur,Peravurani(Uzhavar Sandhai),Onion,Bellary,Local,20/09/2026,2026,9,20,Monsoon,157.5,29.2,73.1,8331.6,8512.9,8404.2
Tamil Nadu,Thanjavur,Peravurani(Uzhavar Sandhai),Onion,Bellary,Local,21/06/2026,2026,6,21,Monsoon,177.8,32.1,71.0,8434.7,8689.0,8540.9
Tamil Nadu,Thanjavur,Peravurani(Uzhavar Sandhai),Onion,Bellary,Local,21/12/2025,2025,12,21,Winter,1.7,19.6,40.9,5261.9,5577.9,5408.1
Tamil Nadu,Thanjavur,Peravurani(Uzhavar Sandhai),Onion,Bellary,Local,22/02/2026,2026,2,22,Winter,14.0,17.7,45.5,4878.6,5132.6,5025.0
Tamil Nadu,Thanjavur,Peravurani(Uzhavar Sandhai),Onion,Bellary,Local,22/03/2026,2026,3,22,Summer,11.6,21.6,45.5,6077.3,6256.4,6163.0
Tamil Nadu,Thanjavur,Peravurani(Uzhavar Sandhai),Onion,Bellary,Local,23/08/2026,2026,8,23,Monsoon,92.4,35.3,63.6,7496.4,7736.5,7608.8
Tamil Nadu,Thanjavur,Peravurani(Uzhavar Sandhai),Onion,Bellary,Local,23/11/2025,2025,11,23,Post-Monsoon,37.2,24.6,50.8,5577.0,5743.0,5646.0
Tamil Nadu,Thanjavur,Peravurani(Uzhavar Sandhai),Onion,Bellary,Local,24/05/2026,2026,5,24,Summer,14.5,28.2,49.8,6480.6,6782.4,6628.5
Tamil Nadu,Thanjavur,Peravurani(Uzhavar Sandhai),Onion,Bellary,Local,25/01/2026,2026,1,25,Winter,2.9,21.0,48.9,5367.4,5567.7,5479.2
Tamil Nadu,Thanjavur,Peravurani(Uzhavar Sandhai),Onion,Bellary,Local,26/04/2026,2026,4,26,Summer,18.0,26.2,50.7,5947.9,6282.6,6141.8
Tamil Nadu,Thanjavur,Peravurani(Uzhavar Sandhai),Onion,Bellary,Local,26/07/2026,2026,7,26,Monsoon,160.8,36.5,70.9,7571.0,7802.1,7704.1
Tamil Nadu,Thanjavur,Peravurani(Uzhavar Sandhai),Onion,Bellary,Local,26/10/2025,2025,10,26,Post-Monsoon,65.6,26.9,52.4,6129.5,6308.1,6215.0
Tamil Nadu,Thanjavur,Peravurani(Uzhavar Sandhai),Onion,Bellary,Local,28/06/2026,2026,6,28,Monsoon,204.6,32.0,77.6,8408.0,8728.5,8577.9
Tamil Nadu,Thanjavur,Peravurani(Uzhavar Sandhai),Onion,Bellary,Local,28/12/2025,2025,12,28,Winter,15.7,20.4,45.3,5176.2,5324.0,5262.2
Tamil Nadu,Thanjavur,Peravurani(Uzhavar Sandhai),Onion,Bellary,Local,29/03/2026,2026,3,29,Summer,10.1,21.9,48.4,6210.3,6446.0,6324.1
Tamil Nadu,Thanjavur,Peravurani(Uzhavar Sandhai),Onion,Bellary,Local,30/08/2026,2026,8,30,Monsoon,124.8,31.6,68.4,7683.3,7922.3,7773.8
Tamil Nadu,Thanjavur,Peravurani(Uzhavar Sandhai),Onion,Bellary,Local,30/11/2025,2025,11,30,Post-Monsoon,23.4,22.0,46.2,6072.8,6283.7,6165.4
Tamil Nadu,Thanjavur,Peravurani(Uzhavar Sandhai),Onion,Bellary,Local,31/05/2026,2026,5,31,Summer,7.7,32.7,45.2,6464.3,6626.1,6551.3
Tamil Nadu,Thanjavur,Tirukattupalli(Uzhavar Sandhai ),Onion,Bellary,Local,01/02/2026,2026,2,1,Winter,14.7,19.6,47.0,6247.2,6405.8,6330.9
Tamil Nadu,Thanjavur,Tirukattupalli(Uzhavar Sandhai ),Onion,Bellary,Local,01/03/2026,2026,3,1,Summer,13.0,23.8,51.5,7278.7,7482.2,7365.0
Tamil Nadu,Thanjavur,Tirukattupalli(Uzhavar Sandhai ),Onion,Bellary,Local,02/08/2026,2026,8,2,Monsoon,89.8,32.4,59.0,8829.0,9129.0,8995.4
Tamil Nadu,Thanjavur,Tirukattupalli(Uzhavar Sandhai ),Onion,Bellary,Local,02/11/2025,2025,11,2,Post-Monsoon,33.3,22.1,49.5,6401.0,6629.3,6512.8
Tamil Nadu,Thanjavur,Tirukattupalli(Uzhavar Sandhai ),Onion,Bellary,Local,03/05/2026,2026,5,3,Summer,0.6,31.7,45.6,7285.1,7408.4,7348.6
Tamil Nadu,Thanjavur,Tirukattupalli(Uzhavar Sandhai ),Onion,Bellary,Local,04/01/2026,2026,1,4,Winter,3.5,20.5,42.7,5843.7,6072.5,5938.6
Tamil Nadu,Thanjavur,Tirukattupalli(Uzhavar Sandhai ),Onion,Bellary,Local,05/04/2026,2026,4,5,Summer,9.2,28.5,40.7,7084.2,7307.0,7167.7
Tamil Nadu,Thanjavur,Tirukattupalli(Uzhavar Sandhai ),Onion,Bellary,Local,05/07/2026,2026,7,5,Monsoon,216.6,37.1,83.7,9761.3,10001.8,9892.9
Tamil Nadu,Thanjavur,Tirukattupalli(Uzhavar Sandhai ),Onion,Bellary,Local,05/10/2025,2025,10,5,Post-Monsoon,40.0,28.8,47.6,6555.7,6811.4,6691.1
Tamil Nadu,Thanjavur,Tirukattupalli(Uzhavar Sandhai ),Onion,Bellary,Local,06/09/2026,2026,9,6,Monsoon,140.6,35.0,68.4,8839.5,9146.1,8973.0
Tamil Nadu,Thanjavur,Tirukattupalli(Uzhavar Sandhai ),Onion,Bellary,Local,07/06/2026,2026,6,7,Monsoon,92.5,33.2,59.2,9049.0,9279.7,9170.8
Tamil Nadu,Thanjavur,Tirukattupalli(Uzhavar Sandhai ),Onion,Bellary,Local,07/12/2025,2025,12,7,Winter,10.4,21.6,45.0,5953.6,6333.9,6158.7
Tamil Nadu,Thanjavur,Tirukattupalli(Uzhavar Sandhai ),Onion,Bellary,Local,08/02/2026,2026,2,8,Winter,14.5,21.2,48.1,6052.4,6293.7,6157.7
Tamil Nadu,Thanjavur,Tirukattupalli(Uzhavar Sandhai ),Onion,Bellary,Local,08/03/2026,2026,3,8,Summer,15.0,22.3,45.8,6825.7,7001.8,6934.8
Tamil Nadu,Thanjavur,Tirukattupalli(Uzhavar Sandhai ),Onion,Bellary,Local,09/08/2026,2026,8,9,Monsoon,112.9,33.8,62.8,8387.7,8654.7,8542.6
Tamil Nadu,Thanjavur,Tirukattupalli(Uzhavar Sandhai ),Onion,Bellary,Local,09/11/2025,2025,11,9,Post-Monsoon,39.5,23.2,45.5,6408.8,6579.3,6472.6
Tamil Nadu,Thanjavur,Tirukattupalli(Uzhavar Sandhai ),Onion,Bellary,Local,10/05/2026,2026,5,10,Summer,4.3,31.6,45.1,6880.5,7085.0,6995.9
Tamil Nadu,Thanjavur,Tirukattupalli(Uzhavar Sandhai ),Onion,Bellary,Local,11/01/2026,2026,1,11,Winter,1.7,20.9,42.0,5577.4,5850.5,5736.1
Tamil Nadu,Thanjavur,Tirukattupalli(Uzhavar Sandhai ),Onion,Bellary,Local,12/04/2026,2026,4,12,Summer,16.0,27.8,45.5,6753.3,7104.8,6928.0
Tamil Nadu,Thanjavur,Tirukattupalli(Uzhavar Sandhai ),Onion,Bellary,Local,12/07/2026,2026,7,12,Monsoon,206.4,36.3,75.1,10002.2,10209.3,10087.9
Tamil Nadu,Thanjavur,Tirukattupalli(Uzhavar Sandhai ),Onion,Bellary,Local,12/10/2025,2025,10,12,Post-Monsoon,43.3,28.1,52.2,6615.1,6806.8,6691.6
Tamil Nadu,Thanjavur,Tirukattupalli(Uzhavar Sandhai ),Onion,Bellary,Local,13/09/2026,2026,9,13,Monsoon,135.9,32.4,66.6,8621.5,8812.0,8703.9
Tamil Nadu,Thanjavur,Tirukattupalli(Uzhavar Sandhai ),Onion,Bellary,Local,14/06/2026,2026,6,14,Monsoon,174.2,31.2,74.1,9581.7,9809.5,9703.5
Tamil Nadu,Thanjavur,Tirukattupalli(Uzhavar Sandhai ),Onion,Bellary,Local,14/12/2025,2025,12,14,Winter,5.4,19.8,44.0,5814.5,6123.1,6005.5
Tamil Nadu,Thanjavur,Tirukattupalli(Uzhavar Sandhai ),Onion,Bellary,Local,15/02/2026,2026,2,15,Winter,18.1,19.7,46.9,6202.0,6532.6,6340.0
Tamil Nadu,Thanjavur,Tirukattupalli(Uzhavar Sandhai ),Onion,Bellary,Local,15/03/2026,2026,3,15,Summer,6.9,24.4,43.5,6301.0,6558.5,6438.9
Tamil Nadu,Thanjavur,Tirukattupalli(Uzhavar Sandhai ),Onion,Bellary,Local,16/08/2026,2026,8,16,Monsoon,236.5,31.6,87.3,9538.5,9734.3,9638.9
Tamil Nadu,Thanjavur,Tirukattupalli(Uzhavar Sandhai ),Onion,Bellary,Local,16/11/2025,2025,11,16,Post-Monsoon,41.8,22.9,47.1,6654.7,6859.1,6756.4
Tamil Nadu,Thanjavur,Tirukattupalli(Uzhavar Sandhai ),Onion,Bellary,Local,17/05/2026,2026,5,17,Summer,9.3,29.7,45.6,6906.4,7206.6,7056.2
Tamil Nadu,Thanjavur,Tirukattupalli(Uzhavar Sandhai ),Onion,Bellary,Local,18/01/2026,2026,1,18,Winter,6.0,18.0,46.9,6079.8,6297.2,6180.8
Tamil Nadu,Thanjavur,Tirukattupalli(Uzhavar Sandhai ),Onion,Bellary,Local,19/04/2026,2026,4,19,Summer,13.0,26.6,50.4,6821.2,6958.4,6906.1
Tamil Nadu,Thanjavur,Tirukattupalli(Uzhavar Sandhai ),Onion,Bellary,Local,19/07/2026,2026,7,19,Monsoon,218.3,33.7,81.4,9957.3,10102.7,10029.3
Tamil Nadu,Thanjavur,Tirukattupalli(Uzhavar Sandhai ),Onion,Bellary,Local,19/10/2025,2025,10,19,Post-Monsoon,39.4,26.6,45.0,6377.3,6503.9,6450.0
Tamil Nadu,Thanjavur,Tirukattupalli(Uzhavar Sandhai ),Onion,Bellary,Local,20/09/2026,2026,9,20,Monsoon,92.7,27.4,60.4,8116.8,8332.6,8211.8
Tamil Nadu,Thanjavur,Tirukattupalli(Uzhavar Sandhai ),Onion,Bellary,Local,21/06/2026,2026,6,21,Monsoon,226.0,32.8,85.6,10048.6,10217.8,10149.4
Tamil Nadu,Thanjavur,Tirukattupalli(Uzhavar Sandhai ),Onion,Bellary,Local,21/12/2025,2025,12,21,Winter,9.3,18.9,42.4,5830.4,5995.6,5903.4
Tamil Nadu,Thanjavur,Tirukattupalli(Uzhavar Sandhai ),Onion,Bellary,Local,22/02/2026,2026,2,22,Winter,4.3,20.3,45.3,6244.7,6447.2,6351.8
Tamil Nadu,Thanjavur,Tirukattupalli(Uzhavar Sandhai ),Onion,Bellary,Local,22/03/2026,2026,3,22,Summer,7.2,23.1,39.4,7210.2,7519.4,7399.0
Tamil Nadu,Thanjavur,Tirukattupalli(Uzhavar Sandhai ),Onion,Bellary,Local,23/08/2026,2026,8,23,Monsoon,95.0,34.4,57.3,9434.5,9641.7,9543.7
Tamil Nadu,Thanjavur,Tirukattupalli(Uzhavar Sandhai ),Onion,Bellary,Local,23/11/2025,2025,11,23,Post-Monsoon,68.6,22.3,55.3,6274.6,6708.3,6476.9
Tamil Nadu,Thanjavur,Tirukattupalli(Uzhavar Sandhai ),Onion,Bellary,Local,24/05/2026,2026,5,24,Summer,12.9,31.8,44.5,6592.5,6799.3,6722.0
Tamil Nadu,Thanjavur,Tirukattupalli(Uzhavar Sandhai ),Onion,Bellary,Local,25/01/2026,2026,1,25,Winter,9.2,20.7,42.8,6076.4,6231.1,6155.2
Tamil Nadu,Thanjavur,Tirukattupalli(Uzhavar Sandhai ),Onion,Bellary,Local,26/04/2026,2026,4,26,Summer,18.9,26.2,50.9,7007.5,7150.2,7083.5
Tamil Nadu,Thanjavur,Tirukattupalli(Uzhavar Sandhai ),Onion,Bellary,Local,26/07/2026,2026,7,26,Monsoon,131.9,36.8,62.9,8787.1,9011.7,8891.9
Tamil Nadu,Thanjavur,Tirukattupalli(Uzhavar Sandhai ),Onion,Bellary,Local,26/10/2025,2025,10,26,Post-Monsoon,61.8,28.4,55.2,6869.3,7027.8,6946.9
Tamil Nadu,Thanjavur,Tirukattupalli(Uzhavar Sandhai ),Onion,Bellary,Local,28/06/2026,2026,6,28,Monsoon,183.3,36.4,75.0,9864.3,10008.1,9958.0
Tamil Nadu,Thanjavur,Tirukattupalli(Uzhavar Sandhai ),Onion,Bellary,Local,28/12/2025,2025,12,28,Winter,6.8,18.8,48.4,5793.2,6089.3,5939.8
Tamil Nadu,Thanjavur,Tirukattupalli(Uzhavar Sandhai ),Onion,Bellary,Local,29/03/2026,2026,3,29,Summer,10.7,21.5,43.0,7070.6,7312.5,7202.3
Tamil Nadu,Thanjavur,Tirukattupalli(Uzhavar Sandhai ),Onion,Bellary,Local,30/08/2026,2026,8,30,Monsoon,81.2,33.1,57.0,8915.5,9214.4,9089.6
Tamil Nadu,Thanjavur,Tirukattupalli(Uzhavar Sandhai ),Onion,Bellary,Local,30/11/2025,2025,11,30,Post-Monsoon,75.6,20.8,59.2,7020.2,7315.5,7171.6
Tamil Nadu,Thanjavur,Tirukattupalli(Uzhavar Sandhai ),Onion,Bellary,Local,31/05/2026,2026,5,31,Summer,19.2,30.2,46.0,7063.7,7268.1,7182.0
Tamil Nadu,The Nilgiris,Coonoor(Uzhavar Sandhai ),Onion,Bellary,Local,01/02/2026,2026,2,1,Winter,16.7,20.2,50.1,5726.9,5909.1,5824.1
Tamil Nadu,The Nilgiris,Coonoor(Uzhavar Sandhai ),Onion,Bellary,Local,01/03/2026,2026,3,1,Summer,12.5,21.7,50.9,6531.7,6924.4,6730.6
Tamil Nadu,The Nilgiris,Coonoor(Uzhavar Sandhai ),Onion,Bellary,Local,02/08/2026,2026,8,2,Monsoon,118.1,32.8,62.6,7746.6,8117.0,7935.1
Tamil Nadu,The Nilgiris,Coonoor(Uzhavar Sandhai ),Onion,Bellary,Local,02/11/2025,2025,11,2,Post-Monsoon,57.7,23.4,58.8,6042.1,6270.1,6159.3
Tamil Nadu,The Nilgiris,Coonoor(Uzhavar Sandhai ),Onion,Bellary,Local,03/05/2026,2026,5,3,Summer,0.9,28.6,41.7,6826.9,7195.2,7018.7
Tamil Nadu,The Nilgiris,Coonoor(Uzhavar Sandhai ),Onion,Bellary,Local,04/01/2026,2026,1,4,Winter,3.2,19.0,48.7,5897.0,6091.7,5987.2
Tamil Nadu,The Nilgiris,Coonoor(Uzhavar Sandhai ),Onion,Bellary,Local,05/04/2026,2026,4,5,Summer,4.3,27.8,45.7,6610.4,6914.2,6733.7
Tamil Nadu,The Nilgiris,Coonoor(Uzhavar Sandhai ),Onion,Bellary,Local,05/07/2026,2026,7,5,Monsoon,97.0,35.9,62.1,8359.3,8648.1,8466.6
Tamil Nadu,The Nilgiris,Coonoor(Uzhavar Sandhai ),Onion,Bellary,Local,05/10/2025,2025,10,5,Post-Monsoon,54.0,28.0,49.2,5655.6,6088.8,5880.1
Tamil Nadu,The Nilgiris,Coonoor(Uzhavar Sandhai ),Onion,Bellary,Local,06/09/2026,2026,9,6,Monsoon,133.6,28.5,64.8,8315.5,8480.4,8413.7
Tamil Nadu,The Nilgiris,Coonoor(Uzhavar Sandhai ),Onion,Bellary,Local,07/06/2026,2026,6,7,Monsoon,130.1,33.3,66.9,8368.8,8522.0,8443.8
Tamil Nadu,The Nilgiris,Coonoor(Uzhavar Sandhai ),Onion,Bellary,Local,07/12/2025,2025,12,7,Winter,10.0,21.0,41.9,5884.5,6162.6,6024.8
Tamil Nadu,The Nilgiris,Coonoor(Uzhavar Sandhai ),Onion,Bellary,Local,08/02/2026,2026,2,8,Winter,15.5,19.9,54.9,5653.6,5852.4,5752.5
Tamil Nadu,The Nilgiris,Coonoor(Uzhavar Sandhai ),Onion,Bellary,Local,08/03/2026,2026,3,8,Summer,9.8,24.7,45.4,6194.9,6430.2,6289.7
Tamil Nadu,The Nilgiris,Coonoor(Uzhavar Sandhai ),Onion,Bellary,Local,09/08/2026,2026,8,9,Monsoon,199.9,35.1,77.9,8327.5,8710.2,8498.6
Tamil Nadu,The Nilgiris,Coonoor(Uzhavar Sandhai ),Onion,Bellary,Local,09/11/2025,2025,11,9,Post-Monsoon,74.0,23.1,61.2,6172.5,6364.7,6264.5
Tamil Nadu,The Nilgiris,Coonoor(Uzhavar Sandhai ),Onion,Bellary,Local,10/05/2026,2026,5,10,Summer,1.5,30.8,46.1,7102.1,7248.8,7160.0
Tamil Nadu,The Nilgiris,Coonoor(Uzhavar Sandhai ),Onion,Bellary,Local,11/01/2026,2026,1,11,Winter,6.4,18.0,47.1,5769.6,5969.4,5871.0
Tamil Nadu,The Nilgiris,Coonoor(Uzhavar Sandhai ),Onion,Bellary,Local,12/04/2026,2026,4,12,Summer,12.4,27.5,47.9,6518.6,6675.7,6600.2
Tamil Nadu,The Nilgiris,Coonoor(Uzhavar Sandhai ),Onion,Bellary,Local,12/07/2026,2026,7,12,Monsoon,248.1,38.0,80.5,9657.2,9974.2,9788.3
Tamil Nadu,The Nilgiris,Coonoor(Uzhavar Sandhai ),Onion,Bellary,Local,12/10/2025,2025,10,12,Post-Monsoon,52.2,29.1,49.3,6186.0,6405.3,6306.5
Tamil Nadu,The Nilgiris,Coonoor(Uzhavar Sandhai ),Onion,Bellary,Local,13/09/2026,2026,9,13,Monsoon,120.0,31.2,63.0,8396.3,8594.3,8516.9
Tamil Nadu,The Nilgiris,Coonoor(Uzhavar Sandhai ),Onion,Bellary,Local,14/06/2026,2026,6,14,Monsoon,179.8,33.3,69.2,9097.3,9405.8,9266.5
Tamil Nadu,The Nilgiris,Coonoor(Uzhavar Sandhai ),Onion,Bellary,Local,14/12/2025,2025,12,14,Winter,17.1,20.1,51.3,5154.3,5477.3,5287.2
Tamil Nadu,The Nilgiris,Coonoor(Uzhavar Sandhai ),Onion,Bellary,Local,15/02/2026,2026,2,15,Winter,8.8,21.2,48.1,5650.4,5882.6,5761.4
Tamil Nadu,The Nilgiris,Coonoor(Uzhavar Sandhai ),Onion,Bellary,Local,15/03/2026,2026,3,15,Summer,6.7,22.9,48.1,6720.6,7050.9,6889.4
Tamil Nadu,The Nilgiris,Coonoor(Uzhavar Sandhai ),Onion,Bellary,Local,16/08/2026,2026,8,16,Monsoon,86.8,34.3,60.6,8114.7,8362.9,8238.4
Tamil Nadu,The Nilgiris,Coonoor(Uzhavar Sandhai ),Onion,Bellary,Local,16/11/2025,2025,11,16,Post-Monsoon,24.3,22.3,42.9,6017.1,6289.8,6155.6
Tamil Nadu,The Nilgiris,Coonoor(Uzhavar Sandhai ),Onion,Bellary,Local,17/05/2026,2026,5,17,Summer,18.5,30.8,47.4,6941.3,7329.9,7118.5
Tamil Nadu,The Nilgiris,Coonoor(Uzhavar Sandhai ),Onion,Bellary,Local,18/01/2026,2026,1,18,Winter,15.0,20.0,46.2,5628.0,5826.2,5713.7
Tamil Nadu,The Nilgiris,Coonoor(Uzhavar Sandhai ),Onion,Bellary,Local,19/04/2026,2026,4,19,Summer,11.0,28.5,50.2,5811.3,6050.2,5950.6
Tamil Nadu,The Nilgiris,Coonoor(Uzhavar Sandhai ),Onion,Bellary,Local,19/07/2026,2026,7,19,Monsoon,197.6,36.3,76.6,9126.8,9432.6,9280.0
Tamil Nadu,The Nilgiris,Coonoor(Uzhavar Sandhai ),Onion,Bellary,Local,19/10/2025,2025,10,19,Post-Monsoon,72.9,27.0,53.1,6315.2,6662.0,6537.4
Tamil Nadu,The Nilgiris,Coonoor(Uzhavar Sandhai ),Onion,Bellary,Local,20/09/2026,2026,9,20,Monsoon,231.0,33.6,78.3,9605.1,9909.7,9738.4
Tamil Nadu,The Nilgiris,Coonoor(Uzhavar Sandhai ),Onion,Bellary,Local,21/06/2026,2026,6,21,Monsoon,199.1,33.4,77.8,9365.4,9710.2,9547.0
Tamil Nadu,The Nilgiris,Coonoor(Uzhavar Sandhai ),Onion,Bellary,Local,21/12/2025,2025,12,21,Winter,13.6,19.8,44.7,5782.4,6003.0,5865.6
Tamil Nadu,The Nilgiris,Coonoor(Uzhavar Sandhai ),Onion,Bellary,Local,22/02/2026,2026,2,22,Winter,19.5,20.7,48.8,5948.0,6228.4,6075.6
Tamil Nadu,The Nilgiris,Coonoor(Uzhavar Sandhai ),Onion,Bellary,Local,22/03/2026,2026,3,22,Summer,12.0,22.8,48.7,6325.5,6634.1,6463.3
Tamil Nadu,The Nilgiris,Coonoor(Uzhavar Sandhai ),Onion,Bellary,Local,23/08/2026,2026,8,23,Monsoon,230.0,36.9,84.3,9317.1,9655.5,9500.0
Tamil Nadu,The Nilgiris,Coonoor(Uzhavar Sandhai ),Onion,Bellary,Local,23/11/2025,2025,11,23,Post-Monsoon,51.1,23.3,52.3,6280.0,6451.6,6369.6
Tamil Nadu,The Nilgiris,Coonoor(Uzhavar Sandhai ),Onion,Bellary,Local,24/05/2026,2026,5,24,Summer,10.0,31.0,46.3,6872.4,7089.8,6998.5
Tamil Nadu,The Nilgiris,Coonoor(Uzhavar Sandhai ),Onion,Bellary,Local,25/01/2026,2026,1,25,Winter,14.8,17.6,43.7,5458.8,5734.5,5582.3
Tamil Nadu,The Nilgiris,Coonoor(Uzhavar Sandhai ),Onion,Bellary,Local,26/04/2026,2026,4,26,Summer,5.2,28.9,43.6,6910.9,7239.7,7055.0
Tamil Nadu,The Nilgiris,Coonoor(Uzhavar Sandhai ),Onion,Bellary,Local,26/07/2026,2026,7,26,Monsoon,123.1,35.7,68.2,8488.4,8611.2,8553.3
Tamil Nadu,The Nilgiris,Coonoor(Uzhavar Sandhai ),Onion,Bellary,Local,26/10/2025,2025,10,26,Post-Monsoon,27.8,30.3,50.6,5877.4,6106.3,6003.8
Tamil Nadu,The Nilgiris,Coonoor(Uzhavar Sandhai ),Onion,Bellary,Local,28/06/2026,2026,6,28,Monsoon,133.1,32.7,68.3,8699.1,8983.4,8856.2
Tamil Nadu,The Nilgiris,Coonoor(Uzhavar Sandhai ),Onion,Bellary,Local,28/12/2025,2025,12,28,Winter,15.0,21.2,51.1,5444.4,5644.0,5523.7
Tamil Nadu,The Nilgiris,Coonoor(Uzhavar Sandhai ),Onion,Bellary,Local,29/03/2026,2026,3,29,Summer,19.5,23.1,47.9,6695.7,7090.4,6869.4
Tamil Nadu,The Nilgiris,Coonoor(Uzhavar Sandhai ),Onion,Bellary,Local,30/08/2026,2026,8,30,Monsoon,245.8,34.6,77.8,9025.1,9350.4,9145.5
Tamil Nadu,The Nilgiris,Coonoor(Uzhavar Sandhai ),Onion,Bellary,Local,30/11/2025,2025,11,30,Post-Monsoon,62.8,21.1,55.2,6152.7,6526.4,6330.4
Tamil Nadu,The Nilgiris,Coonoor(Uzhavar Sandhai ),Onion,Bellary,Local,31/05/2026,2026,5,31,Summer,10.1,32.8,42.9,6339.8,6604.9,6446.8
Tamil Nadu,The Nilgiris,Gudalur(Uzhavar Sandhai ),Onion,Bellary,Local,01/02/2026,2026,2,1,Winter,12.9,20.9,48.5,5605.3,5755.7,5666.1
Tamil Nadu,The Nilgiris,Gudalur(Uzhavar Sandhai ),Onion,Bellary,Local,01/03/2026,2026,3,1,Summer,12.8,22.3,44.1,6334.8,6547.8,6438.6
Tamil Nadu,The Nilgiris,Gudalur(Uzhavar Sandhai ),Onion,Bellary,Local,02/08/2026,2026,8,2,Monsoon,221.1,34.8,76.2,9151.0,9344.5,9239.2
Tamil Nadu,The Nilgiris,Gudalur(Uzhavar Sandhai ),Onion,Bellary,Local,02/11/2025,2025,11,2,Post-Monsoon,40.8,22.4,57.0,6165.3,6307.7,6253.8
Tamil Nadu,The Nilgiris,Gudalur(Uzhavar Sandhai ),Onion,Bellary,Local,03/05/2026,2026,5,3,Summer,0.5,28.4,42.3,6104.7,6436.2,6275.6
Tamil Nadu,The Nilgiris,Gudalur(Uzhavar Sandhai ),Onion,Bellary,Local,04/01/2026,2026,1,4,Winter,19.5,18.9,45.2,6016.7,6213.0,6131.0
Tamil Nadu,The Nilgiris,Gudalur(Uzhavar Sandhai ),Onion,Bellary,Local,05/04/2026,2026,4,5,Summer,7.6,31.3,47.1,6124.9,6431.3,6312.0
Tamil Nadu,The Nilgiris,Gudalur(Uzhavar Sandhai ),Onion,Bellary,Local,05/07/2026,2026,7,5,Monsoon,102.3,34.4,58.4,8400.4,8626.1,8483.6
Tamil Nadu,The Nilgiris,Gudalur(Uzhavar Sandhai ),Onion,Bellary,Local,05/10/2025,2025,10,5,Post-Monsoon,70.4,30.1,53.9,6379.5,6697.6,6531.1
Tamil Nadu,The Nilgiris,Gudalur(Uzhavar Sandhai ),Onion,Bellary,Local,06/09/2026,2026,9,6,Monsoon,245.8,32.5,79.2,9318.6,9508.6,9419.9
Tamil Nadu,The Nilgiris,Gudalur(Uzhavar Sandhai ),Onion,Bellary,Local,07/06/2026,2026,6,7,Monsoon,244.8,35.7,82.8,9306.6,9520.5,9411.5
Tamil Nadu,The Nilgiris,Gudalur(Uzhavar Sandhai ),Onion,Bellary,Local,07/12/2025,2025,12,7,Winter,13.7,19.8,48.4,5629.4,5922.2,5734.3
Tamil Nadu,The Nilgiris,Gudalur(Uzhavar Sandhai ),Onion,Bellary,Local,08/02/2026,2026,2,8,Winter,6.4,20.4,41.1,5687.0,5922.3,5790.6
Tamil Nadu,The Nilgiris,Gudalur(Uzhavar Sandhai ),Onion,Bellary,Local,08/03/2026,2026,3,8,Summer,0.1,22.3,43.2,6436.5,6673.0,6572.1
Tamil Nadu,The Nilgiris,Gudalur(Uzhavar Sandhai ),Onion,Bellary,Local,09/08/2026,2026,8,9,Monsoon,88.8,34.5,58.0,7926.8,8186.0,8046.7
Tamil Nadu,The Nilgiris,Gudalur(Uzhavar Sandhai ),Onion,Bellary,Local,09/11/2025,2025,11,9,Post-Monsoon,27.6,22.1,52.3,6153.6,6346.0,6253.6
Tamil Nadu,The Nilgiris,Gudalur(Uzhavar Sandhai ),Onion,Bellary,Local,10/05/2026,2026,5,10,Summer,18.4,32.0,44.1,7023.8,7377.8,7160.9
Tamil Nadu,The Nilgiris,Gudalur(Uzhavar Sandhai ),Onion,Bellary,Local,11/01/2026,2026,1,11,Winter,3.4,16.2,46.3,5324.9,5539.8,5445.7
Tamil Nadu,The Nilgiris,Gudalur(Uzhavar Sandhai ),Onion,Bellary,Local,12/04/2026,2026,4,12,Summer,2.0,25.4,44.5,6656.4,6871.0,6773.8
Tamil Nadu,The Nilgiris,Gudalur(Uzhavar Sandhai ),Onion,Bellary,Local,12/07/2026,2026,7,12,Monsoon,101.4,37.5,60.5,8524.7,8776.1,8662.9
Tamil Nadu,The Nilgiris,Gudalur(Uzhavar Sandhai ),Onion,Bellary,Local,12/10/2025,2025,10,12,Post-Monsoon,47.4,25.4,52.6,6266.9,6614.2,6461.7
Tamil Nadu,The Nilgiris,Gudalur(Uzhavar Sandhai ),Onion,Bellary,Local,13/09/2026,2026,9,13,Monsoon,214.0,29.8,81.4,9557.9,9858.3,9704.2
Tamil Nadu,The Nilgiris,Gudalur(Uzhavar Sandhai ),Onion,Bellary,Local,14/06/2026,2026,6,14,Monsoon,185.0,33.6,74.8,8949.4,9137.8,9059.5
Tamil Nadu,The Nilgiris,Gudalur(Uzhavar Sandhai ),Onion,Bellary,Local,14/12/2025,2025,12,14,Winter,17.3,23.2,43.6,5606.7,5863.5,5729.0
Tamil Nadu,The Nilgiris,Gudalur(Uzhavar Sandhai ),Onion,Bellary,Local,15/02/2026,2026,2,15,Winter,19.3,18.8,47.4,5388.8,5610.9,5500.4
Tamil Nadu,The Nilgiris,Gudalur(Uzhavar Sandhai ),Onion,Bellary,Local,15/03/2026,2026,3,15,Summer,6.7,24.1,44.5,6162.2,6366.2,6277.5
Tamil Nadu,The Nilgiris,Gudalur(Uzhavar Sandhai ),Onion,Bellary,Local,16/08/2026,2026,8,16,Monsoon,156.0,33.2,71.5,9047.5,9186.2,9109.3
Tamil Nadu,The Nilgiris,Gudalur(Uzhavar Sandhai ),Onion,Bellary,Local,16/11/2025,2025,11,16,Post-Monsoon,48.8,26.1,55.3,6122.5,6333.9,6223.9
Tamil Nadu,The Nilgiris,Gudalur(Uzhavar Sandhai ),Onion,Bellary,Local,17/05/2026,2026,5,17,Summer,12.3,31.9,44.9,6859.6,7097.8,6990.1
Tamil Nadu,The Nilgiris,Gudalur(Uzhavar Sandhai ),Onion,Bellary,Local,18/01/2026,2026,1,18,Winter,2.5,19.4,47.6,5301.2,5604.3,5479.8
Tamil Nadu,The Nilgiris,Gudalur(Uzhavar Sandhai ),Onion,Bellary,Local,19/04/2026,2026,4,19,Summer,11.8,24.9,47.3,6915.8,7151.9,7013.7
Tamil Nadu,The Nilgiris,Gudalur(Uzhavar Sandhai ),Onion,Bellary,Local,19/07/2026,2026,7,19,Monsoon,240.0,35.7,74.4,8705.4,9056.1,8894.6
Tamil Nadu,The Nilgiris,Gudalur(Uzhavar Sandhai ),Onion,Bellary,Local,19/10/2025,2025,10,19,Post-Monsoon,33.8,28.8,49.4,6029.6,6345.5,6172.3
Tamil Nadu,The Nilgiris,Gudalur(Uzhavar Sandhai ),Onion,Bellary,Local,20/09/2026,2026,9,20,Monsoon,164.8,31.2,73.5,7895.7,8032.0,7956.6
Tamil Nadu,The Nilgiris,Gudalur(Uzhavar Sandhai ),Onion,Bellary,Local,21/06/2026,2026,6,21,Monsoon,86.9,34.8,57.3,7891.6,8097.5,7991.4
Tamil Nadu,The Nilgiris,Gudalur(Uzhavar Sandhai ),Onion,Bellary,Local,21/12/2025,2025,12,21,Winter,8.8,20.7,50.2,5585.6,5875.8,5751.0
Tamil Nadu,The Nilgiris,Gudalur(Uzhavar Sandhai ),Onion,Bellary,Local,22/02/2026,2026,2,22,Winter,1.0,19.1,50.6,5590.7,5883.7,5747.1
Tamil Nadu,The Nilgiris,Gudalur(Uzhavar Sandhai ),Onion,Bellary,Local,22/03/2026,2026,3,22,Summer,11.5,24.0,46.4,6967.3,7107.5,7039.6
Tamil Nadu,The Nilgiris,Gudalur(Uzhavar Sandhai ),Onion,Bellary,Local,23/08/2026,2026,8,23,Monsoon,147.5,34.7,73.3,8115.7,8301.7,8213.4
Tamil Nadu,The Nilgiris,Gudalur(Uzhavar Sandhai ),Onion,Bellary,Local,23/11/2025,2025,11,23,Post-Monsoon,46.1,22.5,57.1,5891.4,6188.7,6068.2
Tamil Nadu,The Nilgiris,Gudalur(Uzhavar Sandhai ),Onion,Bellary,Local,24/05/2026,2026,5,24,Summer,1.4,28.6,47.0,7087.5,7382.7,7239.5
Tamil Nadu,The Nilgiris,Gudalur(Uzhavar Sandhai ),Onion,Bellary,Local,25/01/2026,2026,1,25,Winter,13.6,18.8,45.3,5637.1,5825.1,5711.7
Tamil Nadu,The Nilgiris,Gudalur(Uzhavar Sandhai ),Onion,Bellary,Local,26/04/2026,2026,4,26,Summer,14.1,26.7,48.9,6884.0,7075.2,6980.5
Tamil Nadu,The Nilgiris,Gudalur(Uzhavar Sandhai ),Onion,Bellary,Local,26/07/2026,2026,7,26,Monsoon,110.6,35.8,62.6,8502.6,8650.5,8572.3
Tamil Nadu,The Nilgiris,Gudalur(Uzhavar Sandhai ),Onion,Bellary,Local,26/10/2025,2025,10,26,Post-Monsoon,34.7,24.7,51.1,6018.9,6182.7,6085.5
Tamil Nadu,The Nilgiris,Gudalur(Uzhavar Sandhai ),Onion,Bellary,Local,28/06/2026,2026,6,28,Monsoon,161.0,31.6,75.5,8777.4,9116.0,8965.0
Tamil Nadu,The Nilgiris,Gudalur(Uzhavar Sandhai ),Onion,Bellary,Local,28/12/2025,2025,12,28,Winter,16.0,18.2,48.9,5949.9,6238.2,6104.0
Tamil Nadu,The Nilgiris,Gudalur(Uzhavar Sandhai ),Onion,Bellary,Local,29/03/2026,2026,3,29,Summer,6.1,21.3,45.0,6408.2,6670.9,6511.9
Tamil Nadu,The Nilgiris,Gudalur(Uzhavar Sandhai ),Onion,Bellary,Local,30/08/2026,2026,8,30,Monsoon,167.5,33.3,73.3,8270.7,8570.2,8407.7
Tamil Nadu,The Nilgiris,Gudalur(Uzhavar Sandhai ),Onion,Bellary,Local,30/11/2025,2025,11,30,Post-Monsoon,56.6,20.3,57.6,5709.4,5838.4,5776.9
Tamil Nadu,The Nilgiris,Gudalur(Uzhavar Sandhai ),Onion,Bellary,Local,31/05/2026,2026,5,31,Summer,8.0,32.3,41.1,6513.0,6632.8,6562.8
Tamil Nadu,The Nilgiris,Udhagamandalam(Uzhavar Sandhai ),Onion,Bellary,Local,01/02/2026,2026,2,1,Winter,17.1,23.8,47.6,5583.7,5924.2,5730.9
Tamil Nadu,The Nilgiris,Udhagamandalam(Uzhavar Sandhai ),Onion,Bellary,Local,01/03/2026,2026,3,1,Summer,8.9,23.1,47.8,6693.2,6967.3,6845.6
Tamil Nadu,The Nilgiris,Udhagamandalam(Uzhavar Sandhai ),Onion,Bellary,Local,02/08/2026,2026,8,2,Monsoon,138.0,34.4,66.6,8491.9,8851.0,8725.2
Tamil Nadu,The Nilgiris,Udhagamandalam(Uzhavar Sandhai ),Onion,Bellary,Local,02/11/2025,2025,11,2,Post-Monsoon,63.0,22.9,59.1,6193.4,6515.4,6353.4
Tamil Nadu,The Nilgiris,Udhagamandalam(Uzhavar Sandhai ),Onion,Bellary,Local,03/05/2026,2026,5,3,Summer,16.0,29.1,44.1,6230.4,6532.0,6377.9
Tamil Nadu,The Nilgiris,Udhagamandalam(Uzhavar Sandhai ),Onion,Bellary,Local,04/01/2026,2026,1,4,Winter,1.1,17.8,45.6,5435.5,5649.9,5540.3
Tamil Nadu,The Nilgiris,Udhagamandalam(Uzhavar Sandhai ),Onion,Bellary,Local,05/04/2026,2026,4,5,Summer,12.1,27.1,47.7,6348.5,6514.6,6428.0
Tamil Nadu,The Nilgiris,Udhagamandalam(Uzhavar Sandhai ),Onion,Bellary,Local,05/07/2026,2026,7,5,Monsoon,154.0,35.6,64.2,8602.6,8839.8,8724.3
Tamil Nadu,The Nilgiris,Udhagamandalam(Uzhavar Sandhai ),Onion,Bellary,Local,05/10/2025,2025,10,5,Post-Monsoon,39.6,26.7,49.6,6339.7,6628.5,6470.6
Tamil Nadu,The Nilgiris,Udhagamandalam(Uzhavar Sandhai ),Onion,Bellary,Local,06/09/2026,2026,9,6,Monsoon,125.6,30.5,62.8,8151.1,8399.4,8249.0
Tamil Nadu,The Nilgiris,Udhagamandalam(Uzhavar Sandhai ),Onion,Bellary,Local,07/06/2026,2026,6,7,Monsoon,176.8,34.4,80.1,7978.7,8144.5,8066.9
Tamil Nadu,The Nilgiris,Udhagamandalam(Uzhavar Sandhai ),Onion,Bellary,Local,07/12/2025,2025,12,7,Winter,19.7,18.6,51.1,5538.5,5760.6,5667.7
Tamil Nadu,The Nilgiris,Udhagamandalam(Uzhavar Sandhai ),Onion,Bellary,Local,08/02/2026,2026,2,8,Winter,12.2,17.8,50.8,5430.3,5588.1,5510.3
Tamil Nadu,The Nilgiris,Udhagamandalam(Uzhavar Sandhai ),Onion,Bellary,Local,08/03/2026,2026,3,8,Summer,1.8,23.3,38.5,6149.5,6502.8,6286.4
Tamil Nadu,The Nilgiris,Udhagamandalam(Uzhavar Sandhai ),Onion,Bellary,Local,09/08/2026,2026,8,9,Monsoon,219.7,34.7,84.1,9464.0,9662.4,9554.1
Tamil Nadu,The Nilgiris,Udhagamandalam(Uzhavar Sandhai ),Onion,Bellary,Local,09/11/2025,2025,11,9,Post-Monsoon,43.2,21.9,51.8,5470.7,5806.5,5604.1
Tamil Nadu,The Nilgiris,Udhagamandalam(Uzhavar Sandhai ),Onion,Bellary,Local,10/05/2026,2026,5,10,Summer,16.9,33.1,44.6,6416.5,6652.7,6515.1
Tamil Nadu,The Nilgiris,Udhagamandalam(Uzhavar Sandhai ),Onion,Bellary,Local,11/01/2026,2026,1,11,Winter,1.7,17.2,44.8,5517.9,5774.0,5685.6
Tamil Nadu,The Nilgiris,Udhagamandalam(Uzhavar Sandhai ),Onion,Bellary,Local,12/04/2026,2026,4,12,Summer,4.2,26.8,49.3,6296.7,6561.4,6421.7
Tamil Nadu,The Nilgiris,Udhagamandalam(Uzhavar Sandhai ),Onion,Bellary,Local,12/07/2026,2026,7,12,Monsoon,104.7,33.8,62.0,8476.9,8697.5,8565.5
Tamil Nadu,The Nilgiris,Udhagamandalam(Uzhavar Sandhai ),Onion,Bellary,Local,12/10/2025,2025,10,12,Post-Monsoon,33.7,26.8,49.4,5678.6,5854.6,5778.9
Tamil Nadu,The Nilgiris,Udhagamandalam(Uzhavar Sandhai ),Onion,Bellary,Local,13/09/2026,2026,9,13,Monsoon,227.8,30.8,84.3,8667.9,8960.1,8841.5
Tamil Nadu,The Nilgiris,Udhagamandalam(Uzhavar Sandhai ),Onion,Bellary,Local,14/06/2026,2026,6,14,Monsoon,123.9,33.8,61.5,8111.7,8521.4,8325.7
Tamil Nadu,The Nilgiris,Udhagamandalam(Uzhavar Sandhai ),Onion,Bellary,Local,14/12/2025,2025,12,14,Winter,15.7,18.4,47.0,5754.1,5998.2,5879.9
Tamil Nadu,The Nilgiris,Udhagamandalam(Uzhavar Sandhai ),Onion,Bellary,Local,15/02/2026,2026,2,15,Winter,8.6,19.9,50.9,5580.1,5795.5,5708.0
Tamil Nadu,The Nilgiris,Udhagamandalam(Uzhavar Sandhai ),Onion,Bellary,Local,15/03/2026,2026,3,15,Summer,19.2,21.9,44.3,5991.5,6241.6,6134.0
Tamil Nadu,The Nilgiris,Udhagamandalam(Uzhavar Sandhai ),Onion,Bellary,Local,16/08/2026,2026,8,16,Monsoon,235.0,33.1,82.4,9443.5,9689.0,9586.0
Tamil Nadu,The Nilgiris,Udhagamandalam(Uzhavar Sandhai ),Onion,Bellary,Local,16/11/2025,2025,11,16,Post-Monsoon,53.5,25.0,48.0,6084.0,6337.7,6233.0
Tamil Nadu,The Nilgiris,Udhagamandalam(Uzhavar Sandhai ),Onion,Bellary,Local,17/05/2026,2026,5,17,Summer,6.6,30.7,49.2,6629.4,6839.9,6752.2
Tamil Nadu,The Nilgiris,Udhagamandalam(Uzhavar Sandhai ),Onion,Bellary,Local,18/01/2026,2026,1,18,Winter,16.2,18.5,47.7,5425.4,5787.0,5593.5
Tamil Nadu,The Nilgiris,Udhagamandalam(Uzhavar Sandhai ),Onion,Bellary,Local,19/04/2026,2026,4,19,Summer,7.0,26.5,48.6,7058.5,7196.1,7128.7
Tamil Nadu,The Nilgiris,Udhagamandalam(Uzhavar Sandhai ),Onion,Bellary,Local,19/07/2026,2026,7,19,Monsoon,227.6,35.6,84.7,8841.4,9103.9,8984.9
Tamil Nadu,The Nilgiris,Udhagamandalam(Uzhavar Sandhai ),Onion,Bellary,Local,19/10/2025,2025,10,19,Post-Monsoon,55.0,26.9,58.9,6332.5,6570.4,6462.5
Tamil Nadu,The Nilgiris,Udhagamandalam(Uzhavar Sandhai ),Onion,Bellary,Local,20/09/2026,2026,9,20,Monsoon,151.6,30.9,70.2,7961.4,8140.5,8026.9
Tamil Nadu,The Nilgiris,Udhagamandalam(Uzhavar Sandhai ),Onion,Bellary,Local,21/06/2026,2026,6,21,Monsoon,98.1,34.9,62.4,7864.7,8183.0,8035.8
Tamil Nadu,The Nilgiris,Udhagamandalam(Uzhavar Sandhai ),Onion,Bellary,Local,21/12/2025,2025,12,21,Winter,17.7,19.6,50.0,5655.8,6002.8,5832.6
Tamil Nadu,The Nilgiris,Udhagamandalam(Uzhavar Sandhai ),Onion,Bellary,Local,22/02/2026,2026,2,22,Winter,4.5,22.1,40.6,5537.1,5681.4,5612.4
Tamil Nadu,The Nilgiris,Udhagamandalam(Uzhavar Sandhai ),Onion,Bellary,Local,22/03/2026,2026,3,22,Summer,14.7,22.1,42.6,6180.7,6373.8,6283.1
Tamil Nadu,The Nilgiris,Udhagamandalam(Uzhavar Sandhai ),Onion,Bellary,Local,23/08/2026,2026,8,23,Monsoon,152.6,33.2,71.7,8434.0,8698.1,8556.1
Tamil Nadu,The Nilgiris,Udhagamandalam(Uzhavar Sandhai ),Onion,Bellary,Local,23/11/2025,2025,11,23,Post-Monsoon,31.6,22.4,47.9,5966.6,6121.7,6039.0
Tamil Nadu,The Nilgiris,Udhagamandalam(Uzhavar Sandhai ),Onion,Bellary,Local,24/05/2026,2026,5,24,Summer,8.9,32.4,49.7,6721.3,7051.8,6852.7
Tamil Nadu,The Nilgiris,Udhagamandalam(Uzhavar Sandhai ),Onion,Bellary,Local,25/01/2026,2026,1,25,Winter,5.8,16.5,51.9,6036.1,6273.4,6124.3
Tamil Nadu,The Nilgiris,Udhagamandalam(Uzhavar Sandhai ),Onion,Bellary,Local,26/04/2026,2026,4,26,Summer,4.3,29.5,43.5,6238.0,6530.2,6384.9
Tamil Nadu,The Nilgiris,Udhagamandalam(Uzhavar Sandhai ),Onion,Bellary,Local,26/07/2026,2026,7,26,Monsoon,221.9,34.1,78.6,9086.2,9378.2,9214.0
Tamil Nadu,The Nilgiris,Udhagamandalam(Uzhavar Sandhai ),Onion,Bellary,Local,26/10/2025,2025,10,26,Post-Monsoon,50.3,26.6,53.3,6109.4,6370.6,6224.4
Tamil Nadu,The Nilgiris,Udhagamandalam(Uzhavar Sandhai ),Onion,Bellary,Local,28/06/2026,2026,6,28,Monsoon,189.9,34.4,80.5,7892.3,8021.8,7970.3
Tamil Nadu,The Nilgiris,Udhagamandalam(Uzhavar Sandhai ),Onion,Bellary,Local,28/12/2025,2025,12,28,Winter,5.6,20.3,41.0,5654.3,5878.7,5746.9
Tamil Nadu,The Nilgiris,Udhagamandalam(Uzhavar Sandhai ),Onion,Bellary,Local,29/03/2026,2026,3,29,Summer,3.8,21.0,39.2,6504.4,6718.8,6610.5
Tamil Nadu,The Nilgiris,Udhagamandalam(Uzhavar Sandhai ),Onion,Bellary,Local,30/08/2026,2026,8,30,Monsoon,91.2,33.8,60.3,7247.1,7572.0,7407.0
Tamil Nadu,The Nilgiris,Udhagamandalam(Uzhavar Sandhai ),Onion,Bellary,Local,30/11/2025,2025,11,30,Post-Monsoon,76.4,25.3,53.2,6161.2,6515.7,6324.5
Tamil Nadu,The Nilgiris,Udhagamandalam(Uzhavar Sandhai ),Onion,Bellary,Local,31/05/2026,2026,5,31,Summer,11.4,33.4,46.2,6008.2,6251.1,6118.8
Tamil Nadu,Theni,Andipatti(Uzhavar Sandhai ),Onion,Bellary,Local,01/02/2026,2026,2,1,Winter,2.8,20.2,47.9,5710.5,6086.9,5935.7
Tamil Nadu,Theni,Andipatti(Uzhavar Sandhai ),Onion,Bellary,Local,01/03/2026,2026,3,1,Summer,18.6,23.3,49.8,6720.0,6897.3,6818.5
Tamil Nadu,Theni,Andipatti(Uzhavar Sandhai ),Onion,Bellary,Local,02/08/2026,2026,8,2,Monsoon,182.3,33.0,74.4,8891.6,9159.5,9014.9
Tamil Nadu,Theni,Andipatti(Uzhavar Sandhai ),Onion,Bellary,Local,02/11/2025,2025,11,2,Post-Monsoon,54.7,22.9,52.5,6041.6,6307.4,6175.4
Tamil Nadu,Theni,Andipatti(Uzhavar Sandhai ),Onion,Bellary,Local,03/05/2026,2026,5,3,Summer,14.3,32.8,48.1,6733.0,6868.6,6806.1
Tamil Nadu,Theni,Andipatti(Uzhavar Sandhai ),Onion,Bellary,Local,04/01/2026,2026,1,4,Winter,19.2,19.5,45.0,5060.3,5344.0,5209.1
Tamil Nadu,Theni,Andipatti(Uzhavar Sandhai ),Onion,Bellary,Local,05/04/2026,2026,4,5,Summer,5.4,28.6,42.6,6664.2,6886.4,6764.7
Tamil Nadu,Theni,Andipatti(Uzhavar Sandhai ),Onion,Bellary,Local,05/07/2026,2026,7,5,Monsoon,109.0,37.0,57.6,8102.8,8260.0,8193.2
Tamil Nadu,Theni,Andipatti(Uzhavar Sandhai ),Onion,Bellary,Local,05/10/2025,2025,10,5,Post-Monsoon,78.8,27.4,62.4,6037.5,6209.6,6131.9
Tamil Nadu,Theni,Andipatti(Uzhavar Sandhai ),Onion,Bellary,Local,06/09/2026,2026,9,6,Monsoon,228.0,30.5,84.0,9438.4,9721.1,9563.9
Tamil Nadu,Theni,Andipatti(Uzhavar Sandhai ),Onion,Bellary,Local,07/06/2026,2026,6,7,Monsoon,248.1,32.7,85.7,8816.4,9089.3,8950.2
Tamil Nadu,Theni,Andipatti(Uzhavar Sandhai ),Onion,Bellary,Local,07/12/2025,2025,12,7,Winter,14.6,21.0,45.1,5677.3,5871.3,5758.3
Tamil Nadu,Theni,Andipatti(Uzhavar Sandhai ),Onion,Bellary,Local,08/02/2026,2026,2,8,Winter,0.5,21.7,50.0,5681.3,5967.8,5811.4
Tamil Nadu,Theni,Andipatti(Uzhavar Sandhai ),Onion,Bellary,Local,08/03/2026,2026,3,8,Summer,0.5,23.3,43.8,6711.2,6982.2,6813.4
Tamil Nadu,Theni,Andipatti(Uzhavar Sandhai ),Onion,Bellary,Local,09/08/2026,2026,8,9,Monsoon,184.2,34.2,74.7,8193.7,8452.6,8354.4
Tamil Nadu,Theni,Andipatti(Uzhavar Sandhai ),Onion,Bellary,Local,09/11/2025,2025,11,9,Post-Monsoon,35.1,25.1,54.2,6144.5,6409.1,6253.3
Tamil Nadu,Theni,Andipatti(Uzhavar Sandhai ),Onion,Bellary,Local,10/05/2026,2026,5,10,Summer,17.5,30.3,48.9,6230.1,6599.2,6414.2
Tamil Nadu,Theni,Andipatti(Uzhavar Sandhai ),Onion,Bellary,Local,11/01/2026,2026,1,11,Winter,1.5,20.5,46.0,5314.9,5520.0,5414.0
Tamil Nadu,Theni,Andipatti(Uzhavar Sandhai ),Onion,Bellary,Local,12/04/2026,2026,4,12,Summer,9.8,25.8,48.9,6447.6,6692.1,6587.0
Tamil Nadu,Theni,Andipatti(Uzhavar Sandhai ),Onion,Bellary,Local,12/07/2026,2026,7,12,Monsoon,83.2,32.4,56.1,7785.3,8123.5,7939.1
Tamil Nadu,Theni,Andipatti(Uzhavar Sandhai ),Onion,Bellary,Local,12/10/2025,2025,10,12,Post-Monsoon,77.9,26.1,56.7,6529.9,6819.8,6697.9
Tamil Nadu,Theni,Andipatti(Uzhavar Sandhai ),Onion,Bellary,Local,13/09/2026,2026,9,13,Monsoon,239.4,28.0,80.3,9322.3,9624.2,9458.7
Tamil Nadu,Theni,Andipatti(Uzhavar Sandhai ),Onion,Bellary,Local,14/06/2026,2026,6,14,Monsoon,231.5,33.9,88.7,9166.9,9319.7,9253.0
Tamil Nadu,Theni,Andipatti(Uzhavar Sandhai ),Onion,Bellary,Local,14/12/2025,2025,12,14,Winter,9.5,18.2,44.1,5396.9,5720.8,5552.2
Tamil Nadu,Theni,Andipatti(Uzhavar Sandhai ),Onion,Bellary,Local,15/02/2026,2026,2,15,Winter,0.9,20.3,50.0,5429.2,5699.7,5585.5
Tamil Nadu,Theni,Andipatti(Uzhavar Sandhai ),Onion,Bellary,Local,15/03/2026,2026,3,15,Summer,3.8,22.5,51.3,6119.0,6479.6,6279.8
Tamil Nadu,Theni,Andipatti(Uzhavar Sandhai ),Onion,Bellary,Local,16/08/2026,2026,8,16,Monsoon,159.4,36.1,70.5,9136.5,9491.8,9286.6
Tamil Nadu,Theni,Andipatti(Uzhavar Sandhai ),Onion,Bellary,Local,16/11/2025,2025,11,16,Post-Monsoon,27.0,19.1,48.2,5942.6,6106.9,6031.1
Tamil Nadu,Theni,Andipatti(Uzhavar Sandhai ),Onion,Bellary,Local,17/05/2026,2026,5,17,Summer,13.2,30.6,58.5,6650.2,6914.7,6773.7
Tamil Nadu,Theni,Andipatti(Uzhavar Sandhai ),Onion,Bellary,Local,18/01/2026,2026,1,18,Winter,7.8,21.3,44.4,5873.4,6114.8,6025.2
Tamil Nadu,Theni,Andipatti(Uzhavar Sandhai ),Onion,Bellary,Local,19/04/2026,2026,4,19,Summer,19.3,28.1,49.7,6669.4,6832.1,6741.7
Tamil Nadu,Theni,Andipatti(Uzhavar Sandhai ),Onion,Bellary,Local,19/07/2026,2026,7,19,Monsoon,168.0,32.2,67.4,8594.4,8862.0,8710.4
Tamil Nadu,Theni,Andipatti(Uzhavar Sandhai ),Onion,Bellary,Local,19/10/2025,2025,10,19,Post-Monsoon,40.3,30.4,52.1,5661.2,5890.6,5778.4
Tamil Nadu,Theni,Andipatti(Uzhavar Sandhai ),Onion,Bellary,Local,20/09/2026,2026,9,20,Monsoon,139.6,33.8,63.0,9087.0,9216.0,9162.1
Tamil Nadu,Theni,Andipatti(Uzhavar Sandhai ),Onion,Bellary,Local,21/06/2026,2026,6,21,Monsoon,96.3,33.8,55.4,8236.9,8554.6,8393.5
Tamil Nadu,Theni,Andipatti(Uzhavar Sandhai ),Onion,Bellary,Local,21/12/2025,2025,12,21,Winter,17.4,19.4,43.8,5853.8,6188.4,6050.4
Tamil Nadu,Theni,Andipatti(Uzhavar Sandhai ),Onion,Bellary,Local,22/02/2026,2026,2,22,Winter,7.6,21.8,43.7,5647.1,5868.0,5759.3
Tamil Nadu,Theni,Andipatti(Uzhavar Sandhai ),Onion,Bellary,Local,22/03/2026,2026,3,22,Summer,15.7,23.0,39.5,6608.1,6809.4,6734.3
Tamil Nadu,Theni,Andipatti(Uzhavar Sandhai ),Onion,Bellary,Local,23/08/2026,2026,8,23,Monsoon,129.8,33.7,63.2,7663.8,7856.4,7769.4
Tamil Nadu,Theni,Andipatti(Uzhavar Sandhai ),Onion,Bellary,Local,23/11/2025,2025,11,23,Post-Monsoon,68.9,22.3,63.4,6296.0,6588.7,6482.2
Tamil Nadu,Theni,Andipatti(Uzhavar Sandhai ),Onion,Bellary,Local,24/05/2026,2026,5,24,Summer,16.7,31.2,46.0,6718.8,7032.7,6885.7
Tamil Nadu,Theni,Andipatti(Uzhavar Sandhai ),Onion,Bellary,Local,25/01/2026,2026,1,25,Winter,10.6,18.0,43.3,5523.3,5787.7,5638.2
Tamil Nadu,Theni,Andipatti(Uzhavar Sandhai ),Onion,Bellary,Local,26/04/2026,2026,4,26,Summer,14.5,25.6,47.4,6413.7,6639.2,6508.0
Tamil Nadu,Theni,Andipatti(Uzhavar Sandhai ),Onion,Bellary,Local,26/07/2026,2026,7,26,Monsoon,151.6,35.9,70.0,8785.6,9051.0,8907.5
Tamil Nadu,Theni,Andipatti(Uzhavar Sandhai ),Onion,Bellary,Local,26/10/2025,2025,10,26,Post-Monsoon,52.5,30.8,54.3,6301.3,6622.8,6459.8
Tamil Nadu,Theni,Andipatti(Uzhavar Sandhai ),Onion,Bellary,Local,28/06/2026,2026,6,28,Monsoon,248.7,32.9,77.9,9404.2,9542.6,9492.3
Tamil Nadu,Theni,Andipatti(Uzhavar Sandhai ),Onion,Bellary,Local,28/12/2025,2025,12,28,Winter,12.9,20.1,49.5,5450.6,5632.4,5551.6
Tamil Nadu,Theni,Andipatti(Uzhavar Sandhai ),Onion,Bellary,Local,29/03/2026,2026,3,29,Summer,18.3,23.6,51.3,6344.3,6573.5,6481.9
Tamil Nadu,Theni,Andipatti(Uzhavar Sandhai ),Onion,Bellary,Local,30/08/2026,2026,8,30,Monsoon,187.3,34.8,77.1,9059.9,9280.6,9174.6
Tamil Nadu,Theni,Andipatti(Uzhavar Sandhai ),Onion,Bellary,Local,30/11/2025,2025,11,30,Post-Monsoon,39.9,22.6,50.8,6035.8,6216.9,6151.1
Tamil Nadu,Theni,Andipatti(Uzhavar Sandhai ),Onion,Bellary,Local,31/05/2026,2026,5,31,Summer,4.0,31.5,47.8,6537.7,6850.5,6727.5
Tamil Nadu,Theni,Bodinayakanur(Uzhavar Sandhai ),Onion,Bellary,Local,01/02/2026,2026,2,1,Winter,18.2,21.3,52.5,5519.8,5732.1,5630.9
Tamil Nadu,Theni,Bodinayakanur(Uzhavar Sandhai ),Onion,Bellary,Local,01/03/2026,2026,3,1,Summer,0.3,21.2,44.3,6732.7,7074.6,6945.6
Tamil Nadu,Theni,Bodinayakanur(Uzhavar Sandhai ),Onion,Bellary,Local,02/08/2026,2026,8,2,Monsoon,244.2,31.5,80.3,9144.1,9303.7,9220.6
Tamil Nadu,Theni,Bodinayakanur(Uzhavar Sandhai ),Onion,Bellary,Local,02/11/2025,2025,11,2,Post-Monsoon,32.4,21.7,49.2,6258.1,6650.9,6472.8
Tamil Nadu,Theni,Bodinayakanur(Uzhavar Sandhai ),Onion,Bellary,Local,03/05/2026,2026,5,3,Summer,3.3,30.6,48.6,6646.5,6765.5,6693.1
Tamil Nadu,Theni,Bodinayakanur(Uzhavar Sandhai ),Onion,Bellary,Local,04/01/2026,2026,1,4,Winter,1.9,19.6,49.4,5715.2,5869.5,5778.1
Tamil Nadu,Theni,Bodinayakanur(Uzhavar Sandhai ),Onion,Bellary,Local,05/04/2026,2026,4,5,Summer,18.6,28.8,47.9,7328.5,7581.8,7445.8
Tamil Nadu,Theni,Bodinayakanur(Uzhavar Sandhai ),Onion,Bellary,Local,05/07/2026,2026,7,5,Monsoon,247.4,35.6,80.9,10003.7,10277.2,10102.4
Tamil Nadu,Theni,Bodinayakanur(Uzhavar Sandhai ),Onion,Bellary,Local,05/10/2025,2025,10,5,Post-Monsoon,69.2,26.7,59.6,6668.8,6842.0,6759.9
Tamil Nadu,Theni,Bodinayakanur(Uzhavar Sandhai ),Onion,Bellary,Local,06/09/2026,2026,9,6,Monsoon,243.3,31.1,83.1,9666.7,9939.3,9774.8
Tamil Nadu,Theni,Bodinayakanur(Uzhavar Sandhai ),Onion,Bellary,Local,07/06/2026,2026,6,7,Monsoon,216.1,34.2,84.8,9204.5,9443.4,9337.3
Tamil Nadu,Theni,Bodinayakanur(Uzhavar Sandhai ),Onion,Bellary,Local,07/12/2025,2025,12,7,Winter,4.7,22.5,47.2,5512.8,5787.1,5669.9
Tamil Nadu,Theni,Bodinayakanur(Uzhavar Sandhai ),Onion,Bellary,Local,08/02/2026,2026,2,8,Winter,15.2,20.3,47.1,5664.9,5824.1,5728.4
Tamil Nadu,Theni,Bodinayakanur(Uzhavar Sandhai ),Onion,Bellary,Local,08/03/2026,2026,3,8,Summer,5.3,23.3,46.1,6744.0,7069.7,6862.8
Tamil Nadu,Theni,Bodinayakanur(Uzhavar Sandhai ),Onion,Bellary,Local,09/08/2026,2026,8,9,Monsoon,104.9,34.6,60.3,8331.4,8576.9,8451.4
Tamil Nadu,Theni,Bodinayakanur(Uzhavar Sandhai ),Onion,Bellary,Local,09/11/2025,2025,11,9,Post-Monsoon,31.0,21.8,55.6,6506.5,6873.1,6683.0
Tamil Nadu,Theni,Bodinayakanur(Uzhavar Sandhai ),Onion,Bellary,Local,10/05/2026,2026,5,10,Summer,9.1,31.6,45.7,6757.7,7000.2,6889.5
Tamil Nadu,Theni,Bodinayakanur(Uzhavar Sandhai ),Onion,Bellary,Local,11/01/2026,2026,1,11,Winter,3.9,21.0,41.8,6179.6,6458.1,6336.3
Tamil Nadu,Theni,Bodinayakanur(Uzhavar Sandhai ),Onion,Bellary,Local,12/04/2026,2026,4,12,Summer,12.7,26.3,46.4,6572.9,6868.3,6742.8
Tamil Nadu,Theni,Bodinayakanur(Uzhavar Sandhai ),Onion,Bellary,Local,12/07/2026,2026,7,12,Monsoon,109.7,33.1,64.7,8823.9,9158.8,8978.1
Tamil Nadu,Theni,Bodinayakanur(Uzhavar Sandhai ),Onion,Bellary,Local,12/10/2025,2025,10,12,Post-Monsoon,31.2,24.0,48.5,6165.8,6334.7,6244.0
Tamil Nadu,Theni,Bodinayakanur(Uzhavar Sandhai ),Onion,Bellary,Local,13/09/2026,2026,9,13,Monsoon,158.1,31.8,67.9,8887.7,9202.5,9032.5
Tamil Nadu,Theni,Bodinayakanur(Uzhavar Sandhai ),Onion,Bellary,Local,14/06/2026,2026,6,14,Monsoon,158.9,34.4,69.9,9033.6,9303.3,9172.2
Tamil Nadu,Theni,Bodinayakanur(Uzhavar Sandhai ),Onion,Bellary,Local,14/12/2025,2025,12,14,Winter,9.0,20.4,46.3,5547.3,5749.0,5659.3
Tamil Nadu,Theni,Bodinayakanur(Uzhavar Sandhai ),Onion,Bellary,Local,15/02/2026,2026,2,15,Winter,12.7,21.3,44.2,6029.5,6267.3,6131.2
Tamil Nadu,Theni,Bodinayakanur(Uzhavar Sandhai ),Onion,Bellary,Local,15/03/2026,2026,3,15,Summer,19.3,24.3,46.6,6653.6,6815.8,6720.4
Tamil Nadu,Theni,Bodinayakanur(Uzhavar Sandhai ),Onion,Bellary,Local,16/08/2026,2026,8,16,Monsoon,210.9,34.1,77.5,9751.5,10120.3,9914.7
Tamil Nadu,Theni,Bodinayakanur(Uzhavar Sandhai ),Onion,Bellary,Local,16/11/2025,2025,11,16,Post-Monsoon,23.4,24.0,50.1,6412.4,6617.5,6546.6
Tamil Nadu,Theni,Bodinayakanur(Uzhavar Sandhai ),Onion,Bellary,Local,17/05/2026,2026,5,17,Summer,14.6,32.0,45.6,6446.8,6663.8,6549.0
Tamil Nadu,Theni,Bodinayakanur(Uzhavar Sandhai ),Onion,Bellary,Local,18/01/2026,2026,1,18,Winter,0.8,19.6,48.0,5668.1,6003.5,5828.8
Tamil Nadu,Theni,Bodinayakanur(Uzhavar Sandhai ),Onion,Bellary,Local,19/04/2026,2026,4,19,Summer,16.3,29.1,46.7,7071.7,7316.9,7193.3
Tamil Nadu,Theni,Bodinayakanur(Uzhavar Sandhai ),Onion,Bellary,Local,19/07/2026,2026,7,19,Monsoon,93.4,36.1,56.4,8094.0,8465.9,8259.5
Tamil Nadu,Theni,Bodinayakanur(Uzhavar Sandhai ),Onion,Bellary,Local,19/10/2025,2025,10,19,Post-Monsoon,21.0,27.1,46.6,6055.2,6259.7,6168.9
Tamil Nadu,Theni,Bodinayakanur(Uzhavar Sandhai ),Onion,Bellary,Local,20/09/2026,2026,9,20,Monsoon,162.5,31.6,68.1,9011.1,9294.9,9116.4
Tamil Nadu,Theni,Bodinayakanur(Uzhavar Sandhai ),Onion,Bellary,Local,21/06/2026,2026,6,21,Monsoon,102.0,33.7,58.9,8377.7,8673.5,8510.4
Tamil Nadu,Theni,Bodinayakanur(Uzhavar Sandhai ),Onion,Bellary,Local,21/12/2025,2025,12,21,Winter,18.3,18.5,49.4,5799.5,5987.5,5886.9
Tamil Nadu,Theni,Bodinayakanur(Uzhavar Sandhai ),Onion,Bellary,Local,22/02/2026,2026,2,22,Winter,12.5,20.5,46.1,5968.5,6172.3,6088.8
Tamil Nadu,Theni,Bodinayakanur(Uzhavar Sandhai ),Onion,Bellary,Local,22/03/2026,2026,3,22,Summer,7.6,22.6,44.2,6795.7,7036.0,6884.6
Tamil Nadu,Theni,Bodinayakanur(Uzhavar Sandhai ),Onion,Bellary,Local,23/08/2026,2026,8,23,Monsoon,162.3,34.7,72.6,9131.1,9483.6,9271.3
Tamil Nadu,Theni,Bodinayakanur(Uzhavar Sandhai ),Onion,Bellary,Local,23/11/2025,2025,11,23,Post-Monsoon,54.8,20.9,55.3,6228.4,6387.3,6300.3
Tamil Nadu,Theni,Bodinayakanur(Uzhavar Sandhai ),Onion,Bellary,Local,24/05/2026,2026,5,24,Summer,8.3,31.6,48.1,6635.0,6914.5,6772.9
Tamil Nadu,Theni,Bodinayakanur(Uzhavar Sandhai ),Onion,Bellary,Local,25/01/2026,2026,1,25,Winter,3.3,20.6,49.1,5497.1,5800.0,5613.2
Tamil Nadu,Theni,Bodinayakanur(Uzhavar Sandhai ),Onion,Bellary,Local,26/04/2026,2026,4,26,Summer,8.3,27.3,44.1,6565.0,6848.2,6697.3
Tamil Nadu,Theni,Bodinayakanur(Uzhavar Sandhai ),Onion,Bellary,Local,26/07/2026,2026,7,26,Monsoon,196.4,34.0,74.2,9024.7,9206.1,9088.5
Tamil Nadu,Theni,Bodinayakanur(Uzhavar Sandhai ),Onion,Bellary,Local,26/10/2025,2025,10,26,Post-Monsoon,21.6,28.5,50.7,6507.1,6809.7,6661.3
Tamil Nadu,Theni,Bodinayakanur(Uzhavar Sandhai ),Onion,Bellary,Local,28/06/2026,2026,6,28,Monsoon,117.5,33.4,60.3,8669.5,8868.3,8785.4
Tamil Nadu,Theni,Bodinayakanur(Uzhavar Sandhai ),Onion,Bellary,Local,28/12/2025,2025,12,28,Winter,3.4,20.0,47.0,5824.9,5993.5,5905.3
Tamil Nadu,Theni,Bodinayakanur(Uzhavar Sandhai ),Onion,Bellary,Local,29/03/2026,2026,3,29,Summer,16.4,23.2,46.6,6834.0,6967.0,6889.2
Tamil Nadu,Theni,Bodinayakanur(Uzhavar Sandhai ),Onion,Bellary,Local,30/08/2026,2026,8,30,Monsoon,88.5,33.1,59.5,7945.3,8180.1,8090.4
Tamil Nadu,Theni,Bodinayakanur(Uzhavar Sandhai ),Onion,Bellary,Local,30/11/2025,2025,11,30,Post-Monsoon,74.9,22.3,55.9,6508.5,6825.1,6638.5
Tamil Nadu,Theni,Bodinayakanur(Uzhavar Sandhai ),Onion,Bellary,Local,31/05/2026,2026,5,31,Summer,4.1,28.8,49.6,6723.5,7007.1,6851.0
Tamil Nadu,Theni,Chinnamanur(Uzhavar Sandhai ),Onion,Bellary,Local,01/02/2026,2026,2,1,Winter,16.0,21.6,48.0,5932.6,6218.0,6090.5
Tamil Nadu,Theni,Chinnamanur(Uzhavar Sandhai ),Onion,Bellary,Local,01/03/2026,2026,3,1,Summer,5.6,21.0,44.1,6750.3,7111.5,6961.9
Tamil Nadu,Theni,Chinnamanur(Uzhavar Sandhai ),Onion,Bellary,Local,02/08/2026,2026,8,2,Monsoon,100.8,36.3,60.3,8988.4,9199.8,9108.1
Tamil Nadu,Theni,Chinnamanur(Uzhavar Sandhai ),Onion,Bellary,Local,02/11/2025,2025,11,2,Post-Monsoon,30.3,21.1,48.9,6325.5,6554.7,6422.6
Tamil Nadu,Theni,Chinnamanur(Uzhavar Sandhai ),Onion,Bellary,Local,03/05/2026,2026,5,3,Summer,0.5,31.3,45.0,6756.5,7013.3,6886.1
Tamil Nadu,Theni,Chinnamanur(Uzhavar Sandhai ),Onion,Bellary,Local,04/01/2026,2026,1,4,Winter,4.6,18.0,44.0,5426.0,5579.6,5524.5
Tamil Nadu,Theni,Chinnamanur(Uzhavar Sandhai ),Onion,Bellary,Local,05/04/2026,2026,4,5,Summer,15.2,29.8,48.3,7313.5,7514.2,7393.1
Tamil Nadu,Theni,Chinnamanur(Uzhavar Sandhai ),Onion,Bellary,Local,05/07/2026,2026,7,5,Monsoon,116.8,33.9,64.0,8474.1,8774.1,8587.1
Tamil Nadu,Theni,Chinnamanur(Uzhavar Sandhai ),Onion,Bellary,Local,05/10/2025,2025,10,5,Post-Monsoon,70.2,26.4,51.6,6418.0,6610.6,6501.2
Tamil Nadu,Theni,Chinnamanur(Uzhavar Sandhai ),Onion,Bellary,Local,06/09/2026,2026,9,6,Monsoon,228.4,31.1,85.9,9473.0,9776.5,9603.5
Tamil Nadu,Theni,Chinnamanur(Uzhavar Sandhai ),Onion,Bellary,Local,07/06/2026,2026,6,7,Monsoon,150.7,33.1,69.8,9553.2,9764.1,9643.8
Tamil Nadu,Theni,Chinnamanur(Uzhavar Sandhai ),Onion,Bellary,Local,07/12/2025,2025,12,7,Winter,5.2,18.6,43.6,5349.5,5634.3,5505.1
Tamil Nadu,Theni,Chinnamanur(Uzhavar Sandhai ),Onion,Bellary,Local,08/02/2026,2026,2,8,Winter,15.2,18.1,45.4,5734.4,6122.4,5894.5
Tamil Nadu,Theni,Chinnamanur(Uzhavar Sandhai ),Onion,Bellary,Local,08/03/2026,2026,3,8,Summer,0.2,23.7,42.0,7177.1,7398.1,7290.0
Tamil Nadu,Theni,Chinnamanur(Uzhavar Sandhai ),Onion,Bellary,Local,09/08/2026,2026,8,9,Monsoon,217.4,32.5,79.8,9238.9,9424.7,9324.0
Tamil Nadu,Theni,Chinnamanur(Uzhavar Sandhai ),Onion,Bellary,Local,09/11/2025,2025,11,9,Post-Monsoon,53.2,25.3,55.2,6533.9,6903.4,6683.5
Tamil Nadu,Theni,Chinnamanur(Uzhavar Sandhai ),Onion,Bellary,Local,10/05/2026,2026,5,10,Summer,4.8,29.7,46.4,6651.4,6841.3,6768.8
Tamil Nadu,Theni,Chinnamanur(Uzhavar Sandhai ),Onion,Bellary,Local,11/01/2026,2026,1,11,Winter,16.7,17.9,49.2,5492.7,5683.1,5601.2
Tamil Nadu,Theni,Chinnamanur(Uzhavar Sandhai ),Onion,Bellary,Local,12/04/2026,2026,4,12,Summer,0.2,27.2,40.9,6718.3,7035.3,6900.5
Tamil Nadu,Theni,Chinnamanur(Uzhavar Sandhai ),Onion,Bellary,Local,12/07/2026,2026,7,12,Monsoon,174.4,34.6,70.0,10080.2,10370.0,10260.0
Tamil Nadu,Theni,Chinnamanur(Uzhavar Sandhai ),Onion,Bellary,Local,12/10/2025,2025,10,12,Post-Monsoon,65.9,29.8,55.0,6764.9,7044.7,6895.6
Tamil Nadu,Theni,Chinnamanur(Uzhavar Sandhai ),Onion,Bellary,Local,13/09/2026,2026,9,13,Monsoon,241.5,30.4,82.2,10163.8,10426.2,10304.6
Tamil Nadu,Theni,Chinnamanur(Uzhavar Sandhai ),Onion,Bellary,Local,14/06/2026,2026,6,14,Monsoon,126.0,34.4,67.4,8912.7,9241.6,9116.2
Tamil Nadu,Theni,Chinnamanur(Uzhavar Sandhai ),Onion,Bellary,Local,14/12/2025,2025,12,14,Winter,11.1,20.0,46.0,6009.3,6169.9,6096.8
Tamil Nadu,Theni,Chinnamanur(Uzhavar Sandhai ),Onion,Bellary,Local,15/02/2026,2026,2,15,Winter,18.7,22.5,50.2,5748.2,6009.2,5896.8
Tamil Nadu,Theni,Chinnamanur(Uzhavar Sandhai ),Onion,Bellary,Local,15/03/2026,2026,3,15,Summer,6.5,23.8,42.6,6868.2,7128.9,7016.7
Tamil Nadu,Theni,Chinnamanur(Uzhavar Sandhai ),Onion,Bellary,Local,16/08/2026,2026,8,16,Monsoon,212.9,35.3,80.3,9040.9,9438.2,9232.1
Tamil Nadu,Theni,Chinnamanur(Uzhavar Sandhai ),Onion,Bellary,Local,16/11/2025,2025,11,16,Post-Monsoon,21.5,24.2,47.7,6052.7,6259.2,6161.8
Tamil Nadu,Theni,Chinnamanur(Uzhavar Sandhai ),Onion,Bellary,Local,17/05/2026,2026,5,17,Summer,2.7,29.5,47.4,7340.9,7536.7,7435.4
Tamil Nadu,Theni,Chinnamanur(Uzhavar Sandhai ),Onion,Bellary,Local,18/01/2026,2026,1,18,Winter,8.0,20.0,45.1,5567.6,5933.5,5718.1
Tamil Nadu,Theni,Chinnamanur(Uzhavar Sandhai ),Onion,Bellary,Local,19/04/2026,2026,4,19,Summer,16.3,24.2,58.2,6743.3,6972.4,6848.4
Tamil Nadu,Theni,Chinnamanur(Uzhavar Sandhai ),Onion,Bellary,Local,19/07/2026,2026,7,19,Monsoon,217.7,35.3,71.4,9118.1,9383.4,9234.0
Tamil Nadu,Theni,Chinnamanur(Uzhavar Sandhai ),Onion,Bellary,Local,19/10/2025,2025,10,19,Post-Monsoon,36.0,29.1,49.9,6156.2,6404.6,6265.5
Tamil Nadu,Theni,Chinnamanur(Uzhavar Sandhai ),Onion,Bellary,Local,20/09/2026,2026,9,20,Monsoon,85.7,32.2,58.0,8225.5,8556.5,8346.2
Tamil Nadu,Theni,Chinnamanur(Uzhavar Sandhai ),Onion,Bellary,Local,21/06/2026,2026,6,21,Monsoon,137.7,30.9,66.1,8803.8,9094.7,8970.5
Tamil Nadu,Theni,Chinnamanur(Uzhavar Sandhai ),Onion,Bellary,Local,21/12/2025,2025,12,21,Winter,11.0,18.8,48.1,5769.5,5900.6,5825.0
Tamil Nadu,Theni,Chinnamanur(Uzhavar Sandhai ),Onion,Bellary,Local,22/02/2026,2026,2,22,Winter,14.9,17.8,46.8,5785.0,6119.9,5948.2
Tamil Nadu,Theni,Chinnamanur(Uzhavar Sandhai ),Onion,Bellary,Local,22/03/2026,2026,3,22,Summer,16.8,21.1,48.8,7018.4,7208.4,7102.3
Tamil Nadu,Theni,Chinnamanur(Uzhavar Sandhai ),Onion,Bellary,Local,23/08/2026,2026,8,23,Monsoon,98.5,34.6,59.9,8875.7,9108.7,9009.7
Tamil Nadu,Theni,Chinnamanur(Uzhavar Sandhai ),Onion,Bellary,Local,23/11/2025,2025,11,23,Post-Monsoon,63.6,21.6,56.1,6739.4,6932.3,6856.0
Tamil Nadu,Theni,Chinnamanur(Uzhavar Sandhai ),Onion,Bellary,Local,24/05/2026,2026,5,24,Summer,6.3,30.1,47.1,7182.5,7415.1,7298.1
Tamil Nadu,Theni,Chinnamanur(Uzhavar Sandhai ),Onion,Bellary,Local,25/01/2026,2026,1,25,Winter,18.9,18.6,47.1,5922.0,6052.1,5979.7
Tamil Nadu,Theni,Chinnamanur(Uzhavar Sandhai ),Onion,Bellary,Local,26/04/2026,2026,4,26,Summer,9.7,28.5,45.7,6854.5,7161.0,6983.2
Tamil Nadu,Theni,Chinnamanur(Uzhavar Sandhai ),Onion,Bellary,Local,26/07/2026,2026,7,26,Monsoon,173.2,36.2,74.5,9485.3,9807.0,9647.9
Tamil Nadu,Theni,Chinnamanur(Uzhavar Sandhai ),Onion,Bellary,Local,26/10/2025,2025,10,26,Post-Monsoon,51.7,27.4,53.0,6790.5,6995.3,6871.7
Tamil Nadu,Theni,Chinnamanur(Uzhavar Sandhai ),Onion,Bellary,Local,28/06/2026,2026,6,28,Monsoon,205.8,31.8,82.3,9531.6,9826.5,9715.5
Tamil Nadu,Theni,Chinnamanur(Uzhavar Sandhai ),Onion,Bellary,Local,28/12/2025,2025,12,28,Winter,9.3,20.8,50.5,5308.0,5677.2,5494.0
Tamil Nadu,Theni,Chinnamanur(Uzhavar Sandhai ),Onion,Bellary,Local,29/03/2026,2026,3,29,Summer,1.5,27.0,44.7,6567.4,6791.6,6698.2
Tamil Nadu,Theni,Chinnamanur(Uzhavar Sandhai ),Onion,Bellary,Local,30/08/2026,2026,8,30,Monsoon,213.4,36.0,78.2,10226.5,10522.4,10376.8
Tamil Nadu,Theni,Chinnamanur(Uzhavar Sandhai ),Onion,Bellary,Local,30/11/2025,2025,11,30,Post-Monsoon,29.0,23.2,47.1,6012.2,6335.4,6176.3
Tamil Nadu,Theni,Chinnamanur(Uzhavar Sandhai ),Onion,Bellary,Local,31/05/2026,2026,5,31,Summer,3.3,28.5,42.4,7192.2,7454.7,7349.7
Tamil Nadu,Theni,Devaram(Uzhavar Sandhai ),Onion,Bellary,Local,01/02/2026,2026,2,1,Winter,4.2,21.0,46.7,5491.7,5653.8,5574.4
Tamil Nadu,Theni,Devaram(Uzhavar Sandhai ),Onion,Bellary,Local,01/03/2026,2026,3,1,Summer,3.1,25.1,47.8,6587.4,6793.7,6673.0
Tamil Nadu,Theni,Devaram(Uzhavar Sandhai ),Onion,Bellary,Local,02/08/2026,2026,8,2,Monsoon,195.6,34.3,71.4,9221.1,9398.6,9314.1
Tamil Nadu,Theni,Devaram(Uzhavar Sandhai ),Onion,Bellary,Local,02/11/2025,2025,11,2,Post-Monsoon,33.6,22.8,52.2,6446.9,6596.5,6527.8
Tamil Nadu,Theni,Devaram(Uzhavar Sandhai ),Onion,Bellary,Local,03/05/2026,2026,5,3,Summer,12.8,33.2,48.6,6530.4,6786.6,6653.0
Tamil Nadu,Theni,Devaram(Uzhavar Sandhai ),Onion,Bellary,Local,04/01/2026,2026,1,4,Winter,13.7,20.3,48.1,6156.2,6384.1,6263.0
Tamil Nadu,Theni,Devaram(Uzhavar Sandhai ),Onion,Bellary,Local,05/04/2026,2026,4,5,Summer,10.8,26.4,44.7,6979.3,7279.3,7129.9
Tamil Nadu,Theni,Devaram(Uzhavar Sandhai ),Onion,Bellary,Local,05/07/2026,2026,7,5,Monsoon,109.4,35.2,61.2,8379.5,8660.3,8513.7
Tamil Nadu,Theni,Devaram(Uzhavar Sandhai ),Onion,Bellary,Local,05/10/2025,2025,10,5,Post-Monsoon,45.5,28.4,49.8,6113.2,6498.1,6316.5
Tamil Nadu,Theni,Devaram(Uzhavar Sandhai ),Onion,Bellary,Local,06/09/2026,2026,9,6,Monsoon,104.6,31.8,63.7,8567.8,8734.2,8673.1
Tamil Nadu,Theni,Devaram(Uzhavar Sandhai ),Onion,Bellary,Local,07/06/2026,2026,6,7,Monsoon,233.6,34.3,84.1,9640.1,9813.1,9722.9
Tamil Nadu,Theni,Devaram(Uzhavar Sandhai ),Onion,Bellary,Local,07/12/2025,2025,12,7,Winter,12.3,19.3,45.4,5735.5,5922.5,5814.2
Tamil Nadu,Theni,Devaram(Uzhavar Sandhai ),Onion,Bellary,Local,08/02/2026,2026,2,8,Winter,13.9,22.4,52.5,5331.7,5570.7,5442.6
Tamil Nadu,Theni,Devaram(Uzhavar Sandhai ),Onion,Bellary,Local,08/03/2026,2026,3,8,Summer,11.5,21.5,46.6,7328.2,7450.9,7378.4
Tamil Nadu,Theni,Devaram(Uzhavar Sandhai ),Onion,Bellary,Local,09/08/2026,2026,8,9,Monsoon,214.6,34.4,79.0,9466.5,9851.2,9678.8
Tamil Nadu,Theni,Devaram(Uzhavar Sandhai ),Onion,Bellary,Local,09/11/2025,2025,11,9,Post-Monsoon,24.5,25.3,49.7,6371.8,6503.2,6426.7
Tamil Nadu,Theni,Devaram(Uzhavar Sandhai ),Onion,Bellary,Local,10/05/2026,2026,5,10,Summer,10.3,31.9,49.2,6396.3,6727.2,6604.8
Tamil Nadu,Theni,Devaram(Uzhavar Sandhai ),Onion,Bellary,Local,11/01/2026,2026,1,11,Winter,7.7,19.6,48.4,6028.8,6162.9,6107.0
Tamil Nadu,Theni,Devaram(Uzhavar Sandhai ),Onion,Bellary,Local,12/04/2026,2026,4,12,Summer,8.9,28.5,45.1,6615.7,6729.9,6672.2
Tamil Nadu,Theni,Devaram(Uzhavar Sandhai ),Onion,Bellary,Local,12/07/2026,2026,7,12,Monsoon,105.6,36.6,58.2,9103.1,9404.1,9263.4
Tamil Nadu,Theni,Devaram(Uzhavar Sandhai ),Onion,Bellary,Local,12/10/2025,2025,10,12,Post-Monsoon,37.8,25.8,48.9,6294.1,6600.2,6448.3
Tamil Nadu,Theni,Devaram(Uzhavar Sandhai ),Onion,Bellary,Local,13/09/2026,2026,9,13,Monsoon,143.8,30.5,65.6,8668.2,8893.9,8767.5
Tamil Nadu,Theni,Devaram(Uzhavar Sandhai ),Onion,Bellary,Local,14/06/2026,2026,6,14,Monsoon,186.8,35.8,73.3,8887.4,9113.5,8986.2
Tamil Nadu,Theni,Devaram(Uzhavar Sandhai ),Onion,Bellary,Local,14/12/2025,2025,12,14,Winter,13.2,20.3,44.2,6076.4,6205.9,6132.2
Tamil Nadu,Theni,Devaram(Uzhavar Sandhai ),Onion,Bellary,Local,15/02/2026,2026,2,15,Winter,9.4,21.8,45.3,6214.4,6635.7,6423.7
Tamil Nadu,Theni,Devaram(Uzhavar Sandhai ),Onion,Bellary,Local,15/03/2026,2026,3,15,Summer,14.4,24.1,44.6,6681.6,6992.9,6823.4
Tamil Nadu,Theni,Devaram(Uzhavar Sandhai ),Onion,Bellary,Local,16/08/2026,2026,8,16,Monsoon,194.6,36.6,70.3,9284.2,9462.6,9373.2
Tamil Nadu,Theni,Devaram(Uzhavar Sandhai ),Onion,Bellary,Local,16/11/2025,2025,11,16,Post-Monsoon,42.5,23.7,50.6,6511.1,6829.9,6649.1
Tamil Nadu,Theni,Devaram(Uzhavar Sandhai ),Onion,Bellary,Local,17/05/2026,2026,5,17,Summer,9.8,31.5,49.2,6552.9,6852.1,6666.0
Tamil Nadu,Theni,Devaram(Uzhavar Sandhai ),Onion,Bellary,Local,18/01/2026,2026,1,18,Winter,19.3,18.9,48.2,5947.3,6129.9,6020.6
Tamil Nadu,Theni,Devaram(Uzhavar Sandhai ),Onion,Bellary,Local,19/04/2026,2026,4,19,Summer,11.7,28.7,46.4,6661.0,6971.4,6792.4
Tamil Nadu,Theni,Devaram(Uzhavar Sandhai ),Onion,Bellary,Local,19/07/2026,2026,7,19,Monsoon,186.7,34.7,76.0,9653.0,9885.1,9760.1
Tamil Nadu,Theni,Devaram(Uzhavar Sandhai ),Onion,Bellary,Local,19/10/2025,2025,10,19,Post-Monsoon,37.5,25.3,54.7,6027.6,6211.8,6113.9
Tamil Nadu,Theni,Devaram(Uzhavar Sandhai ),Onion,Bellary,Local,20/09/2026,2026,9,20,Monsoon,236.2,29.3,79.0,9364.7,9588.4,9485.8
Tamil Nadu,Theni,Devaram(Uzhavar Sandhai ),Onion,Bellary,Local,21/06/2026,2026,6,21,Monsoon,236.9,35.1,86.5,9387.2,9572.7,9499.0
Tamil Nadu,Theni,Devaram(Uzhavar Sandhai ),Onion,Bellary,Local,21/12/2025,2025,12,21,Winter,18.9,19.0,45.6,5856.2,6192.6,6013.9
Tamil Nadu,Theni,Devaram(Uzhavar Sandhai ),Onion,Bellary,Local,22/02/2026,2026,2,22,Winter,5.4,18.5,47.3,5720.3,5928.0,5821.6
Tamil Nadu,Theni,Devaram(Uzhavar Sandhai ),Onion,Bellary,Local,22/03/2026,2026,3,22,Summer,15.3,24.9,43.9,6740.8,6958.5,6842.9
Tamil Nadu,Theni,Devaram(Uzhavar Sandhai ),Onion,Bellary,Local,23/08/2026,2026,8,23,Monsoon,120.3,33.4,63.6,7915.1,8173.5,8030.6
Tamil Nadu,Theni,Devaram(Uzhavar Sandhai ),Onion,Bellary,Local,23/11/2025,2025,11,23,Post-Monsoon,67.6,21.2,48.3,6487.1,6748.7,6582.3
Tamil Nadu,Theni,Devaram(Uzhavar Sandhai ),Onion,Bellary,Local,24/05/2026,2026,5,24,Summer,3.6,30.7,49.8,6500.4,6685.4,6596.1
Tamil Nadu,Theni,Devaram(Uzhavar Sandhai ),Onion,Bellary,Local,25/01/2026,2026,1,25,Winter,7.8,17.5,46.7,5828.4,6093.0,5958.2
Tamil Nadu,Theni,Devaram(Uzhavar Sandhai ),Onion,Bellary,Local,26/04/2026,2026,4,26,Summer,14.9,28.2,44.6,6666.9,6876.2,6759.4
Tamil Nadu,Theni,Devaram(Uzhavar Sandhai ),Onion,Bellary,Local,26/07/2026,2026,7,26,Monsoon,159.5,33.7,66.8,8729.9,9100.8,8931.4
Tamil Nadu,Theni,Devaram(Uzhavar Sandhai ),Onion,Bellary,Local,26/10/2025,2025,10,26,Post-Monsoon,36.3,26.4,52.3,6335.1,6484.7,6419.9
Tamil Nadu,Theni,Devaram(Uzhavar Sandhai ),Onion,Bellary,Local,28/06/2026,2026,6,28,Monsoon,95.5,37.9,58.2,8656.3,8814.2,8731.3
Tamil Nadu,Theni,Devaram(Uzhavar Sandhai ),Onion,Bellary,Local,28/12/2025,2025,12,28,Winter,9.7,18.8,45.3,5585.3,5883.0,5738.0
Tamil Nadu,Theni,Devaram(Uzhavar Sandhai ),Onion,Bellary,Local,29/03/2026,2026,3,29,Summer,7.9,22.1,43.7,6274.9,6446.4,6383.4
Tamil Nadu,Theni,Devaram(Uzhavar Sandhai ),Onion,Bellary,Local,30/08/2026,2026,8,30,Monsoon,130.6,34.1,65.4,8694.2,8919.3,8789.9
Tamil Nadu,Theni,Devaram(Uzhavar Sandhai ),Onion,Bellary,Local,30/11/2025,2025,11,30,Post-Monsoon,58.9,23.4,53.7,6436.3,6616.3,6526.8
Tamil Nadu,Theni,Devaram(Uzhavar Sandhai ),Onion,Bellary,Local,31/05/2026,2026,5,31,Summer,2.4,30.3,48.0,7037.5,7168.1,7114.5
Tamil Nadu,Theni,Kambam(Uzhavar Sandhai ),Onion,Bellary,Local,01/02/2026,2026,2,1,Winter,6.4,21.8,48.3,5420.1,5637.1,5532.3
Tamil Nadu,Theni,Kambam(Uzhavar Sandhai ),Onion,Bellary,Local,01/03/2026,2026,3,1,Summer,16.3,23.3,45.3,6877.4,7086.1,6958.5
Tamil Nadu,Theni,Kambam(Uzhavar Sandhai ),Onion,Bellary,Local,02/08/2026,2026,8,2,Monsoon,247.6,31.8,88.5,9402.7,9598.1,9502.4
Tamil Nadu,Theni,Kambam(Uzhavar Sandhai ),Onion,Bellary,Local,02/11/2025,2025,11,2,Post-Monsoon,26.0,19.6,47.4,6331.5,6598.3,6456.8
Tamil Nadu,Theni,Kambam(Uzhavar Sandhai ),Onion,Bellary,Local,03/05/2026,2026,5,3,Summer,13.9,30.7,45.3,6628.6,6903.2,6784.8
Tamil Nadu,Theni,Kambam(Uzhavar Sandhai ),Onion,Bellary,Local,04/01/2026,2026,1,4,Winter,6.6,19.6,44.7,5442.1,5717.6,5604.0
Tamil Nadu,Theni,Kambam(Uzhavar Sandhai ),Onion,Bellary,Local,05/04/2026,2026,4,5,Summer,19.3,29.1,52.3,6369.2,6540.8,6473.9
Tamil Nadu,Theni,Kambam(Uzhavar Sandhai ),Onion,Bellary,Local,05/07/2026,2026,7,5,Monsoon,249.7,35.3,83.1,9499.4,9865.7,9658.6
Tamil Nadu,Theni,Kambam(Uzhavar Sandhai ),Onion,Bellary,Local,05/10/2025,2025,10,5,Post-Monsoon,42.6,24.7,48.1,6126.2,6345.3,6254.7
Tamil Nadu,Theni,Kambam(Uzhavar Sandhai ),Onion,Bellary,Local,06/09/2026,2026,9,6,Monsoon,94.6,30.3,59.0,8211.9,8503.3,8366.2
Tamil Nadu,Theni,Kambam(Uzhavar Sandhai ),Onion,Bellary,Local,07/06/2026,2026,6,7,Monsoon,205.0,32.5,80.2,9721.4,9985.6,9867.2
Tamil Nadu,Theni,Kambam(Uzhavar Sandhai ),Onion,Bellary,Local,07/12/2025,2025,12,7,Winter,3.6,20.6,47.6,5319.8,5441.6,5378.5
Tamil Nadu,Theni,Kambam(Uzhavar Sandhai ),Onion,Bellary,Local,08/02/2026,2026,2,8,Winter,19.5,19.3,51.6,5712.4,5935.1,5828.1
Tamil Nadu,Theni,Kambam(Uzhavar Sandhai ),Onion,Bellary,Local,08/03/2026,2026,3,8,Summer,3.0,23.0,42.1,6829.4,7095.1,6971.0
Tamil Nadu,Theni,Kambam(Uzhavar Sandhai ),Onion,Bellary,Local,09/08/2026,2026,8,9,Monsoon,125.1,33.4,68.5,8564.9,8743.6,8671.5
Tamil Nadu,Theni,Kambam(Uzhavar Sandhai ),Onion,Bellary,Local,09/11/2025,2025,11,9,Post-Monsoon,63.0,24.1,57.5,6541.3,6860.1,6700.5
Tamil Nadu,Theni,Kambam(Uzhavar Sandhai ),Onion,Bellary,Local,10/05/2026,2026,5,10,Summer,9.8,30.9,48.9,6870.1,7132.1,6990.7
Tamil Nadu,Theni,Kambam(Uzhavar Sandhai ),Onion,Bellary,Local,11/01/2026,2026,1,11,Winter,10.0,20.0,46.6,5842.6,6129.8,5949.8
Tamil Nadu,Theni,Kambam(Uzhavar Sandhai ),Onion,Bellary,Local,12/04/2026,2026,4,12,Summer,6.5,30.8,45.3,6316.0,6606.8,6463.3
Tamil Nadu,Theni,Kambam(Uzhavar Sandhai ),Onion,Bellary,Local,12/07/2026,2026,7,12,Monsoon,122.5,34.5,63.3,8173.9,8369.6,8272.6
Tamil Nadu,Theni,Kambam(Uzhavar Sandhai ),Onion,Bellary,Local,12/10/2025,2025,10,12,Post-Monsoon,30.9,28.7,48.6,6200.0,6447.5,6329.9
Tamil Nadu,Theni,Kambam(Uzhavar Sandhai ),Onion,Bellary,Local,13/09/2026,2026,9,13,Monsoon,109.8,30.5,60.6,9107.8,9262.2,9185.0
Tamil Nadu,Theni,Kambam(Uzhavar Sandhai ),Onion,Bellary,Local,14/06/2026,2026,6,14,Monsoon,215.2,34.8,83.3,9098.3,9284.1,9193.0
Tamil Nadu,Theni,Kambam(Uzhavar Sandhai ),Onion,Bellary,Local,14/12/2025,2025,12,14,Winter,1.8,19.0,39.3,5902.3,6068.7,5984.9
Tamil Nadu,Theni,Kambam(Uzhavar Sandhai ),Onion,Bellary,Local,15/02/2026,2026,2,15,Winter,16.2,19.6,40.3,6001.9,6326.0,6119.1
Tamil Nadu,Theni,Kambam(Uzhavar Sandhai ),Onion,Bellary,Local,15/03/2026,2026,3,15,Summer,19.5,22.6,45.2,7243.9,7473.9,7326.8
Tamil Nadu,Theni,Kambam(Uzhavar Sandhai ),Onion,Bellary,Local,16/08/2026,2026,8,16,Monsoon,129.6,35.5,67.2,8833.4,9142.4,8962.6
Tamil Nadu,Theni,Kambam(Uzhavar Sandhai ),Onion,Bellary,Local,16/11/2025,2025,11,16,Post-Monsoon,65.6,21.8,53.9,6503.7,6824.1,6694.4
Tamil Nadu,Theni,Kambam(Uzhavar Sandhai ),Onion,Bellary,Local,17/05/2026,2026,5,17,Summer,2.6,33.0,45.1,6728.0,7002.2,6874.6
Tamil Nadu,Theni,Kambam(Uzhavar Sandhai ),Onion,Bellary,Local,18/01/2026,2026,1,18,Winter,18.9,15.8,48.0,5896.4,6045.6,5978.2
Tamil Nadu,Theni,Kambam(Uzhavar Sandhai ),Onion,Bellary,Local,19/04/2026,2026,4,19,Summer,11.8,27.2,44.0,6719.0,6883.5,6794.2
Tamil Nadu,Theni,Kambam(Uzhavar Sandhai ),Onion,Bellary,Local,19/07/2026,2026,7,19,Monsoon,149.9,33.5,71.4,8676.0,8848.4,8759.3
Tamil Nadu,Theni,Kambam(Uzhavar Sandhai ),Onion,Bellary,Local,19/10/2025,2025,10,19,Post-Monsoon,43.9,27.2,57.9,6938.7,7058.2,7000.6
Tamil Nadu,Theni,Kambam(Uzhavar Sandhai ),Onion,Bellary,Local,20/09/2026,2026,9,20,Monsoon,155.6,30.2,72.8,8443.5,8792.0,8649.5
Tamil Nadu,Theni,Kambam(Uzhavar Sandhai ),Onion,Bellary,Local,21/06/2026,2026,6,21,Monsoon,206.5,31.1,82.4,10207.7,10375.9,10294.5
Tamil Nadu,Theni,Kambam(Uzhavar Sandhai ),Onion,Bellary,Local,21/12/2025,2025,12,21,Winter,16.7,20.8,47.6,5756.2,5968.9,5834.8
Tamil Nadu,Theni,Kambam(Uzhavar Sandhai ),Onion,Bellary,Local,22/02/2026,2026,2,22,Winter,18.7,20.7,44.2,5743.5,6101.5,5908.2
Tamil Nadu,Theni,Kambam(Uzhavar Sandhai ),Onion,Bellary,Local,22/03/2026,2026,3,22,Summer,8.3,21.4,44.3,6120.7,6258.4,6188.1
Tamil Nadu,Theni,Kambam(Uzhavar Sandhai ),Onion,Bellary,Local,23/08/2026,2026,8,23,Monsoon,166.6,33.0,71.5,9527.2,9775.3,9673.1
Tamil Nadu,Theni,Kambam(Uzhavar Sandhai ),Onion,Bellary,Local,23/11/2025,2025,11,23,Post-Monsoon,63.0,24.3,55.5,6502.3,6896.8,6705.3
Tamil Nadu,Theni,Kambam(Uzhavar Sandhai ),Onion,Bellary,Local,24/05/2026,2026,5,24,Summer,5.9,32.7,46.9,6799.9,7017.0,6907.1
Tamil Nadu,Theni,Kambam(Uzhavar Sandhai ),Onion,Bellary,Local,25/01/2026,2026,1,25,Winter,9.9,19.4,48.6,5666.7,5928.9,5785.7
Tamil Nadu,Theni,Kambam(Uzhavar Sandhai ),Onion,Bellary,Local,26/04/2026,2026,4,26,Summer,14.6,25.4,47.0,6319.4,6587.8,6437.6
Tamil Nadu,Theni,Kambam(Uzhavar Sandhai ),Onion,Bellary,Local,26/07/2026,2026,7,26,Monsoon,166.7,34.4,73.1,8715.3,8858.5,8774.5
Tamil Nadu,Theni,Kambam(Uzhavar Sandhai ),Onion,Bellary,Local,26/10/2025,2025,10,26,Post-Monsoon,71.1,25.7,53.2,6327.3,6659.7,6472.0
Tamil Nadu,Theni,Kambam(Uzhavar Sandhai ),Onion,Bellary,Local,28/06/2026,2026,6,28,Monsoon,146.0,33.2,64.4,8630.1,8829.1,8733.3
Tamil Nadu,Theni,Kambam(Uzhavar Sandhai ),Onion,Bellary,Local,28/12/2025,2025,12,28,Winter,11.3,21.3,47.2,5708.5,6163.4,5930.0
Tamil Nadu,Theni,Kambam(Uzhavar Sandhai ),Onion,Bellary,Local,29/03/2026,2026,3,29,Summer,3.3,22.5,41.6,6994.3,7162.8,7080.8
Tamil Nadu,Theni,Kambam(Uzhavar Sandhai ),Onion,Bellary,Local,30/08/2026,2026,8,30,Monsoon,86.2,34.0,58.9,7797.5,8036.9,7900.7
Tamil Nadu,Theni,Kambam(Uzhavar Sandhai ),Onion,Bellary,Local,30/11/2025,2025,11,30,Post-Monsoon,70.6,23.0,54.7,6115.3,6298.3,6225.4
Tamil Nadu,Theni,Kambam(Uzhavar Sandhai ),Onion,Bellary,Local,31/05/2026,2026,5,31,Summer,5.5,30.7,45.7,6546.1,6732.6,6638.1
Tamil Nadu,Theni,Periyakulam(Uzhavar Sandhai ),Onion,Bellary,Local,01/02/2026,2026,2,1,Winter,5.2,21.9,49.0,5646.1,5831.3,5756.5
Tamil Nadu,Theni,Periyakulam(Uzhavar Sandhai ),Onion,Bellary,Local,01/03/2026,2026,3,1,Summer,6.7,23.6,50.3,6350.2,6662.7,6529.8
Tamil Nadu,Theni,Periyakulam(Uzhavar Sandhai ),Onion,Bellary,Local,02/08/2026,2026,8,2,Monsoon,146.1,34.9,74.5,8793.4,9111.9,8979.8
Tamil Nadu,Theni,Periyakulam(Uzhavar Sandhai ),Onion,Bellary,Local,02/11/2025,2025,11,2,Post-Monsoon,28.6,25.3,49.4,6259.6,6498.5,6372.2
Tamil Nadu,Theni,Periyakulam(Uzhavar Sandhai ),Onion,Bellary,Local,03/05/2026,2026,5,3,Summer,6.2,26.7,47.3,6464.5,6717.2,6585.7
Tamil Nadu,Theni,Periyakulam(Uzhavar Sandhai ),Onion,Bellary,Local,04/01/2026,2026,1,4,Winter,18.1,17.7,52.2,5654.8,5951.0,5787.8
Tamil Nadu,Theni,Periyakulam(Uzhavar Sandhai ),Onion,Bellary,Local,05/04/2026,2026,4,5,Summer,3.5,26.8,43.2,6546.6,6695.6,6611.2
Tamil Nadu,Theni,Periyakulam(Uzhavar Sandhai ),Onion,Bellary,Local,05/07/2026,2026,7,5,Monsoon,200.1,32.4,76.4,9284.9,9413.9,9357.4
Tamil Nadu,Theni,Periyakulam(Uzhavar Sandhai ),Onion,Bellary,Local,05/10/2025,2025,10,5,Post-Monsoon,43.0,25.3,53.6,5973.5,6297.7,6143.4
Tamil Nadu,Theni,Periyakulam(Uzhavar Sandhai ),Onion,Bellary,Local,06/09/2026,2026,9,6,Monsoon,132.9,29.9,68.8,8229.4,8546.1,8384.2
Tamil Nadu,Theni,Periyakulam(Uzhavar Sandhai ),Onion,Bellary,Local,07/06/2026,2026,6,7,Monsoon,249.3,35.9,83.4,9416.4,9594.8,9516.8
Tamil Nadu,Theni,Periyakulam(Uzhavar Sandhai ),Onion,Bellary,Local,07/12/2025,2025,12,7,Winter,6.6,19.3,46.3,5453.3,5595.5,5542.2
Tamil Nadu,Theni,Periyakulam(Uzhavar Sandhai ),Onion,Bellary,Local,08/02/2026,2026,2,8,Winter,19.4,19.9,46.1,5989.1,6137.3,6067.0
Tamil Nadu,Theni,Periyakulam(Uzhavar Sandhai ),Onion,Bellary,Local,08/03/2026,2026,3,8,Summer,7.5,22.9,44.7,6263.3,6501.8,6360.5
Tamil Nadu,Theni,Periyakulam(Uzhavar Sandhai ),Onion,Bellary,Local,09/08/2026,2026,8,9,Monsoon,172.0,33.2,75.0,8331.0,8647.2,8492.2
Tamil Nadu,Theni,Periyakulam(Uzhavar Sandhai ),Onion,Bellary,Local,09/11/2025,2025,11,9,Post-Monsoon,28.2,22.9,55.6,6129.0,6387.5,6252.6
Tamil Nadu,Theni,Periyakulam(Uzhavar Sandhai ),Onion,Bellary,Local,10/05/2026,2026,5,10,Summer,13.0,32.3,44.6,6385.2,6532.8,6438.3
Tamil Nadu,Theni,Periyakulam(Uzhavar Sandhai ),Onion,Bellary,Local,11/01/2026,2026,1,11,Winter,8.7,17.3,47.2,5168.2,5373.5,5285.2
Tamil Nadu,Theni,Periyakulam(Uzhavar Sandhai ),Onion,Bellary,Local,12/04/2026,2026,4,12,Summer,19.4,27.1,50.0,6419.2,6806.2,6616.7
Tamil Nadu,Theni,Periyakulam(Uzhavar Sandhai ),Onion,Bellary,Local,12/07/2026,2026,7,12,Monsoon,190.1,34.8,74.0,8154.4,8582.5,8372.3
Tamil Nadu,Theni,Periyakulam(Uzhavar Sandhai ),Onion,Bellary,Local,12/10/2025,2025,10,12,Post-Monsoon,60.8,22.5,56.6,5951.3,6066.5,6011.0
Tamil Nadu,Theni,Periyakulam(Uzhavar Sandhai ),Onion,Bellary,Local,13/09/2026,2026,9,13,Monsoon,134.7,30.3,66.2,8660.0,8988.1,8822.8
Tamil Nadu,Theni,Periyakulam(Uzhavar Sandhai ),Onion,Bellary,Local,14/06/2026,2026,6,14,Monsoon,214.0,34.9,79.4,9282.3,9433.3,9340.2
Tamil Nadu,Theni,Periyakulam(Uzhavar Sandhai ),Onion,Bellary,Local,14/12/2025,2025,12,14,Winter,0.3,20.3,44.9,5892.4,6182.7,6044.3
Tamil Nadu,Theni,Periyakulam(Uzhavar Sandhai ),Onion,Bellary,Local,15/02/2026,2026,2,15,Winter,6.2,20.3,48.2,5612.0,5945.3,5795.2
Tamil Nadu,Theni,Periyakulam(Uzhavar Sandhai ),Onion,Bellary,Local,15/03/2026,2026,3,15,Summer,1.2,24.6,42.6,6870.9,7031.7,6960.1
Tamil Nadu,Theni,Periyakulam(Uzhavar Sandhai ),Onion,Bellary,Local,16/08/2026,2026,8,16,Monsoon,229.0,34.2,84.0,9075.3,9196.0,9128.5
Tamil Nadu,Theni,Periyakulam(Uzhavar Sandhai ),Onion,Bellary,Local,16/11/2025,2025,11,16,Post-Monsoon,44.7,24.6,53.0,6043.8,6307.4,6154.0
Tamil Nadu,Theni,Periyakulam(Uzhavar Sandhai ),Onion,Bellary,Local,17/05/2026,2026,5,17,Summer,1.9,33.9,44.8,6405.6,6600.7,6503.0
Tamil Nadu,Theni,Periyakulam(Uzhavar Sandhai ),Onion,Bellary,Local,18/01/2026,2026,1,18,Winter,9.0,19.2,51.0,5949.6,6239.7,6090.3
Tamil Nadu,Theni,Periyakulam(Uzhavar Sandhai ),Onion,Bellary,Local,19/04/2026,2026,4,19,Summer,4.3,27.6,49.3,6658.5,7038.6,6866.9
Tamil Nadu,Theni,Periyakulam(Uzhavar Sandhai ),Onion,Bellary,Local,19/07/2026,2026,7,19,Monsoon,172.5,35.5,67.0,8374.2,8704.4,8542.8
Tamil Nadu,Theni,Periyakulam(Uzhavar Sandhai ),Onion,Bellary,Local,19/10/2025,2025,10,19,Post-Monsoon,74.6,24.5,60.7,6384.0,6612.3,6520.1
Tamil Nadu,Theni,Periyakulam(Uzhavar Sandhai ),Onion,Bellary,Local,20/09/2026,2026,9,20,Monsoon,192.5,31.1,77.8,8412.0,8676.6,8551.5
Tamil Nadu,Theni,Periyakulam(Uzhavar Sandhai ),Onion,Bellary,Local,21/06/2026,2026,6,21,Monsoon,248.4,37.7,88.6,9051.3,9345.7,9231.7
Tamil Nadu,Theni,Periyakulam(Uzhavar Sandhai ),Onion,Bellary,Local,21/12/2025,2025,12,21,Winter,15.3,22.9,46.0,5228.3,5423.5,5334.2
Tamil Nadu,Theni,Periyakulam(Uzhavar Sandhai ),Onion,Bellary,Local,22/02/2026,2026,2,22,Winter,8.5,21.1,46.2,5739.6,6081.7,5861.8
Tamil Nadu,Theni,Periyakulam(Uzhavar Sandhai ),Onion,Bellary,Local,22/03/2026,2026,3,22,Summer,12.0,24.3,50.7,6758.2,6990.9,6880.0
Tamil Nadu,Theni,Periyakulam(Uzhavar Sandhai ),Onion,Bellary,Local,23/08/2026,2026,8,23,Monsoon,181.0,34.0,72.5,8964.3,9264.7,9099.3
Tamil Nadu,Theni,Periyakulam(Uzhavar Sandhai ),Onion,Bellary,Local,23/11/2025,2025,11,23,Post-Monsoon,28.7,20.5,54.2,6047.2,6247.1,6163.3
Tamil Nadu,Theni,Periyakulam(Uzhavar Sandhai ),Onion,Bellary,Local,24/05/2026,2026,5,24,Summer,6.1,31.4,45.2,6525.2,6763.8,6615.0
Tamil Nadu,Theni,Periyakulam(Uzhavar Sandhai ),Onion,Bellary,Local,25/01/2026,2026,1,25,Winter,9.3,19.2,37.1,5820.1,6006.1,5885.8
Tamil Nadu,Theni,Periyakulam(Uzhavar Sandhai ),Onion,Bellary,Local,26/04/2026,2026,4,26,Summer,5.1,26.9,47.4,6523.6,6749.5,6653.2
Tamil Nadu,Theni,Periyakulam(Uzhavar Sandhai ),Onion,Bellary,Local,26/07/2026,2026,7,26,Monsoon,184.7,33.9,72.0,9125.7,9279.8,9189.5
Tamil Nadu,Theni,Periyakulam(Uzhavar Sandhai ),Onion,Bellary,Local,26/10/2025,2025,10,26,Post-Monsoon,35.5,28.9,51.6,5870.6,6049.0,5962.9
Tamil Nadu,Theni,Periyakulam(Uzhavar Sandhai ),Onion,Bellary,Local,28/06/2026,2026,6,28,Monsoon,172.6,35.5,65.7,8689.2,8948.6,8788.5
Tamil Nadu,Theni,Periyakulam(Uzhavar Sandhai ),Onion,Bellary,Local,28/12/2025,2025,12,28,Winter,2.5,19.3,43.8,5338.1,5561.2,5457.6
Tamil Nadu,Theni,Periyakulam(Uzhavar Sandhai ),Onion,Bellary,Local,29/03/2026,2026,3,29,Summer,18.1,24.2,47.7,6684.9,6839.5,6750.2
Tamil Nadu,Theni,Periyakulam(Uzhavar Sandhai ),Onion,Bellary,Local,30/08/2026,2026,8,30,Monsoon,209.9,33.4,75.6,7994.3,8208.5,8106.6
Tamil Nadu,Theni,Periyakulam(Uzhavar Sandhai ),Onion,Bellary,Local,30/11/2025,2025,11,30,Post-Monsoon,31.4,24.6,49.7,5946.8,6175.0,6074.4
Tamil Nadu,Theni,Periyakulam(Uzhavar Sandhai ),Onion,Bellary,Local,31/05/2026,2026,5,31,Summer,11.7,30.6,47.9,6443.0,6648.5,6545.7
Tamil Nadu,Theni,Theni(Uzhavar Sandhai ),Onion,Bellary,Local,01/02/2026,2026,2,1,Winter,10.1,21.9,53.2,5290.0,5543.1,5388.5
Tamil Nadu,Theni,Theni(Uzhavar Sandhai ),Onion,Bellary,Local,01/03/2026,2026,3,1,Summer,4.9,21.5,43.2,6820.0,6958.5,6891.6
Tamil Nadu,Theni,Theni(Uzhavar Sandhai ),Onion,Bellary,Local,02/08/2026,2026,8,2,Monsoon,246.8,32.1,85.8,9366.0,9565.4,9489.8
Tamil Nadu,Theni,Theni(Uzhavar Sandhai ),Onion,Bellary,Local,02/11/2025,2025,11,2,Post-Monsoon,27.5,22.0,52.0,5894.5,6291.4,6070.4
Tamil Nadu,Theni,Theni(Uzhavar Sandhai ),Onion,Bellary,Local,03/05/2026,2026,5,3,Summer,17.8,29.7,43.6,6104.2,6361.9,6213.4
Tamil Nadu,Theni,Theni(Uzhavar Sandhai ),Onion,Bellary,Local,04/01/2026,2026,1,4,Winter,1.4,18.2,45.3,5697.3,5871.2,5770.0
Tamil Nadu,Theni,Theni(Uzhavar Sandhai ),Onion,Bellary,Local,05/04/2026,2026,4,5,Summer,19.1,22.8,48.1,6202.7,6378.7,6302.2
Tamil Nadu,Theni,Theni(Uzhavar Sandhai ),Onion,Bellary,Local,05/07/2026,2026,7,5,Monsoon,146.0,37.1,64.8,8750.8,8978.2,8886.7
Tamil Nadu,Theni,Theni(Uzhavar Sandhai ),Onion,Bellary,Local,05/10/2025,2025,10,5,Post-Monsoon,23.5,25.1,46.2,5979.6,6172.8,6091.9
Tamil Nadu,Theni,Theni(Uzhavar Sandhai ),Onion,Bellary,Local,06/09/2026,2026,9,6,Monsoon,237.5,31.9,79.2,8835.2,9142.0,9023.0
Tamil Nadu,Theni,Theni(Uzhavar Sandhai ),Onion,Bellary,Local,07/06/2026,2026,6,7,Monsoon,232.8,31.9,84.3,9385.5,9599.8,9496.4
Tamil Nadu,Theni,Theni(Uzhavar Sandhai ),Onion,Bellary,Local,07/12/2025,2025,12,7,Winter,6.0,19.7,49.4,5458.6,5667.4,5538.4
Tamil Nadu,Theni,Theni(Uzhavar Sandhai ),Onion,Bellary,Local,08/02/2026,2026,2,8,Winter,4.8,21.3,47.4,5609.5,5854.7,5705.5
Tamil Nadu,Theni,Theni(Uzhavar Sandhai ),Onion,Bellary,Local,08/03/2026,2026,3,8,Summer,16.9,24.5,45.7,6474.8,6853.2,6630.8
Tamil Nadu,Theni,Theni(Uzhavar Sandhai ),Onion,Bellary,Local,09/08/2026,2026,8,9,Monsoon,241.7,34.0,84.7,9058.8,9300.1,9154.9
Tamil Nadu,Theni,Theni(Uzhavar Sandhai ),Onion,Bellary,Local,09/11/2025,2025,11,9,Post-Monsoon,55.3,21.2,49.5,5948.5,6138.1,6054.6
Tamil Nadu,Theni,Theni(Uzhavar Sandhai ),Onion,Bellary,Local,10/05/2026,2026,5,10,Summer,6.7,31.2,45.4,5793.8,6029.2,5909.1
Tamil Nadu,Theni,Theni(Uzhavar Sandhai ),Onion,Bellary,Local,11/01/2026,2026,1,11,Winter,15.9,18.7,47.8,5594.8,5763.6,5677.6
Tamil Nadu,Theni,Theni(Uzhavar Sandhai ),Onion,Bellary,Local,12/04/2026,2026,4,12,Summer,15.4,26.7,51.2,6446.4,6758.5,6578.2
Tamil Nadu,Theni,Theni(Uzhavar Sandhai ),Onion,Bellary,Local,12/07/2026,2026,7,12,Monsoon,159.9,35.5,72.4,8141.6,8465.4,8320.3
Tamil Nadu,Theni,Theni(Uzhavar Sandhai ),Onion,Bellary,Local,12/10/2025,2025,10,12,Post-Monsoon,46.6,27.7,51.8,6644.6,6935.7,6794.4
Tamil Nadu,Theni,Theni(Uzhavar Sandhai ),Onion,Bellary,Local,13/09/2026,2026,9,13,Monsoon,152.9,29.4,69.4,8372.6,8600.5,8478.5
Tamil Nadu,Theni,Theni(Uzhavar Sandhai ),Onion,Bellary,Local,14/06/2026,2026,6,14,Monsoon,91.2,32.8,57.2,8646.0,8888.9,8731.2
Tamil Nadu,Theni,Theni(Uzhavar Sandhai ),Onion,Bellary,Local,14/12/2025,2025,12,14,Winter,0.2,19.3,47.6,5644.3,5840.6,5742.0
Tamil Nadu,Theni,Theni(Uzhavar Sandhai ),Onion,Bellary,Local,15/02/2026,2026,2,15,Winter,5.4,22.1,40.4,5559.3,5707.0,5649.0
Tamil Nadu,Theni,Theni(Uzhavar Sandhai ),Onion,Bellary,Local,15/03/2026,2026,3,15,Summer,1.8,24.4,45.1,6974.5,7221.6,7095.4
Tamil Nadu,Theni,Theni(Uzhavar Sandhai ),Onion,Bellary,Local,16/08/2026,2026,8,16,Monsoon,246.8,31.5,86.1,8913.8,9355.3,9133.6
Tamil Nadu,Theni,Theni(Uzhavar Sandhai ),Onion,Bellary,Local,16/11/2025,2025,11,16,Post-Monsoon,50.7,27.1,52.3,6375.5,6736.7,6536.5
Tamil Nadu,Theni,Theni(Uzhavar Sandhai ),Onion,Bellary,Local,17/05/2026,2026,5,17,Summer,0.2,31.8,44.9,6972.3,7214.8,7093.6
Tamil Nadu,Theni,Theni(Uzhavar Sandhai ),Onion,Bellary,Local,18/01/2026,2026,1,18,Winter,16.1,17.9,47.1,5726.5,6042.6,5875.8
Tamil Nadu,Theni,Theni(Uzhavar Sandhai ),Onion,Bellary,Local,19/04/2026,2026,4,19,Summer,9.4,26.6,47.6,6805.2,6992.4,6881.5
Tamil Nadu,Theni,Theni(Uzhavar Sandhai ),Onion,Bellary,Local,19/07/2026,2026,7,19,Monsoon,165.1,34.8,69.8,8698.3,8912.6,8816.8
Tamil Nadu,Theni,Theni(Uzhavar Sandhai ),Onion,Bellary,Local,19/10/2025,2025,10,19,Post-Monsoon,57.4,29.9,57.6,6095.0,6239.8,6165.8
Tamil Nadu,Theni,Theni(Uzhavar Sandhai ),Onion,Bellary,Local,20/09/2026,2026,9,20,Monsoon,147.6,29.0,63.8,8508.7,8850.1,8692.2
Tamil Nadu,Theni,Theni(Uzhavar Sandhai ),Onion,Bellary,Local,21/06/2026,2026,6,21,Monsoon,240.3,33.8,85.1,9252.3,9383.6,9321.5
Tamil Nadu,Theni,Theni(Uzhavar Sandhai ),Onion,Bellary,Local,21/12/2025,2025,12,21,Winter,13.2,21.1,48.9,5702.7,5937.2,5801.8
Tamil Nadu,Theni,Theni(Uzhavar Sandhai ),Onion,Bellary,Local,22/02/2026,2026,2,22,Winter,15.0,19.1,47.4,5836.1,5977.4,5927.5
Tamil Nadu,Theni,Theni(Uzhavar Sandhai ),Onion,Bellary,Local,22/03/2026,2026,3,22,Summer,0.1,23.8,42.6,6414.3,6787.2,6613.4
Tamil Nadu,Theni,Theni(Uzhavar Sandhai ),Onion,Bellary,Local,23/08/2026,2026,8,23,Monsoon,168.6,33.8,68.2,8272.3,8535.6,8427.4
Tamil Nadu,Theni,Theni(Uzhavar Sandhai ),Onion,Bellary,Local,23/11/2025,2025,11,23,Post-Monsoon,32.0,22.5,53.6,5958.4,6288.3,6077.4
Tamil Nadu,Theni,Theni(Uzhavar Sandhai ),Onion,Bellary,Local,24/05/2026,2026,5,24,Summer,10.4,31.3,46.0,6615.6,6765.7,6681.7
Tamil Nadu,Theni,Theni(Uzhavar Sandhai ),Onion,Bellary,Local,25/01/2026,2026,1,25,Winter,4.5,19.1,45.8,5171.6,5453.5,5276.7
Tamil Nadu,Theni,Theni(Uzhavar Sandhai ),Onion,Bellary,Local,26/04/2026,2026,4,26,Summer,14.8,29.4,50.6,6167.1,6384.5,6295.0
Tamil Nadu,Theni,Theni(Uzhavar Sandhai ),Onion,Bellary,Local,26/07/2026,2026,7,26,Monsoon,172.9,34.2,72.4,8662.4,8838.0,8726.1
Tamil Nadu,Theni,Theni(Uzhavar Sandhai ),Onion,Bellary,Local,26/10/2025,2025,10,26,Post-Monsoon,33.7,25.1,51.2,6447.2,6769.3,6571.9
Tamil Nadu,Theni,Theni(Uzhavar Sandhai ),Onion,Bellary,Local,28/06/2026,2026,6,28,Monsoon,113.3,34.4,60.1,8379.6,8572.7,8481.1
Tamil Nadu,Theni,Theni(Uzhavar Sandhai ),Onion,Bellary,Local,28/12/2025,2025,12,28,Winter,1.6,17.6,40.4,5494.5,5694.8,5590.9
Tamil Nadu,Theni,Theni(Uzhavar Sandhai ),Onion,Bellary,Local,29/03/2026,2026,3,29,Summer,6.0,23.1,46.6,6428.9,6653.6,6526.7
Tamil Nadu,Theni,Theni(Uzhavar Sandhai ),Onion,Bellary,Local,30/08/2026,2026,8,30,Monsoon,176.1,35.2,73.2,9325.7,9434.3,9372.0
Tamil Nadu,Theni,Theni(Uzhavar Sandhai ),Onion,Bellary,Local,30/11/2025,2025,11,30,Post-Monsoon,46.9,26.5,53.1,6534.7,6815.1,6702.6
Tamil Nadu,Theni,Theni(Uzhavar Sandhai ),Onion,Bellary,Local,31/05/2026,2026,5,31,Summer,15.5,27.8,48.2,6709.7,7048.7,6927.8
Tamil Nadu,Thiruchirappalli,Manachanallur(Uzhavar Sandhai ),Onion,Bellary,Local,01/02/2026,2026,2,1,Winter,5.8,19.9,46.6,5312.9,5426.6,5372.9
Tamil Nadu,Thiruchirappalli,Manachanallur(Uzhavar Sandhai ),Onion,Bellary,Local,01/03/2026,2026,3,1,Summer,19.3,21.8,47.7,6633.3,6898.2,6746.5
Tamil Nadu,Thiruchirappalli,Manachanallur(Uzhavar Sandhai ),Onion,Bellary,Local,02/08/2026,2026,8,2,Monsoon,221.3,35.0,79.8,8786.8,9041.5,8917.1
Tamil Nadu,Thiruchirappalli,Manachanallur(Uzhavar Sandhai ),Onion,Bellary,Local,02/11/2025,2025,11,2,Post-Monsoon,57.9,21.5,52.0,6149.5,6362.6,6271.1
Tamil Nadu,Thiruchirappalli,Manachanallur(Uzhavar Sandhai ),Onion,Bellary,Local,03/05/2026,2026,5,3,Summer,5.1,31.7,49.4,6206.0,6422.7,6346.8
Tamil Nadu,Thiruchirappalli,Manachanallur(Uzhavar Sandhai ),Onion,Bellary,Local,04/01/2026,2026,1,4,Winter,15.4,19.8,48.3,5368.1,5711.1,5530.2
Tamil Nadu,Thiruchirappalli,Manachanallur(Uzhavar Sandhai ),Onion,Bellary,Local,05/04/2026,2026,4,5,Summer,15.6,28.5,43.4,6260.7,6403.8,6336.5
Tamil Nadu,Thiruchirappalli,Manachanallur(Uzhavar Sandhai ),Onion,Bellary,Local,05/07/2026,2026,7,5,Monsoon,181.9,35.4,73.4,8312.3,8587.5,8448.5
Tamil Nadu,Thiruchirappalli,Manachanallur(Uzhavar Sandhai ),Onion,Bellary,Local,05/10/2025,2025,10,5,Post-Monsoon,46.6,27.8,51.5,5877.4,5989.0,5928.6
Tamil Nadu,Thiruchirappalli,Manachanallur(Uzhavar Sandhai ),Onion,Bellary,Local,06/09/2026,2026,9,6,Monsoon,191.1,33.3,72.4,7932.4,8292.1,8094.3
Tamil Nadu,Thiruchirappalli,Manachanallur(Uzhavar Sandhai ),Onion,Bellary,Local,07/06/2026,2026,6,7,Monsoon,153.0,34.2,68.0,8138.0,8329.9,8213.3
Tamil Nadu,Thiruchirappalli,Manachanallur(Uzhavar Sandhai ),Onion,Bellary,Local,07/12/2025,2025,12,7,Winter,13.1,20.6,45.0,5392.2,5645.2,5529.5
Tamil Nadu,Thiruchirappalli,Manachanallur(Uzhavar Sandhai ),Onion,Bellary,Local,08/02/2026,2026,2,8,Winter,11.8,18.8,44.3,5874.2,6005.3,5937.8
Tamil Nadu,Thiruchirappalli,Manachanallur(Uzhavar Sandhai ),Onion,Bellary,Local,08/03/2026,2026,3,8,Summer,5.6,22.6,42.3,6315.0,6527.1,6436.3
Tamil Nadu,Thiruchirappalli,Manachanallur(Uzhavar Sandhai ),Onion,Bellary,Local,09/08/2026,2026,8,9,Monsoon,240.5,34.4,82.5,8522.8,8702.5,8619.9
Tamil Nadu,Thiruchirappalli,Manachanallur(Uzhavar Sandhai ),Onion,Bellary,Local,09/11/2025,2025,11,9,Post-Monsoon,53.6,24.3,52.4,6224.7,6388.5,6325.3
Tamil Nadu,Thiruchirappalli,Manachanallur(Uzhavar Sandhai ),Onion,Bellary,Local,10/05/2026,2026,5,10,Summer,17.1,32.9,49.4,6208.7,6401.0,6296.3
Tamil Nadu,Thiruchirappalli,Manachanallur(Uzhavar Sandhai ),Onion,Bellary,Local,11/01/2026,2026,1,11,Winter,15.8,17.5,44.8,5555.3,5731.7,5644.7
Tamil Nadu,Thiruchirappalli,Manachanallur(Uzhavar Sandhai ),Onion,Bellary,Local,12/04/2026,2026,4,12,Summer,13.4,28.4,47.1,6415.6,6636.1,6547.9
Tamil Nadu,Thiruchirappalli,Manachanallur(Uzhavar Sandhai ),Onion,Bellary,Local,12/07/2026,2026,7,12,Monsoon,243.2,34.0,82.8,8365.6,8602.5,8499.8
Tamil Nadu,Thiruchirappalli,Manachanallur(Uzhavar Sandhai ),Onion,Bellary,Local,12/10/2025,2025,10,12,Post-Monsoon,78.3,27.3,51.4,6216.9,6526.0,6379.1
Tamil Nadu,Thiruchirappalli,Manachanallur(Uzhavar Sandhai ),Onion,Bellary,Local,13/09/2026,2026,9,13,Monsoon,149.0,31.7,68.9,8306.5,8599.3,8447.9
Tamil Nadu,Thiruchirappalli,Manachanallur(Uzhavar Sandhai ),Onion,Bellary,Local,14/06/2026,2026,6,14,Monsoon,93.3,35.6,52.5,7604.2,7829.4,7727.9
Tamil Nadu,Thiruchirappalli,Manachanallur(Uzhavar Sandhai ),Onion,Bellary,Local,14/12/2025,2025,12,14,Winter,14.6,18.7,44.8,5210.5,5487.9,5327.5
Tamil Nadu,Thiruchirappalli,Manachanallur(Uzhavar Sandhai ),Onion,Bellary,Local,15/02/2026,2026,2,15,Winter,19.5,19.8,52.8,5055.9,5217.8,5150.0
Tamil Nadu,Thiruchirappalli,Manachanallur(Uzhavar Sandhai ),Onion,Bellary,Local,15/03/2026,2026,3,15,Summer,2.8,21.9,46.2,6261.3,6426.0,6328.4
Tamil Nadu,Thiruchirappalli,Manachanallur(Uzhavar Sandhai ),Onion,Bellary,Local,16/08/2026,2026,8,16,Monsoon,191.8,32.0,75.2,8078.0,8410.5,8278.4
Tamil Nadu,Thiruchirappalli,Manachanallur(Uzhavar Sandhai ),Onion,Bellary,Local,16/11/2025,2025,11,16,Post-Monsoon,31.4,23.4,45.7,5646.3,5811.3,5721.5
Tamil Nadu,Thiruchirappalli,Manachanallur(Uzhavar Sandhai ),Onion,Bellary,Local,17/05/2026,2026,5,17,Summer,9.5,32.2,48.4,6340.9,6515.3,6433.0
Tamil Nadu,Thiruchirappalli,Manachanallur(Uzhavar Sandhai ),Onion,Bellary,Local,18/01/2026,2026,1,18,Winter,5.0,17.6,47.9,4941.0,5321.9,5132.7
Tamil Nadu,Thiruchirappalli,Manachanallur(Uzhavar Sandhai ),Onion,Bellary,Local,19/04/2026,2026,4,19,Summer,5.1,27.4,47.6,6469.6,6817.6,6609.1
Tamil Nadu,Thiruchirappalli,Manachanallur(Uzhavar Sandhai ),Onion,Bellary,Local,19/07/2026,2026,7,19,Monsoon,235.7,35.6,75.1,8770.0,8989.0,8878.7
Tamil Nadu,Thiruchirappalli,Manachanallur(Uzhavar Sandhai ),Onion,Bellary,Local,19/10/2025,2025,10,19,Post-Monsoon,76.5,27.3,57.8,6406.4,6614.4,6498.4
Tamil Nadu,Thiruchirappalli,Manachanallur(Uzhavar Sandhai ),Onion,Bellary,Local,20/09/2026,2026,9,20,Monsoon,243.9,32.6,82.2,8958.8,9150.6,9037.6
Tamil Nadu,Thiruchirappalli,Manachanallur(Uzhavar Sandhai ),Onion,Bellary,Local,21/06/2026,2026,6,21,Monsoon,126.5,34.3,67.3,8067.1,8233.4,8151.4
Tamil Nadu,Thiruchirappalli,Manachanallur(Uzhavar Sandhai ),Onion,Bellary,Local,21/12/2025,2025,12,21,Winter,3.7,19.2,44.6,5329.3,5575.4,5415.0
Tamil Nadu,Thiruchirappalli,Manachanallur(Uzhavar Sandhai ),Onion,Bellary,Local,22/02/2026,2026,2,22,Winter,0.7,16.5,42.9,5326.2,5687.0,5492.9
Tamil Nadu,Thiruchirappalli,Manachanallur(Uzhavar Sandhai ),Onion,Bellary,Local,22/03/2026,2026,3,22,Summer,1.4,23.1,48.4,5798.9,6013.6,5886.8
Tamil Nadu,Thiruchirappalli,Manachanallur(Uzhavar Sandhai ),Onion,Bellary,Local,23/08/2026,2026,8,23,Monsoon,177.6,32.8,76.3,8645.6,8765.6,8702.1
Tamil Nadu,Thiruchirappalli,Manachanallur(Uzhavar Sandhai ),Onion,Bellary,Local,23/11/2025,2025,11,23,Post-Monsoon,33.3,24.6,48.8,5928.6,6090.5,6010.2
Tamil Nadu,Thiruchirappalli,Manachanallur(Uzhavar Sandhai ),Onion,Bellary,Local,24/05/2026,2026,5,24,Summer,4.9,31.2,46.3,5984.9,6107.1,6046.1
Tamil Nadu,Thiruchirappalli,Manachanallur(Uzhavar Sandhai ),Onion,Bellary,Local,25/01/2026,2026,1,25,Winter,19.3,20.3,48.6,5742.3,5887.7,5818.4
Tamil Nadu,Thiruchirappalli,Manachanallur(Uzhavar Sandhai ),Onion,Bellary,Local,26/04/2026,2026,4,26,Summer,11.1,28.1,49.2,6678.9,6846.2,6785.3
Tamil Nadu,Thiruchirappalli,Manachanallur(Uzhavar Sandhai ),Onion,Bellary,Local,26/07/2026,2026,7,26,Monsoon,190.8,37.2,75.3,8370.6,8683.1,8505.3
Tamil Nadu,Thiruchirappalli,Manachanallur(Uzhavar Sandhai ),Onion,Bellary,Local,26/10/2025,2025,10,26,Post-Monsoon,37.5,27.1,50.9,6173.2,6313.9,6257.8
Tamil Nadu,Thiruchirappalli,Manachanallur(Uzhavar Sandhai ),Onion,Bellary,Local,28/06/2026,2026,6,28,Monsoon,243.9,31.8,84.3,9311.1,9646.0,9511.9
Tamil Nadu,Thiruchirappalli,Manachanallur(Uzhavar Sandhai ),Onion,Bellary,Local,28/12/2025,2025,12,28,Winter,15.8,18.8,47.5,5712.1,5912.7,5805.1
Tamil Nadu,Thiruchirappalli,Manachanallur(Uzhavar Sandhai ),Onion,Bellary,Local,29/03/2026,2026,3,29,Summer,14.5,21.8,50.5,6442.0,6639.9,6546.0
Tamil Nadu,Thiruchirappalli,Manachanallur(Uzhavar Sandhai ),Onion,Bellary,Local,30/08/2026,2026,8,30,Monsoon,186.6,30.2,73.1,8352.3,8526.3,8465.8
Tamil Nadu,Thiruchirappalli,Manachanallur(Uzhavar Sandhai ),Onion,Bellary,Local,30/11/2025,2025,11,30,Post-Monsoon,77.4,24.0,60.0,5912.8,6172.5,6053.2
Tamil Nadu,Thiruchirappalli,Manachanallur(Uzhavar Sandhai ),Onion,Bellary,Local,31/05/2026,2026,5,31,Summer,16.6,28.4,51.0,6318.9,6521.2,6417.6
Tamil Nadu,Thiruchirappalli,Manapparai(Uzhavar Sandhai ),Onion,Bellary,Local,01/02/2026,2026,2,1,Winter,14.2,19.1,43.4,5239.9,5395.8,5310.7
Tamil Nadu,Thiruchirappalli,Manapparai(Uzhavar Sandhai ),Onion,Bellary,Local,01/03/2026,2026,3,1,Summer,13.6,24.5,44.8,6179.4,6429.6,6283.7
Tamil Nadu,Thiruchirappalli,Manapparai(Uzhavar Sandhai ),Onion,Bellary,Local,02/08/2026,2026,8,2,Monsoon,213.3,33.1,74.6,9166.0,9533.6,9346.1
Tamil Nadu,Thiruchirappalli,Manapparai(Uzhavar Sandhai ),Onion,Bellary,Local,02/11/2025,2025,11,2,Post-Monsoon,76.1,24.4,58.8,6410.3,6542.4,6494.3
Tamil Nadu,Thiruchirappalli,Manapparai(Uzhavar Sandhai ),Onion,Bellary,Local,03/05/2026,2026,5,3,Summer,11.7,30.9,47.9,6231.1,6465.0,6327.5
Tamil Nadu,Thiruchirappalli,Manapparai(Uzhavar Sandhai ),Onion,Bellary,Local,04/01/2026,2026,1,4,Winter,14.0,18.6,47.6,5348.2,5695.3,5509.0
Tamil Nadu,Thiruchirappalli,Manapparai(Uzhavar Sandhai ),Onion,Bellary,Local,05/04/2026,2026,4,5,Summer,13.8,25.7,44.0,6433.2,6783.6,6600.6
Tamil Nadu,Thiruchirappalli,Manapparai(Uzhavar Sandhai ),Onion,Bellary,Local,05/07/2026,2026,7,5,Monsoon,178.7,33.8,74.2,8500.3,8805.3,8647.1
Tamil Nadu,Thiruchirappalli,Manapparai(Uzhavar Sandhai ),Onion,Bellary,Local,05/10/2025,2025,10,5,Post-Monsoon,60.3,27.8,57.6,5854.3,6030.1,5952.9
Tamil Nadu,Thiruchirappalli,Manapparai(Uzhavar Sandhai ),Onion,Bellary,Local,06/09/2026,2026,9,6,Monsoon,243.2,34.2,85.7,8716.9,8833.5,8776.3
Tamil Nadu,Thiruchirappalli,Manapparai(Uzhavar Sandhai ),Onion,Bellary,Local,07/06/2026,2026,6,7,Monsoon,228.2,34.9,76.0,9006.3,9282.0,9168.4
Tamil Nadu,Thiruchirappalli,Manapparai(Uzhavar Sandhai ),Onion,Bellary,Local,07/12/2025,2025,12,7,Winter,9.6,20.6,45.9,5487.2,5654.6,5568.2
Tamil Nadu,Thiruchirappalli,Manapparai(Uzhavar Sandhai ),Onion,Bellary,Local,08/02/2026,2026,2,8,Winter,19.2,21.0,56.4,5407.4,5627.6,5525.5
Tamil Nadu,Thiruchirappalli,Manapparai(Uzhavar Sandhai ),Onion,Bellary,Local,08/03/2026,2026,3,8,Summer,13.9,24.6,49.7,6226.0,6505.9,6387.5
Tamil Nadu,Thiruchirappalli,Manapparai(Uzhavar Sandhai ),Onion,Bellary,Local,09/08/2026,2026,8,9,Monsoon,117.5,35.6,69.6,8393.3,8637.1,8496.7
Tamil Nadu,Thiruchirappalli,Manapparai(Uzhavar Sandhai ),Onion,Bellary,Local,09/11/2025,2025,11,9,Post-Monsoon,73.4,23.4,58.7,5821.7,6011.7,5941.1
Tamil Nadu,Thiruchirappalli,Manapparai(Uzhavar Sandhai ),Onion,Bellary,Local,10/05/2026,2026,5,10,Summer,20.0,30.3,42.0,6166.0,6391.0,6249.7
Tamil Nadu,Thiruchirappalli,Manapparai(Uzhavar Sandhai ),Onion,Bellary,Local,11/01/2026,2026,1,11,Winter,5.9,20.0,42.5,5615.4,5756.5,5695.3
Tamil Nadu,Thiruchirappalli,Manapparai(Uzhavar Sandhai ),Onion,Bellary,Local,12/04/2026,2026,4,12,Summer,7.3,27.4,44.6,6794.5,6987.5,6895.3
Tamil Nadu,Thiruchirappalli,Manapparai(Uzhavar Sandhai ),Onion,Bellary,Local,12/07/2026,2026,7,12,Monsoon,83.8,34.1,60.9,7620.0,7847.2,7748.8
Tamil Nadu,Thiruchirappalli,Manapparai(Uzhavar Sandhai ),Onion,Bellary,Local,12/10/2025,2025,10,12,Post-Monsoon,60.3,28.8,53.5,5855.7,6231.3,5993.8
Tamil Nadu,Thiruchirappalli,Manapparai(Uzhavar Sandhai ),Onion,Bellary,Local,13/09/2026,2026,9,13,Monsoon,101.0,32.2,56.2,7822.1,8086.1,7965.1
Tamil Nadu,Thiruchirappalli,Manapparai(Uzhavar Sandhai ),Onion,Bellary,Local,14/06/2026,2026,6,14,Monsoon,176.2,33.6,75.6,8126.9,8297.5,8207.6
Tamil Nadu,Thiruchirappalli,Manapparai(Uzhavar Sandhai ),Onion,Bellary,Local,14/12/2025,2025,12,14,Winter,5.2,20.2,45.0,5666.2,5838.2,5741.5
Tamil Nadu,Thiruchirappalli,Manapparai(Uzhavar Sandhai ),Onion,Bellary,Local,15/02/2026,2026,2,15,Winter,4.8,18.8,44.9,5230.1,5395.4,5291.6
Tamil Nadu,Thiruchirappalli,Manapparai(Uzhavar Sandhai ),Onion,Bellary,Local,15/03/2026,2026,3,15,Summer,0.5,24.6,43.7,5696.0,5974.1,5864.9
Tamil Nadu,Thiruchirappalli,Manapparai(Uzhavar Sandhai ),Onion,Bellary,Local,16/08/2026,2026,8,16,Monsoon,93.6,34.8,56.3,7737.0,7889.3,7807.7
Tamil Nadu,Thiruchirappalli,Manapparai(Uzhavar Sandhai ),Onion,Bellary,Local,16/11/2025,2025,11,16,Post-Monsoon,27.6,22.3,52.1,5916.8,6210.8,6068.6
Tamil Nadu,Thiruchirappalli,Manapparai(Uzhavar Sandhai ),Onion,Bellary,Local,17/05/2026,2026,5,17,Summer,8.3,33.4,43.0,6768.7,6955.0,6858.7
Tamil Nadu,Thiruchirappalli,Manapparai(Uzhavar Sandhai ),Onion,Bellary,Local,18/01/2026,2026,1,18,Winter,13.3,21.6,41.2,5566.6,5727.8,5626.9
Tamil Nadu,Thiruchirappalli,Manapparai(Uzhavar Sandhai ),Onion,Bellary,Local,19/04/2026,2026,4,19,Summer,7.2,26.4,45.7,6422.8,6637.3,6539.8
Tamil Nadu,Thiruchirappalli,Manapparai(Uzhavar Sandhai ),Onion,Bellary,Local,19/07/2026,2026,7,19,Monsoon,181.9,33.4,73.4,8696.2,8848.7,8784.5
Tamil Nadu,Thiruchirappalli,Manapparai(Uzhavar Sandhai ),Onion,Bellary,Local,19/10/2025,2025,10,19,Post-Monsoon,78.6,27.9,60.9,6309.0,6514.9,6406.9
Tamil Nadu,Thiruchirappalli,Manapparai(Uzhavar Sandhai ),Onion,Bellary,Local,20/09/2026,2026,9,20,Monsoon,241.3,30.5,80.6,8579.5,8729.6,8655.2
Tamil Nadu,Thiruchirappalli,Manapparai(Uzhavar Sandhai ),Onion,Bellary,Local,21/06/2026,2026,6,21,Monsoon,93.7,33.3,63.6,7899.2,8057.7,7974.5
Tamil Nadu,Thiruchirappalli,Manapparai(Uzhavar Sandhai ),Onion,Bellary,Local,21/12/2025,2025,12,21,Winter,19.3,16.8,53.0,5845.6,6023.7,5933.8
Tamil Nadu,Thiruchirappalli,Manapparai(Uzhavar Sandhai ),Onion,Bellary,Local,22/02/2026,2026,2,22,Winter,8.9,21.7,46.7,5230.3,5439.2,5325.6
Tamil Nadu,Thiruchirappalli,Manapparai(Uzhavar Sandhai ),Onion,Bellary,Local,22/03/2026,2026,3,22,Summer,2.5,26.8,43.5,6045.7,6178.3,6100.2
Tamil Nadu,Thiruchirappalli,Manapparai(Uzhavar Sandhai ),Onion,Bellary,Local,23/08/2026,2026,8,23,Monsoon,88.7,34.4,51.7,6969.9,7256.0,7093.5
Tamil Nadu,Thiruchirappalli,Manapparai(Uzhavar Sandhai ),Onion,Bellary,Local,23/11/2025,2025,11,23,Post-Monsoon,45.7,25.5,55.1,5673.0,5854.3,5777.9
Tamil Nadu,Thiruchirappalli,Manapparai(Uzhavar Sandhai ),Onion,Bellary,Local,24/05/2026,2026,5,24,Summer,13.0,29.8,54.4,6119.3,6362.1,6243.5
Tamil Nadu,Thiruchirappalli,Manapparai(Uzhavar Sandhai ),Onion,Bellary,Local,25/01/2026,2026,1,25,Winter,18.4,17.9,48.8,5721.4,5940.6,5837.1
Tamil Nadu,Thiruchirappalli,Manapparai(Uzhavar Sandhai ),Onion,Bellary,Local,26/04/2026,2026,4,26,Summer,15.1,28.5,40.6,5949.7,6222.7,6093.7
Tamil Nadu,Thiruchirappalli,Manapparai(Uzhavar Sandhai ),Onion,Bellary,Local,26/07/2026,2026,7,26,Monsoon,219.5,35.5,83.7,9023.2,9322.6,9181.3
Tamil Nadu,Thiruchirappalli,Manapparai(Uzhavar Sandhai ),Onion,Bellary,Local,26/10/2025,2025,10,26,Post-Monsoon,44.7,27.3,46.6,5606.3,5872.8,5767.9
Tamil Nadu,Thiruchirappalli,Manapparai(Uzhavar Sandhai ),Onion,Bellary,Local,28/06/2026,2026,6,28,Monsoon,220.9,32.9,83.0,8919.7,9060.0,8987.2
Tamil Nadu,Thiruchirappalli,Manapparai(Uzhavar Sandhai ),Onion,Bellary,Local,28/12/2025,2025,12,28,Winter,12.0,21.0,46.2,5103.9,5381.8,5231.4
Tamil Nadu,Thiruchirappalli,Manapparai(Uzhavar Sandhai ),Onion,Bellary,Local,29/03/2026,2026,3,29,Summer,10.9,23.1,48.7,5934.1,6204.6,6045.0
Tamil Nadu,Thiruchirappalli,Manapparai(Uzhavar Sandhai ),Onion,Bellary,Local,30/08/2026,2026,8,30,Monsoon,90.5,33.4,59.9,7456.7,7757.1,7620.9
Tamil Nadu,Thiruchirappalli,Manapparai(Uzhavar Sandhai ),Onion,Bellary,Local,30/11/2025,2025,11,30,Post-Monsoon,57.5,21.8,56.3,6202.5,6351.3,6286.4
Tamil Nadu,Thiruchirappalli,Manapparai(Uzhavar Sandhai ),Onion,Bellary,Local,31/05/2026,2026,5,31,Summer,2.5,29.3,44.3,6026.7,6182.2,6103.4
Tamil Nadu,Thiruchirappalli,Musiri(Uzhavar Sandhai ),Onion,Bellary,Local,01/02/2026,2026,2,1,Winter,0.3,22.1,48.6,5681.3,5973.3,5826.6
Tamil Nadu,Thiruchirappalli,Musiri(Uzhavar Sandhai ),Onion,Bellary,Local,01/03/2026,2026,3,1,Summer,18.7,24.5,45.9,7000.4,7296.8,7164.0
Tamil Nadu,Thiruchirappalli,Musiri(Uzhavar Sandhai ),Onion,Bellary,Local,02/08/2026,2026,8,2,Monsoon,119.6,33.8,62.8,8401.2,8650.6,8532.4
Tamil Nadu,Thiruchirappalli,Musiri(Uzhavar Sandhai ),Onion,Bellary,Local,02/11/2025,2025,11,2,Post-Monsoon,44.6,22.5,50.3,6586.8,6886.0,6728.5
Tamil Nadu,Thiruchirappalli,Musiri(Uzhavar Sandhai ),Onion,Bellary,Local,03/05/2026,2026,5,3,Summer,13.6,30.4,48.8,6755.4,6915.2,6816.2
Tamil Nadu,Thiruchirappalli,Musiri(Uzhavar Sandhai ),Onion,Bellary,Local,04/01/2026,2026,1,4,Winter,10.4,18.9,46.8,5969.7,6260.5,6132.2
Tamil Nadu,Thiruchirappalli,Musiri(Uzhavar Sandhai ),Onion,Bellary,Local,05/04/2026,2026,4,5,Summer,16.2,25.9,46.5,6931.4,7327.7,7134.6
Tamil Nadu,Thiruchirappalli,Musiri(Uzhavar Sandhai ),Onion,Bellary,Local,05/07/2026,2026,7,5,Monsoon,123.6,35.1,69.7,8906.6,9308.3,9078.4
Tamil Nadu,Thiruchirappalli,Musiri(Uzhavar Sandhai ),Onion,Bellary,Local,05/10/2025,2025,10,5,Post-Monsoon,44.6,27.2,44.2,6304.5,6422.1,6367.0
Tamil Nadu,Thiruchirappalli,Musiri(Uzhavar Sandhai ),Onion,Bellary,Local,06/09/2026,2026,9,6,Monsoon,163.8,28.5,69.0,8840.9,9115.6,8964.4
Tamil Nadu,Thiruchirappalli,Musiri(Uzhavar Sandhai ),Onion,Bellary,Local,07/06/2026,2026,6,7,Monsoon,240.1,35.4,81.2,9206.4,9367.6,9277.1
Tamil Nadu,Thiruchirappalli,Musiri(Uzhavar Sandhai ),Onion,Bellary,Local,07/12/2025,2025,12,7,Winter,0.5,21.9,43.2,5321.1,5647.8,5473.3
Tamil Nadu,Thiruchirappalli,Musiri(Uzhavar Sandhai ),Onion,Bellary,Local,08/02/2026,2026,2,8,Winter,18.6,21.6,49.9,5812.2,5964.5,5872.1
Tamil Nadu,Thiruchirappalli,Musiri(Uzhavar Sandhai ),Onion,Bellary,Local,08/03/2026,2026,3,8,Summer,13.4,24.6,48.7,7274.3,7444.7,7365.3
Tamil Nadu,Thiruchirappalli,Musiri(Uzhavar Sandhai ),Onion,Bellary,Local,09/08/2026,2026,8,9,Monsoon,226.4,35.6,80.6,9964.8,10378.3,10141.5
Tamil Nadu,Thiruchirappalli,Musiri(Uzhavar Sandhai ),Onion,Bellary,Local,09/11/2025,2025,11,9,Post-Monsoon,70.0,23.5,57.0,6570.9,6735.4,6649.5
Tamil Nadu,Thiruchirappalli,Musiri(Uzhavar Sandhai ),Onion,Bellary,Local,10/05/2026,2026,5,10,Summer,9.5,30.5,49.7,6880.7,7131.4,6983.2
Tamil Nadu,Thiruchirappalli,Musiri(Uzhavar Sandhai ),Onion,Bellary,Local,11/01/2026,2026,1,11,Winter,15.0,19.3,47.8,6059.8,6204.3,6134.1
Tamil Nadu,Thiruchirappalli,Musiri(Uzhavar Sandhai ),Onion,Bellary,Local,12/04/2026,2026,4,12,Summer,2.9,27.5,45.9,6398.4,6658.9,6534.2
Tamil Nadu,Thiruchirappalli,Musiri(Uzhavar Sandhai ),Onion,Bellary,Local,12/07/2026,2026,7,12,Monsoon,138.7,32.5,63.0,8650.5,8819.7,8736.7
Tamil Nadu,Thiruchirappalli,Musiri(Uzhavar Sandhai ),Onion,Bellary,Local,12/10/2025,2025,10,12,Post-Monsoon,25.9,27.2,50.7,6010.7,6184.5,6102.8
Tamil Nadu,Thiruchirappalli,Musiri(Uzhavar Sandhai ),Onion,Bellary,Local,13/09/2026,2026,9,13,Monsoon,130.7,29.6,64.4,8579.6,8782.9,8683.7
Tamil Nadu,Thiruchirappalli,Musiri(Uzhavar Sandhai ),Onion,Bellary,Local,14/06/2026,2026,6,14,Monsoon,142.8,33.5,63.7,8345.9,8625.0,8467.0
Tamil Nadu,Thiruchirappalli,Musiri(Uzhavar Sandhai ),Onion,Bellary,Local,14/12/2025,2025,12,14,Winter,14.7,20.7,46.6,6446.3,6593.7,6515.7
Tamil Nadu,Thiruchirappalli,Musiri(Uzhavar Sandhai ),Onion,Bellary,Local,15/02/2026,2026,2,15,Winter,5.1,19.4,44.7,5761.4,6048.0,5879.9
Tamil Nadu,Thiruchirappalli,Musiri(Uzhavar Sandhai ),Onion,Bellary,Local,15/03/2026,2026,3,15,Summer,8.5,24.9,48.7,6666.9,6861.3,6745.0
Tamil Nadu,Thiruchirappalli,Musiri(Uzhavar Sandhai ),Onion,Bellary,Local,16/08/2026,2026,8,16,Monsoon,208.3,34.3,73.5,9462.1,9633.0,9533.5
Tamil Nadu,Thiruchirappalli,Musiri(Uzhavar Sandhai ),Onion,Bellary,Local,16/11/2025,2025,11,16,Post-Monsoon,44.2,22.5,52.5,6357.1,6526.5,6449.5
Tamil Nadu,Thiruchirappalli,Musiri(Uzhavar Sandhai ),Onion,Bellary,Local,17/05/2026,2026,5,17,Summer,10.2,30.5,44.1,7331.5,7710.7,7527.5
Tamil Nadu,Thiruchirappalli,Musiri(Uzhavar Sandhai ),Onion,Bellary,Local,18/01/2026,2026,1,18,Winter,4.9,19.8,40.3,5414.2,5612.0,5512.8
Tamil Nadu,Thiruchirappalli,Musiri(Uzhavar Sandhai ),Onion,Bellary,Local,19/04/2026,2026,4,19,Summer,2.4,28.8,48.4,6548.3,6887.0,6673.0
Tamil Nadu,Thiruchirappalli,Musiri(Uzhavar Sandhai ),Onion,Bellary,Local,19/07/2026,2026,7,19,Monsoon,206.2,35.2,77.1,9281.6,9435.9,9363.2
Tamil Nadu,Thiruchirappalli,Musiri(Uzhavar Sandhai ),Onion,Bellary,Local,19/10/2025,2025,10,19,Post-Monsoon,30.7,28.7,51.8,6502.5,6794.8,6629.4
Tamil Nadu,Thiruchirappalli,Musiri(Uzhavar Sandhai ),Onion,Bellary,Local,20/09/2026,2026,9,20,Monsoon,234.6,31.4,84.0,9357.2,9617.6,9449.7
Tamil Nadu,Thiruchirappalli,Musiri(Uzhavar Sandhai ),Onion,Bellary,Local,21/06/2026,2026,6,21,Monsoon,165.9,32.2,71.6,9045.3,9299.7,9172.2
Tamil Nadu,Thiruchirappalli,Musiri(Uzhavar Sandhai ),Onion,Bellary,Local,21/12/2025,2025,12,21,Winter,12.0,17.3,47.3,5804.6,5987.8,5919.8
Tamil Nadu,Thiruchirappalli,Musiri(Uzhavar Sandhai ),Onion,Bellary,Local,22/02/2026,2026,2,22,Winter,15.2,21.8,45.0,5416.8,5636.7,5536.8
Tamil Nadu,Thiruchirappalli,Musiri(Uzhavar Sandhai ),Onion,Bellary,Local,22/03/2026,2026,3,22,Summer,18.2,20.9,51.9,6549.4,6889.5,6756.7
Tamil Nadu,Thiruchirappalli,Musiri(Uzhavar Sandhai ),Onion,Bellary,Local,23/08/2026,2026,8,23,Monsoon,119.9,33.1,62.6,8988.0,9235.1,9095.1
Tamil Nadu,Thiruchirappalli,Musiri(Uzhavar Sandhai ),Onion,Bellary,Local,23/11/2025,2025,11,23,Post-Monsoon,28.0,25.1,46.0,5566.3,5794.0,5680.8
Tamil Nadu,Thiruchirappalli,Musiri(Uzhavar Sandhai ),Onion,Bellary,Local,24/05/2026,2026,5,24,Summer,2.1,31.7,48.1,6380.3,6695.1,6571.7
Tamil Nadu,Thiruchirappalli,Musiri(Uzhavar Sandhai ),Onion,Bellary,Local,25/01/2026,2026,1,25,Winter,3.4,21.8,41.1,5799.2,6012.0,5892.0
Tamil Nadu,Thiruchirappalli,Musiri(Uzhavar Sandhai ),Onion,Bellary,Local,26/04/2026,2026,4,26,Summer,6.6,28.8,48.4,7000.9,7190.1,7094.5
Tamil Nadu,Thiruchirappalli,Musiri(Uzhavar Sandhai ),Onion,Bellary,Local,26/07/2026,2026,7,26,Monsoon,143.7,36.1,72.4,9153.8,9315.3,9209.0
Tamil Nadu,Thiruchirappalli,Musiri(Uzhavar Sandhai ),Onion,Bellary,Local,26/10/2025,2025,10,26,Post-Monsoon,24.4,25.7,45.0,6321.5,6603.0,6452.9
Tamil Nadu,Thiruchirappalli,Musiri(Uzhavar Sandhai ),Onion,Bellary,Local,28/06/2026,2026,6,28,Monsoon,213.5,33.1,80.7,9148.9,9418.4,9281.8
Tamil Nadu,Thiruchirappalli,Musiri(Uzhavar Sandhai ),Onion,Bellary,Local,28/12/2025,2025,12,28,Winter,11.7,19.7,44.2,5761.3,6033.2,5903.8
Tamil Nadu,Thiruchirappalli,Musiri(Uzhavar Sandhai ),Onion,Bellary,Local,29/03/2026,2026,3,29,Summer,19.1,20.7,44.6,6882.6,7019.0,6949.0
Tamil Nadu,Thiruchirappalli,Musiri(Uzhavar Sandhai ),Onion,Bellary,Local,30/08/2026,2026,8,30,Monsoon,121.0,34.3,60.4,8375.9,8652.9,8513.3
Tamil Nadu,Thiruchirappalli,Musiri(Uzhavar Sandhai ),Onion,Bellary,Local,30/11/2025,2025,11,30,Post-Monsoon,29.7,22.2,57.5,5906.8,6165.9,6013.0
Tamil Nadu,Thiruchirappalli,Musiri(Uzhavar Sandhai ),Onion,Bellary,Local,31/05/2026,2026,5,31,Summer,8.2,33.1,46.5,6815.2,7047.8,6932.5
Tamil Nadu,Thiruchirappalli,Thiruverumbur(Uzhavar Sandhai ),Onion,Bellary,Local,01/02/2026,2026,2,1,Winter,7.6,19.1,46.7,5152.9,5425.4,5279.3
Tamil Nadu,Thiruchirappalli,Thiruverumbur(Uzhavar Sandhai ),Onion,Bellary,Local,01/03/2026,2026,3,1,Summer,3.7,21.5,41.6,6322.4,6575.9,6437.7
Tamil Nadu,Thiruchirappalli,Thiruverumbur(Uzhavar Sandhai ),Onion,Bellary,Local,02/08/2026,2026,8,2,Monsoon,124.2,32.2,61.0,7945.6,8397.3,8175.4
Tamil Nadu,Thiruchirappalli,Thiruverumbur(Uzhavar Sandhai ),Onion,Bellary,Local,02/11/2025,2025,11,2,Post-Monsoon,75.7,25.2,54.7,5622.2,5856.1,5737.7
Tamil Nadu,Thiruchirappalli,Thiruverumbur(Uzhavar Sandhai ),Onion,Bellary,Local,03/05/2026,2026,5,3,Summer,5.7,31.2,41.6,6224.6,6434.3,6338.1
Tamil Nadu,Thiruchirappalli,Thiruverumbur(Uzhavar Sandhai ),Onion,Bellary,Local,04/01/2026,2026,1,4,Winter,18.5,18.4,50.2,5507.1,5665.8,5579.3
Tamil Nadu,Thiruchirappalli,Thiruverumbur(Uzhavar Sandhai ),Onion,Bellary,Local,05/04/2026,2026,4,5,Summer,14.9,26.6,43.3,6295.6,6581.0,6440.0
Tamil Nadu,Thiruchirappalli,Thiruverumbur(Uzhavar Sandhai ),Onion,Bellary,Local,05/07/2026,2026,7,5,Monsoon,144.1,34.9,71.6,7842.0,8105.5,7936.5
Tamil Nadu,Thiruchirappalli,Thiruverumbur(Uzhavar Sandhai ),Onion,Bellary,Local,05/10/2025,2025,10,5,Post-Monsoon,49.1,30.2,51.6,6156.7,6386.3,6300.3
Tamil Nadu,Thiruchirappalli,Thiruverumbur(Uzhavar Sandhai ),Onion,Bellary,Local,06/09/2026,2026,9,6,Monsoon,161.4,27.2,70.2,8837.6,8984.2,8909.0
Tamil Nadu,Thiruchirappalli,Thiruverumbur(Uzhavar Sandhai ),Onion,Bellary,Local,07/06/2026,2026,6,7,Monsoon,229.5,35.3,88.8,8742.2,8973.5,8840.8
Tamil Nadu,Thiruchirappalli,Thiruverumbur(Uzhavar Sandhai ),Onion,Bellary,Local,07/12/2025,2025,12,7,Winter,15.4,22.7,46.5,5214.5,5404.4,5300.8
Tamil Nadu,Thiruchirappalli,Thiruverumbur(Uzhavar Sandhai ),Onion,Bellary,Local,08/02/2026,2026,2,8,Winter,9.5,17.6,45.8,5539.4,5734.7,5624.1
Tamil Nadu,Thiruchirappalli,Thiruverumbur(Uzhavar Sandhai ),Onion,Bellary,Local,08/03/2026,2026,3,8,Summer,14.8,22.3,45.9,5766.3,5913.5,5845.9
Tamil Nadu,Thiruchirappalli,Thiruverumbur(Uzhavar Sandhai ),Onion,Bellary,Local,09/08/2026,2026,8,9,Monsoon,248.5,34.1,86.3,8818.4,9044.4,8937.7
Tamil Nadu,Thiruchirappalli,Thiruverumbur(Uzhavar Sandhai ),Onion,Bellary,Local,09/11/2025,2025,11,9,Post-Monsoon,34.9,23.0,55.0,5660.4,5841.4,5746.9
Tamil Nadu,Thiruchirappalli,Thiruverumbur(Uzhavar Sandhai ),Onion,Bellary,Local,10/05/2026,2026,5,10,Summer,12.5,30.2,50.1,6597.3,6885.6,6749.2
Tamil Nadu,Thiruchirappalli,Thiruverumbur(Uzhavar Sandhai ),Onion,Bellary,Local,11/01/2026,2026,1,11,Winter,10.2,18.7,50.6,5192.1,5484.4,5351.5
Tamil Nadu,Thiruchirappalli,Thiruverumbur(Uzhavar Sandhai ),Onion,Bellary,Local,12/04/2026,2026,4,12,Summer,6.5,26.0,47.6,6108.3,6385.4,6251.8
Tamil Nadu,Thiruchirappalli,Thiruverumbur(Uzhavar Sandhai ),Onion,Bellary,Local,12/07/2026,2026,7,12,Monsoon,126.1,33.7,61.7,7798.7,7947.1,7875.2
Tamil Nadu,Thiruchirappalli,Thiruverumbur(Uzhavar Sandhai ),Onion,Bellary,Local,12/10/2025,2025,10,12,Post-Monsoon,53.9,28.4,56.1,5587.7,5799.4,5711.0
Tamil Nadu,Thiruchirappalli,Thiruverumbur(Uzhavar Sandhai ),Onion,Bellary,Local,13/09/2026,2026,9,13,Monsoon,246.8,31.0,82.7,8334.0,8610.5,8487.2
Tamil Nadu,Thiruchirappalli,Thiruverumbur(Uzhavar Sandhai ),Onion,Bellary,Local,14/06/2026,2026,6,14,Monsoon,90.4,32.3,62.7,7805.6,8148.0,8003.0
Tamil Nadu,Thiruchirappalli,Thiruverumbur(Uzhavar Sandhai ),Onion,Bellary,Local,14/12/2025,2025,12,14,Winter,5.9,19.7,40.9,5546.3,5882.4,5694.4
Tamil Nadu,Thiruchirappalli,Thiruverumbur(Uzhavar Sandhai ),Onion,Bellary,Local,15/02/2026,2026,2,15,Winter,17.3,18.3,45.4,5204.7,5432.7,5315.3
Tamil Nadu,Thiruchirappalli,Thiruverumbur(Uzhavar Sandhai ),Onion,Bellary,Local,15/03/2026,2026,3,15,Summer,8.7,25.8,43.1,5816.8,5978.8,5891.8
Tamil Nadu,Thiruchirappalli,Thiruverumbur(Uzhavar Sandhai ),Onion,Bellary,Local,16/08/2026,2026,8,16,Monsoon,116.5,34.8,67.4,8173.7,8374.8,8275.0
Tamil Nadu,Thiruchirappalli,Thiruverumbur(Uzhavar Sandhai ),Onion,Bellary,Local,16/11/2025,2025,11,16,Post-Monsoon,24.6,24.2,48.4,5777.9,6187.0,5968.5
Tamil Nadu,Thiruchirappalli,Thiruverumbur(Uzhavar Sandhai ),Onion,Bellary,Local,17/05/2026,2026,5,17,Summer,8.2,31.5,40.5,6025.8,6327.1,6135.4
Tamil Nadu,Thiruchirappalli,Thiruverumbur(Uzhavar Sandhai ),Onion,Bellary,Local,18/01/2026,2026,1,18,Winter,12.0,17.7,44.3,5313.2,5441.6,5373.9
Tamil Nadu,Thiruchirappalli,Thiruverumbur(Uzhavar Sandhai ),Onion,Bellary,Local,19/04/2026,2026,4,19,Summer,11.6,26.9,49.6,6394.8,6627.7,6523.6
Tamil Nadu,Thiruchirappalli,Thiruverumbur(Uzhavar Sandhai ),Onion,Bellary,Local,19/07/2026,2026,7,19,Monsoon,217.6,35.9,79.1,8750.0,8965.6,8870.1
Tamil Nadu,Thiruchirappalli,Thiruverumbur(Uzhavar Sandhai ),Onion,Bellary,Local,19/10/2025,2025,10,19,Post-Monsoon,67.9,30.3,59.8,5728.8,5881.5,5800.6
Tamil Nadu,Thiruchirappalli,Thiruverumbur(Uzhavar Sandhai ),Onion,Bellary,Local,20/09/2026,2026,9,20,Monsoon,163.9,31.8,72.2,8268.8,8536.2,8405.5
Tamil Nadu,Thiruchirappalli,Thiruverumbur(Uzhavar Sandhai ),Onion,Bellary,Local,21/06/2026,2026,6,21,Monsoon,182.1,35.4,75.3,7910.2,8122.1,8020.6
Tamil Nadu,Thiruchirappalli,Thiruverumbur(Uzhavar Sandhai ),Onion,Bellary,Local,21/12/2025,2025,12,21,Winter,1.8,21.7,48.9,5299.9,5465.4,5379.5
Tamil Nadu,Thiruchirappalli,Thiruverumbur(Uzhavar Sandhai ),Onion,Bellary,Local,22/02/2026,2026,2,22,Winter,15.8,20.2,45.6,5761.0,6071.2,5917.0
Tamil Nadu,Thiruchirappalli,Thiruverumbur(Uzhavar Sandhai ),Onion,Bellary,Local,22/03/2026,2026,3,22,Summer,15.4,25.5,48.1,5946.6,6099.4,6011.5
Tamil Nadu,Thiruchirappalli,Thiruverumbur(Uzhavar Sandhai ),Onion,Bellary,Local,23/08/2026,2026,8,23,Monsoon,245.3,32.7,81.4,8194.2,8484.4,8324.6
Tamil Nadu,Thiruchirappalli,Thiruverumbur(Uzhavar Sandhai ),Onion,Bellary,Local,23/11/2025,2025,11,23,Post-Monsoon,67.1,21.4,56.0,6129.2,6322.0,6229.1
Tamil Nadu,Thiruchirappalli,Thiruverumbur(Uzhavar Sandhai ),Onion,Bellary,Local,24/05/2026,2026,5,24,Summer,15.6,32.5,50.2,6536.1,6679.1,6623.3
Tamil Nadu,Thiruchirappalli,Thiruverumbur(Uzhavar Sandhai ),Onion,Bellary,Local,25/01/2026,2026,1,25,Winter,14.1,19.6,49.2,5571.3,5841.5,5724.5
Tamil Nadu,Thiruchirappalli,Thiruverumbur(Uzhavar Sandhai ),Onion,Bellary,Local,26/04/2026,2026,4,26,Summer,2.0,27.2,48.9,6385.9,6635.9,6473.3
Tamil Nadu,Thiruchirappalli,Thiruverumbur(Uzhavar Sandhai ),Onion,Bellary,Local,26/07/2026,2026,7,26,Monsoon,182.8,34.3,74.3,8200.9,8537.2,8357.4
Tamil Nadu,Thiruchirappalli,Thiruverumbur(Uzhavar Sandhai ),Onion,Bellary,Local,26/10/2025,2025,10,26,Post-Monsoon,35.5,26.3,49.1,5643.3,5900.7,5791.6
Tamil Nadu,Thiruchirappalli,Thiruverumbur(Uzhavar Sandhai ),Onion,Bellary,Local,28/06/2026,2026,6,28,Monsoon,172.7,34.4,73.9,8582.0,8917.4,8716.7
Tamil Nadu,Thiruchirappalli,Thiruverumbur(Uzhavar Sandhai ),Onion,Bellary,Local,28/12/2025,2025,12,28,Winter,10.0,20.8,45.1,5554.7,5689.6,5627.0
Tamil Nadu,Thiruchirappalli,Thiruverumbur(Uzhavar Sandhai ),Onion,Bellary,Local,29/03/2026,2026,3,29,Summer,5.8,22.2,44.8,6283.1,6514.8,6394.5
Tamil Nadu,Thiruchirappalli,Thiruverumbur(Uzhavar Sandhai ),Onion,Bellary,Local,30/08/2026,2026,8,30,Monsoon,182.0,33.7,74.8,8411.6,8667.8,8548.4
Tamil Nadu,Thiruchirappalli,Thiruverumbur(Uzhavar Sandhai ),Onion,Bellary,Local,30/11/2025,2025,11,30,Post-Monsoon,57.8,22.9,52.4,5641.1,6035.1,5839.3
Tamil Nadu,Thiruchirappalli,Thiruverumbur(Uzhavar Sandhai ),Onion,Bellary,Local,31/05/2026,2026,5,31,Summer,13.9,29.6,49.0,6336.8,6449.6,6398.5
Tamil Nadu,Thirunelveli,Melapalayam(Uzhavar Sandhai ),Onion,Bellary,Local,01/02/2026,2026,2,1,Winter,13.8,20.3,45.5,4836.8,5068.7,4976.5
Tamil Nadu,Thirunelveli,Melapalayam(Uzhavar Sandhai ),Onion,Bellary,Local,01/03/2026,2026,3,1,Summer,16.3,23.3,50.0,5782.2,5967.3,5878.5
Tamil Nadu,Thirunelveli,Melapalayam(Uzhavar Sandhai ),Onion,Bellary,Local,02/08/2026,2026,8,2,Monsoon,198.7,32.9,75.2,8082.4,8320.8,8189.6
Tamil Nadu,Thirunelveli,Melapalayam(Uzhavar Sandhai ),Onion,Bellary,Local,02/11/2025,2025,11,2,Post-Monsoon,48.6,23.4,52.4,5363.6,5591.4,5492.4
Tamil Nadu,Thirunelveli,Melapalayam(Uzhavar Sandhai ),Onion,Bellary,Local,03/05/2026,2026,5,3,Summer,13.2,30.3,52.9,5653.4,5959.3,5793.0
Tamil Nadu,Thirunelveli,Melapalayam(Uzhavar Sandhai ),Onion,Bellary,Local,04/01/2026,2026,1,4,Winter,9.7,18.8,45.3,5197.2,5500.3,5342.7
Tamil Nadu,Thirunelveli,Melapalayam(Uzhavar Sandhai ),Onion,Bellary,Local,05/04/2026,2026,4,5,Summer,2.5,27.6,46.0,5875.6,6265.6,6081.0
Tamil Nadu,Thirunelveli,Melapalayam(Uzhavar Sandhai ),Onion,Bellary,Local,05/07/2026,2026,7,5,Monsoon,171.7,35.6,74.6,7000.6,7290.9,7161.0
Tamil Nadu,Thirunelveli,Melapalayam(Uzhavar Sandhai ),Onion,Bellary,Local,05/10/2025,2025,10,5,Post-Monsoon,39.8,29.3,53.1,5196.7,5539.7,5365.4
Tamil Nadu,Thirunelveli,Melapalayam(Uzhavar Sandhai ),Onion,Bellary,Local,06/09/2026,2026,9,6,Monsoon,105.0,30.7,65.7,7768.6,8062.5,7918.9
Tamil Nadu,Thirunelveli,Melapalayam(Uzhavar Sandhai ),Onion,Bellary,Local,07/06/2026,2026,6,7,Monsoon,247.0,35.5,84.5,8477.5,8738.0,8620.3
Tamil Nadu,Thirunelveli,Melapalayam(Uzhavar Sandhai ),Onion,Bellary,Local,07/12/2025,2025,12,7,Winter,9.6,21.1,45.3,4819.6,5003.3,4888.2
Tamil Nadu,Thirunelveli,Melapalayam(Uzhavar Sandhai ),Onion,Bellary,Local,08/02/2026,2026,2,8,Winter,12.3,18.9,48.7,4815.7,5155.0,4978.2
Tamil Nadu,Thirunelveli,Melapalayam(Uzhavar Sandhai ),Onion,Bellary,Local,08/03/2026,2026,3,8,Summer,18.2,24.6,47.3,6099.7,6260.1,6153.9
Tamil Nadu,Thirunelveli,Melapalayam(Uzhavar Sandhai ),Onion,Bellary,Local,09/08/2026,2026,8,9,Monsoon,148.2,36.4,68.8,7233.5,7493.8,7348.7
Tamil Nadu,Thirunelveli,Melapalayam(Uzhavar Sandhai ),Onion,Bellary,Local,09/11/2025,2025,11,9,Post-Monsoon,68.4,24.9,55.4,5233.4,5526.0,5422.2
Tamil Nadu,Thirunelveli,Melapalayam(Uzhavar Sandhai ),Onion,Bellary,Local,10/05/2026,2026,5,10,Summer,1.3,31.8,47.0,5788.6,5961.1,5899.7
Tamil Nadu,Thirunelveli,Melapalayam(Uzhavar Sandhai ),Onion,Bellary,Local,11/01/2026,2026,1,11,Winter,7.4,18.3,48.9,5354.4,5540.8,5444.7
Tamil Nadu,Thirunelveli,Melapalayam(Uzhavar Sandhai ),Onion,Bellary,Local,12/04/2026,2026,4,12,Summer,14.0,25.6,49.5,5675.8,5845.8,5760.3
Tamil Nadu,Thirunelveli,Melapalayam(Uzhavar Sandhai ),Onion,Bellary,Local,12/07/2026,2026,7,12,Monsoon,181.9,37.2,72.4,7953.2,8293.4,8077.2
Tamil Nadu,Thirunelveli,Melapalayam(Uzhavar Sandhai ),Onion,Bellary,Local,12/10/2025,2025,10,12,Post-Monsoon,75.0,28.1,54.2,5900.5,6241.6,6077.4
Tamil Nadu,Thirunelveli,Melapalayam(Uzhavar Sandhai ),Onion,Bellary,Local,13/09/2026,2026,9,13,Monsoon,126.6,34.3,60.5,7612.0,7832.4,7739.7
Tamil Nadu,Thirunelveli,Melapalayam(Uzhavar Sandhai ),Onion,Bellary,Local,14/06/2026,2026,6,14,Monsoon,192.5,33.1,75.8,8391.7,8643.1,8519.7
Tamil Nadu,Thirunelveli,Melapalayam(Uzhavar Sandhai ),Onion,Bellary,Local,14/12/2025,2025,12,14,Winter,5.8,18.6,49.5,4937.2,5153.7,5073.3
Tamil Nadu,Thirunelveli,Melapalayam(Uzhavar Sandhai ),Onion,Bellary,Local,15/02/2026,2026,2,15,Winter,14.5,18.8,44.9,4946.7,5222.1,5103.5
Tamil Nadu,Thirunelveli,Melapalayam(Uzhavar Sandhai ),Onion,Bellary,Local,15/03/2026,2026,3,15,Summer,1.5,22.1,48.4,5759.7,6087.8,5916.3
Tamil Nadu,Thirunelveli,Melapalayam(Uzhavar Sandhai ),Onion,Bellary,Local,16/08/2026,2026,8,16,Monsoon,186.8,33.9,78.2,8219.3,8407.3,8337.2
Tamil Nadu,Thirunelveli,Melapalayam(Uzhavar Sandhai ),Onion,Bellary,Local,16/11/2025,2025,11,16,Post-Monsoon,43.6,25.0,53.6,5363.2,5690.5,5492.7
Tamil Nadu,Thirunelveli,Melapalayam(Uzhavar Sandhai ),Onion,Bellary,Local,17/05/2026,2026,5,17,Summer,0.5,32.7,42.9,5809.4,5959.0,5876.5
Tamil Nadu,Thirunelveli,Melapalayam(Uzhavar Sandhai ),Onion,Bellary,Local,18/01/2026,2026,1,18,Winter,9.4,18.5,45.8,5173.6,5334.4,5266.2
Tamil Nadu,Thirunelveli,Melapalayam(Uzhavar Sandhai ),Onion,Bellary,Local,19/04/2026,2026,4,19,Summer,13.4,27.7,51.5,5760.9,5972.0,5842.0
Tamil Nadu,Thirunelveli,Melapalayam(Uzhavar Sandhai ),Onion,Bellary,Local,19/07/2026,2026,7,19,Monsoon,236.7,36.9,81.0,8338.2,8560.2,8431.4
Tamil Nadu,Thirunelveli,Melapalayam(Uzhavar Sandhai ),Onion,Bellary,Local,19/10/2025,2025,10,19,Post-Monsoon,41.2,27.0,54.1,5181.9,5508.3,5320.8
Tamil Nadu,Thirunelveli,Melapalayam(Uzhavar Sandhai ),Onion,Bellary,Local,20/09/2026,2026,9,20,Monsoon,204.8,31.6,77.1,7966.2,8074.7,8021.1
Tamil Nadu,Thirunelveli,Melapalayam(Uzhavar Sandhai ),Onion,Bellary,Local,21/06/2026,2026,6,21,Monsoon,225.1,31.2,78.6,8685.5,8979.8,8875.4
Tamil Nadu,Thirunelveli,Melapalayam(Uzhavar Sandhai ),Onion,Bellary,Local,21/12/2025,2025,12,21,Winter,14.5,17.4,51.0,5111.1,5418.9,5250.7
Tamil Nadu,Thirunelveli,Melapalayam(Uzhavar Sandhai ),Onion,Bellary,Local,22/02/2026,2026,2,22,Winter,0.7,21.9,48.2,5369.2,5594.5,5478.2
Tamil Nadu,Thirunelveli,Melapalayam(Uzhavar Sandhai ),Onion,Bellary,Local,22/03/2026,2026,3,22,Summer,12.6,22.5,45.2,5706.2,5877.0,5788.2
Tamil Nadu,Thirunelveli,Melapalayam(Uzhavar Sandhai ),Onion,Bellary,Local,23/08/2026,2026,8,23,Monsoon,96.3,34.9,61.2,7960.7,8193.3,8049.7
Tamil Nadu,Thirunelveli,Melapalayam(Uzhavar Sandhai ),Onion,Bellary,Local,23/11/2025,2025,11,23,Post-Monsoon,37.4,23.6,57.3,5736.2,5881.8,5814.8
Tamil Nadu,Thirunelveli,Melapalayam(Uzhavar Sandhai ),Onion,Bellary,Local,24/05/2026,2026,5,24,Summer,6.4,29.7,44.6,5548.5,5802.1,5657.7
Tamil Nadu,Thirunelveli,Melapalayam(Uzhavar Sandhai ),Onion,Bellary,Local,25/01/2026,2026,1,25,Winter,3.6,19.4,48.1,4711.2,4896.7,4798.1
Tamil Nadu,Thirunelveli,Melapalayam(Uzhavar Sandhai ),Onion,Bellary,Local,26/04/2026,2026,4,26,Summer,14.2,25.6,49.7,5474.5,5646.5,5548.9
Tamil Nadu,Thirunelveli,Melapalayam(Uzhavar Sandhai ),Onion,Bellary,Local,26/07/2026,2026,7,26,Monsoon,112.3,32.8,62.7,7289.3,7432.0,7370.3
Tamil Nadu,Thirunelveli,Melapalayam(Uzhavar Sandhai ),Onion,Bellary,Local,26/10/2025,2025,10,26,Post-Monsoon,26.5,29.7,48.6,5768.3,6028.0,5917.5
Tamil Nadu,Thirunelveli,Melapalayam(Uzhavar Sandhai ),Onion,Bellary,Local,28/06/2026,2026,6,28,Monsoon,146.0,34.5,70.1,7704.4,7985.5,7873.9
Tamil Nadu,Thirunelveli,Melapalayam(Uzhavar Sandhai ),Onion,Bellary,Local,28/12/2025,2025,12,28,Winter,1.8,19.7,42.7,4753.1,4895.7,4805.4
Tamil Nadu,Thirunelveli,Melapalayam(Uzhavar Sandhai ),Onion,Bellary,Local,29/03/2026,2026,3,29,Summer,7.6,20.8,42.3,5771.7,6095.4,5965.4
Tamil Nadu,Thirunelveli,Melapalayam(Uzhavar Sandhai ),Onion,Bellary,Local,30/08/2026,2026,8,30,Monsoon,140.9,35.9,67.7,7026.7,7246.0,7139.8
Tamil Nadu,Thirunelveli,Melapalayam(Uzhavar Sandhai ),Onion,Bellary,Local,30/11/2025,2025,11,30,Post-Monsoon,20.3,23.1,43.4,5613.0,5765.8,5676.9
Tamil Nadu,Thirunelveli,Melapalayam(Uzhavar Sandhai ),Onion,Bellary,Local,31/05/2026,2026,5,31,Summer,5.5,32.7,44.6,6108.6,6472.9,6314.1
Tamil Nadu,Thirunelveli,NGO Colony(Uzhavar Sandhai ),Onion,Bellary,Local,01/02/2026,2026,2,1,Winter,6.1,20.2,43.0,5348.9,5526.7,5434.5
Tamil Nadu,Thirunelveli,NGO Colony(Uzhavar Sandhai ),Onion,Bellary,Local,01/03/2026,2026,3,1,Summer,14.3,24.3,51.0,5697.9,5960.8,5867.2
Tamil Nadu,Thirunelveli,NGO Colony(Uzhavar Sandhai ),Onion,Bellary,Local,02/08/2026,2026,8,2,Monsoon,104.1,33.9,61.2,7628.1,7846.7,7741.9
Tamil Nadu,Thirunelveli,NGO Colony(Uzhavar Sandhai ),Onion,Bellary,Local,02/11/2025,2025,11,2,Post-Monsoon,21.0,24.4,46.9,5882.3,6081.4,5977.4
Tamil Nadu,Thirunelveli,NGO Colony(Uzhavar Sandhai ),Onion,Bellary,Local,03/05/2026,2026,5,3,Summer,18.2,29.4,48.0,6081.7,6393.8,6264.9
Tamil Nadu,Thirunelveli,NGO Colony(Uzhavar Sandhai ),Onion,Bellary,Local,04/01/2026,2026,1,4,Winter,4.1,17.9,45.2,5027.8,5231.9,5104.4
Tamil Nadu,Thirunelveli,NGO Colony(Uzhavar Sandhai ),Onion,Bellary,Local,05/04/2026,2026,4,5,Summer,6.8,29.9,45.9,5907.8,6295.7,6094.0
Tamil Nadu,Thirunelveli,NGO Colony(Uzhavar Sandhai ),Onion,Bellary,Local,05/07/2026,2026,7,5,Monsoon,136.8,35.6,61.8,8150.7,8544.8,8332.8
Tamil Nadu,Thirunelveli,NGO Colony(Uzhavar Sandhai ),Onion,Bellary,Local,05/10/2025,2025,10,5,Post-Monsoon,39.3,26.0,51.8,5495.6,5634.2,5565.4
Tamil Nadu,Thirunelveli,NGO Colony(Uzhavar Sandhai ),Onion,Bellary,Local,06/09/2026,2026,9,6,Monsoon,154.7,30.0,64.7,8756.3,8950.1,8858.8
Tamil Nadu,Thirunelveli,NGO Colony(Uzhavar Sandhai ),Onion,Bellary,Local,07/06/2026,2026,6,7,Monsoon,153.1,32.0,70.8,8205.8,8397.7,8274.3
Tamil Nadu,Thirunelveli,NGO Colony(Uzhavar Sandhai ),Onion,Bellary,Local,07/12/2025,2025,12,7,Winter,1.2,18.7,48.8,4885.6,5210.5,5041.2
Tamil Nadu,Thirunelveli,NGO Colony(Uzhavar Sandhai ),Onion,Bellary,Local,08/02/2026,2026,2,8,Winter,16.2,21.0,53.4,5332.4,5482.7,5416.0
Tamil Nadu,Thirunelveli,NGO Colony(Uzhavar Sandhai ),Onion,Bellary,Local,08/03/2026,2026,3,8,Summer,19.8,25.8,47.8,5844.5,6142.7,5979.7
Tamil Nadu,Thirunelveli,NGO Colony(Uzhavar Sandhai ),Onion,Bellary,Local,09/08/2026,2026,8,9,Monsoon,211.7,32.6,80.0,8407.9,8596.0,8521.7
Tamil Nadu,Thirunelveli,NGO Colony(Uzhavar Sandhai ),Onion,Bellary,Local,09/11/2025,2025,11,9,Post-Monsoon,73.4,23.8,57.1,6006.8,6417.4,6202.2
Tamil Nadu,Thirunelveli,NGO Colony(Uzhavar Sandhai ),Onion,Bellary,Local,10/05/2026,2026,5,10,Summer,6.6,32.7,47.3,6549.3,6845.0,6712.1
Tamil Nadu,Thirunelveli,NGO Colony(Uzhavar Sandhai ),Onion,Bellary,Local,11/01/2026,2026,1,11,Winter,9.9,20.3,51.9,5664.2,5886.9,5754.6
Tamil Nadu,Thirunelveli,NGO Colony(Uzhavar Sandhai ),Onion,Bellary,Local,12/04/2026,2026,4,12,Summer,10.7,27.3,44.1,6152.9,6304.0,6211.6
Tamil Nadu,Thirunelveli,NGO Colony(Uzhavar Sandhai ),Onion,Bellary,Local,12/07/2026,2026,7,12,Monsoon,166.9,35.8,70.3,8449.3,8628.5,8541.7
Tamil Nadu,Thirunelveli,NGO Colony(Uzhavar Sandhai ),Onion,Bellary,Local,12/10/2025,2025,10,12,Post-Monsoon,26.9,23.8,48.7,5727.9,6135.8,5922.3
Tamil Nadu,Thirunelveli,NGO Colony(Uzhavar Sandhai ),Onion,Bellary,Local,13/09/2026,2026,9,13,Monsoon,208.7,32.6,78.8,7850.5,8151.3,8020.0
Tamil Nadu,Thirunelveli,NGO Colony(Uzhavar Sandhai ),Onion,Bellary,Local,14/06/2026,2026,6,14,Monsoon,130.3,34.5,65.8,7767.8,7972.6,7874.1
Tamil Nadu,Thirunelveli,NGO Colony(Uzhavar Sandhai ),Onion,Bellary,Local,14/12/2025,2025,12,14,Winter,5.2,21.4,44.5,4685.1,5027.7,4902.9
Tamil Nadu,Thirunelveli,NGO Colony(Uzhavar Sandhai ),Onion,Bellary,Local,15/02/2026,2026,2,15,Winter,8.6,18.1,48.6,5172.7,5375.5,5295.1
Tamil Nadu,Thirunelveli,NGO Colony(Uzhavar Sandhai ),Onion,Bellary,Local,15/03/2026,2026,3,15,Summer,2.7,21.2,44.3,5637.2,6008.8,5875.6
Tamil Nadu,Thirunelveli,NGO Colony(Uzhavar Sandhai ),Onion,Bellary,Local,16/08/2026,2026,8,16,Monsoon,121.2,34.2,69.0,7739.1,8117.0,7898.8
Tamil Nadu,Thirunelveli,NGO Colony(Uzhavar Sandhai ),Onion,Bellary,Local,16/11/2025,2025,11,16,Post-Monsoon,66.9,22.3,58.6,5347.5,5638.7,5528.9
Tamil Nadu,Thirunelveli,NGO Colony(Uzhavar Sandhai ),Onion,Bellary,Local,17/05/2026,2026,5,17,Summer,3.4,29.4,44.7,6000.2,6199.4,6105.3
Tamil Nadu,Thirunelveli,NGO Colony(Uzhavar Sandhai ),Onion,Bellary,Local,18/01/2026,2026,1,18,Winter,2.5,19.5,43.7,5065.4,5320.1,5182.3
Tamil Nadu,Thirunelveli,NGO Colony(Uzhavar Sandhai ),Onion,Bellary,Local,19/04/2026,2026,4,19,Summer,17.7,27.2,46.1,6396.3,6771.3,6548.3
Tamil Nadu,Thirunelveli,NGO Colony(Uzhavar Sandhai ),Onion,Bellary,Local,19/07/2026,2026,7,19,Monsoon,229.2,34.6,80.3,8478.4,8686.3,8574.2
Tamil Nadu,Thirunelveli,NGO Colony(Uzhavar Sandhai ),Onion,Bellary,Local,19/10/2025,2025,10,19,Post-Monsoon,39.2,26.8,55.6,5333.7,5598.2,5469.7
Tamil Nadu,Thirunelveli,NGO Colony(Uzhavar Sandhai ),Onion,Bellary,Local,20/09/2026,2026,9,20,Monsoon,186.0,31.4,77.8,8121.4,8344.3,8257.8
Tamil Nadu,Thirunelveli,NGO Colony(Uzhavar Sandhai ),Onion,Bellary,Local,21/06/2026,2026,6,21,Monsoon,93.2,33.4,56.6,7821.2,8017.6,7904.5
Tamil Nadu,Thirunelveli,NGO Colony(Uzhavar Sandhai ),Onion,Bellary,Local,21/12/2025,2025,12,21,Winter,2.6,18.6,45.4,4942.8,5308.6,5123.5
Tamil Nadu,Thirunelveli,NGO Colony(Uzhavar Sandhai ),Onion,Bellary,Local,22/02/2026,2026,2,22,Winter,2.5,19.4,48.8,5229.8,5503.7,5354.0
Tamil Nadu,Thirunelveli,NGO Colony(Uzhavar Sandhai ),Onion,Bellary,Local,22/03/2026,2026,3,22,Summer,14.5,20.8,45.9,5994.3,6227.8,6125.6
Tamil Nadu,Thirunelveli,NGO Colony(Uzhavar Sandhai ),Onion,Bellary,Local,23/08/2026,2026,8,23,Monsoon,243.2,35.0,86.2,8553.1,8860.9,8684.5
Tamil Nadu,Thirunelveli,NGO Colony(Uzhavar Sandhai ),Onion,Bellary,Local,23/11/2025,2025,11,23,Post-Monsoon,40.2,22.4,49.8,5526.8,5778.0,5666.8
Tamil Nadu,Thirunelveli,NGO Colony(Uzhavar Sandhai ),Onion,Bellary,Local,24/05/2026,2026,5,24,Summer,13.5,27.8,47.1,5994.1,6309.7,6183.9
Tamil Nadu,Thirunelveli,NGO Colony(Uzhavar Sandhai ),Onion,Bellary,Local,25/01/2026,2026,1,25,Winter,12.5,17.5,51.0,5483.4,5668.2,5571.9
Tamil Nadu,Thirunelveli,NGO Colony(Uzhavar Sandhai ),Onion,Bellary,Local,26/04/2026,2026,4,26,Summer,17.6,27.6,52.5,6197.4,6452.2,6326.0
Tamil Nadu,Thirunelveli,NGO Colony(Uzhavar Sandhai ),Onion,Bellary,Local,26/07/2026,2026,7,26,Monsoon,106.9,35.3,61.6,8018.8,8330.9,8185.8
Tamil Nadu,Thirunelveli,NGO Colony(Uzhavar Sandhai ),Onion,Bellary,Local,26/10/2025,2025,10,26,Post-Monsoon,79.2,26.6,61.5,5750.7,5895.4,5821.7
Tamil Nadu,Thirunelveli,NGO Colony(Uzhavar Sandhai ),Onion,Bellary,Local,28/06/2026,2026,6,28,Monsoon,95.4,33.1,59.2,7385.7,7796.3,7596.4
Tamil Nadu,Thirunelveli,NGO Colony(Uzhavar Sandhai ),Onion,Bellary,Local,28/12/2025,2025,12,28,Winter,7.5,19.5,49.4,5321.9,5488.6,5412.8
Tamil Nadu,Thirunelveli,NGO Colony(Uzhavar Sandhai ),Onion,Bellary,Local,29/03/2026,2026,3,29,Summer,15.1,23.8,46.7,5902.0,6226.0,6091.5
Tamil Nadu,Thirunelveli,NGO Colony(Uzhavar Sandhai ),Onion,Bellary,Local,30/08/2026,2026,8,30,Monsoon,92.4,33.4,60.9,7520.7,7858.7,7684.4
Tamil Nadu,Thirunelveli,NGO Colony(Uzhavar Sandhai ),Onion,Bellary,Local,30/11/2025,2025,11,30,Post-Monsoon,29.9,21.5,49.8,5275.4,5498.3,5402.7
Tamil Nadu,Thirunelveli,NGO Colony(Uzhavar Sandhai ),Onion,Bellary,Local,31/05/2026,2026,5,31,Summer,1.3,30.7,50.3,5850.7,6182.1,6031.8
Tamil Nadu,Thirunelveli,Palayamkottai(Uzhavar Sandhai ),Onion,Bellary,Local,01/02/2026,2026,2,1,Winter,0.8,22.5,44.6,5238.7,5472.9,5372.9
Tamil Nadu,Thirunelveli,Palayamkottai(Uzhavar Sandhai ),Onion,Bellary,Local,01/03/2026,2026,3,1,Summer,2.6,21.8,39.9,6413.9,6609.1,6514.9
Tamil Nadu,Thirunelveli,Palayamkottai(Uzhavar Sandhai ),Onion,Bellary,Local,02/08/2026,2026,8,2,Monsoon,157.5,34.9,72.2,7861.3,8115.1,8015.7
Tamil Nadu,Thirunelveli,Palayamkottai(Uzhavar Sandhai ),Onion,Bellary,Local,02/11/2025,2025,11,2,Post-Monsoon,31.4,22.4,50.2,5838.5,6046.5,5935.2
Tamil Nadu,Thirunelveli,Palayamkottai(Uzhavar Sandhai ),Onion,Bellary,Local,03/05/2026,2026,5,3,Summer,5.8,32.1,48.2,6101.0,6231.2,6166.5
Tamil Nadu,Thirunelveli,Palayamkottai(Uzhavar Sandhai ),Onion,Bellary,Local,04/01/2026,2026,1,4,Winter,9.5,20.6,45.9,5367.4,5477.2,5419.5
Tamil Nadu,Thirunelveli,Palayamkottai(Uzhavar Sandhai ),Onion,Bellary,Local,05/04/2026,2026,4,5,Summer,15.5,29.1,48.0,5789.4,6081.7,5922.9
Tamil Nadu,Thirunelveli,Palayamkottai(Uzhavar Sandhai ),Onion,Bellary,Local,05/07/2026,2026,7,5,Monsoon,217.9,35.9,78.3,8695.0,8943.3,8836.6
Tamil Nadu,Thirunelveli,Palayamkottai(Uzhavar Sandhai ),Onion,Bellary,Local,05/10/2025,2025,10,5,Post-Monsoon,43.8,26.3,49.7,5999.6,6331.4,6177.7
Tamil Nadu,Thirunelveli,Palayamkottai(Uzhavar Sandhai ),Onion,Bellary,Local,06/09/2026,2026,9,6,Monsoon,125.4,28.6,66.3,7945.6,8115.2,8028.2
Tamil Nadu,Thirunelveli,Palayamkottai(Uzhavar Sandhai ),Onion,Bellary,Local,07/06/2026,2026,6,7,Monsoon,114.2,34.6,65.2,8061.1,8227.1,8163.3
Tamil Nadu,Thirunelveli,Palayamkottai(Uzhavar Sandhai ),Onion,Bellary,Local,07/12/2025,2025,12,7,Winter,5.4,17.5,45.7,5021.6,5394.8,5209.7
Tamil Nadu,Thirunelveli,Palayamkottai(Uzhavar Sandhai ),Onion,Bellary,Local,08/02/2026,2026,2,8,Winter,5.6,20.3,48.8,5060.9,5387.8,5228.7
Tamil Nadu,Thirunelveli,Palayamkottai(Uzhavar Sandhai ),Onion,Bellary,Local,08/03/2026,2026,3,8,Summer,19.8,22.3,39.5,6128.0,6277.6,6202.9
Tamil Nadu,Thirunelveli,Palayamkottai(Uzhavar Sandhai ),Onion,Bellary,Local,09/08/2026,2026,8,9,Monsoon,196.1,34.2,77.8,8470.0,8668.5,8585.2
Tamil Nadu,Thirunelveli,Palayamkottai(Uzhavar Sandhai ),Onion,Bellary,Local,09/11/2025,2025,11,9,Post-Monsoon,24.5,25.2,51.5,5316.5,5593.0,5457.5
Tamil Nadu,Thirunelveli,Palayamkottai(Uzhavar Sandhai ),Onion,Bellary,Local,10/05/2026,2026,5,10,Summer,19.8,30.7,43.1,6151.5,6497.2,6318.3
Tamil Nadu,Thirunelveli,Palayamkottai(Uzhavar Sandhai ),Onion,Bellary,Local,11/01/2026,2026,1,11,Winter,8.6,17.3,46.3,5534.6,5674.9,5602.6
Tamil Nadu,Thirunelveli,Palayamkottai(Uzhavar Sandhai ),Onion,Bellary,Local,12/04/2026,2026,4,12,Summer,19.6,28.3,52.5,6151.7,6317.0,6245.0
Tamil Nadu,Thirunelveli,Palayamkottai(Uzhavar Sandhai ),Onion,Bellary,Local,12/07/2026,2026,7,12,Monsoon,187.6,35.2,73.4,8483.3,8707.0,8575.1
Tamil Nadu,Thirunelveli,Palayamkottai(Uzhavar Sandhai ),Onion,Bellary,Local,12/10/2025,2025,10,12,Post-Monsoon,68.6,25.0,52.9,5828.3,6155.4,5998.8
Tamil Nadu,Thirunelveli,Palayamkottai(Uzhavar Sandhai ),Onion,Bellary,Local,13/09/2026,2026,9,13,Monsoon,221.6,31.9,82.7,8725.2,8858.0,8795.2
Tamil Nadu,Thirunelveli,Palayamkottai(Uzhavar Sandhai ),Onion,Bellary,Local,14/06/2026,2026,6,14,Monsoon,184.2,33.7,75.5,8855.9,9023.8,8949.3
Tamil Nadu,Thirunelveli,Palayamkottai(Uzhavar Sandhai ),Onion,Bellary,Local,14/12/2025,2025,12,14,Winter,7.0,23.4,42.8,5153.8,5527.3,5352.9
Tamil Nadu,Thirunelveli,Palayamkottai(Uzhavar Sandhai ),Onion,Bellary,Local,15/02/2026,2026,2,15,Winter,10.2,19.9,52.6,4984.1,5204.7,5105.4
Tamil Nadu,Thirunelveli,Palayamkottai(Uzhavar Sandhai ),Onion,Bellary,Local,15/03/2026,2026,3,15,Summer,3.9,23.5,50.1,6143.7,6340.5,6252.4
Tamil Nadu,Thirunelveli,Palayamkottai(Uzhavar Sandhai ),Onion,Bellary,Local,16/08/2026,2026,8,16,Monsoon,171.0,34.2,74.6,7961.3,8188.0,8080.7
Tamil Nadu,Thirunelveli,Palayamkottai(Uzhavar Sandhai ),Onion,Bellary,Local,16/11/2025,2025,11,16,Post-Monsoon,36.4,22.2,49.6,5871.0,6050.9,5940.4
Tamil Nadu,Thirunelveli,Palayamkottai(Uzhavar Sandhai ),Onion,Bellary,Local,17/05/2026,2026,5,17,Summer,1.9,31.8,44.9,5644.4,5937.1,5820.0
Tamil Nadu,Thirunelveli,Palayamkottai(Uzhavar Sandhai ),Onion,Bellary,Local,18/01/2026,2026,1,18,Winter,7.8,21.5,45.1,5028.4,5284.3,5170.9
Tamil Nadu,Thirunelveli,Palayamkottai(Uzhavar Sandhai ),Onion,Bellary,Local,19/04/2026,2026,4,19,Summer,0.8,28.9,40.4,5872.4,6120.8,6001.8
Tamil Nadu,Thirunelveli,Palayamkottai(Uzhavar Sandhai ),Onion,Bellary,Local,19/07/2026,2026,7,19,Monsoon,88.5,34.6,54.2,7238.7,7481.8,7365.6
Tamil Nadu,Thirunelveli,Palayamkottai(Uzhavar Sandhai ),Onion,Bellary,Local,19/10/2025,2025,10,19,Post-Monsoon,54.7,27.9,54.3,5301.5,5678.4,5521.9
Tamil Nadu,Thirunelveli,Palayamkottai(Uzhavar Sandhai ),Onion,Bellary,Local,20/09/2026,2026,9,20,Monsoon,166.3,32.1,70.5,8067.5,8219.1,8136.5
Tamil Nadu,Thirunelveli,Palayamkottai(Uzhavar Sandhai ),Onion,Bellary,Local,21/06/2026,2026,6,21,Monsoon,138.0,33.9,65.8,8673.1,8985.1,8795.5
Tamil Nadu,Thirunelveli,Palayamkottai(Uzhavar Sandhai ),Onion,Bellary,Local,21/12/2025,2025,12,21,Winter,12.3,20.6,44.1,5156.1,5287.8,5215.7
Tamil Nadu,Thirunelveli,Palayamkottai(Uzhavar Sandhai ),Onion,Bellary,Local,22/02/2026,2026,2,22,Winter,6.2,22.1,45.3,5153.8,5452.0,5280.0
Tamil Nadu,Thirunelveli,Palayamkottai(Uzhavar Sandhai ),Onion,Bellary,Local,22/03/2026,2026,3,22,Summer,11.0,24.1,42.4,6073.0,6504.7,6281.4
Tamil Nadu,Thirunelveli,Palayamkottai(Uzhavar Sandhai ),Onion,Bellary,Local,23/08/2026,2026,8,23,Monsoon,249.8,33.5,86.0,9289.5,9536.9,9432.9
Tamil Nadu,Thirunelveli,Palayamkottai(Uzhavar Sandhai ),Onion,Bellary,Local,23/11/2025,2025,11,23,Post-Monsoon,64.6,24.6,52.3,6304.6,6548.8,6432.6
Tamil Nadu,Thirunelveli,Palayamkottai(Uzhavar Sandhai ),Onion,Bellary,Local,24/05/2026,2026,5,24,Summer,10.1,32.5,48.9,6556.1,6811.9,6685.8
Tamil Nadu,Thirunelveli,Palayamkottai(Uzhavar Sandhai ),Onion,Bellary,Local,25/01/2026,2026,1,25,Winter,6.9,20.5,47.1,5365.7,5599.8,5464.2
Tamil Nadu,Thirunelveli,Palayamkottai(Uzhavar Sandhai ),Onion,Bellary,Local,26/04/2026,2026,4,26,Summer,13.4,28.8,46.3,5569.8,5883.6,5714.5
Tamil Nadu,Thirunelveli,Palayamkottai(Uzhavar Sandhai ),Onion,Bellary,Local,26/07/2026,2026,7,26,Monsoon,90.9,35.3,65.0,7564.6,7828.0,7696.8
Tamil Nadu,Thirunelveli,Palayamkottai(Uzhavar Sandhai ),Onion,Bellary,Local,26/10/2025,2025,10,26,Post-Monsoon,47.8,25.8,49.3,5695.0,6078.2,5859.1
Tamil Nadu,Thirunelveli,Palayamkottai(Uzhavar Sandhai ),Onion,Bellary,Local,28/06/2026,2026,6,28,Monsoon,90.9,34.8,56.3,7546.6,7737.8,7653.5
Tamil Nadu,Thirunelveli,Palayamkottai(Uzhavar Sandhai ),Onion,Bellary,Local,28/12/2025,2025,12,28,Winter,15.3,18.8,48.1,5308.5,5641.6,5504.0
Tamil Nadu,Thirunelveli,Palayamkottai(Uzhavar Sandhai ),Onion,Bellary,Local,29/03/2026,2026,3,29,Summer,6.7,20.8,45.6,6037.6,6443.4,6234.0
Tamil Nadu,Thirunelveli,Palayamkottai(Uzhavar Sandhai ),Onion,Bellary,Local,30/08/2026,2026,8,30,Monsoon,105.6,34.5,67.8,7618.8,7946.7,7775.5
Tamil Nadu,Thirunelveli,Palayamkottai(Uzhavar Sandhai ),Onion,Bellary,Local,30/11/2025,2025,11,30,Post-Monsoon,38.1,23.7,52.9,5655.9,5823.0,5721.4
Tamil Nadu,Thirunelveli,Palayamkottai(Uzhavar Sandhai ),Onion,Bellary,Local,31/05/2026,2026,5,31,Summer,13.7,30.4,43.0,6182.4,6503.4,6316.6
Tamil Nadu,Thirupathur,Natrampalli(Uzhavar Sandhai ),Onion,Bellary,Local,01/02/2026,2026,2,1,Winter,4.8,21.1,45.2,5367.7,5666.5,5498.0
Tamil Nadu,Thirupathur,Natrampalli(Uzhavar Sandhai ),Onion,Bellary,Local,01/03/2026,2026,3,1,Summer,14.1,23.9,44.0,6451.0,6836.4,6610.8
Tamil Nadu,Thirupathur,Natrampalli(Uzhavar Sandhai ),Onion,Bellary,Local,02/08/2026,2026,8,2,Monsoon,248.9,35.0,83.7,10021.2,10195.3,10116.0
Tamil Nadu,Thirupathur,Natrampalli(Uzhavar Sandhai ),Onion,Bellary,Local,02/11/2025,2025,11,2,Post-Monsoon,44.8,22.4,52.8,5535.1,5781.4,5688.8
Tamil Nadu,Thirupathur,Natrampalli(Uzhavar Sandhai ),Onion,Bellary,Local,03/05/2026,2026,5,3,Summer,2.3,29.8,48.9,5902.1,6311.1,6118.4
Tamil Nadu,Thirupathur,Natrampalli(Uzhavar Sandhai ),Onion,Bellary,Local,04/01/2026,2026,1,4,Winter,11.6,18.6,49.4,5911.6,6072.1,5983.5
Tamil Nadu,Thirupathur,Natrampalli(Uzhavar Sandhai ),Onion,Bellary,Local,05/04/2026,2026,4,5,Summer,3.0,27.8,46.3,6314.0,6597.3,6485.5
Tamil Nadu,Thirupathur,Natrampalli(Uzhavar Sandhai ),Onion,Bellary,Local,05/07/2026,2026,7,5,Monsoon,225.5,37.0,84.2,9160.8,9315.3,9242.6
Tamil Nadu,Thirupathur,Natrampalli(Uzhavar Sandhai ),Onion,Bellary,Local,05/10/2025,2025,10,5,Post-Monsoon,20.8,28.6,52.2,6326.5,6620.5,6456.8
Tamil Nadu,Thirupathur,Natrampalli(Uzhavar Sandhai ),Onion,Bellary,Local,06/09/2026,2026,9,6,Monsoon,216.8,29.8,75.8,8921.0,9098.2,9012.8
Tamil Nadu,Thirupathur,Natrampalli(Uzhavar Sandhai ),Onion,Bellary,Local,07/06/2026,2026,6,7,Monsoon,224.1,32.9,82.0,8713.0,8951.5,8820.5
Tamil Nadu,Thirupathur,Natrampalli(Uzhavar Sandhai ),Onion,Bellary,Local,07/12/2025,2025,12,7,Winter,14.9,21.0,48.1,5725.7,5961.7,5828.3
Tamil Nadu,Thirupathur,Natrampalli(Uzhavar Sandhai ),Onion,Bellary,Local,08/02/2026,2026,2,8,Winter,8.6,18.1,48.3,5427.3,5551.9,5488.1
Tamil Nadu,Thirupathur,Natrampalli(Uzhavar Sandhai ),Onion,Bellary,Local,08/03/2026,2026,3,8,Summer,19.4,23.4,49.4,6503.9,6641.4,6576.9
Tamil Nadu,Thirupathur,Natrampalli(Uzhavar Sandhai ),Onion,Bellary,Local,09/08/2026,2026,8,9,Monsoon,241.7,33.1,83.4,9071.2,9416.1,9236.9
Tamil Nadu,Thirupathur,Natrampalli(Uzhavar Sandhai ),Onion,Bellary,Local,09/11/2025,2025,11,9,Post-Monsoon,25.3,21.5,44.7,6320.9,6450.0,6372.4
Tamil Nadu,Thirupathur,Natrampalli(Uzhavar Sandhai ),Onion,Bellary,Local,10/05/2026,2026,5,10,Summer,12.0,32.4,53.9,6451.5,6614.3,6519.8
Tamil Nadu,Thirupathur,Natrampalli(Uzhavar Sandhai ),Onion,Bellary,Local,11/01/2026,2026,1,11,Winter,8.4,18.2,55.9,5575.2,5838.2,5720.0
Tamil Nadu,Thirupathur,Natrampalli(Uzhavar Sandhai ),Onion,Bellary,Local,12/04/2026,2026,4,12,Summer,18.3,25.8,47.1,6294.1,6562.2,6453.6
Tamil Nadu,Thirupathur,Natrampalli(Uzhavar Sandhai ),Onion,Bellary,Local,12/07/2026,2026,7,12,Monsoon,162.6,35.0,70.2,8396.4,8714.9,8555.4
Tamil Nadu,Thirupathur,Natrampalli(Uzhavar Sandhai ),Onion,Bellary,Local,12/10/2025,2025,10,12,Post-Monsoon,59.6,26.5,55.3,6254.7,6496.3,6398.5
Tamil Nadu,Thirupathur,Natrampalli(Uzhavar Sandhai ),Onion,Bellary,Local,13/09/2026,2026,9,13,Monsoon,120.7,32.4,65.5,8066.6,8286.5,8190.3
Tamil Nadu,Thirupathur,Natrampalli(Uzhavar Sandhai ),Onion,Bellary,Local,14/06/2026,2026,6,14,Monsoon,176.3,34.5,72.0,8000.8,8278.1,8130.7
Tamil Nadu,Thirupathur,Natrampalli(Uzhavar Sandhai ),Onion,Bellary,Local,14/12/2025,2025,12,14,Winter,0.5,21.3,43.1,5731.3,5866.2,5803.8
Tamil Nadu,Thirupathur,Natrampalli(Uzhavar Sandhai ),Onion,Bellary,Local,15/02/2026,2026,2,15,Winter,9.2,19.4,52.3,5906.4,6190.4,6047.6
Tamil Nadu,Thirupathur,Natrampalli(Uzhavar Sandhai ),Onion,Bellary,Local,15/03/2026,2026,3,15,Summer,3.1,21.8,51.8,6293.3,6541.9,6416.8
Tamil Nadu,Thirupathur,Natrampalli(Uzhavar Sandhai ),Onion,Bellary,Local,16/08/2026,2026,8,16,Monsoon,190.8,33.8,76.1,9366.4,9566.6,9475.1
Tamil Nadu,Thirupathur,Natrampalli(Uzhavar Sandhai ),Onion,Bellary,Local,16/11/2025,2025,11,16,Post-Monsoon,77.8,22.8,53.5,6434.6,6728.8,6600.5
Tamil Nadu,Thirupathur,Natrampalli(Uzhavar Sandhai ),Onion,Bellary,Local,17/05/2026,2026,5,17,Summer,15.9,32.3,40.9,6429.6,6651.6,6542.9
Tamil Nadu,Thirupathur,Natrampalli(Uzhavar Sandhai ),Onion,Bellary,Local,18/01/2026,2026,1,18,Winter,14.9,17.7,49.8,5692.7,5873.7,5796.3
Tamil Nadu,Thirupathur,Natrampalli(Uzhavar Sandhai ),Onion,Bellary,Local,19/04/2026,2026,4,19,Summer,12.2,26.1,47.8,6719.7,6949.1,6863.4
Tamil Nadu,Thirupathur,Natrampalli(Uzhavar Sandhai ),Onion,Bellary,Local,19/07/2026,2026,7,19,Monsoon,206.4,36.5,77.1,8525.6,8679.5,8624.8
Tamil Nadu,Thirupathur,Natrampalli(Uzhavar Sandhai ),Onion,Bellary,Local,19/10/2025,2025,10,19,Post-Monsoon,42.0,25.7,53.4,6057.6,6351.2,6250.2
Tamil Nadu,Thirupathur,Natrampalli(Uzhavar Sandhai ),Onion,Bellary,Local,20/09/2026,2026,9,20,Monsoon,133.3,31.5,67.5,8841.4,9151.6,9006.3
Tamil Nadu,Thirupathur,Natrampalli(Uzhavar Sandhai ),Onion,Bellary,Local,21/06/2026,2026,6,21,Monsoon,160.9,35.3,66.4,8907.8,9132.7,8997.8
Tamil Nadu,Thirupathur,Natrampalli(Uzhavar Sandhai ),Onion,Bellary,Local,21/12/2025,2025,12,21,Winter,19.8,20.2,51.4,5646.2,5972.0,5841.5
Tamil Nadu,Thirupathur,Natrampalli(Uzhavar Sandhai ),Onion,Bellary,Local,22/02/2026,2026,2,22,Winter,11.6,22.5,46.8,5424.0,5581.2,5511.3
Tamil Nadu,Thirupathur,Natrampalli(Uzhavar Sandhai ),Onion,Bellary,Local,22/03/2026,2026,3,22,Summer,14.0,24.6,47.8,6618.3,6804.9,6722.1
Tamil Nadu,Thirupathur,Natrampalli(Uzhavar Sandhai ),Onion,Bellary,Local,23/08/2026,2026,8,23,Monsoon,225.6,32.4,78.5,8807.8,9101.8,8950.2
Tamil Nadu,Thirupathur,Natrampalli(Uzhavar Sandhai ),Onion,Bellary,Local,23/11/2025,2025,11,23,Post-Monsoon,42.4,23.6,51.5,6330.9,6512.9,6428.2
Tamil Nadu,Thirupathur,Natrampalli(Uzhavar Sandhai ),Onion,Bellary,Local,24/05/2026,2026,5,24,Summer,13.1,29.3,47.8,6693.9,6943.1,6831.1
Tamil Nadu,Thirupathur,Natrampalli(Uzhavar Sandhai ),Onion,Bellary,Local,25/01/2026,2026,1,25,Winter,5.3,20.7,46.5,5556.6,5693.5,5626.9
Tamil Nadu,Thirupathur,Natrampalli(Uzhavar Sandhai ),Onion,Bellary,Local,26/04/2026,2026,4,26,Summer,10.5,25.4,49.4,6267.7,6632.6,6490.0
Tamil Nadu,Thirupathur,Natrampalli(Uzhavar Sandhai ),Onion,Bellary,Local,26/07/2026,2026,7,26,Monsoon,130.3,35.8,64.6,8327.8,8589.5,8473.3
Tamil Nadu,Thirupathur,Natrampalli(Uzhavar Sandhai ),Onion,Bellary,Local,26/10/2025,2025,10,26,Post-Monsoon,75.3,25.5,57.5,6344.7,6601.9,6509.2
Tamil Nadu,Thirupathur,Natrampalli(Uzhavar Sandhai ),Onion,Bellary,Local,28/06/2026,2026,6,28,Monsoon,176.8,32.8,72.1,8271.7,8469.0,8366.3
Tamil Nadu,Thirupathur,Natrampalli(Uzhavar Sandhai ),Onion,Bellary,Local,28/12/2025,2025,12,28,Winter,9.2,22.7,46.9,5503.6,5863.8,5686.2
Tamil Nadu,Thirupathur,Natrampalli(Uzhavar Sandhai ),Onion,Bellary,Local,29/03/2026,2026,3,29,Summer,10.2,19.8,45.6,6934.0,7212.0,7057.3
Tamil Nadu,Thirupathur,Natrampalli(Uzhavar Sandhai ),Onion,Bellary,Local,30/08/2026,2026,8,30,Monsoon,214.9,32.6,85.5,9297.4,9477.6,9410.3
Tamil Nadu,Thirupathur,Natrampalli(Uzhavar Sandhai ),Onion,Bellary,Local,30/11/2025,2025,11,30,Post-Monsoon,34.4,24.7,49.8,6220.6,6427.8,6348.5
Tamil Nadu,Thirupathur,Natrampalli(Uzhavar Sandhai ),Onion,Bellary,Local,31/05/2026,2026,5,31,Summer,0.2,30.3,44.0,6378.2,6630.4,6526.1
Tamil Nadu,Thirupur,Dharapuram(Uzhavar Sandhai ),Onion,Bellary,Local,01/02/2026,2026,2,1,Winter,9.8,18.5,50.5,6270.2,6427.8,6351.3
Tamil Nadu,Thirupur,Dharapuram(Uzhavar Sandhai ),Onion,Bellary,Local,01/03/2026,2026,3,1,Summer,19.4,25.2,48.5,7102.8,7225.6,7151.9
Tamil Nadu,Thirupur,Dharapuram(Uzhavar Sandhai ),Onion,Bellary,Local,02/08/2026,2026,8,2,Monsoon,237.1,32.8,88.6,9677.4,9906.3,9784.5
Tamil Nadu,Thirupur,Dharapuram(Uzhavar Sandhai ),Onion,Bellary,Local,02/11/2025,2025,11,2,Post-Monsoon,23.4,19.3,50.5,5649.4,6002.0,5830.9
Tamil Nadu,Thirupur,Dharapuram(Uzhavar Sandhai ),Onion,Bellary,Local,03/05/2026,2026,5,3,Summer,1.1,31.1,39.8,6948.3,7149.7,7020.3
Tamil Nadu,Thirupur,Dharapuram(Uzhavar Sandhai ),Onion,Bellary,Local,04/01/2026,2026,1,4,Winter,10.7,22.0,48.9,5414.9,5799.0,5596.0
Tamil Nadu,Thirupur,Dharapuram(Uzhavar Sandhai ),Onion,Bellary,Local,05/04/2026,2026,4,5,Summer,0.1,25.4,44.7,7392.9,7577.0,7491.1
Tamil Nadu,Thirupur,Dharapuram(Uzhavar Sandhai ),Onion,Bellary,Local,05/07/2026,2026,7,5,Monsoon,184.0,35.2,75.1,8803.7,9236.7,9021.0
Tamil Nadu,Thirupur,Dharapuram(Uzhavar Sandhai ),Onion,Bellary,Local,05/10/2025,2025,10,5,Post-Monsoon,47.0,25.5,52.7,6858.5,7024.1,6936.1
Tamil Nadu,Thirupur,Dharapuram(Uzhavar Sandhai ),Onion,Bellary,Local,06/09/2026,2026,9,6,Monsoon,223.6,29.6,74.6,9249.7,9540.2,9435.8
Tamil Nadu,Thirupur,Dharapuram(Uzhavar Sandhai ),Onion,Bellary,Local,07/06/2026,2026,6,7,Monsoon,87.9,32.6,54.8,8686.0,8886.9,8769.3
Tamil Nadu,Thirupur,Dharapuram(Uzhavar Sandhai ),Onion,Bellary,Local,07/12/2025,2025,12,7,Winter,6.4,18.4,46.7,6026.5,6327.5,6189.4
Tamil Nadu,Thirupur,Dharapuram(Uzhavar Sandhai ),Onion,Bellary,Local,08/02/2026,2026,2,8,Winter,7.1,17.1,46.5,5764.9,5919.0,5845.1
Tamil Nadu,Thirupur,Dharapuram(Uzhavar Sandhai ),Onion,Bellary,Local,08/03/2026,2026,3,8,Summer,19.9,23.6,47.1,7170.7,7401.7,7273.4
Tamil Nadu,Thirupur,Dharapuram(Uzhavar Sandhai ),Onion,Bellary,Local,09/08/2026,2026,8,9,Monsoon,80.1,34.7,54.7,8484.9,8737.2,8593.4
Tamil Nadu,Thirupur,Dharapuram(Uzhavar Sandhai ),Onion,Bellary,Local,09/11/2025,2025,11,9,Post-Monsoon,55.0,23.7,52.3,6607.1,6897.8,6743.0
Tamil Nadu,Thirupur,Dharapuram(Uzhavar Sandhai ),Onion,Bellary,Local,10/05/2026,2026,5,10,Summer,16.6,29.3,51.2,6959.4,7282.0,7119.0
Tamil Nadu,Thirupur,Dharapuram(Uzhavar Sandhai ),Onion,Bellary,Local,11/01/2026,2026,1,11,Winter,5.5,19.1,50.0,6050.8,6258.4,6184.5
Tamil Nadu,Thirupur,Dharapuram(Uzhavar Sandhai ),Onion,Bellary,Local,12/04/2026,2026,4,12,Summer,6.7,25.2,40.0,6657.3,6953.6,6829.0
Tamil Nadu,Thirupur,Dharapuram(Uzhavar Sandhai ),Onion,Bellary,Local,12/07/2026,2026,7,12,Monsoon,86.6,36.7,63.8,8885.0,9105.5,9018.8
Tamil Nadu,Thirupur,Dharapuram(Uzhavar Sandhai ),Onion,Bellary,Local,12/10/2025,2025,10,12,Post-Monsoon,63.2,25.7,56.1,6837.7,7069.7,6954.0
Tamil Nadu,Thirupur,Dharapuram(Uzhavar Sandhai ),Onion,Bellary,Local,13/09/2026,2026,9,13,Monsoon,210.6,30.2,75.0,9562.1,9727.2,9637.6
Tamil Nadu,Thirupur,Dharapuram(Uzhavar Sandhai ),Onion,Bellary,Local,14/06/2026,2026,6,14,Monsoon,206.7,33.6,80.1,9426.1,9647.0,9541.3
Tamil Nadu,Thirupur,Dharapuram(Uzhavar Sandhai ),Onion,Bellary,Local,14/12/2025,2025,12,14,Winter,6.3,19.9,49.4,5504.5,5789.8,5649.9
Tamil Nadu,Thirupur,Dharapuram(Uzhavar Sandhai ),Onion,Bellary,Local,15/02/2026,2026,2,15,Winter,12.6,20.6,50.0,6440.7,6545.5,6493.8
Tamil Nadu,Thirupur,Dharapuram(Uzhavar Sandhai ),Onion,Bellary,Local,15/03/2026,2026,3,15,Summer,6.8,23.7,44.2,6588.4,6909.0,6753.7
Tamil Nadu,Thirupur,Dharapuram(Uzhavar Sandhai ),Onion,Bellary,Local,16/08/2026,2026,8,16,Monsoon,95.9,31.4,62.9,8685.3,8963.4,8836.1
Tamil Nadu,Thirupur,Dharapuram(Uzhavar Sandhai ),Onion,Bellary,Local,16/11/2025,2025,11,16,Post-Monsoon,64.3,24.3,54.2,6415.4,6625.2,6525.1
Tamil Nadu,Thirupur,Dharapuram(Uzhavar Sandhai ),Onion,Bellary,Local,17/05/2026,2026,5,17,Summer,5.8,32.5,49.5,6232.2,6551.0,6417.9
Tamil Nadu,Thirupur,Dharapuram(Uzhavar Sandhai ),Onion,Bellary,Local,18/01/2026,2026,1,18,Winter,11.9,20.0,53.8,5622.3,5890.9,5751.0
Tamil Nadu,Thirupur,Dharapuram(Uzhavar Sandhai ),Onion,Bellary,Local,19/04/2026,2026,4,19,Summer,5.5,29.9,47.4,6840.8,7116.9,6991.5
Tamil Nadu,Thirupur,Dharapuram(Uzhavar Sandhai ),Onion,Bellary,Local,19/07/2026,2026,7,19,Monsoon,116.8,32.0,63.1,8682.9,8888.0,8806.1
Tamil Nadu,Thirupur,Dharapuram(Uzhavar Sandhai ),Onion,Bellary,Local,19/10/2025,2025,10,19,Post-Monsoon,58.6,25.6,50.8,6511.6,6822.1,6681.6
Tamil Nadu,Thirupur,Dharapuram(Uzhavar Sandhai ),Onion,Bellary,Local,20/09/2026,2026,9,20,Monsoon,169.9,32.6,71.6,8617.7,9005.1,8807.3
Tamil Nadu,Thirupur,Dharapuram(Uzhavar Sandhai ),Onion,Bellary,Local,21/06/2026,2026,6,21,Monsoon,142.6,33.4,68.6,8530.5,8904.2,8741.5
Tamil Nadu,Thirupur,Dharapuram(Uzhavar Sandhai ),Onion,Bellary,Local,21/12/2025,2025,12,21,Winter,5.0,20.8,47.0,5972.3,6335.5,6137.8
Tamil Nadu,Thirupur,Dharapuram(Uzhavar Sandhai ),Onion,Bellary,Local,22/02/2026,2026,2,22,Winter,2.0,20.8,46.0,5445.7,5648.8,5549.4
Tamil Nadu,Thirupur,Dharapuram(Uzhavar Sandhai ),Onion,Bellary,Local,22/03/2026,2026,3,22,Summer,13.5,22.9,53.8,6868.3,7228.6,7045.9
Tamil Nadu,Thirupur,Dharapuram(Uzhavar Sandhai ),Onion,Bellary,Local,23/08/2026,2026,8,23,Monsoon,155.3,34.7,74.6,9690.3,9833.7,9759.9
Tamil Nadu,Thirupur,Dharapuram(Uzhavar Sandhai ),Onion,Bellary,Local,23/11/2025,2025,11,23,Post-Monsoon,47.0,23.8,55.0,6977.1,7143.4,7057.5
Tamil Nadu,Thirupur,Dharapuram(Uzhavar Sandhai ),Onion,Bellary,Local,24/05/2026,2026,5,24,Summer,0.1,30.4,48.0,7006.6,7345.3,7209.2
Tamil Nadu,Thirupur,Dharapuram(Uzhavar Sandhai ),Onion,Bellary,Local,25/01/2026,2026,1,25,Winter,6.7,19.6,53.0,5701.5,6004.2,5861.5
Tamil Nadu,Thirupur,Dharapuram(Uzhavar Sandhai ),Onion,Bellary,Local,26/04/2026,2026,4,26,Summer,5.6,28.3,48.0,6465.6,6809.0,6677.8
Tamil Nadu,Thirupur,Dharapuram(Uzhavar Sandhai ),Onion,Bellary,Local,26/07/2026,2026,7,26,Monsoon,208.6,36.2,77.9,9986.8,10368.9,10171.1
Tamil Nadu,Thirupur,Dharapuram(Uzhavar Sandhai ),Onion,Bellary,Local,26/10/2025,2025,10,26,Post-Monsoon,46.9,26.3,54.2,6616.9,6883.1,6776.0
Tamil Nadu,Thirupur,Dharapuram(Uzhavar Sandhai ),Onion,Bellary,Local,28/06/2026,2026,6,28,Monsoon,152.3,33.6,64.8,9131.4,9302.9,9205.5
Tamil Nadu,Thirupur,Dharapuram(Uzhavar Sandhai ),Onion,Bellary,Local,28/12/2025,2025,12,28,Winter,12.0,20.3,40.3,5964.4,6253.2,6089.3
Tamil Nadu,Thirupur,Dharapuram(Uzhavar Sandhai ),Onion,Bellary,Local,29/03/2026,2026,3,29,Summer,12.3,21.1,47.3,7259.3,7502.7,7367.4
Tamil Nadu,Thirupur,Dharapuram(Uzhavar Sandhai ),Onion,Bellary,Local,30/08/2026,2026,8,30,Monsoon,125.6,32.9,63.7,9132.4,9407.2,9258.5
Tamil Nadu,Thirupur,Dharapuram(Uzhavar Sandhai ),Onion,Bellary,Local,30/11/2025,2025,11,30,Post-Monsoon,67.7,23.1,47.0,5886.7,6130.4,5981.7
Tamil Nadu,Thirupur,Dharapuram(Uzhavar Sandhai ),Onion,Bellary,Local,31/05/2026,2026,5,31,Summer,7.8,30.1,47.2,6859.4,7259.1,7040.6
Tamil Nadu,Thirupur,Kangayam(Uzhavar Sandhai ),Onion,Bellary,Local,01/02/2026,2026,2,1,Winter,7.5,22.8,44.1,4471.0,4786.7,4604.8
Tamil Nadu,Thirupur,Kangayam(Uzhavar Sandhai ),Onion,Bellary,Local,01/03/2026,2026,3,1,Summer,6.8,25.8,44.5,5429.0,5664.9,5541.6
Tamil Nadu,Thirupur,Kangayam(Uzhavar Sandhai ),Onion,Bellary,Local,02/08/2026,2026,8,2,Monsoon,110.3,34.8,61.3,7302.4,7512.7,7383.3
Tamil Nadu,Thirupur,Kangayam(Uzhavar Sandhai ),Onion,Bellary,Local,02/11/2025,2025,11,2,Post-Monsoon,63.3,21.4,53.6,5307.9,5564.0,5449.4
Tamil Nadu,Thirupur,Kangayam(Uzhavar Sandhai ),Onion,Bellary,Local,03/05/2026,2026,5,3,Summer,3.2,28.6,47.5,5205.0,5352.1,5287.4
Tamil Nadu,Thirupur,Kangayam(Uzhavar Sandhai ),Onion,Bellary,Local,04/01/2026,2026,1,4,Winter,4.3,19.3,43.0,4669.3,4907.6,4792.7
Tamil Nadu,Thirupur,Kangayam(Uzhavar Sandhai ),Onion,Bellary,Local,05/04/2026,2026,4,5,Summer,17.2,27.1,48.5,5421.7,5808.3,5629.1
Tamil Nadu,Thirupur,Kangayam(Uzhavar Sandhai ),Onion,Bellary,Local,05/07/2026,2026,7,5,Monsoon,210.6,32.1,76.1,7196.1,7529.9,7343.0
Tamil Nadu,Thirupur,Kangayam(Uzhavar Sandhai ),Onion,Bellary,Local,05/10/2025,2025,10,5,Post-Monsoon,36.1,26.9,48.6,4993.4,5227.1,5099.7
Tamil Nadu,Thirupur,Kangayam(Uzhavar Sandhai ),Onion,Bellary,Local,06/09/2026,2026,9,6,Monsoon,241.9,32.8,83.5,7477.8,7708.0,7580.8
Tamil Nadu,Thirupur,Kangayam(Uzhavar Sandhai ),Onion,Bellary,Local,07/06/2026,2026,6,7,Monsoon,96.4,33.7,61.4,6898.8,7121.4,7010.5
Tamil Nadu,Thirupur,Kangayam(Uzhavar Sandhai ),Onion,Bellary,Local,07/12/2025,2025,12,7,Winter,5.0,18.5,43.4,4305.6,4612.2,4471.7
Tamil Nadu,Thirupur,Kangayam(Uzhavar Sandhai ),Onion,Bellary,Local,08/02/2026,2026,2,8,Winter,12.2,20.5,43.7,4364.7,4686.1,4519.5
Tamil Nadu,Thirupur,Kangayam(Uzhavar Sandhai ),Onion,Bellary,Local,08/03/2026,2026,3,8,Summer,14.2,25.4,45.6,5766.1,6065.3,5887.9
Tamil Nadu,Thirupur,Kangayam(Uzhavar Sandhai ),Onion,Bellary,Local,09/08/2026,2026,8,9,Monsoon,105.6,33.4,61.5,7106.9,7265.0,7169.7
Tamil Nadu,Thirupur,Kangayam(Uzhavar Sandhai ),Onion,Bellary,Local,09/11/2025,2025,11,9,Post-Monsoon,20.2,21.9,50.0,4967.3,5166.0,5087.4
Tamil Nadu,Thirupur,Kangayam(Uzhavar Sandhai ),Onion,Bellary,Local,10/05/2026,2026,5,10,Summer,7.2,28.4,42.9,5960.0,6125.8,6046.1
Tamil Nadu,Thirupur,Kangayam(Uzhavar Sandhai ),Onion,Bellary,Local,11/01/2026,2026,1,11,Winter,2.8,20.6,46.1,4939.9,5149.8,5056.8
Tamil Nadu,Thirupur,Kangayam(Uzhavar Sandhai ),Onion,Bellary,Local,12/04/2026,2026,4,12,Summer,16.7,26.0,49.1,5272.7,5609.2,5390.2
Tamil Nadu,Thirupur,Kangayam(Uzhavar Sandhai ),Onion,Bellary,Local,12/07/2026,2026,7,12,Monsoon,213.8,33.8,82.9,7259.1,7407.0,7323.8
Tamil Nadu,Thirupur,Kangayam(Uzhavar Sandhai ),Onion,Bellary,Local,12/10/2025,2025,10,12,Post-Monsoon,31.8,27.1,52.7,4940.6,5226.8,5059.5
Tamil Nadu,Thirupur,Kangayam(Uzhavar Sandhai ),Onion,Bellary,Local,13/09/2026,2026,9,13,Monsoon,221.8,30.4,79.9,7971.6,8328.5,8106.8
Tamil Nadu,Thirupur,Kangayam(Uzhavar Sandhai ),Onion,Bellary,Local,14/06/2026,2026,6,14,Monsoon,191.5,31.7,73.8,7851.9,8163.9,8018.7
Tamil Nadu,Thirupur,Kangayam(Uzhavar Sandhai ),Onion,Bellary,Local,14/12/2025,2025,12,14,Winter,0.5,20.6,45.2,4475.6,4803.2,4648.2
Tamil Nadu,Thirupur,Kangayam(Uzhavar Sandhai ),Onion,Bellary,Local,15/02/2026,2026,2,15,Winter,3.2,19.1,48.7,4458.6,4660.6,4572.5
Tamil Nadu,Thirupur,Kangayam(Uzhavar Sandhai ),Onion,Bellary,Local,15/03/2026,2026,3,15,Summer,12.2,22.8,51.6,5395.7,5583.0,5493.8
Tamil Nadu,Thirupur,Kangayam(Uzhavar Sandhai ),Onion,Bellary,Local,16/08/2026,2026,8,16,Monsoon,134.6,33.6,67.3,7383.7,7540.0,7447.1
Tamil Nadu,Thirupur,Kangayam(Uzhavar Sandhai ),Onion,Bellary,Local,16/11/2025,2025,11,16,Post-Monsoon,28.0,22.0,51.1,4445.7,4818.3,4615.1
Tamil Nadu,Thirupur,Kangayam(Uzhavar Sandhai ),Onion,Bellary,Local,17/05/2026,2026,5,17,Summer,1.0,33.0,43.4,5294.6,5502.0,5390.5
Tamil Nadu,Thirupur,Kangayam(Uzhavar Sandhai ),Onion,Bellary,Local,18/01/2026,2026,1,18,Winter,8.6,17.0,48.1,4589.8,4956.1,4792.3
Tamil Nadu,Thirupur,Kangayam(Uzhavar Sandhai ),Onion,Bellary,Local,19/04/2026,2026,4,19,Summer,8.0,27.6,46.2,5286.0,5578.4,5421.3
Tamil Nadu,Thirupur,Kangayam(Uzhavar Sandhai ),Onion,Bellary,Local,19/07/2026,2026,7,19,Monsoon,95.3,34.0,56.9,6901.5,7110.7,7008.1
Tamil Nadu,Thirupur,Kangayam(Uzhavar Sandhai ),Onion,Bellary,Local,19/10/2025,2025,10,19,Post-Monsoon,73.1,27.2,60.5,5396.5,5650.4,5491.4
Tamil Nadu,Thirupur,Kangayam(Uzhavar Sandhai ),Onion,Bellary,Local,20/09/2026,2026,9,20,Monsoon,162.0,32.0,73.3,6911.7,7235.8,7060.3
Tamil Nadu,Thirupur,Kangayam(Uzhavar Sandhai ),Onion,Bellary,Local,21/06/2026,2026,6,21,Monsoon,99.6,34.4,56.8,6994.9,7248.7,7133.9
Tamil Nadu,Thirupur,Kangayam(Uzhavar Sandhai ),Onion,Bellary,Local,21/12/2025,2025,12,21,Winter,17.6,19.3,44.4,4300.1,4600.1,4474.1
Tamil Nadu,Thirupur,Kangayam(Uzhavar Sandhai ),Onion,Bellary,Local,22/02/2026,2026,2,22,Winter,17.6,20.5,50.4,4801.9,4996.8,4879.1
Tamil Nadu,Thirupur,Kangayam(Uzhavar Sandhai ),Onion,Bellary,Local,22/03/2026,2026,3,22,Summer,15.2,20.8,47.4,5394.0,5745.5,5616.6
Tamil Nadu,Thirupur,Kangayam(Uzhavar Sandhai ),Onion,Bellary,Local,23/08/2026,2026,8,23,Monsoon,181.4,33.8,76.4,7433.6,7727.2,7589.1
Tamil Nadu,Thirupur,Kangayam(Uzhavar Sandhai ),Onion,Bellary,Local,23/11/2025,2025,11,23,Post-Monsoon,33.1,25.6,53.5,4565.6,4806.7,4693.8
Tamil Nadu,Thirupur,Kangayam(Uzhavar Sandhai ),Onion,Bellary,Local,24/05/2026,2026,5,24,Summer,15.3,27.3,45.7,5833.7,6037.2,5921.9
Tamil Nadu,Thirupur,Kangayam(Uzhavar Sandhai ),Onion,Bellary,Local,25/01/2026,2026,1,25,Winter,3.9,21.5,44.0,4942.8,5188.2,5042.0
Tamil Nadu,Thirupur,Kangayam(Uzhavar Sandhai ),Onion,Bellary,Local,26/04/2026,2026,4,26,Summer,14.0,27.0,43.6,5091.3,5323.0,5196.3
Tamil Nadu,Thirupur,Kangayam(Uzhavar Sandhai ),Onion,Bellary,Local,26/07/2026,2026,7,26,Monsoon,232.7,33.9,82.9,7776.0,7952.1,7841.8
Tamil Nadu,Thirupur,Kangayam(Uzhavar Sandhai ),Onion,Bellary,Local,26/10/2025,2025,10,26,Post-Monsoon,30.6,27.3,44.0,5230.3,5509.6,5395.3
Tamil Nadu,Thirupur,Kangayam(Uzhavar Sandhai ),Onion,Bellary,Local,28/06/2026,2026,6,28,Monsoon,185.8,32.1,77.7,7460.7,7598.5,7513.8
Tamil Nadu,Thirupur,Kangayam(Uzhavar Sandhai ),Onion,Bellary,Local,28/12/2025,2025,12,28,Winter,3.5,20.9,52.9,4852.5,5240.6,5042.6
Tamil Nadu,Thirupur,Kangayam(Uzhavar Sandhai ),Onion,Bellary,Local,29/03/2026,2026,3,29,Summer,18.9,21.8,48.5,5724.4,5900.3,5828.1
Tamil Nadu,Thirupur,Kangayam(Uzhavar Sandhai ),Onion,Bellary,Local,30/08/2026,2026,8,30,Monsoon,196.6,32.9,78.8,6790.3,7077.7,6978.8
Tamil Nadu,Thirupur,Kangayam(Uzhavar Sandhai ),Onion,Bellary,Local,30/11/2025,2025,11,30,Post-Monsoon,46.6,22.2,50.7,4759.0,5122.6,4919.4
Tamil Nadu,Thirupur,Kangayam(Uzhavar Sandhai ),Onion,Bellary,Local,31/05/2026,2026,5,31,Summer,7.8,28.6,46.5,5087.0,5247.8,5160.3
Tamil Nadu,Thirupur,Tiruppur (North) (Uzhavar Sandhai ),Onion,Bellary,Local,01/02/2026,2026,2,1,Winter,8.5,19.8,41.7,5066.6,5268.1,5164.3
Tamil Nadu,Thirupur,Tiruppur (North) (Uzhavar Sandhai ),Onion,Bellary,Local,01/03/2026,2026,3,1,Summer,1.6,23.5,46.0,5463.2,5693.7,5587.4
Tamil Nadu,Thirupur,Tiruppur (North) (Uzhavar Sandhai ),Onion,Bellary,Local,02/08/2026,2026,8,2,Monsoon,129.2,34.0,64.3,7577.1,7836.8,7707.6
Tamil Nadu,Thirupur,Tiruppur (North) (Uzhavar Sandhai ),Onion,Bellary,Local,02/11/2025,2025,11,2,Post-Monsoon,31.8,24.0,48.3,5069.9,5342.5,5207.8
Tamil Nadu,Thirupur,Tiruppur (North) (Uzhavar Sandhai ),Onion,Bellary,Local,03/05/2026,2026,5,3,Summer,6.6,30.3,47.9,5254.8,5606.6,5445.5
Tamil Nadu,Thirupur,Tiruppur (North) (Uzhavar Sandhai ),Onion,Bellary,Local,04/01/2026,2026,1,4,Winter,3.8,19.1,47.8,4908.0,5150.1,5003.1
Tamil Nadu,Thirupur,Tiruppur (North) (Uzhavar Sandhai ),Onion,Bellary,Local,05/04/2026,2026,4,5,Summer,17.4,27.3,48.0,5708.2,5899.2,5790.0
Tamil Nadu,Thirupur,Tiruppur (North) (Uzhavar Sandhai ),Onion,Bellary,Local,05/07/2026,2026,7,5,Monsoon,110.7,34.6,65.5,7617.4,7793.8,7719.6
Tamil Nadu,Thirupur,Tiruppur (North) (Uzhavar Sandhai ),Onion,Bellary,Local,05/10/2025,2025,10,5,Post-Monsoon,54.3,27.9,51.6,5333.4,5681.0,5504.1
Tamil Nadu,Thirupur,Tiruppur (North) (Uzhavar Sandhai ),Onion,Bellary,Local,06/09/2026,2026,9,6,Monsoon,208.4,31.0,76.4,8039.2,8181.7,8104.7
Tamil Nadu,Thirupur,Tiruppur (North) (Uzhavar Sandhai ),Onion,Bellary,Local,07/06/2026,2026,6,7,Monsoon,205.3,34.2,76.8,7806.2,8077.7,7933.1
Tamil Nadu,Thirupur,Tiruppur (North) (Uzhavar Sandhai ),Onion,Bellary,Local,07/12/2025,2025,12,7,Winter,4.9,20.5,44.9,4742.8,5128.8,4921.5
Tamil Nadu,Thirupur,Tiruppur (North) (Uzhavar Sandhai ),Onion,Bellary,Local,08/02/2026,2026,2,8,Winter,11.3,20.5,48.1,4919.8,5173.2,5023.7
Tamil Nadu,Thirupur,Tiruppur (North) (Uzhavar Sandhai ),Onion,Bellary,Local,08/03/2026,2026,3,8,Summer,17.7,23.1,47.4,5791.8,6095.0,5962.8
Tamil Nadu,Thirupur,Tiruppur (North) (Uzhavar Sandhai ),Onion,Bellary,Local,09/08/2026,2026,8,9,Monsoon,210.5,33.2,78.1,7349.6,7594.0,7469.9
Tamil Nadu,Thirupur,Tiruppur (North) (Uzhavar Sandhai ),Onion,Bellary,Local,09/11/2025,2025,11,9,Post-Monsoon,41.5,22.6,50.8,5409.4,5586.7,5509.7
Tamil Nadu,Thirupur,Tiruppur (North) (Uzhavar Sandhai ),Onion,Bellary,Local,10/05/2026,2026,5,10,Summer,18.6,30.0,48.6,5781.7,6156.3,5974.1
Tamil Nadu,Thirupur,Tiruppur (North) (Uzhavar Sandhai ),Onion,Bellary,Local,11/01/2026,2026,1,11,Winter,18.1,17.2,44.5,4938.7,5150.4,5047.0
Tamil Nadu,Thirupur,Tiruppur (North) (Uzhavar Sandhai ),Onion,Bellary,Local,12/04/2026,2026,4,12,Summer,12.5,27.5,44.8,5662.8,5823.4,5724.0
Tamil Nadu,Thirupur,Tiruppur (North) (Uzhavar Sandhai ),Onion,Bellary,Local,12/07/2026,2026,7,12,Monsoon,180.9,36.8,77.2,7800.7,7912.3,7864.0
Tamil Nadu,Thirupur,Tiruppur (North) (Uzhavar Sandhai ),Onion,Bellary,Local,12/10/2025,2025,10,12,Post-Monsoon,60.4,28.2,55.6,5427.4,5750.7,5598.3
Tamil Nadu,Thirupur,Tiruppur (North) (Uzhavar Sandhai ),Onion,Bellary,Local,13/09/2026,2026,9,13,Monsoon,109.4,32.4,65.7,7647.6,7849.9,7740.9
Tamil Nadu,Thirupur,Tiruppur (North) (Uzhavar Sandhai ),Onion,Bellary,Local,14/06/2026,2026,6,14,Monsoon,239.5,34.3,85.3,8281.4,8530.2,8423.4
Tamil Nadu,Thirupur,Tiruppur (North) (Uzhavar Sandhai ),Onion,Bellary,Local,14/12/2025,2025,12,14,Winter,6.5,19.7,46.1,5121.0,5387.9,5238.5
Tamil Nadu,Thirupur,Tiruppur (North) (Uzhavar Sandhai ),Onion,Bellary,Local,15/02/2026,2026,2,15,Winter,9.1,19.1,45.8,4869.0,5081.5,4976.1
Tamil Nadu,Thirupur,Tiruppur (North) (Uzhavar Sandhai ),Onion,Bellary,Local,15/03/2026,2026,3,15,Summer,0.4,21.6,44.3,5892.6,6248.0,6085.4
Tamil Nadu,Thirupur,Tiruppur (North) (Uzhavar Sandhai ),Onion,Bellary,Local,16/08/2026,2026,8,16,Monsoon,230.7,34.6,79.8,8625.8,8902.6,8785.7
Tamil Nadu,Thirupur,Tiruppur (North) (Uzhavar Sandhai ),Onion,Bellary,Local,16/11/2025,2025,11,16,Post-Monsoon,29.4,22.2,50.0,5629.2,5990.2,5784.1
Tamil Nadu,Thirupur,Tiruppur (North) (Uzhavar Sandhai ),Onion,Bellary,Local,17/05/2026,2026,5,17,Summer,8.4,30.7,46.1,5662.1,5865.9,5755.7
Tamil Nadu,Thirupur,Tiruppur (North) (Uzhavar Sandhai ),Onion,Bellary,Local,18/01/2026,2026,1,18,Winter,8.0,16.5,44.7,4884.0,5211.2,5046.2
Tamil Nadu,Thirupur,Tiruppur (North) (Uzhavar Sandhai ),Onion,Bellary,Local,19/04/2026,2026,4,19,Summer,18.5,27.0,48.0,5275.0,5557.7,5417.8
Tamil Nadu,Thirupur,Tiruppur (North) (Uzhavar Sandhai ),Onion,Bellary,Local,19/07/2026,2026,7,19,Monsoon,118.2,35.3,66.8,7150.7,7401.8,7288.2
Tamil Nadu,Thirupur,Tiruppur (North) (Uzhavar Sandhai ),Onion,Bellary,Local,19/10/2025,2025,10,19,Post-Monsoon,50.7,26.8,55.3,5065.6,5346.8,5207.3
Tamil Nadu,Thirupur,Tiruppur (North) (Uzhavar Sandhai ),Onion,Bellary,Local,20/09/2026,2026,9,20,Monsoon,143.7,32.2,64.9,8011.5,8257.5,8145.2
Tamil Nadu,Thirupur,Tiruppur (North) (Uzhavar Sandhai ),Onion,Bellary,Local,21/06/2026,2026,6,21,Monsoon,121.9,33.6,67.3,7382.4,7529.0,7442.6
Tamil Nadu,Thirupur,Tiruppur (North) (Uzhavar Sandhai ),Onion,Bellary,Local,21/12/2025,2025,12,21,Winter,10.0,16.9,43.2,4947.2,5259.1,5096.6
Tamil Nadu,Thirupur,Tiruppur (North) (Uzhavar Sandhai ),Onion,Bellary,Local,22/02/2026,2026,2,22,Winter,13.8,19.2,48.4,4696.3,4913.4,4795.0
Tamil Nadu,Thirupur,Tiruppur (North) (Uzhavar Sandhai ),Onion,Bellary,Local,22/03/2026,2026,3,22,Summer,20.0,25.8,47.1,5782.3,6081.9,5942.2
Tamil Nadu,Thirupur,Tiruppur (North) (Uzhavar Sandhai ),Onion,Bellary,Local,23/08/2026,2026,8,23,Monsoon,166.3,34.2,71.2,7882.9,8101.7,8012.2
Tamil Nadu,Thirupur,Tiruppur (North) (Uzhavar Sandhai ),Onion,Bellary,Local,23/11/2025,2025,11,23,Post-Monsoon,28.0,20.7,45.1,5180.0,5458.3,5296.1
Tamil Nadu,Thirupur,Tiruppur (North) (Uzhavar Sandhai ),Onion,Bellary,Local,24/05/2026,2026,5,24,Summer,6.3,31.3,46.5,5777.9,6124.1,5943.8
Tamil Nadu,Thirupur,Tiruppur (North) (Uzhavar Sandhai ),Onion,Bellary,Local,25/01/2026,2026,1,25,Winter,1.3,18.8,52.4,4490.7,4619.3,4555.5
Tamil Nadu,Thirupur,Tiruppur (North) (Uzhavar Sandhai ),Onion,Bellary,Local,26/04/2026,2026,4,26,Summer,14.1,26.4,45.7,5791.0,6022.1,5916.5
Tamil Nadu,Thirupur,Tiruppur (North) (Uzhavar Sandhai ),Onion,Bellary,Local,26/07/2026,2026,7,26,Monsoon,182.5,34.1,76.9,7764.1,8057.9,7905.2
Tamil Nadu,Thirupur,Tiruppur (North) (Uzhavar Sandhai ),Onion,Bellary,Local,26/10/2025,2025,10,26,Post-Monsoon,26.1,27.0,44.0,5153.8,5458.3,5285.3
Tamil Nadu,Thirupur,Tiruppur (North) (Uzhavar Sandhai ),Onion,Bellary,Local,28/06/2026,2026,6,28,Monsoon,130.0,33.3,64.6,8079.0,8442.4,8251.6
Tamil Nadu,Thirupur,Tiruppur (North) (Uzhavar Sandhai ),Onion,Bellary,Local,28/12/2025,2025,12,28,Winter,7.0,21.2,43.7,4882.9,5076.6,4973.8
Tamil Nadu,Thirupur,Tiruppur (North) (Uzhavar Sandhai ),Onion,Bellary,Local,29/03/2026,2026,3,29,Summer,9.0,26.1,45.7,5786.6,5922.3,5846.5
Tamil Nadu,Thirupur,Tiruppur (North) (Uzhavar Sandhai ),Onion,Bellary,Local,30/08/2026,2026,8,30,Monsoon,209.8,33.0,78.5,7477.2,7656.4,7559.0
Tamil Nadu,Thirupur,Tiruppur (North) (Uzhavar Sandhai ),Onion,Bellary,Local,30/11/2025,2025,11,30,Post-Monsoon,75.0,21.2,57.9,5866.0,5984.5,5934.6
Tamil Nadu,Thirupur,Tiruppur (North) (Uzhavar Sandhai ),Onion,Bellary,Local,31/05/2026,2026,5,31,Summer,5.1,32.9,47.2,5470.5,5739.0,5631.1
Tamil Nadu,Thiruvannamalai,Arani(Uzhavar Sandhai ),Onion,Bellary,Local,01/02/2026,2026,2,1,Winter,11.8,21.9,45.0,4942.8,5137.2,5045.3
Tamil Nadu,Thiruvannamalai,Arani(Uzhavar Sandhai ),Onion,Bellary,Local,01/03/2026,2026,3,1,Summer,17.8,24.0,50.8,6047.1,6212.8,6142.4
Tamil Nadu,Thiruvannamalai,Arani(Uzhavar Sandhai ),Onion,Bellary,Local,02/08/2026,2026,8,2,Monsoon,193.0,31.3,76.6,8033.6,8374.6,8246.2
Tamil Nadu,Thiruvannamalai,Arani(Uzhavar Sandhai ),Onion,Bellary,Local,02/11/2025,2025,11,2,Post-Monsoon,32.8,21.6,47.0,5424.2,5641.5,5518.3
Tamil Nadu,Thiruvannamalai,Arani(Uzhavar Sandhai ),Onion,Bellary,Local,03/05/2026,2026,5,3,Summer,15.8,29.8,49.8,6350.2,6533.3,6426.2
Tamil Nadu,Thiruvannamalai,Arani(Uzhavar Sandhai ),Onion,Bellary,Local,04/01/2026,2026,1,4,Winter,3.8,19.3,43.2,5356.9,5526.3,5431.2
Tamil Nadu,Thiruvannamalai,Arani(Uzhavar Sandhai ),Onion,Bellary,Local,05/04/2026,2026,4,5,Summer,13.5,26.9,49.3,5794.4,6083.0,5970.1
Tamil Nadu,Thiruvannamalai,Arani(Uzhavar Sandhai ),Onion,Bellary,Local,05/07/2026,2026,7,5,Monsoon,137.4,37.0,67.5,7678.1,7838.6,7771.7
Tamil Nadu,Thiruvannamalai,Arani(Uzhavar Sandhai ),Onion,Bellary,Local,05/10/2025,2025,10,5,Post-Monsoon,36.7,26.0,54.0,5405.7,5613.9,5514.0
Tamil Nadu,Thiruvannamalai,Arani(Uzhavar Sandhai ),Onion,Bellary,Local,06/09/2026,2026,9,6,Monsoon,91.9,33.0,64.9,7399.0,7654.2,7519.2
Tamil Nadu,Thiruvannamalai,Arani(Uzhavar Sandhai ),Onion,Bellary,Local,07/06/2026,2026,6,7,Monsoon,100.3,33.3,59.0,7383.2,7690.3,7532.3
Tamil Nadu,Thiruvannamalai,Arani(Uzhavar Sandhai ),Onion,Bellary,Local,07/12/2025,2025,12,7,Winter,8.4,20.9,53.1,5364.1,5501.6,5443.7
Tamil Nadu,Thiruvannamalai,Arani(Uzhavar Sandhai ),Onion,Bellary,Local,08/02/2026,2026,2,8,Winter,15.1,18.9,48.3,5186.0,5394.8,5267.9
Tamil Nadu,Thiruvannamalai,Arani(Uzhavar Sandhai ),Onion,Bellary,Local,08/03/2026,2026,3,8,Summer,3.1,24.5,47.4,5719.2,5866.5,5797.7
Tamil Nadu,Thiruvannamalai,Arani(Uzhavar Sandhai ),Onion,Bellary,Local,09/08/2026,2026,8,9,Monsoon,249.0,31.9,86.4,8813.5,9018.5,8915.9
Tamil Nadu,Thiruvannamalai,Arani(Uzhavar Sandhai ),Onion,Bellary,Local,09/11/2025,2025,11,9,Post-Monsoon,44.0,22.1,55.0,5368.9,5712.8,5581.8
Tamil Nadu,Thiruvannamalai,Arani(Uzhavar Sandhai ),Onion,Bellary,Local,10/05/2026,2026,5,10,Summer,17.6,29.5,47.5,5800.3,6132.8,5952.1
Tamil Nadu,Thiruvannamalai,Arani(Uzhavar Sandhai ),Onion,Bellary,Local,11/01/2026,2026,1,11,Winter,1.9,18.8,49.7,5041.1,5261.4,5178.5
Tamil Nadu,Thiruvannamalai,Arani(Uzhavar Sandhai ),Onion,Bellary,Local,12/04/2026,2026,4,12,Summer,17.6,26.4,44.3,6023.1,6260.6,6164.8
Tamil Nadu,Thiruvannamalai,Arani(Uzhavar Sandhai ),Onion,Bellary,Local,12/07/2026,2026,7,12,Monsoon,185.3,35.1,75.1,7820.7,8072.7,7984.7
Tamil Nadu,Thiruvannamalai,Arani(Uzhavar Sandhai ),Onion,Bellary,Local,12/10/2025,2025,10,12,Post-Monsoon,33.6,26.5,50.5,5189.4,5382.5,5268.9
Tamil Nadu,Thiruvannamalai,Arani(Uzhavar Sandhai ),Onion,Bellary,Local,13/09/2026,2026,9,13,Monsoon,128.1,30.1,69.7,7468.4,7853.1,7684.4
Tamil Nadu,Thiruvannamalai,Arani(Uzhavar Sandhai ),Onion,Bellary,Local,14/06/2026,2026,6,14,Monsoon,125.0,36.3,65.2,7753.4,7939.6,7821.0
Tamil Nadu,Thiruvannamalai,Arani(Uzhavar Sandhai ),Onion,Bellary,Local,14/12/2025,2025,12,14,Winter,3.0,24.2,46.8,5140.0,5381.5,5280.2
Tamil Nadu,Thiruvannamalai,Arani(Uzhavar Sandhai ),Onion,Bellary,Local,15/02/2026,2026,2,15,Winter,15.0,17.2,51.0,5012.2,5231.7,5104.6
Tamil Nadu,Thiruvannamalai,Arani(Uzhavar Sandhai ),Onion,Bellary,Local,15/03/2026,2026,3,15,Summer,9.9,24.8,48.5,6289.5,6528.5,6376.4
Tamil Nadu,Thiruvannamalai,Arani(Uzhavar Sandhai ),Onion,Bellary,Local,16/08/2026,2026,8,16,Monsoon,82.3,34.6,53.7,6959.0,7296.8,7097.4
Tamil Nadu,Thiruvannamalai,Arani(Uzhavar Sandhai ),Onion,Bellary,Local,16/11/2025,2025,11,16,Post-Monsoon,73.3,26.5,59.6,5527.7,5809.1,5659.7
Tamil Nadu,Thiruvannamalai,Arani(Uzhavar Sandhai ),Onion,Bellary,Local,17/05/2026,2026,5,17,Summer,13.7,28.0,49.8,5869.8,6154.1,6049.5
Tamil Nadu,Thiruvannamalai,Arani(Uzhavar Sandhai ),Onion,Bellary,Local,18/01/2026,2026,1,18,Winter,7.3,21.0,42.5,5628.4,5780.8,5704.6
Tamil Nadu,Thiruvannamalai,Arani(Uzhavar Sandhai ),Onion,Bellary,Local,19/04/2026,2026,4,19,Summer,8.0,27.4,50.6,6092.8,6256.6,6171.5
Tamil Nadu,Thiruvannamalai,Arani(Uzhavar Sandhai ),Onion,Bellary,Local,19/07/2026,2026,7,19,Monsoon,198.4,32.3,74.8,8014.8,8399.7,8197.8
Tamil Nadu,Thiruvannamalai,Arani(Uzhavar Sandhai ),Onion,Bellary,Local,19/10/2025,2025,10,19,Post-Monsoon,67.3,27.6,56.0,6514.1,6736.5,6625.3
Tamil Nadu,Thiruvannamalai,Arani(Uzhavar Sandhai ),Onion,Bellary,Local,20/09/2026,2026,9,20,Monsoon,168.5,32.6,72.2,7826.8,7979.4,7905.7
Tamil Nadu,Thiruvannamalai,Arani(Uzhavar Sandhai ),Onion,Bellary,Local,21/06/2026,2026,6,21,Monsoon,110.3,33.9,62.1,7513.8,7901.0,7704.2
Tamil Nadu,Thiruvannamalai,Arani(Uzhavar Sandhai ),Onion,Bellary,Local,21/12/2025,2025,12,21,Winter,3.0,19.2,46.7,5408.6,5594.1,5508.9
Tamil Nadu,Thiruvannamalai,Arani(Uzhavar Sandhai ),Onion,Bellary,Local,22/02/2026,2026,2,22,Winter,5.8,19.0,43.5,5068.7,5328.0,5200.5
Tamil Nadu,Thiruvannamalai,Arani(Uzhavar Sandhai ),Onion,Bellary,Local,22/03/2026,2026,3,22,Summer,5.4,24.3,41.9,5683.1,5879.8,5773.5
Tamil Nadu,Thiruvannamalai,Arani(Uzhavar Sandhai ),Onion,Bellary,Local,23/08/2026,2026,8,23,Monsoon,249.1,34.1,78.9,9245.3,9407.6,9330.5
Tamil Nadu,Thiruvannamalai,Arani(Uzhavar Sandhai ),Onion,Bellary,Local,23/11/2025,2025,11,23,Post-Monsoon,59.5,24.9,51.2,5269.0,5416.0,5362.9
Tamil Nadu,Thiruvannamalai,Arani(Uzhavar Sandhai ),Onion,Bellary,Local,24/05/2026,2026,5,24,Summer,10.8,30.1,49.8,5634.8,5890.4,5800.9
Tamil Nadu,Thiruvannamalai,Arani(Uzhavar Sandhai ),Onion,Bellary,Local,25/01/2026,2026,1,25,Winter,19.8,17.4,46.3,5092.1,5338.3,5213.4
Tamil Nadu,Thiruvannamalai,Arani(Uzhavar Sandhai ),Onion,Bellary,Local,26/04/2026,2026,4,26,Summer,17.9,26.7,53.9,5955.4,6304.8,6166.2
Tamil Nadu,Thiruvannamalai,Arani(Uzhavar Sandhai ),Onion,Bellary,Local,26/07/2026,2026,7,26,Monsoon,120.9,36.0,65.9,8082.7,8470.7,8300.4
Tamil Nadu,Thiruvannamalai,Arani(Uzhavar Sandhai ),Onion,Bellary,Local,26/10/2025,2025,10,26,Post-Monsoon,57.9,28.3,54.6,5519.7,5775.3,5654.4
Tamil Nadu,Thiruvannamalai,Arani(Uzhavar Sandhai ),Onion,Bellary,Local,28/06/2026,2026,6,28,Monsoon,172.4,35.4,74.9,8303.7,8602.8,8431.0
Tamil Nadu,Thiruvannamalai,Arani(Uzhavar Sandhai ),Onion,Bellary,Local,28/12/2025,2025,12,28,Winter,6.8,20.1,44.6,5147.5,5304.7,5236.2
Tamil Nadu,Thiruvannamalai,Arani(Uzhavar Sandhai ),Onion,Bellary,Local,29/03/2026,2026,3,29,Summer,0.1,22.6,44.7,5614.9,5853.3,5716.9
Tamil Nadu,Thiruvannamalai,Arani(Uzhavar Sandhai ),Onion,Bellary,Local,30/08/2026,2026,8,30,Monsoon,98.1,36.2,59.8,7653.0,7790.0,7735.4
Tamil Nadu,Thiruvannamalai,Arani(Uzhavar Sandhai ),Onion,Bellary,Local,30/11/2025,2025,11,30,Post-Monsoon,54.8,22.7,56.8,5822.2,5975.8,5892.1
Tamil Nadu,Thiruvannamalai,Arani(Uzhavar Sandhai ),Onion,Bellary,Local,31/05/2026,2026,5,31,Summer,9.4,31.2,42.4,6328.7,6517.7,6395.2
Tamil Nadu,Thiruvannamalai,Chengam(Uzhavar Sandhai ),Onion,Bellary,Local,01/02/2026,2026,2,1,Winter,12.0,20.1,43.3,4390.6,4643.2,4520.1
Tamil Nadu,Thiruvannamalai,Chengam(Uzhavar Sandhai ),Onion,Bellary,Local,01/03/2026,2026,3,1,Summer,15.6,21.3,42.4,5411.0,5676.0,5526.7
Tamil Nadu,Thiruvannamalai,Chengam(Uzhavar Sandhai ),Onion,Bellary,Local,02/08/2026,2026,8,2,Monsoon,210.0,33.3,78.6,7745.6,8070.1,7916.0
Tamil Nadu,Thiruvannamalai,Chengam(Uzhavar Sandhai ),Onion,Bellary,Local,02/11/2025,2025,11,2,Post-Monsoon,75.8,21.7,60.1,5167.6,5569.8,5346.4
Tamil Nadu,Thiruvannamalai,Chengam(Uzhavar Sandhai ),Onion,Bellary,Local,03/05/2026,2026,5,3,Summer,2.0,31.1,42.8,5759.7,6022.3,5892.7
Tamil Nadu,Thiruvannamalai,Chengam(Uzhavar Sandhai ),Onion,Bellary,Local,04/01/2026,2026,1,4,Winter,11.9,18.8,45.5,5176.0,5450.4,5287.4
Tamil Nadu,Thiruvannamalai,Chengam(Uzhavar Sandhai ),Onion,Bellary,Local,05/04/2026,2026,4,5,Summer,11.9,26.5,52.6,5740.9,5918.4,5826.9
Tamil Nadu,Thiruvannamalai,Chengam(Uzhavar Sandhai ),Onion,Bellary,Local,05/07/2026,2026,7,5,Monsoon,157.3,34.4,66.9,7700.0,8058.6,7878.5
Tamil Nadu,Thiruvannamalai,Chengam(Uzhavar Sandhai ),Onion,Bellary,Local,05/10/2025,2025,10,5,Post-Monsoon,65.5,27.0,52.9,5339.6,5546.4,5421.6
Tamil Nadu,Thiruvannamalai,Chengam(Uzhavar Sandhai ),Onion,Bellary,Local,06/09/2026,2026,9,6,Monsoon,168.7,30.4,68.7,8048.1,8339.3,8206.9
Tamil Nadu,Thiruvannamalai,Chengam(Uzhavar Sandhai ),Onion,Bellary,Local,07/06/2026,2026,6,7,Monsoon,210.4,32.4,78.5,7427.3,7613.1,7517.6
Tamil Nadu,Thiruvannamalai,Chengam(Uzhavar Sandhai ),Onion,Bellary,Local,07/12/2025,2025,12,7,Winter,16.8,20.2,47.6,4907.7,5261.7,5089.9
Tamil Nadu,Thiruvannamalai,Chengam(Uzhavar Sandhai ),Onion,Bellary,Local,08/02/2026,2026,2,8,Winter,0.1,18.8,43.7,4736.0,4886.5,4812.2
Tamil Nadu,Thiruvannamalai,Chengam(Uzhavar Sandhai ),Onion,Bellary,Local,08/03/2026,2026,3,8,Summer,9.3,24.5,44.3,5670.3,5916.4,5771.0
Tamil Nadu,Thiruvannamalai,Chengam(Uzhavar Sandhai ),Onion,Bellary,Local,09/08/2026,2026,8,9,Monsoon,189.6,34.1,77.9,7977.8,8118.3,8043.5
Tamil Nadu,Thiruvannamalai,Chengam(Uzhavar Sandhai ),Onion,Bellary,Local,09/11/2025,2025,11,9,Post-Monsoon,40.8,22.3,55.3,5109.9,5435.3,5302.7
Tamil Nadu,Thiruvannamalai,Chengam(Uzhavar Sandhai ),Onion,Bellary,Local,10/05/2026,2026,5,10,Summer,6.4,30.5,43.8,5363.7,5661.2,5529.9
Tamil Nadu,Thiruvannamalai,Chengam(Uzhavar Sandhai ),Onion,Bellary,Local,11/01/2026,2026,1,11,Winter,14.2,18.6,47.2,4992.2,5177.9,5091.8
Tamil Nadu,Thiruvannamalai,Chengam(Uzhavar Sandhai ),Onion,Bellary,Local,12/04/2026,2026,4,12,Summer,19.2,25.6,48.4,5440.6,5751.4,5608.9
Tamil Nadu,Thiruvannamalai,Chengam(Uzhavar Sandhai ),Onion,Bellary,Local,12/07/2026,2026,7,12,Monsoon,189.2,34.7,76.0,7640.9,7885.4,7762.6
Tamil Nadu,Thiruvannamalai,Chengam(Uzhavar Sandhai ),Onion,Bellary,Local,12/10/2025,2025,10,12,Post-Monsoon,23.5,27.7,45.6,5382.2,5604.1,5488.6
Tamil Nadu,Thiruvannamalai,Chengam(Uzhavar Sandhai ),Onion,Bellary,Local,13/09/2026,2026,9,13,Monsoon,203.7,31.9,77.0,7772.9,7942.7,7881.1
Tamil Nadu,Thiruvannamalai,Chengam(Uzhavar Sandhai ),Onion,Bellary,Local,14/06/2026,2026,6,14,Monsoon,98.4,34.8,62.7,7545.0,7701.7,7631.9
Tamil Nadu,Thiruvannamalai,Chengam(Uzhavar Sandhai ),Onion,Bellary,Local,14/12/2025,2025,12,14,Winter,6.6,18.3,48.1,4714.4,4997.5,4826.1
Tamil Nadu,Thiruvannamalai,Chengam(Uzhavar Sandhai ),Onion,Bellary,Local,15/02/2026,2026,2,15,Winter,1.9,18.4,43.6,5124.3,5254.6,5188.8
Tamil Nadu,Thiruvannamalai,Chengam(Uzhavar Sandhai ),Onion,Bellary,Local,15/03/2026,2026,3,15,Summer,0.9,24.7,45.4,5581.4,5828.0,5699.5
Tamil Nadu,Thiruvannamalai,Chengam(Uzhavar Sandhai ),Onion,Bellary,Local,16/08/2026,2026,8,16,Monsoon,215.5,36.5,81.1,7884.9,8091.8,7999.0
Tamil Nadu,Thiruvannamalai,Chengam(Uzhavar Sandhai ),Onion,Bellary,Local,16/11/2025,2025,11,16,Post-Monsoon,47.9,23.5,54.1,5626.9,5772.0,5713.4
Tamil Nadu,Thiruvannamalai,Chengam(Uzhavar Sandhai ),Onion,Bellary,Local,17/05/2026,2026,5,17,Summer,16.4,31.2,46.8,6059.2,6424.9,6259.7
Tamil Nadu,Thiruvannamalai,Chengam(Uzhavar Sandhai ),Onion,Bellary,Local,18/01/2026,2026,1,18,Winter,7.1,19.0,52.4,5106.0,5373.0,5251.8
Tamil Nadu,Thiruvannamalai,Chengam(Uzhavar Sandhai ),Onion,Bellary,Local,19/04/2026,2026,4,19,Summer,2.9,29.9,43.1,5853.1,6029.3,5967.3
Tamil Nadu,Thiruvannamalai,Chengam(Uzhavar Sandhai ),Onion,Bellary,Local,19/07/2026,2026,7,19,Monsoon,129.6,34.5,62.1,6695.4,6992.9,6857.9
Tamil Nadu,Thiruvannamalai,Chengam(Uzhavar Sandhai ),Onion,Bellary,Local,19/10/2025,2025,10,19,Post-Monsoon,60.1,24.0,56.8,5791.9,5966.6,5876.4
Tamil Nadu,Thiruvannamalai,Chengam(Uzhavar Sandhai ),Onion,Bellary,Local,20/09/2026,2026,9,20,Monsoon,216.3,30.7,74.9,8002.1,8196.8,8080.1
Tamil Nadu,Thiruvannamalai,Chengam(Uzhavar Sandhai ),Onion,Bellary,Local,21/06/2026,2026,6,21,Monsoon,185.5,32.3,76.8,8248.2,8632.5,8424.1
Tamil Nadu,Thiruvannamalai,Chengam(Uzhavar Sandhai ),Onion,Bellary,Local,21/12/2025,2025,12,21,Winter,5.8,17.7,43.1,4883.5,5051.9,4951.2
Tamil Nadu,Thiruvannamalai,Chengam(Uzhavar Sandhai ),Onion,Bellary,Local,22/02/2026,2026,2,22,Winter,10.5,21.9,49.0,4750.5,4979.5,4843.3
Tamil Nadu,Thiruvannamalai,Chengam(Uzhavar Sandhai ),Onion,Bellary,Local,22/03/2026,2026,3,22,Summer,2.8,23.2,50.8,5725.8,6038.1,5863.3
Tamil Nadu,Thiruvannamalai,Chengam(Uzhavar Sandhai ),Onion,Bellary,Local,23/08/2026,2026,8,23,Monsoon,162.6,33.0,73.8,7535.3,7854.0,7687.4
Tamil Nadu,Thiruvannamalai,Chengam(Uzhavar Sandhai ),Onion,Bellary,Local,23/11/2025,2025,11,23,Post-Monsoon,37.2,22.5,42.0,5201.8,5443.5,5331.6
Tamil Nadu,Thiruvannamalai,Chengam(Uzhavar Sandhai ),Onion,Bellary,Local,24/05/2026,2026,5,24,Summer,3.0,30.3,45.0,6024.2,6176.7,6111.3
Tamil Nadu,Thiruvannamalai,Chengam(Uzhavar Sandhai ),Onion,Bellary,Local,25/01/2026,2026,1,25,Winter,13.4,18.5,45.4,4721.9,5078.7,4916.8
Tamil Nadu,Thiruvannamalai,Chengam(Uzhavar Sandhai ),Onion,Bellary,Local,26/04/2026,2026,4,26,Summer,19.7,27.6,49.4,5993.4,6205.1,6100.8
Tamil Nadu,Thiruvannamalai,Chengam(Uzhavar Sandhai ),Onion,Bellary,Local,26/07/2026,2026,7,26,Monsoon,150.4,33.2,67.0,7994.9,8312.3,8173.9
Tamil Nadu,Thiruvannamalai,Chengam(Uzhavar Sandhai ),Onion,Bellary,Local,26/10/2025,2025,10,26,Post-Monsoon,59.6,26.7,51.0,5186.4,5532.0,5380.0
Tamil Nadu,Thiruvannamalai,Chengam(Uzhavar Sandhai ),Onion,Bellary,Local,28/06/2026,2026,6,28,Monsoon,179.0,35.7,76.8,7144.1,7492.3,7310.8
Tamil Nadu,Thiruvannamalai,Chengam(Uzhavar Sandhai ),Onion,Bellary,Local,28/12/2025,2025,12,28,Winter,15.0,19.3,43.9,4998.1,5212.5,5111.7
Tamil Nadu,Thiruvannamalai,Chengam(Uzhavar Sandhai ),Onion,Bellary,Local,29/03/2026,2026,3,29,Summer,10.4,21.8,46.7,5820.5,5962.9,5899.4
Tamil Nadu,Thiruvannamalai,Chengam(Uzhavar Sandhai ),Onion,Bellary,Local,30/08/2026,2026,8,30,Monsoon,89.4,32.5,64.4,7205.4,7640.1,7436.4
Tamil Nadu,Thiruvannamalai,Chengam(Uzhavar Sandhai ),Onion,Bellary,Local,30/11/2025,2025,11,30,Post-Monsoon,30.5,22.2,54.1,5670.2,5981.9,5863.5
Tamil Nadu,Thiruvannamalai,Chengam(Uzhavar Sandhai ),Onion,Bellary,Local,31/05/2026,2026,5,31,Summer,1.0,30.9,47.9,5895.6,6195.2,6007.1
Tamil Nadu,Thiruvannamalai,Cheyyar(Uzhavar Sandhai ),Onion,Bellary,Local,01/02/2026,2026,2,1,Winter,0.0,21.1,45.7,5222.7,5363.5,5304.3
Tamil Nadu,Thiruvannamalai,Cheyyar(Uzhavar Sandhai ),Onion,Bellary,Local,01/03/2026,2026,3,1,Summer,13.2,20.8,49.6,5766.9,6084.7,5915.7
Tamil Nadu,Thiruvannamalai,Cheyyar(Uzhavar Sandhai ),Onion,Bellary,Local,02/08/2026,2026,8,2,Monsoon,241.5,34.2,81.7,9140.2,9375.2,9263.7
Tamil Nadu,Thiruvannamalai,Cheyyar(Uzhavar Sandhai ),Onion,Bellary,Local,02/11/2025,2025,11,2,Post-Monsoon,60.0,25.5,54.3,5625.8,5816.6,5722.7
Tamil Nadu,Thiruvannamalai,Cheyyar(Uzhavar Sandhai ),Onion,Bellary,Local,03/05/2026,2026,5,3,Summer,1.3,33.3,49.2,5843.4,6146.4,6010.3
Tamil Nadu,Thiruvannamalai,Cheyyar(Uzhavar Sandhai ),Onion,Bellary,Local,04/01/2026,2026,1,4,Winter,12.9,18.3,46.6,5096.3,5441.3,5253.3
Tamil Nadu,Thiruvannamalai,Cheyyar(Uzhavar Sandhai ),Onion,Bellary,Local,05/04/2026,2026,4,5,Summer,5.1,26.5,41.4,5872.1,6139.4,5977.0
Tamil Nadu,Thiruvannamalai,Cheyyar(Uzhavar Sandhai ),Onion,Bellary,Local,05/07/2026,2026,7,5,Monsoon,190.1,33.7,77.1,8233.5,8556.4,8428.1
Tamil Nadu,Thiruvannamalai,Cheyyar(Uzhavar Sandhai ),Onion,Bellary,Local,05/10/2025,2025,10,5,Post-Monsoon,39.2,25.2,48.2,5680.8,5914.9,5803.6
Tamil Nadu,Thiruvannamalai,Cheyyar(Uzhavar Sandhai ),Onion,Bellary,Local,06/09/2026,2026,9,6,Monsoon,191.3,32.0,73.3,7845.5,8009.5,7922.1
Tamil Nadu,Thiruvannamalai,Cheyyar(Uzhavar Sandhai ),Onion,Bellary,Local,07/06/2026,2026,6,7,Monsoon,115.7,31.5,60.7,7214.8,7483.2,7363.9
Tamil Nadu,Thiruvannamalai,Cheyyar(Uzhavar Sandhai ),Onion,Bellary,Local,07/12/2025,2025,12,7,Winter,17.4,21.8,45.7,5346.4,5608.3,5474.8
Tamil Nadu,Thiruvannamalai,Cheyyar(Uzhavar Sandhai ),Onion,Bellary,Local,08/02/2026,2026,2,8,Winter,14.7,18.4,46.3,4752.5,5014.6,4857.9
Tamil Nadu,Thiruvannamalai,Cheyyar(Uzhavar Sandhai ),Onion,Bellary,Local,08/03/2026,2026,3,8,Summer,5.0,22.6,42.3,5703.7,5851.2,5766.6
Tamil Nadu,Thiruvannamalai,Cheyyar(Uzhavar Sandhai ),Onion,Bellary,Local,09/08/2026,2026,8,9,Monsoon,229.4,34.5,79.4,8223.7,8434.4,8351.8
Tamil Nadu,Thiruvannamalai,Cheyyar(Uzhavar Sandhai ),Onion,Bellary,Local,09/11/2025,2025,11,9,Post-Monsoon,47.0,21.9,46.8,5407.3,5669.7,5553.7
Tamil Nadu,Thiruvannamalai,Cheyyar(Uzhavar Sandhai ),Onion,Bellary,Local,10/05/2026,2026,5,10,Summer,2.4,32.5,47.4,5934.2,6136.5,6042.2
Tamil Nadu,Thiruvannamalai,Cheyyar(Uzhavar Sandhai ),Onion,Bellary,Local,11/01/2026,2026,1,11,Winter,0.7,18.3,41.2,4958.3,5196.0,5042.5
Tamil Nadu,Thiruvannamalai,Cheyyar(Uzhavar Sandhai ),Onion,Bellary,Local,12/04/2026,2026,4,12,Summer,18.1,24.1,50.6,5679.0,6008.4,5823.5
Tamil Nadu,Thiruvannamalai,Cheyyar(Uzhavar Sandhai ),Onion,Bellary,Local,12/07/2026,2026,7,12,Monsoon,219.7,34.3,81.7,8800.7,8968.3,8889.4
Tamil Nadu,Thiruvannamalai,Cheyyar(Uzhavar Sandhai ),Onion,Bellary,Local,12/10/2025,2025,10,12,Post-Monsoon,38.8,24.8,49.5,5042.7,5386.5,5241.5
Tamil Nadu,Thiruvannamalai,Cheyyar(Uzhavar Sandhai ),Onion,Bellary,Local,13/09/2026,2026,9,13,Monsoon,115.6,32.3,63.2,7686.3,7977.7,7792.1
Tamil Nadu,Thiruvannamalai,Cheyyar(Uzhavar Sandhai ),Onion,Bellary,Local,14/06/2026,2026,6,14,Monsoon,163.4,33.5,72.5,8178.2,8435.3,8281.1
Tamil Nadu,Thiruvannamalai,Cheyyar(Uzhavar Sandhai ),Onion,Bellary,Local,14/12/2025,2025,12,14,Winter,15.0,20.3,54.4,5290.6,5522.9,5379.4
Tamil Nadu,Thiruvannamalai,Cheyyar(Uzhavar Sandhai ),Onion,Bellary,Local,15/02/2026,2026,2,15,Winter,6.1,18.6,47.3,4952.0,5182.4,5047.9
Tamil Nadu,Thiruvannamalai,Cheyyar(Uzhavar Sandhai ),Onion,Bellary,Local,15/03/2026,2026,3,15,Summer,17.9,18.8,51.3,5502.6,5800.5,5619.7
Tamil Nadu,Thiruvannamalai,Cheyyar(Uzhavar Sandhai ),Onion,Bellary,Local,16/08/2026,2026,8,16,Monsoon,126.7,33.8,63.9,7279.7,7581.2,7450.9
Tamil Nadu,Thiruvannamalai,Cheyyar(Uzhavar Sandhai ),Onion,Bellary,Local,16/11/2025,2025,11,16,Post-Monsoon,39.2,22.2,49.1,5651.2,5813.0,5711.4
Tamil Nadu,Thiruvannamalai,Cheyyar(Uzhavar Sandhai ),Onion,Bellary,Local,17/05/2026,2026,5,17,Summer,2.7,28.2,41.0,6160.6,6460.2,6301.4
Tamil Nadu,Thiruvannamalai,Cheyyar(Uzhavar Sandhai ),Onion,Bellary,Local,18/01/2026,2026,1,18,Winter,4.5,18.8,48.0,5089.9,5406.0,5205.3
Tamil Nadu,Thiruvannamalai,Cheyyar(Uzhavar Sandhai ),Onion,Bellary,Local,19/04/2026,2026,4,19,Summer,18.9,24.3,50.2,5616.0,5752.3,5678.6
Tamil Nadu,Thiruvannamalai,Cheyyar(Uzhavar Sandhai ),Onion,Bellary,Local,19/07/2026,2026,7,19,Monsoon,166.7,32.3,75.0,7155.5,7440.8,7332.5
Tamil Nadu,Thiruvannamalai,Cheyyar(Uzhavar Sandhai ),Onion,Bellary,Local,19/10/2025,2025,10,19,Post-Monsoon,71.7,26.2,52.9,5760.6,6066.9,5907.1
Tamil Nadu,Thiruvannamalai,Cheyyar(Uzhavar Sandhai ),Onion,Bellary,Local,20/09/2026,2026,9,20,Monsoon,176.6,30.2,77.2,7785.1,7960.9,7894.0
Tamil Nadu,Thiruvannamalai,Cheyyar(Uzhavar Sandhai ),Onion,Bellary,Local,21/06/2026,2026,6,21,Monsoon,178.1,32.8,70.9,7826.4,8096.2,7980.5
Tamil Nadu,Thiruvannamalai,Cheyyar(Uzhavar Sandhai ),Onion,Bellary,Local,21/12/2025,2025,12,21,Winter,14.9,18.4,44.1,5007.2,5330.5,5180.4
Tamil Nadu,Thiruvannamalai,Cheyyar(Uzhavar Sandhai ),Onion,Bellary,Local,22/02/2026,2026,2,22,Winter,5.2,20.7,47.2,4873.6,5033.8,4945.4
Tamil Nadu,Thiruvannamalai,Cheyyar(Uzhavar Sandhai ),Onion,Bellary,Local,22/03/2026,2026,3,22,Summer,11.0,22.8,45.7,5591.8,5848.0,5754.0
Tamil Nadu,Thiruvannamalai,Cheyyar(Uzhavar Sandhai ),Onion,Bellary,Local,23/08/2026,2026,8,23,Monsoon,236.7,34.6,85.3,8722.8,8959.6,8840.7
Tamil Nadu,Thiruvannamalai,Cheyyar(Uzhavar Sandhai ),Onion,Bellary,Local,23/11/2025,2025,11,23,Post-Monsoon,65.1,24.2,58.3,5656.5,5904.3,5753.2
Tamil Nadu,Thiruvannamalai,Cheyyar(Uzhavar Sandhai ),Onion,Bellary,Local,24/05/2026,2026,5,24,Summer,7.2,31.1,49.1,6458.9,6658.1,6580.8
Tamil Nadu,Thiruvannamalai,Cheyyar(Uzhavar Sandhai ),Onion,Bellary,Local,25/01/2026,2026,1,25,Winter,18.1,19.5,50.0,5112.0,5340.7,5242.9
Tamil Nadu,Thiruvannamalai,Cheyyar(Uzhavar Sandhai ),Onion,Bellary,Local,26/04/2026,2026,4,26,Summer,4.1,30.4,42.8,5663.7,5995.1,5836.5
Tamil Nadu,Thiruvannamalai,Cheyyar(Uzhavar Sandhai ),Onion,Bellary,Local,26/07/2026,2026,7,26,Monsoon,144.8,34.4,69.2,7394.3,7714.3,7586.8
Tamil Nadu,Thiruvannamalai,Cheyyar(Uzhavar Sandhai ),Onion,Bellary,Local,26/10/2025,2025,10,26,Post-Monsoon,73.4,28.4,56.3,5726.2,6024.8,5845.8
Tamil Nadu,Thiruvannamalai,Cheyyar(Uzhavar Sandhai ),Onion,Bellary,Local,28/06/2026,2026,6,28,Monsoon,171.4,35.9,74.8,7660.8,7797.3,7721.0
Tamil Nadu,Thiruvannamalai,Cheyyar(Uzhavar Sandhai ),Onion,Bellary,Local,28/12/2025,2025,12,28,Winter,8.3,20.9,43.1,5358.4,5605.0,5489.8
Tamil Nadu,Thiruvannamalai,Cheyyar(Uzhavar Sandhai ),Onion,Bellary,Local,29/03/2026,2026,3,29,Summer,18.7,22.3,46.1,5882.7,6072.2,5973.9
Tamil Nadu,Thiruvannamalai,Cheyyar(Uzhavar Sandhai ),Onion,Bellary,Local,30/08/2026,2026,8,30,Monsoon,197.0,33.5,72.2,8338.9,8625.7,8480.5
Tamil Nadu,Thiruvannamalai,Cheyyar(Uzhavar Sandhai ),Onion,Bellary,Local,30/11/2025,2025,11,30,Post-Monsoon,66.7,26.1,48.9,5720.1,5939.6,5828.2
Tamil Nadu,Thiruvannamalai,Cheyyar(Uzhavar Sandhai ),Onion,Bellary,Local,31/05/2026,2026,5,31,Summer,1.1,31.9,51.7,5470.8,5797.5,5594.1
Tamil Nadu,Thiruvannamalai,Polur(Uzhavar Sandhai ),Onion,Bellary,Local,01/02/2026,2026,2,1,Winter,18.9,18.7,45.9,4985.3,5224.1,5076.4
Tamil Nadu,Thiruvannamalai,Polur(Uzhavar Sandhai ),Onion,Bellary,Local,01/03/2026,2026,3,1,Summer,5.7,23.9,45.4,5677.6,5999.6,5842.5
Tamil Nadu,Thiruvannamalai,Polur(Uzhavar Sandhai ),Onion,Bellary,Local,02/08/2026,2026,8,2,Monsoon,179.3,31.3,73.8,7330.7,7787.0,7562.6
Tamil Nadu,Thiruvannamalai,Polur(Uzhavar Sandhai ),Onion,Bellary,Local,02/11/2025,2025,11,2,Post-Monsoon,59.2,19.5,50.9,5800.5,5987.3,5876.7
Tamil Nadu,Thiruvannamalai,Polur(Uzhavar Sandhai ),Onion,Bellary,Local,03/05/2026,2026,5,3,Summer,8.0,30.7,43.4,5457.3,5808.0,5639.4
Tamil Nadu,Thiruvannamalai,Polur(Uzhavar Sandhai ),Onion,Bellary,Local,04/01/2026,2026,1,4,Winter,13.4,19.3,51.4,4890.6,5015.9,4946.1
Tamil Nadu,Thiruvannamalai,Polur(Uzhavar Sandhai ),Onion,Bellary,Local,05/04/2026,2026,4,5,Summer,7.5,26.2,50.4,5375.1,5728.8,5557.1
Tamil Nadu,Thiruvannamalai,Polur(Uzhavar Sandhai ),Onion,Bellary,Local,05/07/2026,2026,7,5,Monsoon,145.1,35.2,66.4,7212.0,7535.1,7341.6
Tamil Nadu,Thiruvannamalai,Polur(Uzhavar Sandhai ),Onion,Bellary,Local,05/10/2025,2025,10,5,Post-Monsoon,77.0,28.3,55.0,5376.1,5640.0,5498.3
Tamil Nadu,Thiruvannamalai,Polur(Uzhavar Sandhai ),Onion,Bellary,Local,06/09/2026,2026,9,6,Monsoon,106.6,32.4,69.9,7511.0,7839.7,7695.5
Tamil Nadu,Thiruvannamalai,Polur(Uzhavar Sandhai ),Onion,Bellary,Local,07/06/2026,2026,6,7,Monsoon,248.2,33.6,80.8,8112.7,8385.2,8228.7
Tamil Nadu,Thiruvannamalai,Polur(Uzhavar Sandhai ),Onion,Bellary,Local,07/12/2025,2025,12,7,Winter,4.2,19.7,44.2,4890.6,5121.5,5000.4
Tamil Nadu,Thiruvannamalai,Polur(Uzhavar Sandhai ),Onion,Bellary,Local,08/02/2026,2026,2,8,Winter,7.7,20.0,49.3,4924.9,5320.7,5122.0
Tamil Nadu,Thiruvannamalai,Polur(Uzhavar Sandhai ),Onion,Bellary,Local,08/03/2026,2026,3,8,Summer,19.1,23.2,44.0,6181.8,6495.5,6334.5
Tamil Nadu,Thiruvannamalai,Polur(Uzhavar Sandhai ),Onion,Bellary,Local,09/08/2026,2026,8,9,Monsoon,141.2,36.9,70.6,7249.5,7547.0,7419.4
Tamil Nadu,Thiruvannamalai,Polur(Uzhavar Sandhai ),Onion,Bellary,Local,09/11/2025,2025,11,9,Post-Monsoon,24.0,20.3,50.6,5177.7,5560.4,5359.5
Tamil Nadu,Thiruvannamalai,Polur(Uzhavar Sandhai ),Onion,Bellary,Local,10/05/2026,2026,5,10,Summer,16.7,29.9,49.7,5555.6,5875.1,5720.4
Tamil Nadu,Thiruvannamalai,Polur(Uzhavar Sandhai ),Onion,Bellary,Local,11/01/2026,2026,1,11,Winter,1.7,17.4,42.3,5124.7,5463.9,5286.3
Tamil Nadu,Thiruvannamalai,Polur(Uzhavar Sandhai ),Onion,Bellary,Local,12/04/2026,2026,4,12,Summer,9.9,30.1,46.6,5853.5,6169.1,6039.4
Tamil Nadu,Thiruvannamalai,Polur(Uzhavar Sandhai ),Onion,Bellary,Local,12/07/2026,2026,7,12,Monsoon,232.0,34.3,80.7,7822.5,8089.2,7955.3
Tamil Nadu,Thiruvannamalai,Polur(Uzhavar Sandhai ),Onion,Bellary,Local,12/10/2025,2025,10,12,Post-Monsoon,46.3,24.5,55.2,5031.6,5318.5,5155.6
Tamil Nadu,Thiruvannamalai,Polur(Uzhavar Sandhai ),Onion,Bellary,Local,13/09/2026,2026,9,13,Monsoon,119.7,32.4,62.8,7439.3,7569.8,7496.6
Tamil Nadu,Thiruvannamalai,Polur(Uzhavar Sandhai ),Onion,Bellary,Local,14/06/2026,2026,6,14,Monsoon,209.4,33.1,83.6,7967.3,8111.2,8037.0
Tamil Nadu,Thiruvannamalai,Polur(Uzhavar Sandhai ),Onion,Bellary,Local,14/12/2025,2025,12,14,Winter,10.2,21.7,44.7,4873.4,5140.8,5002.5
Tamil Nadu,Thiruvannamalai,Polur(Uzhavar Sandhai ),Onion,Bellary,Local,15/02/2026,2026,2,15,Winter,13.4,22.6,44.2,4836.1,5030.7,4926.4
Tamil Nadu,Thiruvannamalai,Polur(Uzhavar Sandhai ),Onion,Bellary,Local,15/03/2026,2026,3,15,Summer,14.6,21.8,50.7,5921.1,6206.9,6096.2
Tamil Nadu,Thiruvannamalai,Polur(Uzhavar Sandhai ),Onion,Bellary,Local,16/08/2026,2026,8,16,Monsoon,221.7,31.8,86.9,7831.5,8119.2,7969.4
Tamil Nadu,Thiruvannamalai,Polur(Uzhavar Sandhai ),Onion,Bellary,Local,16/11/2025,2025,11,16,Post-Monsoon,56.0,20.4,52.1,5735.8,6085.3,5907.7
Tamil Nadu,Thiruvannamalai,Polur(Uzhavar Sandhai ),Onion,Bellary,Local,17/05/2026,2026,5,17,Summer,4.8,32.6,43.5,5723.9,6025.6,5874.7
Tamil Nadu,Thiruvannamalai,Polur(Uzhavar Sandhai ),Onion,Bellary,Local,18/01/2026,2026,1,18,Winter,11.9,17.1,48.8,4778.0,5064.8,4908.0
Tamil Nadu,Thiruvannamalai,Polur(Uzhavar Sandhai ),Onion,Bellary,Local,19/04/2026,2026,4,19,Summer,11.5,27.1,50.8,5875.1,6039.9,5946.4
Tamil Nadu,Thiruvannamalai,Polur(Uzhavar Sandhai ),Onion,Bellary,Local,19/07/2026,2026,7,19,Monsoon,174.3,33.8,75.2,7378.2,7605.9,7519.7
Tamil Nadu,Thiruvannamalai,Polur(Uzhavar Sandhai ),Onion,Bellary,Local,19/10/2025,2025,10,19,Post-Monsoon,44.9,27.0,58.5,5115.4,5275.2,5178.1
Tamil Nadu,Thiruvannamalai,Polur(Uzhavar Sandhai ),Onion,Bellary,Local,20/09/2026,2026,9,20,Monsoon,157.6,29.5,76.6,7533.8,7719.4,7614.0
Tamil Nadu,Thiruvannamalai,Polur(Uzhavar Sandhai ),Onion,Bellary,Local,21/06/2026,2026,6,21,Monsoon,225.3,32.5,82.9,8241.0,8631.2,8407.7
Tamil Nadu,Thiruvannamalai,Polur(Uzhavar Sandhai ),Onion,Bellary,Local,21/12/2025,2025,12,21,Winter,2.8,19.9,41.7,4528.8,4683.4,4619.4
Tamil Nadu,Thiruvannamalai,Polur(Uzhavar Sandhai ),Onion,Bellary,Local,22/02/2026,2026,2,22,Winter,1.0,21.6,43.7,4962.4,5114.9,5028.2
Tamil Nadu,Thiruvannamalai,Polur(Uzhavar Sandhai ),Onion,Bellary,Local,22/03/2026,2026,3,22,Summer,0.8,22.9,45.8,5375.7,5685.7,5541.3
Tamil Nadu,Thiruvannamalai,Polur(Uzhavar Sandhai ),Onion,Bellary,Local,23/08/2026,2026,8,23,Monsoon,86.9,35.4,65.9,6563.5,6822.4,6714.9
Tamil Nadu,Thiruvannamalai,Polur(Uzhavar Sandhai ),Onion,Bellary,Local,23/11/2025,2025,11,23,Post-Monsoon,51.5,21.4,51.0,5443.1,5663.9,5535.8
Tamil Nadu,Thiruvannamalai,Polur(Uzhavar Sandhai ),Onion,Bellary,Local,24/05/2026,2026,5,24,Summer,0.9,30.3,40.6,5395.1,5543.1,5457.6
Tamil Nadu,Thiruvannamalai,Polur(Uzhavar Sandhai ),Onion,Bellary,Local,25/01/2026,2026,1,25,Winter,4.1,18.8,41.8,4751.4,5080.4,4919.7
Tamil Nadu,Thiruvannamalai,Polur(Uzhavar Sandhai ),Onion,Bellary,Local,26/04/2026,2026,4,26,Summer,19.8,27.4,47.4,5803.4,6043.9,5932.3
Tamil Nadu,Thiruvannamalai,Polur(Uzhavar Sandhai ),Onion,Bellary,Local,26/07/2026,2026,7,26,Monsoon,126.9,34.7,62.9,7177.0,7547.2,7359.6
Tamil Nadu,Thiruvannamalai,Polur(Uzhavar Sandhai ),Onion,Bellary,Local,26/10/2025,2025,10,26,Post-Monsoon,36.4,26.1,51.7,5289.3,5516.4,5437.4
Tamil Nadu,Thiruvannamalai,Polur(Uzhavar Sandhai ),Onion,Bellary,Local,28/06/2026,2026,6,28,Monsoon,155.9,35.5,70.9,7400.6,7709.6,7539.6
Tamil Nadu,Thiruvannamalai,Polur(Uzhavar Sandhai ),Onion,Bellary,Local,28/12/2025,2025,12,28,Winter,14.1,17.3,54.4,4821.1,4974.8,4913.8
Tamil Nadu,Thiruvannamalai,Polur(Uzhavar Sandhai ),Onion,Bellary,Local,29/03/2026,2026,3,29,Summer,5.9,23.4,45.3,6193.7,6382.9,6290.5
Tamil Nadu,Thiruvannamalai,Polur(Uzhavar Sandhai ),Onion,Bellary,Local,30/08/2026,2026,8,30,Monsoon,230.3,36.4,79.4,8037.4,8251.3,8132.1
Tamil Nadu,Thiruvannamalai,Polur(Uzhavar Sandhai ),Onion,Bellary,Local,30/11/2025,2025,11,30,Post-Monsoon,54.0,22.4,54.7,5045.0,5241.0,5148.1
Tamil Nadu,Thiruvannamalai,Polur(Uzhavar Sandhai ),Onion,Bellary,Local,31/05/2026,2026,5,31,Summer,8.8,29.8,43.4,5458.4,5712.4,5571.2
Tamil Nadu,Thiruvannamalai,Tiruvannamalai(Uzhavar Sandhai ),Onion,Bellary,Local,01/02/2026,2026,2,1,Winter,6.8,21.7,45.9,5816.3,6057.7,5935.1
Tamil Nadu,Thiruvannamalai,Tiruvannamalai(Uzhavar Sandhai ),Onion,Bellary,Local,01/03/2026,2026,3,1,Summer,4.5,21.7,47.8,6587.7,6747.8,6673.7
Tamil Nadu,Thiruvannamalai,Tiruvannamalai(Uzhavar Sandhai ),Onion,Bellary,Local,02/08/2026,2026,8,2,Monsoon,245.2,33.8,84.8,8775.9,9050.3,8935.9
Tamil Nadu,Thiruvannamalai,Tiruvannamalai(Uzhavar Sandhai ),Onion,Bellary,Local,02/11/2025,2025,11,2,Post-Monsoon,29.8,20.6,48.9,6108.7,6339.9,6253.3
Tamil Nadu,Thiruvannamalai,Tiruvannamalai(Uzhavar Sandhai ),Onion,Bellary,Local,03/05/2026,2026,5,3,Summer,2.9,29.7,40.3,6636.5,6813.1,6736.3
Tamil Nadu,Thiruvannamalai,Tiruvannamalai(Uzhavar Sandhai ),Onion,Bellary,Local,04/01/2026,2026,1,4,Winter,16.3,16.1,49.8,5642.9,5938.7,5791.9
Tamil Nadu,Thiruvannamalai,Tiruvannamalai(Uzhavar Sandhai ),Onion,Bellary,Local,05/04/2026,2026,4,5,Summer,14.9,25.9,43.9,6685.3,6887.4,6762.2
Tamil Nadu,Thiruvannamalai,Tiruvannamalai(Uzhavar Sandhai ),Onion,Bellary,Local,05/07/2026,2026,7,5,Monsoon,97.5,37.0,57.8,8092.8,8436.0,8256.2
Tamil Nadu,Thiruvannamalai,Tiruvannamalai(Uzhavar Sandhai ),Onion,Bellary,Local,05/10/2025,2025,10,5,Post-Monsoon,37.1,26.7,47.3,6335.9,6620.8,6496.0
Tamil Nadu,Thiruvannamalai,Tiruvannamalai(Uzhavar Sandhai ),Onion,Bellary,Local,06/09/2026,2026,9,6,Monsoon,232.8,30.2,79.7,8427.5,8684.7,8542.1
Tamil Nadu,Thiruvannamalai,Tiruvannamalai(Uzhavar Sandhai ),Onion,Bellary,Local,07/06/2026,2026,6,7,Monsoon,180.1,35.3,73.8,8646.0,9011.8,8862.0
Tamil Nadu,Thiruvannamalai,Tiruvannamalai(Uzhavar Sandhai ),Onion,Bellary,Local,07/12/2025,2025,12,7,Winter,5.9,23.0,47.8,5740.8,6065.4,5875.2
Tamil Nadu,Thiruvannamalai,Tiruvannamalai(Uzhavar Sandhai ),Onion,Bellary,Local,08/02/2026,2026,2,8,Winter,19.5,20.5,56.0,5285.3,5548.2,5392.6
Tamil Nadu,Thiruvannamalai,Tiruvannamalai(Uzhavar Sandhai ),Onion,Bellary,Local,08/03/2026,2026,3,8,Summer,10.9,22.4,49.7,7086.7,7280.7,7195.2
Tamil Nadu,Thiruvannamalai,Tiruvannamalai(Uzhavar Sandhai ),Onion,Bellary,Local,09/08/2026,2026,8,9,Monsoon,179.1,36.1,75.8,8999.6,9247.9,9114.8
Tamil Nadu,Thiruvannamalai,Tiruvannamalai(Uzhavar Sandhai ),Onion,Bellary,Local,09/11/2025,2025,11,9,Post-Monsoon,41.9,22.5,47.6,6062.9,6268.7,6163.9
Tamil Nadu,Thiruvannamalai,Tiruvannamalai(Uzhavar Sandhai ),Onion,Bellary,Local,10/05/2026,2026,5,10,Summer,19.8,32.0,48.4,6676.8,7020.0,6852.3
Tamil Nadu,Thiruvannamalai,Tiruvannamalai(Uzhavar Sandhai ),Onion,Bellary,Local,11/01/2026,2026,1,11,Winter,8.8,20.0,45.9,5589.4,5874.9,5758.0
Tamil Nadu,Thiruvannamalai,Tiruvannamalai(Uzhavar Sandhai ),Onion,Bellary,Local,12/04/2026,2026,4,12,Summer,14.5,28.5,48.0,6580.9,6942.7,6768.0
Tamil Nadu,Thiruvannamalai,Tiruvannamalai(Uzhavar Sandhai ),Onion,Bellary,Local,12/07/2026,2026,7,12,Monsoon,151.1,33.8,68.5,9103.3,9389.5,9242.7
Tamil Nadu,Thiruvannamalai,Tiruvannamalai(Uzhavar Sandhai ),Onion,Bellary,Local,12/10/2025,2025,10,12,Post-Monsoon,73.9,25.4,58.2,6357.1,6508.8,6419.5
Tamil Nadu,Thiruvannamalai,Tiruvannamalai(Uzhavar Sandhai ),Onion,Bellary,Local,13/09/2026,2026,9,13,Monsoon,168.9,31.8,68.1,8402.2,8649.0,8516.9
Tamil Nadu,Thiruvannamalai,Tiruvannamalai(Uzhavar Sandhai ),Onion,Bellary,Local,14/06/2026,2026,6,14,Monsoon,152.7,33.1,74.4,8806.2,9194.8,9018.4
Tamil Nadu,Thiruvannamalai,Tiruvannamalai(Uzhavar Sandhai ),Onion,Bellary,Local,14/12/2025,2025,12,14,Winter,4.9,21.8,47.6,5605.7,5856.2,5746.6
Tamil Nadu,Thiruvannamalai,Tiruvannamalai(Uzhavar Sandhai ),Onion,Bellary,Local,15/02/2026,2026,2,15,Winter,11.4,20.3,47.0,5798.3,5945.5,5885.2
Tamil Nadu,Thiruvannamalai,Tiruvannamalai(Uzhavar Sandhai ),Onion,Bellary,Local,15/03/2026,2026,3,15,Summer,2.9,24.5,49.6,6223.4,6576.0,6389.2
Tamil Nadu,Thiruvannamalai,Tiruvannamalai(Uzhavar Sandhai ),Onion,Bellary,Local,16/08/2026,2026,8,16,Monsoon,211.9,35.0,73.1,9129.0,9321.6,9222.2
Tamil Nadu,Thiruvannamalai,Tiruvannamalai(Uzhavar Sandhai ),Onion,Bellary,Local,16/11/2025,2025,11,16,Post-Monsoon,24.7,23.5,48.6,5907.1,6313.9,6140.4
Tamil Nadu,Thiruvannamalai,Tiruvannamalai(Uzhavar Sandhai ),Onion,Bellary,Local,17/05/2026,2026,5,17,Summer,14.0,31.2,48.7,6755.5,7038.0,6920.5
Tamil Nadu,Thiruvannamalai,Tiruvannamalai(Uzhavar Sandhai ),Onion,Bellary,Local,18/01/2026,2026,1,18,Winter,5.8,19.3,46.7,5407.6,5666.0,5536.2
Tamil Nadu,Thiruvannamalai,Tiruvannamalai(Uzhavar Sandhai ),Onion,Bellary,Local,19/04/2026,2026,4,19,Summer,8.5,27.4,48.5,6313.5,6501.8,6416.6
Tamil Nadu,Thiruvannamalai,Tiruvannamalai(Uzhavar Sandhai ),Onion,Bellary,Local,19/07/2026,2026,7,19,Monsoon,207.6,39.4,79.3,8605.4,8762.4,8691.9
Tamil Nadu,Thiruvannamalai,Tiruvannamalai(Uzhavar Sandhai ),Onion,Bellary,Local,19/10/2025,2025,10,19,Post-Monsoon,47.0,27.4,52.2,6244.6,6442.6,6343.8
Tamil Nadu,Thiruvannamalai,Tiruvannamalai(Uzhavar Sandhai ),Onion,Bellary,Local,20/09/2026,2026,9,20,Monsoon,100.6,30.2,57.2,7703.3,7998.7,7841.7
Tamil Nadu,Thiruvannamalai,Tiruvannamalai(Uzhavar Sandhai ),Onion,Bellary,Local,21/06/2026,2026,6,21,Monsoon,158.5,32.8,67.3,8354.2,8561.5,8440.1
Tamil Nadu,Thiruvannamalai,Tiruvannamalai(Uzhavar Sandhai ),Onion,Bellary,Local,21/12/2025,2025,12,21,Winter,5.9,19.9,47.7,5458.3,5757.0,5584.1
Tamil Nadu,Thiruvannamalai,Tiruvannamalai(Uzhavar Sandhai ),Onion,Bellary,Local,22/02/2026,2026,2,22,Winter,4.1,20.1,44.1,5436.2,5757.8,5633.9
Tamil Nadu,Thiruvannamalai,Tiruvannamalai(Uzhavar Sandhai ),Onion,Bellary,Local,22/03/2026,2026,3,22,Summer,2.1,23.2,48.0,6651.4,6875.5,6749.6
Tamil Nadu,Thiruvannamalai,Tiruvannamalai(Uzhavar Sandhai ),Onion,Bellary,Local,23/08/2026,2026,8,23,Monsoon,81.7,34.8,59.7,7527.2,7762.0,7637.0
Tamil Nadu,Thiruvannamalai,Tiruvannamalai(Uzhavar Sandhai ),Onion,Bellary,Local,23/11/2025,2025,11,23,Post-Monsoon,29.8,22.0,50.4,5890.9,6273.4,6073.2
Tamil Nadu,Thiruvannamalai,Tiruvannamalai(Uzhavar Sandhai ),Onion,Bellary,Local,24/05/2026,2026,5,24,Summer,7.4,31.6,46.2,6140.6,6426.3,6298.7
Tamil Nadu,Thiruvannamalai,Tiruvannamalai(Uzhavar Sandhai ),Onion,Bellary,Local,25/01/2026,2026,1,25,Winter,9.4,20.3,45.2,5703.9,5909.3,5809.1
Tamil Nadu,Thiruvannamalai,Tiruvannamalai(Uzhavar Sandhai ),Onion,Bellary,Local,26/04/2026,2026,4,26,Summer,4.4,26.7,41.9,6463.4,6784.6,6619.3
Tamil Nadu,Thiruvannamalai,Tiruvannamalai(Uzhavar Sandhai ),Onion,Bellary,Local,26/07/2026,2026,7,26,Monsoon,102.5,35.5,64.4,8020.8,8321.0,8184.8
Tamil Nadu,Thiruvannamalai,Tiruvannamalai(Uzhavar Sandhai ),Onion,Bellary,Local,26/10/2025,2025,10,26,Post-Monsoon,45.5,28.5,51.7,6014.3,6321.6,6184.0
Tamil Nadu,Thiruvannamalai,Tiruvannamalai(Uzhavar Sandhai ),Onion,Bellary,Local,28/06/2026,2026,6,28,Monsoon,80.1,33.1,56.2,7717.3,7919.8,7808.4
Tamil Nadu,Thiruvannamalai,Tiruvannamalai(Uzhavar Sandhai ),Onion,Bellary,Local,28/12/2025,2025,12,28,Winter,11.0,19.7,44.4,5613.2,5881.8,5774.3
Tamil Nadu,Thiruvannamalai,Tiruvannamalai(Uzhavar Sandhai ),Onion,Bellary,Local,29/03/2026,2026,3,29,Summer,1.8,23.9,45.7,6463.2,6719.5,6588.9
Tamil Nadu,Thiruvannamalai,Tiruvannamalai(Uzhavar Sandhai ),Onion,Bellary,Local,30/08/2026,2026,8,30,Monsoon,83.9,36.8,60.9,8256.2,8489.0,8386.1
Tamil Nadu,Thiruvannamalai,Tiruvannamalai(Uzhavar Sandhai ),Onion,Bellary,Local,30/11/2025,2025,11,30,Post-Monsoon,64.4,24.5,56.8,6300.5,6502.5,6410.0
Tamil Nadu,Thiruvannamalai,Tiruvannamalai(Uzhavar Sandhai ),Onion,Bellary,Local,31/05/2026,2026,5,31,Summer,15.7,32.5,46.0,6969.5,7183.0,7073.4
Tamil Nadu,Thiruvannamalai,Vandavasi(Uzhavar Sandhai ),Onion,Bellary,Local,01/02/2026,2026,2,1,Winter,5.6,18.7,48.0,5449.8,5701.2,5562.3
Tamil Nadu,Thiruvannamalai,Vandavasi(Uzhavar Sandhai ),Onion,Bellary,Local,01/03/2026,2026,3,1,Summer,8.5,22.9,48.2,6850.9,6991.2,6920.6
Tamil Nadu,Thiruvannamalai,Vandavasi(Uzhavar Sandhai ),Onion,Bellary,Local,02/08/2026,2026,8,2,Monsoon,105.5,35.4,57.1,7728.6,8078.6,7887.9
Tamil Nadu,Thiruvannamalai,Vandavasi(Uzhavar Sandhai ),Onion,Bellary,Local,02/11/2025,2025,11,2,Post-Monsoon,26.1,22.2,48.6,6129.9,6311.3,6226.0
Tamil Nadu,Thiruvannamalai,Vandavasi(Uzhavar Sandhai ),Onion,Bellary,Local,03/05/2026,2026,5,3,Summer,5.7,31.3,46.2,6732.9,6901.0,6815.6
Tamil Nadu,Thiruvannamalai,Vandavasi(Uzhavar Sandhai ),Onion,Bellary,Local,04/01/2026,2026,1,4,Winter,0.6,19.4,49.0,5921.6,6306.0,6102.8
Tamil Nadu,Thiruvannamalai,Vandavasi(Uzhavar Sandhai ),Onion,Bellary,Local,05/04/2026,2026,4,5,Summer,3.5,25.7,45.4,6008.2,6321.8,6175.6
Tamil Nadu,Thiruvannamalai,Vandavasi(Uzhavar Sandhai ),Onion,Bellary,Local,05/07/2026,2026,7,5,Monsoon,248.8,37.0,85.5,9434.8,9746.0,9570.6
Tamil Nadu,Thiruvannamalai,Vandavasi(Uzhavar Sandhai ),Onion,Bellary,Local,05/10/2025,2025,10,5,Post-Monsoon,74.4,26.7,54.5,5650.9,5929.9,5758.4
Tamil Nadu,Thiruvannamalai,Vandavasi(Uzhavar Sandhai ),Onion,Bellary,Local,06/09/2026,2026,9,6,Monsoon,204.8,29.3,80.8,8929.8,9127.6,9028.6
Tamil Nadu,Thiruvannamalai,Vandavasi(Uzhavar Sandhai ),Onion,Bellary,Local,07/06/2026,2026,6,7,Monsoon,103.2,34.6,61.5,7466.2,7804.0,7651.1
Tamil Nadu,Thiruvannamalai,Vandavasi(Uzhavar Sandhai ),Onion,Bellary,Local,07/12/2025,2025,12,7,Winter,2.8,18.4,46.6,5301.8,5566.0,5403.2
Tamil Nadu,Thiruvannamalai,Vandavasi(Uzhavar Sandhai ),Onion,Bellary,Local,08/02/2026,2026,2,8,Winter,13.7,21.0,43.7,5581.4,5808.0,5691.2
Tamil Nadu,Thiruvannamalai,Vandavasi(Uzhavar Sandhai ),Onion,Bellary,Local,08/03/2026,2026,3,8,Summer,11.9,24.1,47.3,6558.4,6909.0,6759.9
Tamil Nadu,Thiruvannamalai,Vandavasi(Uzhavar Sandhai ),Onion,Bellary,Local,09/08/2026,2026,8,9,Monsoon,104.7,34.0,59.6,7057.7,7260.3,7157.0
Tamil Nadu,Thiruvannamalai,Vandavasi(Uzhavar Sandhai ),Onion,Bellary,Local,09/11/2025,2025,11,9,Post-Monsoon,71.1,23.8,55.3,6393.5,6621.1,6508.8
Tamil Nadu,Thiruvannamalai,Vandavasi(Uzhavar Sandhai ),Onion,Bellary,Local,10/05/2026,2026,5,10,Summer,12.6,31.2,47.4,6749.2,6923.9,6825.8
Tamil Nadu,Thiruvannamalai,Vandavasi(Uzhavar Sandhai ),Onion,Bellary,Local,11/01/2026,2026,1,11,Winter,17.7,17.4,47.0,5854.7,5990.0,5933.6
Tamil Nadu,Thiruvannamalai,Vandavasi(Uzhavar Sandhai ),Onion,Bellary,Local,12/04/2026,2026,4,12,Summer,19.7,28.7,48.5,6302.9,6711.9,6504.5
Tamil Nadu,Thiruvannamalai,Vandavasi(Uzhavar Sandhai ),Onion,Bellary,Local,12/07/2026,2026,7,12,Monsoon,90.3,35.2,62.8,8266.5,8460.6,8388.9
Tamil Nadu,Thiruvannamalai,Vandavasi(Uzhavar Sandhai ),Onion,Bellary,Local,12/10/2025,2025,10,12,Post-Monsoon,53.1,24.9,49.9,6555.2,6801.4,6699.7
Tamil Nadu,Thiruvannamalai,Vandavasi(Uzhavar Sandhai ),Onion,Bellary,Local,13/09/2026,2026,9,13,Monsoon,223.2,29.8,80.0,8421.0,8704.2,8555.1
Tamil Nadu,Thiruvannamalai,Vandavasi(Uzhavar Sandhai ),Onion,Bellary,Local,14/06/2026,2026,6,14,Monsoon,194.1,35.6,72.7,9247.0,9462.9,9356.3
Tamil Nadu,Thiruvannamalai,Vandavasi(Uzhavar Sandhai ),Onion,Bellary,Local,14/12/2025,2025,12,14,Winter,6.6,18.4,40.5,5707.4,5942.0,5800.8
Tamil Nadu,Thiruvannamalai,Vandavasi(Uzhavar Sandhai ),Onion,Bellary,Local,15/02/2026,2026,2,15,Winter,17.6,19.9,47.8,6112.4,6289.7,6194.0
Tamil Nadu,Thiruvannamalai,Vandavasi(Uzhavar Sandhai ),Onion,Bellary,Local,15/03/2026,2026,3,15,Summer,4.3,23.5,51.0,6631.3,6913.2,6768.1
Tamil Nadu,Thiruvannamalai,Vandavasi(Uzhavar Sandhai ),Onion,Bellary,Local,16/08/2026,2026,8,16,Monsoon,82.7,36.5,58.3,7742.5,7914.3,7842.6
Tamil Nadu,Thiruvannamalai,Vandavasi(Uzhavar Sandhai ),Onion,Bellary,Local,16/11/2025,2025,11,16,Post-Monsoon,21.3,21.3,49.2,6220.7,6411.9,6334.3
Tamil Nadu,Thiruvannamalai,Vandavasi(Uzhavar Sandhai ),Onion,Bellary,Local,17/05/2026,2026,5,17,Summer,18.1,31.3,45.8,6498.7,6640.6,6572.1
Tamil Nadu,Thiruvannamalai,Vandavasi(Uzhavar Sandhai ),Onion,Bellary,Local,18/01/2026,2026,1,18,Winter,0.5,19.5,48.6,5719.6,5984.3,5887.0
Tamil Nadu,Thiruvannamalai,Vandavasi(Uzhavar Sandhai ),Onion,Bellary,Local,19/04/2026,2026,4,19,Summer,0.6,25.1,42.1,6327.3,6590.3,6454.5
Tamil Nadu,Thiruvannamalai,Vandavasi(Uzhavar Sandhai ),Onion,Bellary,Local,19/07/2026,2026,7,19,Monsoon,110.3,34.1,60.2,8422.4,8615.1,8510.8
Tamil Nadu,Thiruvannamalai,Vandavasi(Uzhavar Sandhai ),Onion,Bellary,Local,19/10/2025,2025,10,19,Post-Monsoon,32.3,27.3,55.8,5971.6,6185.7,6106.0
Tamil Nadu,Thiruvannamalai,Vandavasi(Uzhavar Sandhai ),Onion,Bellary,Local,20/09/2026,2026,9,20,Monsoon,169.1,31.6,68.8,9130.3,9382.0,9237.9
Tamil Nadu,Thiruvannamalai,Vandavasi(Uzhavar Sandhai ),Onion,Bellary,Local,21/06/2026,2026,6,21,Monsoon,217.9,33.6,79.5,9114.0,9404.3,9251.5
Tamil Nadu,Thiruvannamalai,Vandavasi(Uzhavar Sandhai ),Onion,Bellary,Local,21/12/2025,2025,12,21,Winter,6.2,17.2,42.9,5862.2,6094.3,5958.2
Tamil Nadu,Thiruvannamalai,Vandavasi(Uzhavar Sandhai ),Onion,Bellary,Local,22/02/2026,2026,2,22,Winter,3.1,16.3,44.0,5319.7,5528.7,5423.8
Tamil Nadu,Thiruvannamalai,Vandavasi(Uzhavar Sandhai ),Onion,Bellary,Local,22/03/2026,2026,3,22,Summer,11.4,24.8,46.4,6620.1,6867.0,6764.0
Tamil Nadu,Thiruvannamalai,Vandavasi(Uzhavar Sandhai ),Onion,Bellary,Local,23/08/2026,2026,8,23,Monsoon,96.6,32.9,56.7,7639.7,7958.6,7833.3
Tamil Nadu,Thiruvannamalai,Vandavasi(Uzhavar Sandhai ),Onion,Bellary,Local,23/11/2025,2025,11,23,Post-Monsoon,39.9,21.2,49.3,5908.7,6068.2,5974.2
Tamil Nadu,Thiruvannamalai,Vandavasi(Uzhavar Sandhai ),Onion,Bellary,Local,24/05/2026,2026,5,24,Summer,4.0,31.4,44.6,6362.6,6670.6,6515.9
Tamil Nadu,Thiruvannamalai,Vandavasi(Uzhavar Sandhai ),Onion,Bellary,Local,25/01/2026,2026,1,25,Winter,2.1,19.0,48.7,5658.6,6048.8,5848.0
Tamil Nadu,Thiruvannamalai,Vandavasi(Uzhavar Sandhai ),Onion,Bellary,Local,26/04/2026,2026,4,26,Summer,14.9,25.7,51.1,6693.8,6976.0,6841.9
Tamil Nadu,Thiruvannamalai,Vandavasi(Uzhavar Sandhai ),Onion,Bellary,Local,26/07/2026,2026,7,26,Monsoon,125.6,35.6,66.4,8999.4,9125.8,9065.1
Tamil Nadu,Thiruvannamalai,Vandavasi(Uzhavar Sandhai ),Onion,Bellary,Local,26/10/2025,2025,10,26,Post-Monsoon,55.2,24.6,58.2,6261.2,6572.0,6422.1
Tamil Nadu,Thiruvannamalai,Vandavasi(Uzhavar Sandhai ),Onion,Bellary,Local,28/06/2026,2026,6,28,Monsoon,163.9,33.5,68.7,7903.9,8064.6,7965.1
Tamil Nadu,Thiruvannamalai,Vandavasi(Uzhavar Sandhai ),Onion,Bellary,Local,28/12/2025,2025,12,28,Winter,14.7,15.6,55.5,5495.3,5798.0,5634.1
Tamil Nadu,Thiruvannamalai,Vandavasi(Uzhavar Sandhai ),Onion,Bellary,Local,29/03/2026,2026,3,29,Summer,12.7,24.1,43.6,6646.4,6852.1,6773.6
Tamil Nadu,Thiruvannamalai,Vandavasi(Uzhavar Sandhai ),Onion,Bellary,Local,30/08/2026,2026,8,30,Monsoon,101.1,32.3,64.7,8310.0,8593.9,8428.1
Tamil Nadu,Thiruvannamalai,Vandavasi(Uzhavar Sandhai ),Onion,Bellary,Local,30/11/2025,2025,11,30,Post-Monsoon,61.3,20.7,54.1,5956.6,6194.9,6062.0
Tamil Nadu,Thiruvannamalai,Vandavasi(Uzhavar Sandhai ),Onion,Bellary,Local,31/05/2026,2026,5,31,Summer,10.6,30.8,48.1,6641.3,6837.9,6719.3
Tamil Nadu,Thiruvarur,Mannargudi I(Uzhavar Sandhai ),Onion,Bellary,Local,01/02/2026,2026,2,1,Winter,8.3,19.6,43.6,6395.7,6634.3,6507.1
Tamil Nadu,Thiruvarur,Mannargudi I(Uzhavar Sandhai ),Onion,Bellary,Local,01/03/2026,2026,3,1,Summer,5.0,24.5,46.4,8365.6,8557.7,8465.3
Tamil Nadu,Thiruvarur,Mannargudi I(Uzhavar Sandhai ),Onion,Bellary,Local,02/08/2026,2026,8,2,Monsoon,160.7,35.7,72.3,10192.2,10476.4,10345.8
Tamil Nadu,Thiruvarur,Mannargudi I(Uzhavar Sandhai ),Onion,Bellary,Local,02/11/2025,2025,11,2,Post-Monsoon,58.0,21.4,51.6,6593.0,6853.7,6733.1
Tamil Nadu,Thiruvarur,Mannargudi I(Uzhavar Sandhai ),Onion,Bellary,Local,03/05/2026,2026,5,3,Summer,10.6,31.0,41.2,7740.3,8066.9,7892.9
Tamil Nadu,Thiruvarur,Mannargudi I(Uzhavar Sandhai ),Onion,Bellary,Local,04/01/2026,2026,1,4,Winter,4.8,18.9,40.1,6606.9,6806.0,6685.0
Tamil Nadu,Thiruvarur,Mannargudi I(Uzhavar Sandhai ),Onion,Bellary,Local,05/04/2026,2026,4,5,Summer,7.7,27.4,43.3,7489.6,7768.8,7595.1
Tamil Nadu,Thiruvarur,Mannargudi I(Uzhavar Sandhai ),Onion,Bellary,Local,05/07/2026,2026,7,5,Monsoon,122.0,33.6,67.0,9958.4,10161.1,10059.4
Tamil Nadu,Thiruvarur,Mannargudi I(Uzhavar Sandhai ),Onion,Bellary,Local,05/10/2025,2025,10,5,Post-Monsoon,76.8,27.0,58.2,7633.7,7869.8,7747.9
Tamil Nadu,Thiruvarur,Mannargudi I(Uzhavar Sandhai ),Onion,Bellary,Local,06/09/2026,2026,9,6,Monsoon,116.5,30.7,60.2,9842.4,10142.6,9972.7
Tamil Nadu,Thiruvarur,Mannargudi I(Uzhavar Sandhai ),Onion,Bellary,Local,07/06/2026,2026,6,7,Monsoon,237.1,33.9,82.1,10179.9,10391.3,10288.1
Tamil Nadu,Thiruvarur,Mannargudi I(Uzhavar Sandhai ),Onion,Bellary,Local,07/12/2025,2025,12,7,Winter,2.3,23.2,41.3,6612.6,6778.4,6699.0
Tamil Nadu,Thiruvarur,Mannargudi I(Uzhavar Sandhai ),Onion,Bellary,Local,08/02/2026,2026,2,8,Winter,4.8,18.1,48.7,6699.6,6894.7,6792.8
Tamil Nadu,Thiruvarur,Mannargudi I(Uzhavar Sandhai ),Onion,Bellary,Local,08/03/2026,2026,3,8,Summer,14.1,23.4,43.9,7582.4,7843.6,7717.2
Tamil Nadu,Thiruvarur,Mannargudi I(Uzhavar Sandhai ),Onion,Bellary,Local,09/08/2026,2026,8,9,Monsoon,224.9,34.8,85.5,11493.7,11832.6,11669.0
Tamil Nadu,Thiruvarur,Mannargudi I(Uzhavar Sandhai ),Onion,Bellary,Local,09/11/2025,2025,11,9,Post-Monsoon,72.4,22.0,53.7,7723.1,7989.4,7847.4
Tamil Nadu,Thiruvarur,Mannargudi I(Uzhavar Sandhai ),Onion,Bellary,Local,10/05/2026,2026,5,10,Summer,0.1,30.1,44.4,7782.8,8055.5,7895.9
Tamil Nadu,Thiruvarur,Mannargudi I(Uzhavar Sandhai ),Onion,Bellary,Local,11/01/2026,2026,1,11,Winter,2.5,21.2,43.1,6746.3,7058.1,6903.6
Tamil Nadu,Thiruvarur,Mannargudi I(Uzhavar Sandhai ),Onion,Bellary,Local,12/04/2026,2026,4,12,Summer,13.3,27.5,47.6,7788.5,8039.1,7898.2
Tamil Nadu,Thiruvarur,Mannargudi I(Uzhavar Sandhai ),Onion,Bellary,Local,12/07/2026,2026,7,12,Monsoon,213.3,32.8,80.0,11077.0,11352.8,11219.4
Tamil Nadu,Thiruvarur,Mannargudi I(Uzhavar Sandhai ),Onion,Bellary,Local,12/10/2025,2025,10,12,Post-Monsoon,25.4,26.0,52.3,6746.4,7014.3,6870.5
Tamil Nadu,Thiruvarur,Mannargudi I(Uzhavar Sandhai ),Onion,Bellary,Local,13/09/2026,2026,9,13,Monsoon,101.3,30.9,62.4,9809.5,10097.9,9989.5
Tamil Nadu,Thiruvarur,Mannargudi I(Uzhavar Sandhai ),Onion,Bellary,Local,14/06/2026,2026,6,14,Monsoon,108.4,34.9,63.4,10009.5,10211.3,10131.0
Tamil Nadu,Thiruvarur,Mannargudi I(Uzhavar Sandhai ),Onion,Bellary,Local,14/12/2025,2025,12,14,Winter,9.6,20.9,46.5,6245.0,6432.8,6343.1
Tamil Nadu,Thiruvarur,Mannargudi I(Uzhavar Sandhai ),Onion,Bellary,Local,15/02/2026,2026,2,15,Winter,11.3,22.2,42.8,6627.6,6842.4,6714.3
Tamil Nadu,Thiruvarur,Mannargudi I(Uzhavar Sandhai ),Onion,Bellary,Local,15/03/2026,2026,3,15,Summer,6.7,24.6,51.1,8122.1,8410.0,8244.9
Tamil Nadu,Thiruvarur,Mannargudi I(Uzhavar Sandhai ),Onion,Bellary,Local,16/08/2026,2026,8,16,Monsoon,115.9,34.5,63.5,10009.8,10329.4,10186.4
Tamil Nadu,Thiruvarur,Mannargudi I(Uzhavar Sandhai ),Onion,Bellary,Local,16/11/2025,2025,11,16,Post-Monsoon,27.6,24.7,44.0,7231.4,7430.5,7328.1
Tamil Nadu,Thiruvarur,Mannargudi I(Uzhavar Sandhai ),Onion,Bellary,Local,17/05/2026,2026,5,17,Summer,0.1,33.4,48.7,7236.2,7550.1,7375.8
Tamil Nadu,Thiruvarur,Mannargudi I(Uzhavar Sandhai ),Onion,Bellary,Local,18/01/2026,2026,1,18,Winter,5.3,20.0,44.6,6895.9,7126.6,7014.7
Tamil Nadu,Thiruvarur,Mannargudi I(Uzhavar Sandhai ),Onion,Bellary,Local,19/04/2026,2026,4,19,Summer,10.8,28.0,43.4,7377.7,7647.1,7493.6
Tamil Nadu,Thiruvarur,Mannargudi I(Uzhavar Sandhai ),Onion,Bellary,Local,19/07/2026,2026,7,19,Monsoon,178.5,33.5,71.7,9665.4,9854.6,9772.2
Tamil Nadu,Thiruvarur,Mannargudi I(Uzhavar Sandhai ),Onion,Bellary,Local,19/10/2025,2025,10,19,Post-Monsoon,32.7,29.1,47.3,7099.6,7241.2,7180.9
Tamil Nadu,Thiruvarur,Mannargudi I(Uzhavar Sandhai ),Onion,Bellary,Local,20/09/2026,2026,9,20,Monsoon,195.3,32.0,78.8,10096.4,10448.6,10318.4
Tamil Nadu,Thiruvarur,Mannargudi I(Uzhavar Sandhai ),Onion,Bellary,Local,21/06/2026,2026,6,21,Monsoon,159.6,32.5,69.2,10833.0,10991.2,10890.5
Tamil Nadu,Thiruvarur,Mannargudi I(Uzhavar Sandhai ),Onion,Bellary,Local,21/12/2025,2025,12,21,Winter,1.6,20.5,47.9,6474.0,6777.2,6600.9
Tamil Nadu,Thiruvarur,Mannargudi I(Uzhavar Sandhai ),Onion,Bellary,Local,22/02/2026,2026,2,22,Winter,13.1,19.6,45.8,6636.0,6990.2,6827.6
Tamil Nadu,Thiruvarur,Mannargudi I(Uzhavar Sandhai ),Onion,Bellary,Local,22/03/2026,2026,3,22,Summer,11.6,24.6,47.4,7576.5,7863.4,7705.5
Tamil Nadu,Thiruvarur,Mannargudi I(Uzhavar Sandhai ),Onion,Bellary,Local,23/08/2026,2026,8,23,Monsoon,131.7,34.1,63.3,10644.6,10967.0,10829.3
Tamil Nadu,Thiruvarur,Mannargudi I(Uzhavar Sandhai ),Onion,Bellary,Local,23/11/2025,2025,11,23,Post-Monsoon,46.0,22.9,51.7,7038.8,7209.7,7110.1
Tamil Nadu,Thiruvarur,Mannargudi I(Uzhavar Sandhai ),Onion,Bellary,Local,24/05/2026,2026,5,24,Summer,10.8,29.1,45.8,7832.0,7987.1,7916.6
Tamil Nadu,Thiruvarur,Mannargudi I(Uzhavar Sandhai ),Onion,Bellary,Local,25/01/2026,2026,1,25,Winter,1.3,19.6,48.7,6667.0,6988.3,6790.0
Tamil Nadu,Thiruvarur,Mannargudi I(Uzhavar Sandhai ),Onion,Bellary,Local,26/04/2026,2026,4,26,Summer,8.6,26.8,44.2,7440.1,7767.9,7603.2
Tamil Nadu,Thiruvarur,Mannargudi I(Uzhavar Sandhai ),Onion,Bellary,Local,26/07/2026,2026,7,26,Monsoon,217.1,34.1,79.5,10152.6,10439.9,10302.5
Tamil Nadu,Thiruvarur,Mannargudi I(Uzhavar Sandhai ),Onion,Bellary,Local,26/10/2025,2025,10,26,Post-Monsoon,23.6,27.1,51.6,7017.3,7282.3,7173.4
Tamil Nadu,Thiruvarur,Mannargudi I(Uzhavar Sandhai ),Onion,Bellary,Local,28/06/2026,2026,6,28,Monsoon,80.3,35.6,57.6,8570.1,8949.2,8765.7
Tamil Nadu,Thiruvarur,Mannargudi I(Uzhavar Sandhai ),Onion,Bellary,Local,28/12/2025,2025,12,28,Winter,0.7,19.9,42.3,6675.5,6965.3,6857.9
Tamil Nadu,Thiruvarur,Mannargudi I(Uzhavar Sandhai ),Onion,Bellary,Local,29/03/2026,2026,3,29,Summer,1.2,21.7,44.7,7810.8,7983.1,7915.9
Tamil Nadu,Thiruvarur,Mannargudi I(Uzhavar Sandhai ),Onion,Bellary,Local,30/08/2026,2026,8,30,Monsoon,199.5,30.9,76.7,10941.4,11131.3,11034.0
Tamil Nadu,Thiruvarur,Mannargudi I(Uzhavar Sandhai ),Onion,Bellary,Local,30/11/2025,2025,11,30,Post-Monsoon,32.5,23.6,49.7,6909.1,7143.6,7018.8
Tamil Nadu,Thiruvarur,Mannargudi I(Uzhavar Sandhai ),Onion,Bellary,Local,31/05/2026,2026,5,31,Summer,7.7,31.8,40.2,7172.3,7466.0,7340.0
Tamil Nadu,Tuticorin,Kovilpatti(Uzhavar Sandhai ),Onion,Bellary,Local,01/02/2026,2026,2,1,Winter,18.3,19.8,52.1,6341.1,6622.9,6466.0
Tamil Nadu,Tuticorin,Kovilpatti(Uzhavar Sandhai ),Onion,Bellary,Local,01/03/2026,2026,3,1,Summer,12.0,23.2,43.1,7107.2,7250.2,7192.8
Tamil Nadu,Tuticorin,Kovilpatti(Uzhavar Sandhai ),Onion,Bellary,Local,02/08/2026,2026,8,2,Monsoon,159.1,33.7,69.8,9319.2,9579.3,9447.3
Tamil Nadu,Tuticorin,Kovilpatti(Uzhavar Sandhai ),Onion,Bellary,Local,02/11/2025,2025,11,2,Post-Monsoon,27.8,23.6,47.7,6393.0,6539.6,6474.8
Tamil Nadu,Tuticorin,Kovilpatti(Uzhavar Sandhai ),Onion,Bellary,Local,03/05/2026,2026,5,3,Summer,18.2,32.6,45.5,7290.1,7616.7,7489.4
Tamil Nadu,Tuticorin,Kovilpatti(Uzhavar Sandhai ),Onion,Bellary,Local,04/01/2026,2026,1,4,Winter,16.5,21.1,46.0,6283.9,6510.0,6382.5
Tamil Nadu,Tuticorin,Kovilpatti(Uzhavar Sandhai ),Onion,Bellary,Local,05/04/2026,2026,4,5,Summer,5.3,29.9,44.4,7191.5,7502.0,7339.7
Tamil Nadu,Tuticorin,Kovilpatti(Uzhavar Sandhai ),Onion,Bellary,Local,05/07/2026,2026,7,5,Monsoon,199.6,33.7,72.2,9249.2,9383.2,9316.0
Tamil Nadu,Tuticorin,Kovilpatti(Uzhavar Sandhai ),Onion,Bellary,Local,05/10/2025,2025,10,5,Post-Monsoon,42.2,25.7,50.8,6433.5,6814.4,6620.8
Tamil Nadu,Tuticorin,Kovilpatti(Uzhavar Sandhai ),Onion,Bellary,Local,06/09/2026,2026,9,6,Monsoon,126.7,30.8,67.7,8848.5,9265.9,9072.6
Tamil Nadu,Tuticorin,Kovilpatti(Uzhavar Sandhai ),Onion,Bellary,Local,07/06/2026,2026,6,7,Monsoon,133.8,30.7,66.3,9108.7,9305.1,9212.2
Tamil Nadu,Tuticorin,Kovilpatti(Uzhavar Sandhai ),Onion,Bellary,Local,07/12/2025,2025,12,7,Winter,15.5,21.4,49.1,6601.1,6887.4,6751.8
Tamil Nadu,Tuticorin,Kovilpatti(Uzhavar Sandhai ),Onion,Bellary,Local,08/02/2026,2026,2,8,Winter,16.8,21.0,46.8,5750.9,6048.1,5879.5
Tamil Nadu,Tuticorin,Kovilpatti(Uzhavar Sandhai ),Onion,Bellary,Local,08/03/2026,2026,3,8,Summer,17.5,23.9,49.6,7161.6,7336.8,7256.6
Tamil Nadu,Tuticorin,Kovilpatti(Uzhavar Sandhai ),Onion,Bellary,Local,09/08/2026,2026,8,9,Monsoon,181.9,34.2,76.7,9915.3,10124.5,10033.1
Tamil Nadu,Tuticorin,Kovilpatti(Uzhavar Sandhai ),Onion,Bellary,Local,09/11/2025,2025,11,9,Post-Monsoon,71.4,22.0,55.7,7013.5,7321.8,7162.8
Tamil Nadu,Tuticorin,Kovilpatti(Uzhavar Sandhai ),Onion,Bellary,Local,10/05/2026,2026,5,10,Summer,13.4,30.9,49.8,7349.0,7537.1,7432.7
Tamil Nadu,Tuticorin,Kovilpatti(Uzhavar Sandhai ),Onion,Bellary,Local,11/01/2026,2026,1,11,Winter,18.4,20.8,46.1,6007.3,6287.4,6143.3
Tamil Nadu,Tuticorin,Kovilpatti(Uzhavar Sandhai ),Onion,Bellary,Local,12/04/2026,2026,4,12,Summer,15.0,27.6,46.8,6869.6,7163.8,7002.6
Tamil Nadu,Tuticorin,Kovilpatti(Uzhavar Sandhai ),Onion,Bellary,Local,12/07/2026,2026,7,12,Monsoon,247.5,32.9,86.6,10151.7,10320.5,10230.9
Tamil Nadu,Tuticorin,Kovilpatti(Uzhavar Sandhai ),Onion,Bellary,Local,12/10/2025,2025,10,12,Post-Monsoon,48.3,25.8,53.7,6659.0,6887.1,6754.0
Tamil Nadu,Tuticorin,Kovilpatti(Uzhavar Sandhai ),Onion,Bellary,Local,13/09/2026,2026,9,13,Monsoon,81.5,31.9,60.4,8560.4,8848.5,8692.7
Tamil Nadu,Tuticorin,Kovilpatti(Uzhavar Sandhai ),Onion,Bellary,Local,14/06/2026,2026,6,14,Monsoon,117.0,35.1,62.5,9197.0,9417.0,9316.5
Tamil Nadu,Tuticorin,Kovilpatti(Uzhavar Sandhai ),Onion,Bellary,Local,14/12/2025,2025,12,14,Winter,5.7,18.3,47.2,5929.8,6208.5,6065.7
Tamil Nadu,Tuticorin,Kovilpatti(Uzhavar Sandhai ),Onion,Bellary,Local,15/02/2026,2026,2,15,Winter,9.6,22.9,46.6,6174.5,6471.7,6363.3
Tamil Nadu,Tuticorin,Kovilpatti(Uzhavar Sandhai ),Onion,Bellary,Local,15/03/2026,2026,3,15,Summer,13.5,23.0,44.9,7129.8,7382.9,7263.3
Tamil Nadu,Tuticorin,Kovilpatti(Uzhavar Sandhai ),Onion,Bellary,Local,16/08/2026,2026,8,16,Monsoon,109.9,34.9,58.8,8644.7,8797.8,8724.4
Tamil Nadu,Tuticorin,Kovilpatti(Uzhavar Sandhai ),Onion,Bellary,Local,16/11/2025,2025,11,16,Post-Monsoon,51.2,26.5,53.7,6385.1,6581.8,6473.7
Tamil Nadu,Tuticorin,Kovilpatti(Uzhavar Sandhai ),Onion,Bellary,Local,17/05/2026,2026,5,17,Summer,6.5,31.3,46.7,6923.7,7144.4,7037.4
Tamil Nadu,Tuticorin,Kovilpatti(Uzhavar Sandhai ),Onion,Bellary,Local,18/01/2026,2026,1,18,Winter,4.0,19.5,49.3,6010.5,6211.4,6105.5
Tamil Nadu,Tuticorin,Kovilpatti(Uzhavar Sandhai ),Onion,Bellary,Local,19/04/2026,2026,4,19,Summer,6.6,27.3,50.8,7156.2,7465.5,7288.3
Tamil Nadu,Tuticorin,Kovilpatti(Uzhavar Sandhai ),Onion,Bellary,Local,19/07/2026,2026,7,19,Monsoon,174.3,34.1,71.0,9898.4,10068.7,9977.5
Tamil Nadu,Tuticorin,Kovilpatti(Uzhavar Sandhai ),Onion,Bellary,Local,19/10/2025,2025,10,19,Post-Monsoon,79.6,29.1,52.6,6723.4,6951.1,6817.6
Tamil Nadu,Tuticorin,Kovilpatti(Uzhavar Sandhai ),Onion,Bellary,Local,20/09/2026,2026,9,20,Monsoon,222.0,32.7,81.3,9513.2,9731.7,9606.6
Tamil Nadu,Tuticorin,Kovilpatti(Uzhavar Sandhai ),Onion,Bellary,Local,21/06/2026,2026,6,21,Monsoon,92.6,35.6,59.7,8059.4,8175.3,8113.0
Tamil Nadu,Tuticorin,Kovilpatti(Uzhavar Sandhai ),Onion,Bellary,Local,21/12/2025,2025,12,21,Winter,1.2,21.3,45.0,5507.5,5858.7,5668.6
Tamil Nadu,Tuticorin,Kovilpatti(Uzhavar Sandhai ),Onion,Bellary,Local,22/02/2026,2026,2,22,Winter,14.7,20.3,46.9,6204.6,6447.8,6322.8
Tamil Nadu,Tuticorin,Kovilpatti(Uzhavar Sandhai ),Onion,Bellary,Local,22/03/2026,2026,3,22,Summer,13.5,23.8,50.0,7323.6,7611.9,7479.9
Tamil Nadu,Tuticorin,Kovilpatti(Uzhavar Sandhai ),Onion,Bellary,Local,23/08/2026,2026,8,23,Monsoon,193.5,36.7,78.9,10041.3,10197.1,10127.3
Tamil Nadu,Tuticorin,Kovilpatti(Uzhavar Sandhai ),Onion,Bellary,Local,23/11/2025,2025,11,23,Post-Monsoon,41.6,25.0,44.7,6828.9,7113.9,6944.5
Tamil Nadu,Tuticorin,Kovilpatti(Uzhavar Sandhai ),Onion,Bellary,Local,24/05/2026,2026,5,24,Summer,7.1,29.1,43.2,7196.8,7389.5,7298.3
Tamil Nadu,Tuticorin,Kovilpatti(Uzhavar Sandhai ),Onion,Bellary,Local,25/01/2026,2026,1,25,Winter,11.3,21.5,52.2,6002.1,6367.7,6173.1
Tamil Nadu,Tuticorin,Kovilpatti(Uzhavar Sandhai ),Onion,Bellary,Local,26/04/2026,2026,4,26,Summer,1.0,25.0,48.2,6476.1,6821.2,6663.1
Tamil Nadu,Tuticorin,Kovilpatti(Uzhavar Sandhai ),Onion,Bellary,Local,26/07/2026,2026,7,26,Monsoon,149.0,33.7,67.2,9706.1,9949.6,9840.6
Tamil Nadu,Tuticorin,Kovilpatti(Uzhavar Sandhai ),Onion,Bellary,Local,26/10/2025,2025,10,26,Post-Monsoon,25.1,28.1,47.5,6631.4,6994.5,6847.9
Tamil Nadu,Tuticorin,Kovilpatti(Uzhavar Sandhai ),Onion,Bellary,Local,28/06/2026,2026,6,28,Monsoon,142.4,32.5,67.0,8912.6,9032.7,8979.0
Tamil Nadu,Tuticorin,Kovilpatti(Uzhavar Sandhai ),Onion,Bellary,Local,28/12/2025,2025,12,28,Winter,8.6,20.1,44.5,5862.8,6124.6,5966.2
Tamil Nadu,Tuticorin,Kovilpatti(Uzhavar Sandhai ),Onion,Bellary,Local,29/03/2026,2026,3,29,Summer,16.4,23.5,51.9,7186.3,7427.4,7335.5
Tamil Nadu,Tuticorin,Kovilpatti(Uzhavar Sandhai ),Onion,Bellary,Local,30/08/2026,2026,8,30,Monsoon,169.7,32.9,75.3,9035.3,9361.7,9230.2
Tamil Nadu,Tuticorin,Kovilpatti(Uzhavar Sandhai ),Onion,Bellary,Local,30/11/2025,2025,11,30,Post-Monsoon,54.5,21.1,48.1,6378.9,6770.4,6588.2
Tamil Nadu,Tuticorin,Kovilpatti(Uzhavar Sandhai ),Onion,Bellary,Local,31/05/2026,2026,5,31,Summer,17.5,29.2,50.6,7206.7,7411.5,7318.6
Tamil Nadu,Vellore,Kahithapattarai(Uzhavar Sandhai ),Onion,Bellary,Local,01/02/2026,2026,2,1,Winter,4.3,19.1,39.1,5873.7,6018.8,5939.4
Tamil Nadu,Vellore,Kahithapattarai(Uzhavar Sandhai ),Onion,Bellary,Local,01/03/2026,2026,3,1,Summer,9.6,24.0,46.2,6140.9,6414.2,6246.1
Tamil Nadu,Vellore,Kahithapattarai(Uzhavar Sandhai ),Onion,Bellary,Local,02/08/2026,2026,8,2,Monsoon,222.9,33.6,83.6,9696.5,9896.1,9796.7
Tamil Nadu,Vellore,Kahithapattarai(Uzhavar Sandhai ),Onion,Bellary,Local,02/11/2025,2025,11,2,Post-Monsoon,71.6,22.8,56.4,6345.9,6587.1,6460.7
Tamil Nadu,Vellore,Kahithapattarai(Uzhavar Sandhai ),Onion,Bellary,Local,03/05/2026,2026,5,3,Summer,3.9,30.8,46.3,6556.7,6704.8,6646.1
Tamil Nadu,Vellore,Kahithapattarai(Uzhavar Sandhai ),Onion,Bellary,Local,04/01/2026,2026,1,4,Winter,7.3,19.0,43.5,5874.2,6118.6,5972.7
Tamil Nadu,Vellore,Kahithapattarai(Uzhavar Sandhai ),Onion,Bellary,Local,05/04/2026,2026,4,5,Summer,11.4,24.4,43.2,6947.1,7273.7,7085.6
Tamil Nadu,Vellore,Kahithapattarai(Uzhavar Sandhai ),Onion,Bellary,Local,05/07/2026,2026,7,5,Monsoon,101.3,35.7,61.7,8061.0,8379.0,8225.1
Tamil Nadu,Vellore,Kahithapattarai(Uzhavar Sandhai ),Onion,Bellary,Local,05/10/2025,2025,10,5,Post-Monsoon,68.8,25.4,56.4,6476.7,6621.9,6560.5
Tamil Nadu,Vellore,Kahithapattarai(Uzhavar Sandhai ),Onion,Bellary,Local,06/09/2026,2026,9,6,Monsoon,81.4,31.4,54.4,8424.1,8724.3,8587.8
Tamil Nadu,Vellore,Kahithapattarai(Uzhavar Sandhai ),Onion,Bellary,Local,07/06/2026,2026,6,7,Monsoon,219.0,33.4,72.5,9490.0,9710.5,9627.2
Tamil Nadu,Vellore,Kahithapattarai(Uzhavar Sandhai ),Onion,Bellary,Local,07/12/2025,2025,12,7,Winter,3.8,18.5,44.6,5212.7,5448.0,5307.3
Tamil Nadu,Vellore,Kahithapattarai(Uzhavar Sandhai ),Onion,Bellary,Local,08/02/2026,2026,2,8,Winter,13.1,21.1,47.3,6182.0,6409.2,6305.6
Tamil Nadu,Vellore,Kahithapattarai(Uzhavar Sandhai ),Onion,Bellary,Local,08/03/2026,2026,3,8,Summer,13.5,21.8,47.9,6577.7,6726.8,6655.4
Tamil Nadu,Vellore,Kahithapattarai(Uzhavar Sandhai ),Onion,Bellary,Local,09/08/2026,2026,8,9,Monsoon,112.6,34.1,61.1,8732.0,9060.1,8922.3
Tamil Nadu,Vellore,Kahithapattarai(Uzhavar Sandhai ),Onion,Bellary,Local,09/11/2025,2025,11,9,Post-Monsoon,56.8,22.9,55.2,6606.9,6895.8,6748.0
Tamil Nadu,Vellore,Kahithapattarai(Uzhavar Sandhai ),Onion,Bellary,Local,10/05/2026,2026,5,10,Summer,2.7,29.6,41.4,7026.7,7302.7,7179.5
Tamil Nadu,Vellore,Kahithapattarai(Uzhavar Sandhai ),Onion,Bellary,Local,11/01/2026,2026,1,11,Winter,0.8,20.4,43.1,5331.6,5552.2,5408.6
Tamil Nadu,Vellore,Kahithapattarai(Uzhavar Sandhai ),Onion,Bellary,Local,12/04/2026,2026,4,12,Summer,8.5,25.3,41.5,6627.5,6951.3,6786.3
Tamil Nadu,Vellore,Kahithapattarai(Uzhavar Sandhai ),Onion,Bellary,Local,12/07/2026,2026,7,12,Monsoon,183.1,35.4,71.6,8906.5,9085.5,9019.0
Tamil Nadu,Vellore,Kahithapattarai(Uzhavar Sandhai ),Onion,Bellary,Local,12/10/2025,2025,10,12,Post-Monsoon,76.0,27.8,55.4,6343.8,6583.7,6448.2
Tamil Nadu,Vellore,Kahithapattarai(Uzhavar Sandhai ),Onion,Bellary,Local,13/09/2026,2026,9,13,Monsoon,80.2,31.3,58.1,7940.7,8241.8,8076.3
Tamil Nadu,Vellore,Kahithapattarai(Uzhavar Sandhai ),Onion,Bellary,Local,14/06/2026,2026,6,14,Monsoon,228.2,30.9,79.5,9394.2,9647.6,9509.6
Tamil Nadu,Vellore,Kahithapattarai(Uzhavar Sandhai ),Onion,Bellary,Local,14/12/2025,2025,12,14,Winter,12.8,20.0,45.9,5743.4,5918.7,5835.0
Tamil Nadu,Vellore,Kahithapattarai(Uzhavar Sandhai ),Onion,Bellary,Local,15/02/2026,2026,2,15,Winter,9.1,18.8,52.0,5687.8,5961.8,5841.4
Tamil Nadu,Vellore,Kahithapattarai(Uzhavar Sandhai ),Onion,Bellary,Local,15/03/2026,2026,3,15,Summer,11.8,23.4,46.5,6557.2,6763.4,6672.7
Tamil Nadu,Vellore,Kahithapattarai(Uzhavar Sandhai ),Onion,Bellary,Local,16/08/2026,2026,8,16,Monsoon,192.5,33.1,82.4,8986.8,9199.1,9080.4
Tamil Nadu,Vellore,Kahithapattarai(Uzhavar Sandhai ),Onion,Bellary,Local,16/11/2025,2025,11,16,Post-Monsoon,27.2,20.3,50.2,6248.0,6574.4,6375.6
Tamil Nadu,Vellore,Kahithapattarai(Uzhavar Sandhai ),Onion,Bellary,Local,17/05/2026,2026,5,17,Summer,13.0,31.1,44.0,6288.0,6637.5,6457.0
Tamil Nadu,Vellore,Kahithapattarai(Uzhavar Sandhai ),Onion,Bellary,Local,18/01/2026,2026,1,18,Winter,0.8,19.4,42.9,6172.4,6495.1,6317.1
Tamil Nadu,Vellore,Kahithapattarai(Uzhavar Sandhai ),Onion,Bellary,Local,19/04/2026,2026,4,19,Summer,6.1,25.7,47.9,6505.7,6721.8,6617.6
Tamil Nadu,Vellore,Kahithapattarai(Uzhavar Sandhai ),Onion,Bellary,Local,19/07/2026,2026,7,19,Monsoon,142.8,36.3,76.5,8878.1,9173.8,9013.1
Tamil Nadu,Vellore,Kahithapattarai(Uzhavar Sandhai ),Onion,Bellary,Local,19/10/2025,2025,10,19,Post-Monsoon,47.4,26.2,50.3,6019.8,6317.9,6162.1
Tamil Nadu,Vellore,Kahithapattarai(Uzhavar Sandhai ),Onion,Bellary,Local,20/09/2026,2026,9,20,Monsoon,168.7,31.7,74.3,9366.1,9569.1,9458.2
Tamil Nadu,Vellore,Kahithapattarai(Uzhavar Sandhai ),Onion,Bellary,Local,21/06/2026,2026,6,21,Monsoon,151.6,32.3,69.6,9034.1,9298.7,9151.2
Tamil Nadu,Vellore,Kahithapattarai(Uzhavar Sandhai ),Onion,Bellary,Local,21/12/2025,2025,12,21,Winter,11.4,21.1,43.1,5912.5,6146.7,6040.4
Tamil Nadu,Vellore,Kahithapattarai(Uzhavar Sandhai ),Onion,Bellary,Local,22/02/2026,2026,2,22,Winter,9.9,18.2,47.1,5875.6,6143.6,5997.4
Tamil Nadu,Vellore,Kahithapattarai(Uzhavar Sandhai ),Onion,Bellary,Local,22/03/2026,2026,3,22,Summer,13.7,22.0,46.4,7348.8,7505.6,7433.6
Tamil Nadu,Vellore,Kahithapattarai(Uzhavar Sandhai ),Onion,Bellary,Local,23/08/2026,2026,8,23,Monsoon,169.9,34.8,74.6,8695.7,9031.9,8844.3
Tamil Nadu,Vellore,Kahithapattarai(Uzhavar Sandhai ),Onion,Bellary,Local,23/11/2025,2025,11,23,Post-Monsoon,71.2,22.5,55.7,6567.3,6891.4,6716.3
Tamil Nadu,Vellore,Kahithapattarai(Uzhavar Sandhai ),Onion,Bellary,Local,24/05/2026,2026,5,24,Summer,12.2,30.3,42.8,6679.9,6862.9,6775.0
Tamil Nadu,Vellore,Kahithapattarai(Uzhavar Sandhai ),Onion,Bellary,Local,25/01/2026,2026,1,25,Winter,9.6,18.4,47.1,5651.1,5928.3,5770.4
Tamil Nadu,Vellore,Kahithapattarai(Uzhavar Sandhai ),Onion,Bellary,Local,26/04/2026,2026,4,26,Summer,2.0,29.4,48.6,6372.3,6633.0,6494.4
Tamil Nadu,Vellore,Kahithapattarai(Uzhavar Sandhai ),Onion,Bellary,Local,26/07/2026,2026,7,26,Monsoon,179.5,38.1,75.8,9005.3,9152.3,9071.4
Tamil Nadu,Vellore,Kahithapattarai(Uzhavar Sandhai ),Onion,Bellary,Local,26/10/2025,2025,10,26,Post-Monsoon,76.3,27.0,55.6,6417.8,6679.5,6546.0
Tamil Nadu,Vellore,Kahithapattarai(Uzhavar Sandhai ),Onion,Bellary,Local,28/06/2026,2026,6,28,Monsoon,137.3,35.6,67.6,8582.7,8903.9,8729.5
Tamil Nadu,Vellore,Kahithapattarai(Uzhavar Sandhai ),Onion,Bellary,Local,28/12/2025,2025,12,28,Winter,19.0,20.8,50.3,5527.2,5840.4,5664.3
Tamil Nadu,Vellore,Kahithapattarai(Uzhavar Sandhai ),Onion,Bellary,Local,29/03/2026,2026,3,29,Summer,5.6,21.6,46.8,6978.2,7153.9,7046.1
Tamil Nadu,Vellore,Kahithapattarai(Uzhavar Sandhai ),Onion,Bellary,Local,30/08/2026,2026,8,30,Monsoon,236.4,34.4,82.5,9399.6,9647.6,9498.0
Tamil Nadu,Vellore,Kahithapattarai(Uzhavar Sandhai ),Onion,Bellary,Local,30/11/2025,2025,11,30,Post-Monsoon,23.0,20.6,47.6,6379.1,6509.0,6460.4
Tamil Nadu,Vellore,Kahithapattarai(Uzhavar Sandhai ),Onion,Bellary,Local,31/05/2026,2026,5,31,Summer,18.3,28.9,43.6,7104.5,7381.1,7255.9
Tamil Nadu,Vellore,Katpadi (Uzhavar Sandhai ),Onion,Bellary,Local,01/02/2026,2026,2,1,Winter,11.3,17.5,46.2,5661.8,5850.3,5731.3
Tamil Nadu,Vellore,Katpadi (Uzhavar Sandhai ),Onion,Bellary,Local,01/03/2026,2026,3,1,Summer,4.1,24.0,43.2,6533.0,6758.1,6639.3
Tamil Nadu,Vellore,Katpadi (Uzhavar Sandhai ),Onion,Bellary,Local,02/08/2026,2026,8,2,Monsoon,89.2,35.3,63.3,7925.7,8154.5,8037.4
Tamil Nadu,Vellore,Katpadi (Uzhavar Sandhai ),Onion,Bellary,Local,02/11/2025,2025,11,2,Post-Monsoon,25.7,23.8,53.1,5970.6,6168.8,6083.1
Tamil Nadu,Vellore,Katpadi (Uzhavar Sandhai ),Onion,Bellary,Local,03/05/2026,2026,5,3,Summer,8.3,32.5,46.8,6749.9,6982.0,6873.5
Tamil Nadu,Vellore,Katpadi (Uzhavar Sandhai ),Onion,Bellary,Local,04/01/2026,2026,1,4,Winter,12.6,22.1,45.2,5823.2,6115.1,5967.1
Tamil Nadu,Vellore,Katpadi (Uzhavar Sandhai ),Onion,Bellary,Local,05/04/2026,2026,4,5,Summer,11.0,26.9,45.7,6593.2,6805.8,6718.2
Tamil Nadu,Vellore,Katpadi (Uzhavar Sandhai ),Onion,Bellary,Local,05/07/2026,2026,7,5,Monsoon,181.9,32.6,76.6,9020.1,9293.8,9140.0
Tamil Nadu,Vellore,Katpadi (Uzhavar Sandhai ),Onion,Bellary,Local,05/10/2025,2025,10,5,Post-Monsoon,56.5,25.1,50.2,6531.1,6899.1,6723.1
Tamil Nadu,Vellore,Katpadi (Uzhavar Sandhai ),Onion,Bellary,Local,06/09/2026,2026,9,6,Monsoon,248.2,31.4,79.3,9569.6,9719.7,9645.7
Tamil Nadu,Vellore,Katpadi (Uzhavar Sandhai ),Onion,Bellary,Local,07/06/2026,2026,6,7,Monsoon,92.7,33.8,60.9,8108.2,8256.0,8180.6
Tamil Nadu,Vellore,Katpadi (Uzhavar Sandhai ),Onion,Bellary,Local,07/12/2025,2025,12,7,Winter,15.2,19.5,43.0,6093.6,6337.4,6216.3
Tamil Nadu,Vellore,Katpadi (Uzhavar Sandhai ),Onion,Bellary,Local,08/02/2026,2026,2,8,Winter,14.0,19.0,45.0,5934.9,6117.8,6027.8
Tamil Nadu,Vellore,Katpadi (Uzhavar Sandhai ),Onion,Bellary,Local,08/03/2026,2026,3,8,Summer,1.9,22.5,45.5,6671.1,6942.1,6842.1
Tamil Nadu,Vellore,Katpadi (Uzhavar Sandhai ),Onion,Bellary,Local,09/08/2026,2026,8,9,Monsoon,162.7,35.0,72.4,9884.9,10154.8,10024.7
Tamil Nadu,Vellore,Katpadi (Uzhavar Sandhai ),Onion,Bellary,Local,09/11/2025,2025,11,9,Post-Monsoon,54.5,24.3,60.2,6789.0,6908.0,6854.4
Tamil Nadu,Vellore,Katpadi (Uzhavar Sandhai ),Onion,Bellary,Local,10/05/2026,2026,5,10,Summer,0.4,29.2,46.7,6599.1,6865.9,6749.0
Tamil Nadu,Vellore,Katpadi (Uzhavar Sandhai ),Onion,Bellary,Local,11/01/2026,2026,1,11,Winter,15.6,18.4,44.4,5868.9,6254.5,6062.9
Tamil Nadu,Vellore,Katpadi (Uzhavar Sandhai ),Onion,Bellary,Local,12/04/2026,2026,4,12,Summer,18.3,26.0,46.7,7208.7,7486.1,7345.6
Tamil Nadu,Vellore,Katpadi (Uzhavar Sandhai ),Onion,Bellary,Local,12/07/2026,2026,7,12,Monsoon,165.3,31.6,71.5,8673.4,8938.6,8802.4
Tamil Nadu,Vellore,Katpadi (Uzhavar Sandhai ),Onion,Bellary,Local,12/10/2025,2025,10,12,Post-Monsoon,38.3,30.0,50.2,6619.2,6943.2,6814.1
Tamil Nadu,Vellore,Katpadi (Uzhavar Sandhai ),Onion,Bellary,Local,13/09/2026,2026,9,13,Monsoon,128.1,29.1,72.5,8613.4,8945.8,8779.3
Tamil Nadu,Vellore,Katpadi (Uzhavar Sandhai ),Onion,Bellary,Local,14/06/2026,2026,6,14,Monsoon,214.0,32.8,82.2,9351.1,9574.4,9449.7
Tamil Nadu,Vellore,Katpadi (Uzhavar Sandhai ),Onion,Bellary,Local,14/12/2025,2025,12,14,Winter,1.2,18.8,44.5,5710.4,5921.5,5819.8
Tamil Nadu,Vellore,Katpadi (Uzhavar Sandhai ),Onion,Bellary,Local,15/02/2026,2026,2,15,Winter,10.7,19.1,49.9,5893.8,6169.6,6029.4
Tamil Nadu,Vellore,Katpadi (Uzhavar Sandhai ),Onion,Bellary,Local,15/03/2026,2026,3,15,Summer,10.7,20.4,50.8,6502.1,6723.9,6617.7
Tamil Nadu,Vellore,Katpadi (Uzhavar Sandhai ),Onion,Bellary,Local,16/08/2026,2026,8,16,Monsoon,129.9,34.2,65.6,8657.0,8965.7,8781.8
Tamil Nadu,Vellore,Katpadi (Uzhavar Sandhai ),Onion,Bellary,Local,16/11/2025,2025,11,16,Post-Monsoon,48.8,22.7,55.3,6137.9,6440.9,6292.9
Tamil Nadu,Vellore,Katpadi (Uzhavar Sandhai ),Onion,Bellary,Local,17/05/2026,2026,5,17,Summer,13.5,31.8,44.9,6721.9,7028.7,6873.9
Tamil Nadu,Vellore,Katpadi (Uzhavar Sandhai ),Onion,Bellary,Local,18/01/2026,2026,1,18,Winter,2.0,17.4,44.9,6024.3,6267.6,6144.3
Tamil Nadu,Vellore,Katpadi (Uzhavar Sandhai ),Onion,Bellary,Local,19/04/2026,2026,4,19,Summer,17.2,27.9,44.7,6820.7,7017.2,6914.5
Tamil Nadu,Vellore,Katpadi (Uzhavar Sandhai ),Onion,Bellary,Local,19/07/2026,2026,7,19,Monsoon,220.6,37.3,76.0,9175.9,9494.6,9346.0
Tamil Nadu,Vellore,Katpadi (Uzhavar Sandhai ),Onion,Bellary,Local,19/10/2025,2025,10,19,Post-Monsoon,34.3,26.1,50.2,6565.3,6782.0,6669.2
Tamil Nadu,Vellore,Katpadi (Uzhavar Sandhai ),Onion,Bellary,Local,20/09/2026,2026,9,20,Monsoon,242.4,32.0,85.4,10396.1,10605.5,10499.3
Tamil Nadu,Vellore,Katpadi (Uzhavar Sandhai ),Onion,Bellary,Local,21/06/2026,2026,6,21,Monsoon,230.0,34.0,86.5,9821.5,10041.2,9940.6
Tamil Nadu,Vellore,Katpadi (Uzhavar Sandhai ),Onion,Bellary,Local,21/12/2025,2025,12,21,Winter,4.7,20.0,48.6,6084.7,6276.1,6164.6
Tamil Nadu,Vellore,Katpadi (Uzhavar Sandhai ),Onion,Bellary,Local,22/02/2026,2026,2,22,Winter,12.3,18.7,45.9,6123.8,6295.2,6212.4
Tamil Nadu,Vellore,Katpadi (Uzhavar Sandhai ),Onion,Bellary,Local,22/03/2026,2026,3,22,Summer,15.8,24.3,48.2,6928.6,7220.7,7056.8
Tamil Nadu,Vellore,Katpadi (Uzhavar Sandhai ),Onion,Bellary,Local,23/08/2026,2026,8,23,Monsoon,148.6,35.5,68.1,8558.5,8883.3,8741.7
Tamil Nadu,Vellore,Katpadi (Uzhavar Sandhai ),Onion,Bellary,Local,23/11/2025,2025,11,23,Post-Monsoon,61.8,24.4,48.6,6542.4,6687.5,6600.0
Tamil Nadu,Vellore,Katpadi (Uzhavar Sandhai ),Onion,Bellary,Local,24/05/2026,2026,5,24,Summer,14.3,29.0,55.5,6928.0,7049.6,6981.2
Tamil Nadu,Vellore,Katpadi (Uzhavar Sandhai ),Onion,Bellary,Local,25/01/2026,2026,1,25,Winter,5.1,21.5,41.7,5853.4,6086.5,5979.0
Tamil Nadu,Vellore,Katpadi (Uzhavar Sandhai ),Onion,Bellary,Local,26/04/2026,2026,4,26,Summer,1.8,25.6,49.6,6285.5,6571.6,6435.6
Tamil Nadu,Vellore,Katpadi (Uzhavar Sandhai ),Onion,Bellary,Local,26/07/2026,2026,7,26,Monsoon,132.4,34.9,67.0,9013.6,9325.4,9184.2
Tamil Nadu,Vellore,Katpadi (Uzhavar Sandhai ),Onion,Bellary,Local,26/10/2025,2025,10,26,Post-Monsoon,24.4,28.2,49.6,6631.2,6943.3,6789.5
Tamil Nadu,Vellore,Katpadi (Uzhavar Sandhai ),Onion,Bellary,Local,28/06/2026,2026,6,28,Monsoon,98.0,31.9,57.8,7899.5,8037.9,7968.2
Tamil Nadu,Vellore,Katpadi (Uzhavar Sandhai ),Onion,Bellary,Local,28/12/2025,2025,12,28,Winter,14.8,20.6,52.0,5788.6,6066.6,5962.9
Tamil Nadu,Vellore,Katpadi (Uzhavar Sandhai ),Onion,Bellary,Local,29/03/2026,2026,3,29,Summer,0.8,23.0,40.4,6721.1,6865.9,6782.0
Tamil Nadu,Vellore,Katpadi (Uzhavar Sandhai ),Onion,Bellary,Local,30/08/2026,2026,8,30,Monsoon,108.2,33.1,63.2,8900.0,9078.6,9001.2
Tamil Nadu,Vellore,Katpadi (Uzhavar Sandhai ),Onion,Bellary,Local,30/11/2025,2025,11,30,Post-Monsoon,75.2,23.4,53.4,6996.3,7140.4,7082.3
Tamil Nadu,Vellore,Katpadi (Uzhavar Sandhai ),Onion,Bellary,Local,31/05/2026,2026,5,31,Summer,14.9,31.9,49.9,6345.3,6549.6,6424.4
Tamil Nadu,Vellore,Pallikonda(Uzhavar Sandhai),Onion,Bellary,Local,01/02/2026,2026,2,1,Winter,14.3,17.2,40.0,4637.7,4789.9,4702.2
Tamil Nadu,Vellore,Pallikonda(Uzhavar Sandhai),Onion,Bellary,Local,01/03/2026,2026,3,1,Summer,2.2,27.2,48.4,5166.6,5438.6,5298.5
Tamil Nadu,Vellore,Pallikonda(Uzhavar Sandhai),Onion,Bellary,Local,02/08/2026,2026,8,2,Monsoon,227.4,33.8,88.8,7658.9,7913.6,7804.2
Tamil Nadu,Vellore,Pallikonda(Uzhavar Sandhai),Onion,Bellary,Local,02/11/2025,2025,11,2,Post-Monsoon,22.7,19.3,45.4,5157.1,5490.1,5349.3
Tamil Nadu,Vellore,Pallikonda(Uzhavar Sandhai),Onion,Bellary,Local,03/05/2026,2026,5,3,Summer,9.8,29.2,50.8,5937.6,6122.1,6031.2
Tamil Nadu,Vellore,Pallikonda(Uzhavar Sandhai),Onion,Bellary,Local,04/01/2026,2026,1,4,Winter,8.9,18.0,39.1,4690.7,5058.0,4876.1
Tamil Nadu,Vellore,Pallikonda(Uzhavar Sandhai),Onion,Bellary,Local,05/04/2026,2026,4,5,Summer,1.4,29.5,49.8,5443.7,5554.8,5504.3
Tamil Nadu,Vellore,Pallikonda(Uzhavar Sandhai),Onion,Bellary,Local,05/07/2026,2026,7,5,Monsoon,184.3,35.9,72.0,7230.5,7520.2,7366.5
Tamil Nadu,Vellore,Pallikonda(Uzhavar Sandhai),Onion,Bellary,Local,05/10/2025,2025,10,5,Post-Monsoon,53.4,26.6,52.0,5015.7,5322.2,5189.9
Tamil Nadu,Vellore,Pallikonda(Uzhavar Sandhai),Onion,Bellary,Local,06/09/2026,2026,9,6,Monsoon,145.9,32.3,69.3,7360.7,7658.5,7499.0
Tamil Nadu,Vellore,Pallikonda(Uzhavar Sandhai),Onion,Bellary,Local,07/06/2026,2026,6,7,Monsoon,138.0,36.7,68.9,6739.6,6858.1,6796.1
Tamil Nadu,Vellore,Pallikonda(Uzhavar Sandhai),Onion,Bellary,Local,07/12/2025,2025,12,7,Winter,18.3,20.9,43.8,4554.0,4829.1,4702.8
Tamil Nadu,Vellore,Pallikonda(Uzhavar Sandhai),Onion,Bellary,Local,08/02/2026,2026,2,8,Winter,7.7,17.5,45.4,4589.2,4867.2,4721.0
Tamil Nadu,Vellore,Pallikonda(Uzhavar Sandhai),Onion,Bellary,Local,08/03/2026,2026,3,8,Summer,11.2,22.1,45.9,5480.5,5794.0,5623.0
Tamil Nadu,Vellore,Pallikonda(Uzhavar Sandhai),Onion,Bellary,Local,09/08/2026,2026,8,9,Monsoon,139.5,32.1,68.8,6964.8,7107.2,7047.5
Tamil Nadu,Vellore,Pallikonda(Uzhavar Sandhai),Onion,Bellary,Local,09/11/2025,2025,11,9,Post-Monsoon,53.9,22.1,54.7,5197.8,5492.6,5327.0
Tamil Nadu,Vellore,Pallikonda(Uzhavar Sandhai),Onion,Bellary,Local,10/05/2026,2026,5,10,Summer,4.2,29.8,46.9,5324.0,5530.4,5410.1
Tamil Nadu,Vellore,Pallikonda(Uzhavar Sandhai),Onion,Bellary,Local,11/01/2026,2026,1,11,Winter,15.7,19.9,46.5,4581.2,4890.5,4747.2
Tamil Nadu,Vellore,Pallikonda(Uzhavar Sandhai),Onion,Bellary,Local,12/04/2026,2026,4,12,Summer,15.5,28.4,46.6,5486.4,5708.6,5585.8
Tamil Nadu,Vellore,Pallikonda(Uzhavar Sandhai),Onion,Bellary,Local,12/07/2026,2026,7,12,Monsoon,143.6,36.8,68.4,6824.4,7026.7,6950.0
Tamil Nadu,Vellore,Pallikonda(Uzhavar Sandhai),Onion,Bellary,Local,12/10/2025,2025,10,12,Post-Monsoon,72.3,26.3,58.5,5332.4,5671.2,5508.2
Tamil Nadu,Vellore,Pallikonda(Uzhavar Sandhai),Onion,Bellary,Local,13/09/2026,2026,9,13,Monsoon,106.1,31.7,62.1,7013.7,7320.2,7188.8
Tamil Nadu,Vellore,Pallikonda(Uzhavar Sandhai),Onion,Bellary,Local,14/06/2026,2026,6,14,Monsoon,196.2,34.3,77.3,7554.0,7701.2,7615.9
Tamil Nadu,Vellore,Pallikonda(Uzhavar Sandhai),Onion,Bellary,Local,14/12/2025,2025,12,14,Winter,6.9,17.7,43.8,4828.8,5044.5,4937.9
Tamil Nadu,Vellore,Pallikonda(Uzhavar Sandhai),Onion,Bellary,Local,15/02/2026,2026,2,15,Winter,10.9,19.9,48.7,4767.9,5061.4,4922.1
Tamil Nadu,Vellore,Pallikonda(Uzhavar Sandhai),Onion,Bellary,Local,15/03/2026,2026,3,15,Summer,11.7,24.3,44.5,5394.8,5571.5,5483.6
Tamil Nadu,Vellore,Pallikonda(Uzhavar Sandhai),Onion,Bellary,Local,16/08/2026,2026,8,16,Monsoon,101.1,32.8,63.7,7013.7,7161.5,7071.1
Tamil Nadu,Vellore,Pallikonda(Uzhavar Sandhai),Onion,Bellary,Local,16/11/2025,2025,11,16,Post-Monsoon,39.0,19.8,48.5,5032.8,5299.9,5153.0
Tamil Nadu,Vellore,Pallikonda(Uzhavar Sandhai),Onion,Bellary,Local,17/05/2026,2026,5,17,Summer,14.7,32.0,46.2,5219.8,5446.3,5352.9
Tamil Nadu,Vellore,Pallikonda(Uzhavar Sandhai),Onion,Bellary,Local,18/01/2026,2026,1,18,Winter,13.6,17.0,42.0,4748.8,5019.7,4861.4
Tamil Nadu,Vellore,Pallikonda(Uzhavar Sandhai),Onion,Bellary,Local,19/04/2026,2026,4,19,Summer,2.1,27.6,43.3,5142.4,5466.1,5262.0
Tamil Nadu,Vellore,Pallikonda(Uzhavar Sandhai),Onion,Bellary,Local,19/07/2026,2026,7,19,Monsoon,136.0,34.4,70.3,6957.6,7344.8,7122.0
Tamil Nadu,Vellore,Pallikonda(Uzhavar Sandhai),Onion,Bellary,Local,19/10/2025,2025,10,19,Post-Monsoon,42.4,27.5,47.3,5090.3,5438.1,5244.9
Tamil Nadu,Vellore,Pallikonda(Uzhavar Sandhai),Onion,Bellary,Local,20/09/2026,2026,9,20,Monsoon,151.2,30.4,69.3,6586.0,6877.9,6710.7
Tamil Nadu,Vellore,Pallikonda(Uzhavar Sandhai),Onion,Bellary,Local,21/06/2026,2026,6,21,Monsoon,157.6,32.0,69.6,6873.8,7046.3,6957.2
Tamil Nadu,Vellore,Pallikonda(Uzhavar Sandhai),Onion,Bellary,Local,21/12/2025,2025,12,21,Winter,5.7,22.0,45.2,4569.5,4799.0,4676.4
Tamil Nadu,Vellore,Pallikonda(Uzhavar Sandhai),Onion,Bellary,Local,22/02/2026,2026,2,22,Winter,18.7,22.8,44.1,4555.8,4761.6,4672.4
Tamil Nadu,Vellore,Pallikonda(Uzhavar Sandhai),Onion,Bellary,Local,22/03/2026,2026,3,22,Summer,14.0,22.6,49.2,5890.7,6277.9,6046.2
Tamil Nadu,Vellore,Pallikonda(Uzhavar Sandhai),Onion,Bellary,Local,23/08/2026,2026,8,23,Monsoon,145.5,33.8,68.9,6926.6,7125.8,7024.1
Tamil Nadu,Vellore,Pallikonda(Uzhavar Sandhai),Onion,Bellary,Local,23/11/2025,2025,11,23,Post-Monsoon,53.9,23.3,55.7,5016.8,5210.7,5101.5
Tamil Nadu,Vellore,Pallikonda(Uzhavar Sandhai),Onion,Bellary,Local,24/05/2026,2026,5,24,Summer,9.4,33.0,48.1,5886.2,6135.0,6026.3
Tamil Nadu,Vellore,Pallikonda(Uzhavar Sandhai),Onion,Bellary,Local,25/01/2026,2026,1,25,Winter,0.1,15.7,48.3,4570.8,4925.6,4754.4
Tamil Nadu,Vellore,Pallikonda(Uzhavar Sandhai),Onion,Bellary,Local,26/04/2026,2026,4,26,Summer,4.0,28.2,44.9,5307.8,5497.7,5398.0
Tamil Nadu,Vellore,Pallikonda(Uzhavar Sandhai),Onion,Bellary,Local,26/07/2026,2026,7,26,Monsoon,107.4,33.0,62.3,7197.2,7564.7,7396.7
Tamil Nadu,Vellore,Pallikonda(Uzhavar Sandhai),Onion,Bellary,Local,26/10/2025,2025,10,26,Post-Monsoon,58.9,28.4,57.9,5499.2,5691.6,5569.7
Tamil Nadu,Vellore,Pallikonda(Uzhavar Sandhai),Onion,Bellary,Local,28/06/2026,2026,6,28,Monsoon,139.4,34.1,69.4,7170.8,7407.2,7312.4
Tamil Nadu,Vellore,Pallikonda(Uzhavar Sandhai),Onion,Bellary,Local,28/12/2025,2025,12,28,Winter,7.9,22.2,51.3,4701.6,4989.6,4837.2
Tamil Nadu,Vellore,Pallikonda(Uzhavar Sandhai),Onion,Bellary,Local,29/03/2026,2026,3,29,Summer,3.0,24.6,47.4,5706.2,5930.1,5815.5
Tamil Nadu,Vellore,Pallikonda(Uzhavar Sandhai),Onion,Bellary,Local,30/08/2026,2026,8,30,Monsoon,242.3,32.9,84.2,7701.9,7988.9,7874.6
Tamil Nadu,Vellore,Pallikonda(Uzhavar Sandhai),Onion,Bellary,Local,30/11/2025,2025,11,30,Post-Monsoon,59.1,23.1,58.6,4856.7,5193.7,5036.2
Tamil Nadu,Vellore,Pallikonda(Uzhavar Sandhai),Onion,Bellary,Local,31/05/2026,2026,5,31,Summer,8.2,33.3,46.8,5228.4,5501.7,5359.2
Tamil Nadu,Vellore,Perampet(Uzhavar Sandhai),Onion,Bellary,Local,01/02/2026,2026,2,1,Winter,11.2,19.0,46.6,4761.5,5142.4,4946.0
Tamil Nadu,Vellore,Perampet(Uzhavar Sandhai),Onion,Bellary,Local,01/03/2026,2026,3,1,Summer,2.9,23.9,44.2,5967.9,6118.7,6033.7
Tamil Nadu,Vellore,Perampet(Uzhavar Sandhai),Onion,Bellary,Local,02/08/2026,2026,8,2,Monsoon,161.5,31.6,69.4,7930.8,8127.8,8022.1
Tamil Nadu,Vellore,Perampet(Uzhavar Sandhai),Onion,Bellary,Local,02/11/2025,2025,11,2,Post-Monsoon,50.9,26.5,53.1,5573.6,5723.1,5646.4
Tamil Nadu,Vellore,Perampet(Uzhavar Sandhai),Onion,Bellary,Local,03/05/2026,2026,5,3,Summer,16.9,32.0,51.4,6070.4,6378.9,6236.6
Tamil Nadu,Vellore,Perampet(Uzhavar Sandhai),Onion,Bellary,Local,04/01/2026,2026,1,4,Winter,19.1,19.7,49.7,5045.5,5485.3,5265.0
Tamil Nadu,Vellore,Perampet(Uzhavar Sandhai),Onion,Bellary,Local,05/04/2026,2026,4,5,Summer,11.2,28.2,41.2,5983.0,6220.0,6133.3
Tamil Nadu,Vellore,Perampet(Uzhavar Sandhai),Onion,Bellary,Local,05/07/2026,2026,7,5,Monsoon,144.2,31.3,64.0,7387.3,7672.2,7507.1
Tamil Nadu,Vellore,Perampet(Uzhavar Sandhai),Onion,Bellary,Local,05/10/2025,2025,10,5,Post-Monsoon,37.9,27.8,50.6,5618.1,5833.3,5749.6
Tamil Nadu,Vellore,Perampet(Uzhavar Sandhai),Onion,Bellary,Local,06/09/2026,2026,9,6,Monsoon,170.5,30.1,74.0,7838.1,8183.1,8014.4
Tamil Nadu,Vellore,Perampet(Uzhavar Sandhai),Onion,Bellary,Local,07/06/2026,2026,6,7,Monsoon,115.0,35.7,61.4,8093.0,8304.9,8197.2
Tamil Nadu,Vellore,Perampet(Uzhavar Sandhai),Onion,Bellary,Local,07/12/2025,2025,12,7,Winter,4.3,18.3,45.2,4965.4,5191.8,5110.3
Tamil Nadu,Vellore,Perampet(Uzhavar Sandhai),Onion,Bellary,Local,08/02/2026,2026,2,8,Winter,6.7,19.2,43.8,4692.3,4987.1,4838.6
Tamil Nadu,Vellore,Perampet(Uzhavar Sandhai),Onion,Bellary,Local,08/03/2026,2026,3,8,Summer,16.9,24.7,46.5,6051.1,6237.9,6171.7
Tamil Nadu,Vellore,Perampet(Uzhavar Sandhai),Onion,Bellary,Local,09/08/2026,2026,8,9,Monsoon,174.9,35.5,75.9,8271.6,8402.6,8351.4
Tamil Nadu,Vellore,Perampet(Uzhavar Sandhai),Onion,Bellary,Local,09/11/2025,2025,11,9,Post-Monsoon,76.4,22.9,57.0,5227.8,5411.7,5291.2
Tamil Nadu,Vellore,Perampet(Uzhavar Sandhai),Onion,Bellary,Local,10/05/2026,2026,5,10,Summer,12.0,32.0,49.5,5994.8,6143.0,6062.6
Tamil Nadu,Vellore,Perampet(Uzhavar Sandhai),Onion,Bellary,Local,11/01/2026,2026,1,11,Winter,18.0,19.8,50.6,4847.6,5122.5,5003.1
Tamil Nadu,Vellore,Perampet(Uzhavar Sandhai),Onion,Bellary,Local,12/04/2026,2026,4,12,Summer,15.6,26.3,40.6,6085.8,6403.0,6222.0
Tamil Nadu,Vellore,Perampet(Uzhavar Sandhai),Onion,Bellary,Local,12/07/2026,2026,7,12,Monsoon,125.0,32.5,60.2,7585.2,7873.5,7691.1
Tamil Nadu,Vellore,Perampet(Uzhavar Sandhai),Onion,Bellary,Local,12/10/2025,2025,10,12,Post-Monsoon,46.2,25.0,50.1,6006.4,6164.8,6090.6
Tamil Nadu,Vellore,Perampet(Uzhavar Sandhai),Onion,Bellary,Local,13/09/2026,2026,9,13,Monsoon,236.0,31.7,81.1,8052.6,8355.6,8213.3
Tamil Nadu,Vellore,Perampet(Uzhavar Sandhai),Onion,Bellary,Local,14/06/2026,2026,6,14,Monsoon,98.9,33.8,59.9,7819.7,8110.3,7955.6
Tamil Nadu,Vellore,Perampet(Uzhavar Sandhai),Onion,Bellary,Local,14/12/2025,2025,12,14,Winter,15.5,21.9,46.2,5009.7,5320.6,5135.3
Tamil Nadu,Vellore,Perampet(Uzhavar Sandhai),Onion,Bellary,Local,15/02/2026,2026,2,15,Winter,3.3,20.5,47.9,5384.5,5508.7,5433.1
Tamil Nadu,Vellore,Perampet(Uzhavar Sandhai),Onion,Bellary,Local,15/03/2026,2026,3,15,Summer,13.8,26.2,44.2,6534.8,6743.0,6625.0
Tamil Nadu,Vellore,Perampet(Uzhavar Sandhai),Onion,Bellary,Local,16/08/2026,2026,8,16,Monsoon,204.0,32.8,69.9,8579.2,8797.9,8679.5
Tamil Nadu,Vellore,Perampet(Uzhavar Sandhai),Onion,Bellary,Local,16/11/2025,2025,11,16,Post-Monsoon,24.9,22.7,45.8,5408.7,5601.2,5481.5
Tamil Nadu,Vellore,Perampet(Uzhavar Sandhai),Onion,Bellary,Local,17/05/2026,2026,5,17,Summer,2.2,32.4,43.8,5646.2,5960.5,5802.9
Tamil Nadu,Vellore,Perampet(Uzhavar Sandhai),Onion,Bellary,Local,18/01/2026,2026,1,18,Winter,17.7,20.6,51.6,4949.3,5170.8,5049.5
Tamil Nadu,Vellore,Perampet(Uzhavar Sandhai),Onion,Bellary,Local,19/04/2026,2026,4,19,Summer,6.4,30.9,50.1,5975.2,6240.0,6139.0
Tamil Nadu,Vellore,Perampet(Uzhavar Sandhai),Onion,Bellary,Local,19/07/2026,2026,7,19,Monsoon,180.8,35.5,70.8,8708.4,8907.5,8794.1
Tamil Nadu,Vellore,Perampet(Uzhavar Sandhai),Onion,Bellary,Local,19/10/2025,2025,10,19,Post-Monsoon,20.7,28.1,48.9,5516.9,5725.5,5623.6
Tamil Nadu,Vellore,Perampet(Uzhavar Sandhai),Onion,Bellary,Local,20/09/2026,2026,9,20,Monsoon,92.6,28.9,58.4,7619.7,7788.7,7700.5
Tamil Nadu,Vellore,Perampet(Uzhavar Sandhai),Onion,Bellary,Local,21/06/2026,2026,6,21,Monsoon,169.9,34.7,73.2,8716.0,8993.5,8853.2
Tamil Nadu,Vellore,Perampet(Uzhavar Sandhai),Onion,Bellary,Local,21/12/2025,2025,12,21,Winter,17.6,20.1,48.1,4883.8,5280.2,5096.0
Tamil Nadu,Vellore,Perampet(Uzhavar Sandhai),Onion,Bellary,Local,22/02/2026,2026,2,22,Winter,7.7,20.4,51.5,5119.8,5405.3,5247.3
Tamil Nadu,Vellore,Perampet(Uzhavar Sandhai),Onion,Bellary,Local,22/03/2026,2026,3,22,Summer,16.7,22.8,48.7,5933.5,6249.8,6087.3
Tamil Nadu,Vellore,Perampet(Uzhavar Sandhai),Onion,Bellary,Local,23/08/2026,2026,8,23,Monsoon,184.8,33.4,77.7,8088.1,8390.3,8218.3
Tamil Nadu,Vellore,Perampet(Uzhavar Sandhai),Onion,Bellary,Local,23/11/2025,2025,11,23,Post-Monsoon,30.8,23.4,50.2,5416.9,5596.1,5516.7
Tamil Nadu,Vellore,Perampet(Uzhavar Sandhai),Onion,Bellary,Local,24/05/2026,2026,5,24,Summer,7.2,31.7,44.9,6210.3,6367.4,6278.1
Tamil Nadu,Vellore,Perampet(Uzhavar Sandhai),Onion,Bellary,Local,25/01/2026,2026,1,25,Winter,3.1,20.3,45.7,5211.5,5369.5,5283.0
Tamil Nadu,Vellore,Perampet(Uzhavar Sandhai),Onion,Bellary,Local,26/04/2026,2026,4,26,Summer,5.9,26.0,43.2,6062.6,6292.0,6164.1
Tamil Nadu,Vellore,Perampet(Uzhavar Sandhai),Onion,Bellary,Local,26/07/2026,2026,7,26,Monsoon,242.3,36.3,82.8,8014.2,8288.3,8151.2
Tamil Nadu,Vellore,Perampet(Uzhavar Sandhai),Onion,Bellary,Local,26/10/2025,2025,10,26,Post-Monsoon,47.9,25.6,51.1,5645.4,5967.4,5823.9
Tamil Nadu,Vellore,Perampet(Uzhavar Sandhai),Onion,Bellary,Local,28/06/2026,2026,6,28,Monsoon,101.8,33.4,65.0,7584.0,7762.3,7665.7
Tamil Nadu,Vellore,Perampet(Uzhavar Sandhai),Onion,Bellary,Local,28/12/2025,2025,12,28,Winter,5.6,21.7,49.0,5311.5,5453.2,5368.6
Tamil Nadu,Vellore,Perampet(Uzhavar Sandhai),Onion,Bellary,Local,29/03/2026,2026,3,29,Summer,18.2,22.9,55.7,6316.1,6515.0,6403.3
Tamil Nadu,Vellore,Perampet(Uzhavar Sandhai),Onion,Bellary,Local,30/08/2026,2026,8,30,Monsoon,169.0,31.4,77.6,7796.6,7999.2,7918.1
Tamil Nadu,Vellore,Perampet(Uzhavar Sandhai),Onion,Bellary,Local,30/11/2025,2025,11,30,Post-Monsoon,64.9,20.5,59.1,5760.0,6001.8,5895.7
Tamil Nadu,Vellore,Perampet(Uzhavar Sandhai),Onion,Bellary,Local,31/05/2026,2026,5,31,Summer,13.2,30.9,46.9,6294.6,6571.4,6428.1
Tamil Nadu,Vellore,Vellore APMC,Onion,Bellary,Local,01/02/2026,2026,2,1,Winter,0.2,22.2,46.4,5153.7,5399.8,5299.1
Tamil Nadu,Vellore,Vellore APMC,Onion,Bellary,Local,01/03/2026,2026,3,1,Summer,11.8,24.9,46.8,5032.5,5422.6,5250.6
Tamil Nadu,Vellore,Vellore APMC,Onion,Bellary,Local,02/08/2026,2026,8,2,Monsoon,132.4,35.0,67.0,7399.9,7662.4,7510.1
Tamil Nadu,Vellore,Vellore APMC,Onion,Bellary,Local,02/11/2025,2025,11,2,Post-Monsoon,55.8,21.1,52.6,5389.4,5791.3,5599.1
Tamil Nadu,Vellore,Vellore APMC,Onion,Bellary,Local,03/05/2026,2026,5,3,Summer,8.7,31.0,43.6,5455.0,5703.9,5574.2
Tamil Nadu,Vellore,Vellore APMC,Onion,Bellary,Local,04/01/2026,2026,1,4,Winter,19.6,20.6,50.2,5140.6,5324.9,5230.7
Tamil Nadu,Vellore,Vellore APMC,Onion,Bellary,Local,05/04/2026,2026,4,5,Summer,1.9,26.3,46.3,5901.7,6138.9,6045.7
Tamil Nadu,Vellore,Vellore APMC,Onion,Bellary,Local,05/07/2026,2026,7,5,Monsoon,228.9,35.4,81.7,8209.9,8546.1,8377.5
Tamil Nadu,Vellore,Vellore APMC,Onion,Bellary,Local,05/10/2025,2025,10,5,Post-Monsoon,45.4,26.9,56.2,5546.8,5913.8,5717.8
Tamil Nadu,Vellore,Vellore APMC,Onion,Bellary,Local,06/09/2026,2026,9,6,Monsoon,197.7,29.7,78.1,7723.7,7894.1,7799.1
Tamil Nadu,Vellore,Vellore APMC,Onion,Bellary,Local,07/06/2026,2026,6,7,Monsoon,92.7,33.2,59.1,7550.6,7916.3,7710.0
Tamil Nadu,Vellore,Vellore APMC,Onion,Bellary,Local,07/12/2025,2025,12,7,Winter,1.9,19.0,42.4,4958.0,5161.1,5078.5
Tamil Nadu,Vellore,Vellore APMC,Onion,Bellary,Local,08/02/2026,2026,2,8,Winter,15.0,22.1,42.8,5380.6,5659.9,5498.4
Tamil Nadu,Vellore,Vellore APMC,Onion,Bellary,Local,08/03/2026,2026,3,8,Summer,9.1,23.4,47.5,6018.3,6206.6,6127.0
Tamil Nadu,Vellore,Vellore APMC,Onion,Bellary,Local,09/08/2026,2026,8,9,Monsoon,87.6,35.8,59.9,7703.0,7888.1,7795.4
Tamil Nadu,Vellore,Vellore APMC,Onion,Bellary,Local,09/11/2025,2025,11,9,Post-Monsoon,55.4,21.9,51.1,5826.5,6067.6,5952.7
Tamil Nadu,Vellore,Vellore APMC,Onion,Bellary,Local,10/05/2026,2026,5,10,Summer,14.5,31.8,48.4,6026.3,6181.0,6122.1
Tamil Nadu,Vellore,Vellore APMC,Onion,Bellary,Local,11/01/2026,2026,1,11,Winter,3.2,19.1,47.1,5019.0,5184.3,5100.5
Tamil Nadu,Vellore,Vellore APMC,Onion,Bellary,Local,12/04/2026,2026,4,12,Summer,10.1,26.2,46.7,5734.3,6071.7,5873.6
Tamil Nadu,Vellore,Vellore APMC,Onion,Bellary,Local,12/07/2026,2026,7,12,Monsoon,93.5,32.1,58.4,7236.0,7445.3,7351.2
Tamil Nadu,Vellore,Vellore APMC,Onion,Bellary,Local,12/10/2025,2025,10,12,Post-Monsoon,74.1,24.4,57.4,5316.6,5547.1,5463.6
Tamil Nadu,Vellore,Vellore APMC,Onion,Bellary,Local,13/09/2026,2026,9,13,Monsoon,116.0,31.4,63.9,7060.6,7232.3,7141.5
Tamil Nadu,Vellore,Vellore APMC,Onion,Bellary,Local,14/06/2026,2026,6,14,Monsoon,179.9,35.7,75.8,8629.8,8849.4,8737.6
Tamil Nadu,Vellore,Vellore APMC,Onion,Bellary,Local,14/12/2025,2025,12,14,Winter,4.4,18.4,47.3,5156.9,5341.3,5258.8
Tamil Nadu,Vellore,Vellore APMC,Onion,Bellary,Local,15/02/2026,2026,2,15,Winter,15.1,19.3,49.1,4894.7,5060.5,4979.1
Tamil Nadu,Vellore,Vellore APMC,Onion,Bellary,Local,15/03/2026,2026,3,15,Summer,12.7,22.4,48.3,5739.1,6069.4,5926.7
Tamil Nadu,Vellore,Vellore APMC,Onion,Bellary,Local,16/08/2026,2026,8,16,Monsoon,225.0,35.0,84.3,7948.1,8128.4,8037.9
Tamil Nadu,Vellore,Vellore APMC,Onion,Bellary,Local,16/11/2025,2025,11,16,Post-Monsoon,80.0,21.9,64.8,5494.2,5730.4,5600.1
Tamil Nadu,Vellore,Vellore APMC,Onion,Bellary,Local,17/05/2026,2026,5,17,Summer,7.7,33.6,46.5,5834.0,6086.1,5991.9
Tamil Nadu,Vellore,Vellore APMC,Onion,Bellary,Local,18/01/2026,2026,1,18,Winter,16.2,19.4,45.9,5284.5,5656.2,5492.2
Tamil Nadu,Vellore,Vellore APMC,Onion,Bellary,Local,19/04/2026,2026,4,19,Summer,4.2,28.4,47.7,5576.3,5812.8,5696.1
Tamil Nadu,Vellore,Vellore APMC,Onion,Bellary,Local,19/07/2026,2026,7,19,Monsoon,166.7,36.8,74.2,7833.8,8034.2,7958.9
Tamil Nadu,Vellore,Vellore APMC,Onion,Bellary,Local,19/10/2025,2025,10,19,Post-Monsoon,31.0,28.1,49.8,5580.8,5840.6,5711.1
Tamil Nadu,Vellore,Vellore APMC,Onion,Bellary,Local,20/09/2026,2026,9,20,Monsoon,143.4,29.6,72.5,8089.9,8278.3,8178.8
Tamil Nadu,Vellore,Vellore APMC,Onion,Bellary,Local,21/06/2026,2026,6,21,Monsoon,96.3,35.0,55.6,7792.6,7975.4,7901.6
Tamil Nadu,Vellore,Vellore APMC,Onion,Bellary,Local,21/12/2025,2025,12,21,Winter,16.4,19.1,51.2,5323.3,5665.6,5520.2
Tamil Nadu,Vellore,Vellore APMC,Onion,Bellary,Local,22/02/2026,2026,2,22,Winter,17.1,19.7,47.3,5324.0,5477.2,5422.8
Tamil Nadu,Vellore,Vellore APMC,Onion,Bellary,Local,22/03/2026,2026,3,22,Summer,4.9,20.1,45.2,6329.0,6616.1,6476.6
Tamil Nadu,Vellore,Vellore APMC,Onion,Bellary,Local,23/08/2026,2026,8,23,Monsoon,176.1,33.5,71.4,7768.5,7981.5,7868.0
Tamil Nadu,Vellore,Vellore APMC,Onion,Bellary,Local,23/11/2025,2025,11,23,Post-Monsoon,21.8,21.5,45.5,5237.8,5536.9,5400.8
Tamil Nadu,Vellore,Vellore APMC,Onion,Bellary,Local,24/05/2026,2026,5,24,Summer,16.4,27.6,48.2,6274.3,6520.0,6370.5
Tamil Nadu,Vellore,Vellore APMC,Onion,Bellary,Local,25/01/2026,2026,1,25,Winter,8.7,21.0,45.1,4910.1,5159.2,5009.0
Tamil Nadu,Vellore,Vellore APMC,Onion,Bellary,Local,26/04/2026,2026,4,26,Summer,14.1,30.4,39.6,5965.9,6291.2,6103.8
Tamil Nadu,Vellore,Vellore APMC,Onion,Bellary,Local,26/07/2026,2026,7,26,Monsoon,187.7,36.9,71.7,7322.7,7492.7,7398.5
Tamil Nadu,Vellore,Vellore APMC,Onion,Bellary,Local,26/10/2025,2025,10,26,Post-Monsoon,22.7,28.1,47.9,5485.9,5685.8,5605.8
Tamil Nadu,Vellore,Vellore APMC,Onion,Bellary,Local,28/06/2026,2026,6,28,Monsoon,81.7,35.3,61.4,7575.7,7867.8,7691.1
Tamil Nadu,Vellore,Vellore APMC,Onion,Bellary,Local,28/12/2025,2025,12,28,Winter,9.7,19.3,41.8,4847.5,5124.7,5017.2
Tamil Nadu,Vellore,Vellore APMC,Onion,Bellary,Local,29/03/2026,2026,3,29,Summer,12.3,23.4,43.6,5499.9,5803.3,5639.4
Tamil Nadu,Vellore,Vellore APMC,Onion,Bellary,Local,30/08/2026,2026,8,30,Monsoon,153.9,32.8,75.2,7625.4,7948.2,7810.1
Tamil Nadu,Vellore,Vellore APMC,Onion,Bellary,Local,30/11/2025,2025,11,30,Post-Monsoon,62.6,24.2,54.7,5919.2,6226.6,6035.6
Tamil Nadu,Vellore,Vellore APMC,Onion,Bellary,Local,31/05/2026,2026,5,31,Summer,6.3,31.9,46.4,5213.0,5397.3,5297.2
Tamil Nadu,Villupuram,Gingee(Uzhavar Sandhai ),Onion,Bellary,Local,01/02/2026,2026,2,1,Winter,9.3,18.9,45.6,4968.1,5140.9,5055.2
Tamil Nadu,Villupuram,Gingee(Uzhavar Sandhai ),Onion,Bellary,Local,01/03/2026,2026,3,1,Summer,1.1,22.2,45.6,5659.7,5890.7,5791.7
Tamil Nadu,Villupuram,Gingee(Uzhavar Sandhai ),Onion,Bellary,Local,02/08/2026,2026,8,2,Monsoon,159.3,34.4,75.8,7034.5,7272.3,7152.3
Tamil Nadu,Villupuram,Gingee(Uzhavar Sandhai ),Onion,Bellary,Local,02/11/2025,2025,11,2,Post-Monsoon,27.6,21.1,50.2,5511.2,5652.3,5589.0
Tamil Nadu,Villupuram,Gingee(Uzhavar Sandhai ),Onion,Bellary,Local,03/05/2026,2026,5,3,Summer,12.9,32.3,49.7,5720.0,6057.8,5935.1
Tamil Nadu,Villupuram,Gingee(Uzhavar Sandhai ),Onion,Bellary,Local,04/01/2026,2026,1,4,Winter,6.4,19.0,42.0,5008.2,5263.4,5117.2
Tamil Nadu,Villupuram,Gingee(Uzhavar Sandhai ),Onion,Bellary,Local,05/04/2026,2026,4,5,Summer,5.2,26.7,42.8,5340.2,5468.2,5413.3
Tamil Nadu,Villupuram,Gingee(Uzhavar Sandhai ),Onion,Bellary,Local,05/07/2026,2026,7,5,Monsoon,213.1,33.9,70.6,7721.3,7936.0,7829.0
Tamil Nadu,Villupuram,Gingee(Uzhavar Sandhai ),Onion,Bellary,Local,05/10/2025,2025,10,5,Post-Monsoon,51.1,26.8,53.8,5233.6,5465.3,5349.0
Tamil Nadu,Villupuram,Gingee(Uzhavar Sandhai ),Onion,Bellary,Local,06/09/2026,2026,9,6,Monsoon,140.7,30.7,67.6,6970.1,7292.2,7148.6
Tamil Nadu,Villupuram,Gingee(Uzhavar Sandhai ),Onion,Bellary,Local,07/06/2026,2026,6,7,Monsoon,139.5,37.2,70.9,7008.5,7228.3,7141.9
Tamil Nadu,Villupuram,Gingee(Uzhavar Sandhai ),Onion,Bellary,Local,07/12/2025,2025,12,7,Winter,3.4,17.2,44.4,4823.4,5072.9,4956.5
Tamil Nadu,Villupuram,Gingee(Uzhavar Sandhai ),Onion,Bellary,Local,08/02/2026,2026,2,8,Winter,12.5,20.7,47.3,5045.7,5226.4,5135.5
Tamil Nadu,Villupuram,Gingee(Uzhavar Sandhai ),Onion,Bellary,Local,08/03/2026,2026,3,8,Summer,4.0,24.9,48.2,5339.9,5527.4,5407.7
Tamil Nadu,Villupuram,Gingee(Uzhavar Sandhai ),Onion,Bellary,Local,09/08/2026,2026,8,9,Monsoon,158.3,34.0,67.4,7236.7,7561.3,7390.9
Tamil Nadu,Villupuram,Gingee(Uzhavar Sandhai ),Onion,Bellary,Local,09/11/2025,2025,11,9,Post-Monsoon,62.0,22.4,55.7,5676.6,6075.7,5851.0
Tamil Nadu,Villupuram,Gingee(Uzhavar Sandhai ),Onion,Bellary,Local,10/05/2026,2026,5,10,Summer,10.9,32.3,49.2,5391.9,5686.0,5572.2
Tamil Nadu,Villupuram,Gingee(Uzhavar Sandhai ),Onion,Bellary,Local,11/01/2026,2026,1,11,Winter,13.2,18.7,46.0,4990.8,5151.5,5044.5
Tamil Nadu,Villupuram,Gingee(Uzhavar Sandhai ),Onion,Bellary,Local,12/04/2026,2026,4,12,Summer,8.0,28.8,44.3,5621.0,5804.1,5720.6
Tamil Nadu,Villupuram,Gingee(Uzhavar Sandhai ),Onion,Bellary,Local,12/07/2026,2026,7,12,Monsoon,169.4,37.0,70.6,7929.3,8177.2,8070.2
Tamil Nadu,Villupuram,Gingee(Uzhavar Sandhai ),Onion,Bellary,Local,12/10/2025,2025,10,12,Post-Monsoon,78.7,22.4,58.0,5378.3,5605.0,5511.3
Tamil Nadu,Villupuram,Gingee(Uzhavar Sandhai ),Onion,Bellary,Local,13/09/2026,2026,9,13,Monsoon,239.0,31.3,85.9,7931.2,8127.3,8023.9
Tamil Nadu,Villupuram,Gingee(Uzhavar Sandhai ),Onion,Bellary,Local,14/06/2026,2026,6,14,Monsoon,220.6,35.1,84.9,8054.7,8328.3,8173.7
Tamil Nadu,Villupuram,Gingee(Uzhavar Sandhai ),Onion,Bellary,Local,14/12/2025,2025,12,14,Winter,8.9,19.9,46.1,4989.3,5163.1,5069.3
Tamil Nadu,Villupuram,Gingee(Uzhavar Sandhai ),Onion,Bellary,Local,15/02/2026,2026,2,15,Winter,3.7,19.1,46.8,4829.1,5006.3,4913.5
Tamil Nadu,Villupuram,Gingee(Uzhavar Sandhai ),Onion,Bellary,Local,15/03/2026,2026,3,15,Summer,0.4,23.9,46.9,5510.3,5697.1,5605.2
Tamil Nadu,Villupuram,Gingee(Uzhavar Sandhai ),Onion,Bellary,Local,16/08/2026,2026,8,16,Monsoon,151.0,33.7,68.2,7515.0,7763.1,7614.0
Tamil Nadu,Villupuram,Gingee(Uzhavar Sandhai ),Onion,Bellary,Local,16/11/2025,2025,11,16,Post-Monsoon,52.1,23.0,56.6,5304.5,5547.4,5425.2
Tamil Nadu,Villupuram,Gingee(Uzhavar Sandhai ),Onion,Bellary,Local,17/05/2026,2026,5,17,Summer,9.3,31.5,45.0,5529.0,5665.7,5593.9
Tamil Nadu,Villupuram,Gingee(Uzhavar Sandhai ),Onion,Bellary,Local,18/01/2026,2026,1,18,Winter,16.0,19.1,52.0,4774.9,4982.7,4866.2
Tamil Nadu,Villupuram,Gingee(Uzhavar Sandhai ),Onion,Bellary,Local,19/04/2026,2026,4,19,Summer,16.0,27.6,44.9,5928.8,6127.1,6009.0
Tamil Nadu,Villupuram,Gingee(Uzhavar Sandhai ),Onion,Bellary,Local,19/07/2026,2026,7,19,Monsoon,127.2,35.2,66.2,7916.0,8063.6,7992.4
Tamil Nadu,Villupuram,Gingee(Uzhavar Sandhai ),Onion,Bellary,Local,19/10/2025,2025,10,19,Post-Monsoon,45.1,27.6,54.0,5285.8,5440.0,5379.8
Tamil Nadu,Villupuram,Gingee(Uzhavar Sandhai ),Onion,Bellary,Local,20/09/2026,2026,9,20,Monsoon,174.7,31.0,70.3,7956.5,8175.1,8051.6
Tamil Nadu,Villupuram,Gingee(Uzhavar Sandhai ),Onion,Bellary,Local,21/06/2026,2026,6,21,Monsoon,227.5,34.6,81.2,7589.1,7831.8,7733.9
Tamil Nadu,Villupuram,Gingee(Uzhavar Sandhai ),Onion,Bellary,Local,21/12/2025,2025,12,21,Winter,15.2,21.1,44.6,4875.7,5175.2,5013.8
Tamil Nadu,Villupuram,Gingee(Uzhavar Sandhai ),Onion,Bellary,Local,22/02/2026,2026,2,22,Winter,5.1,20.5,38.1,4788.5,5050.0,4914.1
Tamil Nadu,Villupuram,Gingee(Uzhavar Sandhai ),Onion,Bellary,Local,22/03/2026,2026,3,22,Summer,15.7,22.4,48.0,5886.9,6061.8,5957.4
Tamil Nadu,Villupuram,Gingee(Uzhavar Sandhai ),Onion,Bellary,Local,23/08/2026,2026,8,23,Monsoon,86.4,34.4,61.2,7026.2,7378.9,7207.4
Tamil Nadu,Villupuram,Gingee(Uzhavar Sandhai ),Onion,Bellary,Local,23/11/2025,2025,11,23,Post-Monsoon,70.8,22.5,59.8,5463.4,5730.1,5572.3
Tamil Nadu,Villupuram,Gingee(Uzhavar Sandhai ),Onion,Bellary,Local,24/05/2026,2026,5,24,Summer,12.4,32.5,48.4,5634.8,5975.7,5760.7
Tamil Nadu,Villupuram,Gingee(Uzhavar Sandhai ),Onion,Bellary,Local,25/01/2026,2026,1,25,Winter,10.8,18.3,46.1,4638.7,5034.2,4827.0
Tamil Nadu,Villupuram,Gingee(Uzhavar Sandhai ),Onion,Bellary,Local,26/04/2026,2026,4,26,Summer,2.4,29.0,39.8,5734.8,5922.0,5814.9
Tamil Nadu,Villupuram,Gingee(Uzhavar Sandhai ),Onion,Bellary,Local,26/07/2026,2026,7,26,Monsoon,172.8,36.5,70.6,7554.8,7754.7,7670.9
Tamil Nadu,Villupuram,Gingee(Uzhavar Sandhai ),Onion,Bellary,Local,26/10/2025,2025,10,26,Post-Monsoon,57.4,28.8,52.4,5563.6,5788.4,5671.0
Tamil Nadu,Villupuram,Gingee(Uzhavar Sandhai ),Onion,Bellary,Local,28/06/2026,2026,6,28,Monsoon,227.6,33.7,80.4,8283.1,8438.7,8371.5
Tamil Nadu,Villupuram,Gingee(Uzhavar Sandhai ),Onion,Bellary,Local,28/12/2025,2025,12,28,Winter,4.1,19.6,44.6,4903.2,5243.3,5052.8
Tamil Nadu,Villupuram,Gingee(Uzhavar Sandhai ),Onion,Bellary,Local,29/03/2026,2026,3,29,Summer,4.2,23.3,44.4,5870.9,6155.7,5973.1
Tamil Nadu,Villupuram,Gingee(Uzhavar Sandhai ),Onion,Bellary,Local,30/08/2026,2026,8,30,Monsoon,240.7,33.2,84.1,7549.7,7793.4,7666.5
Tamil Nadu,Villupuram,Gingee(Uzhavar Sandhai ),Onion,Bellary,Local,30/11/2025,2025,11,30,Post-Monsoon,49.2,19.9,50.7,5291.6,5496.3,5414.2
Tamil Nadu,Villupuram,Gingee(Uzhavar Sandhai ),Onion,Bellary,Local,31/05/2026,2026,5,31,Summer,16.9,30.6,48.9,5804.6,5958.5,5872.8
Tamil Nadu,Villupuram,Tindivanam APMC,Onion,Bellary,Local,01/02/2026,2026,2,1,Winter,9.7,22.3,45.7,4333.1,4705.1,4496.9
Tamil Nadu,Villupuram,Tindivanam APMC,Onion,Bellary,Local,01/03/2026,2026,3,1,Summer,7.7,23.9,48.6,5101.2,5468.9,5273.6
Tamil Nadu,Villupuram,Tindivanam APMC,Onion,Bellary,Local,02/08/2026,2026,8,2,Monsoon,188.1,35.5,79.0,6456.2,6649.5,6532.8
Tamil Nadu,Villupuram,Tindivanam APMC,Onion,Bellary,Local,02/11/2025,2025,11,2,Post-Monsoon,62.4,23.0,52.5,4721.3,4905.6,4808.3
Tamil Nadu,Villupuram,Tindivanam APMC,Onion,Bellary,Local,03/05/2026,2026,5,3,Summer,15.1,33.5,44.7,4887.0,5073.4,4970.7
Tamil Nadu,Villupuram,Tindivanam APMC,Onion,Bellary,Local,04/01/2026,2026,1,4,Winter,12.3,18.8,50.2,4421.0,4621.2,4515.2
Tamil Nadu,Villupuram,Tindivanam APMC,Onion,Bellary,Local,05/04/2026,2026,4,5,Summer,1.2,26.8,48.5,5166.2,5391.7,5253.9
Tamil Nadu,Villupuram,Tindivanam APMC,Onion,Bellary,Local,05/07/2026,2026,7,5,Monsoon,178.2,36.6,71.0,6597.3,6830.9,6710.8
Tamil Nadu,Villupuram,Tindivanam APMC,Onion,Bellary,Local,05/10/2025,2025,10,5,Post-Monsoon,35.1,25.2,48.7,4669.9,4850.5,4757.3
Tamil Nadu,Villupuram,Tindivanam APMC,Onion,Bellary,Local,06/09/2026,2026,9,6,Monsoon,125.1,31.9,65.5,6178.9,6529.1,6310.8
Tamil Nadu,Villupuram,Tindivanam APMC,Onion,Bellary,Local,07/06/2026,2026,6,7,Monsoon,225.8,32.8,75.8,6885.1,6989.9,6940.8
Tamil Nadu,Villupuram,Tindivanam APMC,Onion,Bellary,Local,07/12/2025,2025,12,7,Winter,5.1,24.5,47.3,4217.5,4364.0,4283.8
Tamil Nadu,Villupuram,Tindivanam APMC,Onion,Bellary,Local,08/02/2026,2026,2,8,Winter,7.6,22.4,44.7,4363.3,4556.1,4475.2
Tamil Nadu,Villupuram,Tindivanam APMC,Onion,Bellary,Local,08/03/2026,2026,3,8,Summer,8.3,21.0,44.5,4893.1,5329.5,5107.2
Tamil Nadu,Villupuram,Tindivanam APMC,Onion,Bellary,Local,09/08/2026,2026,8,9,Monsoon,209.1,34.4,73.6,6959.0,7161.1,7060.2
Tamil Nadu,Villupuram,Tindivanam APMC,Onion,Bellary,Local,09/11/2025,2025,11,9,Post-Monsoon,33.8,24.1,48.3,4579.3,4887.0,4700.8
Tamil Nadu,Villupuram,Tindivanam APMC,Onion,Bellary,Local,10/05/2026,2026,5,10,Summer,9.4,29.3,42.0,5030.4,5250.7,5144.0
Tamil Nadu,Villupuram,Tindivanam APMC,Onion,Bellary,Local,11/01/2026,2026,1,11,Winter,11.5,19.9,46.1,4262.7,4431.5,4333.9
Tamil Nadu,Villupuram,Tindivanam APMC,Onion,Bellary,Local,12/04/2026,2026,4,12,Summer,8.5,26.6,46.6,5218.3,5426.6,5337.0
Tamil Nadu,Villupuram,Tindivanam APMC,Onion,Bellary,Local,12/07/2026,2026,7,12,Monsoon,114.2,37.0,58.1,6621.9,6912.7,6782.2
Tamil Nadu,Villupuram,Tindivanam APMC,Onion,Bellary,Local,12/10/2025,2025,10,12,Post-Monsoon,39.3,28.0,51.2,4544.7,4922.2,4713.3
Tamil Nadu,Villupuram,Tindivanam APMC,Onion,Bellary,Local,13/09/2026,2026,9,13,Monsoon,100.2,32.7,65.2,6041.0,6320.0,6185.4
Tamil Nadu,Villupuram,Tindivanam APMC,Onion,Bellary,Local,14/06/2026,2026,6,14,Monsoon,95.7,35.1,57.3,6308.6,6651.3,6483.2
Tamil Nadu,Villupuram,Tindivanam APMC,Onion,Bellary,Local,14/12/2025,2025,12,14,Winter,14.0,17.0,45.0,4465.3,4637.2,4543.7
Tamil Nadu,Villupuram,Tindivanam APMC,Onion,Bellary,Local,15/02/2026,2026,2,15,Winter,4.6,21.7,42.2,4231.1,4510.9,4396.4
Tamil Nadu,Villupuram,Tindivanam APMC,Onion,Bellary,Local,15/03/2026,2026,3,15,Summer,13.9,22.6,50.3,5071.0,5311.1,5197.5
Tamil Nadu,Villupuram,Tindivanam APMC,Onion,Bellary,Local,16/08/2026,2026,8,16,Monsoon,98.8,33.6,65.0,6461.3,6721.2,6623.4
Tamil Nadu,Villupuram,Tindivanam APMC,Onion,Bellary,Local,16/11/2025,2025,11,16,Post-Monsoon,60.4,23.3,56.7,5220.0,5410.4,5304.6
Tamil Nadu,Villupuram,Tindivanam APMC,Onion,Bellary,Local,17/05/2026,2026,5,17,Summer,0.1,30.9,42.4,5269.4,5467.7,5378.0
Tamil Nadu,Villupuram,Tindivanam APMC,Onion,Bellary,Local,18/01/2026,2026,1,18,Winter,1.4,18.5,40.8,4673.6,4881.9,4776.1
Tamil Nadu,Villupuram,Tindivanam APMC,Onion,Bellary,Local,19/04/2026,2026,4,19,Summer,8.3,26.5,46.7,5020.2,5453.5,5234.5
Tamil Nadu,Villupuram,Tindivanam APMC,Onion,Bellary,Local,19/07/2026,2026,7,19,Monsoon,115.1,36.6,62.5,5979.1,6203.8,6104.2
Tamil Nadu,Villupuram,Tindivanam APMC,Onion,Bellary,Local,19/10/2025,2025,10,19,Post-Monsoon,48.7,27.5,54.9,4775.0,5026.6,4922.8
Tamil Nadu,Villupuram,Tindivanam APMC,Onion,Bellary,Local,20/09/2026,2026,9,20,Monsoon,202.9,30.6,80.5,6862.5,7097.6,6953.0
Tamil Nadu,Villupuram,Tindivanam APMC,Onion,Bellary,Local,21/06/2026,2026,6,21,Monsoon,153.8,33.2,75.2,6305.9,6553.4,6445.4
Tamil Nadu,Villupuram,Tindivanam APMC,Onion,Bellary,Local,21/12/2025,2025,12,21,Winter,15.6,18.1,48.9,4438.8,4620.8,4519.8
Tamil Nadu,Villupuram,Tindivanam APMC,Onion,Bellary,Local,22/02/2026,2026,2,22,Winter,2.0,21.2,39.5,4343.7,4536.5,4433.9
Tamil Nadu,Villupuram,Tindivanam APMC,Onion,Bellary,Local,22/03/2026,2026,3,22,Summer,13.9,20.5,46.2,5091.5,5328.5,5191.7
Tamil Nadu,Villupuram,Tindivanam APMC,Onion,Bellary,Local,23/08/2026,2026,8,23,Monsoon,134.2,32.6,63.0,6108.6,6334.1,6214.7
Tamil Nadu,Villupuram,Tindivanam APMC,Onion,Bellary,Local,23/11/2025,2025,11,23,Post-Monsoon,62.4,23.1,53.5,4679.3,4931.8,4799.6
Tamil Nadu,Villupuram,Tindivanam APMC,Onion,Bellary,Local,24/05/2026,2026,5,24,Summer,16.7,32.0,50.1,4927.0,5203.0,5062.0
Tamil Nadu,Villupuram,Tindivanam APMC,Onion,Bellary,Local,25/01/2026,2026,1,25,Winter,1.2,17.4,43.6,4186.2,4505.5,4309.7
Tamil Nadu,Villupuram,Tindivanam APMC,Onion,Bellary,Local,26/04/2026,2026,4,26,Summer,17.9,26.8,46.4,4781.9,4918.9,4851.2
Tamil Nadu,Villupuram,Tindivanam APMC,Onion,Bellary,Local,26/07/2026,2026,7,26,Monsoon,179.0,35.8,77.1,6967.7,7247.9,7106.9
Tamil Nadu,Villupuram,Tindivanam APMC,Onion,Bellary,Local,26/10/2025,2025,10,26,Post-Monsoon,27.3,28.0,49.0,5009.0,5240.6,5113.0
Tamil Nadu,Villupuram,Tindivanam APMC,Onion,Bellary,Local,28/06/2026,2026,6,28,Monsoon,216.1,33.7,83.1,7227.6,7475.4,7377.8
Tamil Nadu,Villupuram,Tindivanam APMC,Onion,Bellary,Local,28/12/2025,2025,12,28,Winter,11.2,19.2,49.6,4245.4,4423.8,4352.5
Tamil Nadu,Villupuram,Tindivanam APMC,Onion,Bellary,Local,29/03/2026,2026,3,29,Summer,7.3,25.3,42.6,5025.0,5379.0,5194.6
Tamil Nadu,Villupuram,Tindivanam APMC,Onion,Bellary,Local,30/08/2026,2026,8,30,Monsoon,142.5,34.9,72.3,6207.6,6355.4,6278.5
Tamil Nadu,Villupuram,Tindivanam APMC,Onion,Bellary,Local,30/11/2025,2025,11,30,Post-Monsoon,41.6,22.7,50.4,4998.3,5361.0,5156.9
Tamil Nadu,Villupuram,Tindivanam APMC,Onion,Bellary,Local,31/05/2026,2026,5,31,Summer,1.9,29.1,49.9,5004.5,5282.5,5123.9
Tamil Nadu,Villupuram,Ulundurpettai APMC,Onion,Bellary,Local,01/02/2026,2026,2,1,Winter,15.6,19.8,48.2,5851.5,6168.7,5988.0
Tamil Nadu,Villupuram,Ulundurpettai APMC,Onion,Bellary,Local,01/03/2026,2026,3,1,Summer,5.5,23.9,50.8,6001.0,6307.7,6143.4
Tamil Nadu,Villupuram,Ulundurpettai APMC,Onion,Bellary,Local,02/08/2026,2026,8,2,Monsoon,123.3,34.7,65.7,6772.1,6963.0,6872.2
Tamil Nadu,Villupuram,Ulundurpettai APMC,Onion,Bellary,Local,02/11/2025,2025,11,2,Post-Monsoon,64.9,22.2,55.5,6176.0,6433.0,6315.4
Tamil Nadu,Villupuram,Ulundurpettai APMC,Onion,Bellary,Local,03/05/2026,2026,5,3,Summer,10.8,32.2,47.2,7052.4,7239.3,7154.4
Tamil Nadu,Villupuram,Ulundurpettai APMC,Onion,Bellary,Local,04/01/2026,2026,1,4,Winter,15.4,20.9,43.7,5229.4,5620.6,5406.5
Tamil Nadu,Villupuram,Ulundurpettai APMC,Onion,Bellary,Local,05/04/2026,2026,4,5,Summer,2.2,26.2,46.8,6016.4,6297.7,6184.8
Tamil Nadu,Villupuram,Ulundurpettai APMC,Onion,Bellary,Local,05/07/2026,2026,7,5,Monsoon,125.1,36.6,65.0,7774.8,8196.2,7982.2
Tamil Nadu,Villupuram,Ulundurpettai APMC,Onion,Bellary,Local,05/10/2025,2025,10,5,Post-Monsoon,25.2,26.5,52.1,5895.5,6187.5,6044.4
Tamil Nadu,Villupuram,Ulundurpettai APMC,Onion,Bellary,Local,06/09/2026,2026,9,6,Monsoon,181.0,32.7,72.9,8727.1,8926.0,8814.8
Tamil Nadu,Villupuram,Ulundurpettai APMC,Onion,Bellary,Local,07/06/2026,2026,6,7,Monsoon,99.3,33.5,56.5,7096.1,7363.4,7191.5
Tamil Nadu,Villupuram,Ulundurpettai APMC,Onion,Bellary,Local,07/12/2025,2025,12,7,Winter,6.6,18.5,42.4,5424.3,5608.1,5518.3
Tamil Nadu,Villupuram,Ulundurpettai APMC,Onion,Bellary,Local,08/02/2026,2026,2,8,Winter,13.5,20.6,52.8,5272.0,5512.6,5402.8
Tamil Nadu,Villupuram,Ulundurpettai APMC,Onion,Bellary,Local,08/03/2026,2026,3,8,Summer,15.2,24.9,49.0,6431.3,6738.3,6597.4
Tamil Nadu,Villupuram,Ulundurpettai APMC,Onion,Bellary,Local,09/08/2026,2026,8,9,Monsoon,155.9,30.8,70.8,7996.3,8172.0,8079.1
Tamil Nadu,Villupuram,Ulundurpettai APMC,Onion,Bellary,Local,09/11/2025,2025,11,9,Post-Monsoon,76.0,22.9,56.0,6109.6,6269.4,6196.5
Tamil Nadu,Villupuram,Ulundurpettai APMC,Onion,Bellary,Local,10/05/2026,2026,5,10,Summer,8.2,31.6,46.5,6083.8,6265.4,6188.2
Tamil Nadu,Villupuram,Ulundurpettai APMC,Onion,Bellary,Local,11/01/2026,2026,1,11,Winter,6.8,17.3,46.3,5345.0,5483.9,5415.5
Tamil Nadu,Villupuram,Ulundurpettai APMC,Onion,Bellary,Local,12/04/2026,2026,4,12,Summer,14.3,29.1,47.9,6242.0,6421.0,6319.5
Tamil Nadu,Villupuram,Ulundurpettai APMC,Onion,Bellary,Local,12/07/2026,2026,7,12,Monsoon,229.5,32.8,88.0,9021.1,9278.3,9113.9
Tamil Nadu,Villupuram,Ulundurpettai APMC,Onion,Bellary,Local,12/10/2025,2025,10,12,Post-Monsoon,24.8,27.1,48.1,5768.1,5956.2,5849.6
Tamil Nadu,Villupuram,Ulundurpettai APMC,Onion,Bellary,Local,13/09/2026,2026,9,13,Monsoon,165.7,32.3,74.0,8828.2,9137.6,8967.2
Tamil Nadu,Villupuram,Ulundurpettai APMC,Onion,Bellary,Local,14/06/2026,2026,6,14,Monsoon,121.5,34.1,60.2,7150.4,7472.1,7306.5
Tamil Nadu,Villupuram,Ulundurpettai APMC,Onion,Bellary,Local,14/12/2025,2025,12,14,Winter,10.5,22.1,52.6,5074.3,5271.0,5170.2
Tamil Nadu,Villupuram,Ulundurpettai APMC,Onion,Bellary,Local,15/02/2026,2026,2,15,Winter,17.8,20.8,44.1,5013.5,5346.3,5177.0
Tamil Nadu,Villupuram,Ulundurpettai APMC,Onion,Bellary,Local,15/03/2026,2026,3,15,Summer,4.4,22.5,39.2,6364.8,6687.1,6508.4
Tamil Nadu,Villupuram,Ulundurpettai APMC,Onion,Bellary,Local,16/08/2026,2026,8,16,Monsoon,187.1,31.6,74.3,8866.0,9137.8,9018.0
Tamil Nadu,Villupuram,Ulundurpettai APMC,Onion,Bellary,Local,16/11/2025,2025,11,16,Post-Monsoon,49.7,23.9,52.8,6106.8,6463.7,6323.9
Tamil Nadu,Villupuram,Ulundurpettai APMC,Onion,Bellary,Local,17/05/2026,2026,5,17,Summer,18.7,32.7,43.3,6227.9,6468.5,6350.2
Tamil Nadu,Villupuram,Ulundurpettai APMC,Onion,Bellary,Local,18/01/2026,2026,1,18,Winter,15.6,16.7,48.5,5124.5,5317.4,5214.2
Tamil Nadu,Villupuram,Ulundurpettai APMC,Onion,Bellary,Local,19/04/2026,2026,4,19,Summer,19.1,28.6,46.8,6442.0,6677.3,6554.5
Tamil Nadu,Villupuram,Ulundurpettai APMC,Onion,Bellary,Local,19/07/2026,2026,7,19,Monsoon,157.5,36.3,74.3,7740.2,8031.4,7855.9
Tamil Nadu,Villupuram,Ulundurpettai APMC,Onion,Bellary,Local,19/10/2025,2025,10,19,Post-Monsoon,22.4,26.3,50.2,5895.4,6126.7,6018.5
Tamil Nadu,Villupuram,Ulundurpettai APMC,Onion,Bellary,Local,20/09/2026,2026,9,20,Monsoon,100.9,32.7,63.9,7873.7,8067.3,7959.2
Tamil Nadu,Villupuram,Ulundurpettai APMC,Onion,Bellary,Local,21/06/2026,2026,6,21,Monsoon,203.0,36.1,77.7,8410.5,8680.2,8523.8
Tamil Nadu,Villupuram,Ulundurpettai APMC,Onion,Bellary,Local,21/12/2025,2025,12,21,Winter,5.1,21.7,45.7,4723.2,4952.8,4864.3
Tamil Nadu,Villupuram,Ulundurpettai APMC,Onion,Bellary,Local,22/02/2026,2026,2,22,Winter,6.7,21.4,42.2,5142.8,5413.3,5298.3
Tamil Nadu,Villupuram,Ulundurpettai APMC,Onion,Bellary,Local,22/03/2026,2026,3,22,Summer,13.6,21.4,49.2,6125.2,6353.0,6222.0
Tamil Nadu,Villupuram,Ulundurpettai APMC,Onion,Bellary,Local,23/08/2026,2026,8,23,Monsoon,199.3,31.0,72.2,8318.1,8500.0,8404.3
Tamil Nadu,Villupuram,Ulundurpettai APMC,Onion,Bellary,Local,23/11/2025,2025,11,23,Post-Monsoon,49.8,22.5,49.7,5450.5,5686.7,5582.1
Tamil Nadu,Villupuram,Ulundurpettai APMC,Onion,Bellary,Local,24/05/2026,2026,5,24,Summer,11.6,29.9,49.2,6156.0,6511.6,6382.3
Tamil Nadu,Villupuram,Ulundurpettai APMC,Onion,Bellary,Local,25/01/2026,2026,1,25,Winter,16.4,17.8,56.1,5295.4,5532.1,5411.0
Tamil Nadu,Villupuram,Ulundurpettai APMC,Onion,Bellary,Local,26/04/2026,2026,4,26,Summer,2.6,26.2,41.7,6005.7,6286.2,6191.8
Tamil Nadu,Villupuram,Ulundurpettai APMC,Onion,Bellary,Local,26/07/2026,2026,7,26,Monsoon,129.3,34.4,61.9,7379.7,7769.9,7558.8
Tamil Nadu,Villupuram,Ulundurpettai APMC,Onion,Bellary,Local,26/10/2025,2025,10,26,Post-Monsoon,62.9,26.4,59.2,5816.1,6035.4,5921.6
Tamil Nadu,Villupuram,Ulundurpettai APMC,Onion,Bellary,Local,28/06/2026,2026,6,28,Monsoon,237.5,33.0,76.7,8727.0,9025.7,8880.4
Tamil Nadu,Villupuram,Ulundurpettai APMC,Onion,Bellary,Local,28/12/2025,2025,12,28,Winter,14.4,20.0,45.1,5324.9,5542.5,5436.4
Tamil Nadu,Villupuram,Ulundurpettai APMC,Onion,Bellary,Local,29/03/2026,2026,3,29,Summer,2.9,24.6,51.5,6389.3,6639.9,6500.6
Tamil Nadu,Villupuram,Ulundurpettai APMC,Onion,Bellary,Local,30/08/2026,2026,8,30,Monsoon,119.2,34.7,68.1,8031.6,8380.3,8173.5
Tamil Nadu,Villupuram,Ulundurpettai APMC,Onion,Bellary,Local,30/11/2025,2025,11,30,Post-Monsoon,51.4,25.3,53.0,5956.8,6158.0,6074.4
Tamil Nadu,Villupuram,Ulundurpettai APMC,Onion,Bellary,Local,31/05/2026,2026,5,31,Summer,3.2,31.7,51.4,6361.8,6651.3,6523.5
Tamil Nadu,Villupuram,Villupuram(Uzhavar Sandhai ),Onion,Bellary,Local,01/02/2026,2026,2,1,Winter,17.3,15.9,46.3,4473.8,4733.4,4568.8
Tamil Nadu,Villupuram,Villupuram(Uzhavar Sandhai ),Onion,Bellary,Local,01/03/2026,2026,3,1,Summer,7.8,25.3,47.5,5799.2,6146.8,5995.7
Tamil Nadu,Villupuram,Villupuram(Uzhavar Sandhai ),Onion,Bellary,Local,02/08/2026,2026,8,2,Monsoon,141.1,32.3,67.7,7557.9,7829.8,7683.8
Tamil Nadu,Villupuram,Villupuram(Uzhavar Sandhai ),Onion,Bellary,Local,02/11/2025,2025,11,2,Post-Monsoon,60.2,22.3,55.1,5267.1,5560.7,5435.0
Tamil Nadu,Villupuram,Villupuram(Uzhavar Sandhai ),Onion,Bellary,Local,03/05/2026,2026,5,3,Summer,17.4,30.9,52.9,5617.5,5830.0,5726.3
Tamil Nadu,Villupuram,Villupuram(Uzhavar Sandhai ),Onion,Bellary,Local,04/01/2026,2026,1,4,Winter,17.2,22.0,46.7,4828.2,5056.4,4944.8
Tamil Nadu,Villupuram,Villupuram(Uzhavar Sandhai ),Onion,Bellary,Local,05/04/2026,2026,4,5,Summer,9.6,26.6,36.4,5717.6,5916.5,5801.1
Tamil Nadu,Villupuram,Villupuram(Uzhavar Sandhai ),Onion,Bellary,Local,05/07/2026,2026,7,5,Monsoon,231.5,36.5,88.3,7728.1,7903.0,7821.9
Tamil Nadu,Villupuram,Villupuram(Uzhavar Sandhai ),Onion,Bellary,Local,05/10/2025,2025,10,5,Post-Monsoon,78.2,28.0,58.3,5446.9,5611.8,5518.1
Tamil Nadu,Villupuram,Villupuram(Uzhavar Sandhai ),Onion,Bellary,Local,06/09/2026,2026,9,6,Monsoon,180.4,33.0,73.0,7722.3,8084.0,7905.9
Tamil Nadu,Villupuram,Villupuram(Uzhavar Sandhai ),Onion,Bellary,Local,07/06/2026,2026,6,7,Monsoon,216.8,33.6,75.7,7958.5,8195.7,8070.5
Tamil Nadu,Villupuram,Villupuram(Uzhavar Sandhai ),Onion,Bellary,Local,07/12/2025,2025,12,7,Winter,19.3,21.1,50.3,4838.6,4980.6,4915.9
Tamil Nadu,Villupuram,Villupuram(Uzhavar Sandhai ),Onion,Bellary,Local,08/02/2026,2026,2,8,Winter,0.7,20.8,40.7,4855.0,5034.6,4936.6
Tamil Nadu,Villupuram,Villupuram(Uzhavar Sandhai ),Onion,Bellary,Local,08/03/2026,2026,3,8,Summer,12.5,21.7,53.5,6004.8,6229.2,6116.1
Tamil Nadu,Villupuram,Villupuram(Uzhavar Sandhai ),Onion,Bellary,Local,09/08/2026,2026,8,9,Monsoon,152.3,34.1,69.0,6799.4,7003.5,6876.4
Tamil Nadu,Villupuram,Villupuram(Uzhavar Sandhai ),Onion,Bellary,Local,09/11/2025,2025,11,9,Post-Monsoon,39.8,22.6,55.4,5294.1,5556.8,5461.7
Tamil Nadu,Villupuram,Villupuram(Uzhavar Sandhai ),Onion,Bellary,Local,10/05/2026,2026,5,10,Summer,8.1,32.0,46.1,5687.1,5869.4,5776.3
Tamil Nadu,Villupuram,Villupuram(Uzhavar Sandhai ),Onion,Bellary,Local,11/01/2026,2026,1,11,Winter,1.6,20.3,47.0,5057.8,5379.8,5225.4
Tamil Nadu,Villupuram,Villupuram(Uzhavar Sandhai ),Onion,Bellary,Local,12/04/2026,2026,4,12,Summer,5.5,28.6,46.9,5580.1,5851.5,5730.9
Tamil Nadu,Villupuram,Villupuram(Uzhavar Sandhai ),Onion,Bellary,Local,12/07/2026,2026,7,12,Monsoon,100.8,35.7,56.1,6895.8,7237.2,7062.6
Tamil Nadu,Villupuram,Villupuram(Uzhavar Sandhai ),Onion,Bellary,Local,12/10/2025,2025,10,12,Post-Monsoon,66.1,27.9,49.7,5290.1,5498.4,5375.4
Tamil Nadu,Villupuram,Villupuram(Uzhavar Sandhai ),Onion,Bellary,Local,13/09/2026,2026,9,13,Monsoon,147.0,33.1,65.7,7385.1,7778.6,7565.8
Tamil Nadu,Villupuram,Villupuram(Uzhavar Sandhai ),Onion,Bellary,Local,14/06/2026,2026,6,14,Monsoon,204.8,34.7,79.2,8174.9,8394.2,8288.4
Tamil Nadu,Villupuram,Villupuram(Uzhavar Sandhai ),Onion,Bellary,Local,14/12/2025,2025,12,14,Winter,6.2,19.0,49.2,4964.5,5126.9,5070.0
Tamil Nadu,Villupuram,Villupuram(Uzhavar Sandhai ),Onion,Bellary,Local,15/02/2026,2026,2,15,Winter,15.0,20.0,42.3,4939.2,5088.7,5033.3
Tamil Nadu,Villupuram,Villupuram(Uzhavar Sandhai ),Onion,Bellary,Local,15/03/2026,2026,3,15,Summer,3.9,19.9,41.1,5848.7,6084.0,5982.1
Tamil Nadu,Villupuram,Villupuram(Uzhavar Sandhai ),Onion,Bellary,Local,16/08/2026,2026,8,16,Monsoon,86.4,36.2,56.8,6846.3,7174.1,7020.5
Tamil Nadu,Villupuram,Villupuram(Uzhavar Sandhai ),Onion,Bellary,Local,16/11/2025,2025,11,16,Post-Monsoon,40.4,22.9,58.4,5110.0,5298.7,5198.8
Tamil Nadu,Villupuram,Villupuram(Uzhavar Sandhai ),Onion,Bellary,Local,17/05/2026,2026,5,17,Summer,19.4,30.2,49.9,5811.7,6173.0,5974.1
Tamil Nadu,Villupuram,Villupuram(Uzhavar Sandhai ),Onion,Bellary,Local,18/01/2026,2026,1,18,Winter,7.4,19.0,49.3,4799.8,5020.1,4922.4
Tamil Nadu,Villupuram,Villupuram(Uzhavar Sandhai ),Onion,Bellary,Local,19/04/2026,2026,4,19,Summer,7.8,27.5,47.2,5204.5,5583.5,5402.1
Tamil Nadu,Villupuram,Villupuram(Uzhavar Sandhai ),Onion,Bellary,Local,19/07/2026,2026,7,19,Monsoon,120.0,34.9,68.6,7195.4,7335.6,7272.4
Tamil Nadu,Villupuram,Villupuram(Uzhavar Sandhai ),Onion,Bellary,Local,19/10/2025,2025,10,19,Post-Monsoon,46.1,29.2,54.4,5334.0,5480.8,5405.1
Tamil Nadu,Villupuram,Villupuram(Uzhavar Sandhai ),Onion,Bellary,Local,20/09/2026,2026,9,20,Monsoon,116.9,31.1,65.6,7326.0,7657.8,7517.7
Tamil Nadu,Villupuram,Villupuram(Uzhavar Sandhai ),Onion,Bellary,Local,21/06/2026,2026,6,21,Monsoon,204.8,34.8,76.7,7257.3,7612.1,7436.6
Tamil Nadu,Villupuram,Villupuram(Uzhavar Sandhai ),Onion,Bellary,Local,21/12/2025,2025,12,21,Winter,1.9,20.0,49.1,4805.3,5132.2,4947.2
Tamil Nadu,Villupuram,Villupuram(Uzhavar Sandhai ),Onion,Bellary,Local,22/02/2026,2026,2,22,Winter,0.2,19.1,44.3,4707.5,5058.5,4862.4
Tamil Nadu,Villupuram,Villupuram(Uzhavar Sandhai ),Onion,Bellary,Local,22/03/2026,2026,3,22,Summer,4.6,24.8,47.1,5644.2,5846.6,5755.0
Tamil Nadu,Villupuram,Villupuram(Uzhavar Sandhai ),Onion,Bellary,Local,23/08/2026,2026,8,23,Monsoon,244.4,31.2,80.8,8392.0,8608.3,8513.3
Tamil Nadu,Villupuram,Villupuram(Uzhavar Sandhai ),Onion,Bellary,Local,23/11/2025,2025,11,23,Post-Monsoon,40.8,21.6,56.2,5082.2,5368.7,5197.1
Tamil Nadu,Villupuram,Villupuram(Uzhavar Sandhai ),Onion,Bellary,Local,24/05/2026,2026,5,24,Summer,3.7,28.9,46.4,5852.1,6024.9,5933.5
Tamil Nadu,Villupuram,Villupuram(Uzhavar Sandhai ),Onion,Bellary,Local,25/01/2026,2026,1,25,Winter,16.1,18.6,55.0,4966.6,5191.4,5060.2
Tamil Nadu,Villupuram,Villupuram(Uzhavar Sandhai ),Onion,Bellary,Local,26/04/2026,2026,4,26,Summer,9.7,27.1,48.2,6032.7,6205.7,6100.8
Tamil Nadu,Villupuram,Villupuram(Uzhavar Sandhai ),Onion,Bellary,Local,26/07/2026,2026,7,26,Monsoon,124.1,35.7,59.6,7743.2,8097.4,7877.9
Tamil Nadu,Villupuram,Villupuram(Uzhavar Sandhai ),Onion,Bellary,Local,26/10/2025,2025,10,26,Post-Monsoon,35.6,29.6,55.2,5209.8,5423.2,5336.8
Tamil Nadu,Villupuram,Villupuram(Uzhavar Sandhai ),Onion,Bellary,Local,28/06/2026,2026,6,28,Monsoon,197.3,38.0,79.0,7762.7,8113.1,7911.3
Tamil Nadu,Villupuram,Villupuram(Uzhavar Sandhai ),Onion,Bellary,Local,28/12/2025,2025,12,28,Winter,19.9,21.1,57.6,4718.2,5063.4,4908.3
Tamil Nadu,Villupuram,Villupuram(Uzhavar Sandhai ),Onion,Bellary,Local,29/03/2026,2026,3,29,Summer,14.5,21.5,49.6,5920.0,6090.6,6024.2
Tamil Nadu,Villupuram,Villupuram(Uzhavar Sandhai ),Onion,Bellary,Local,30/08/2026,2026,8,30,Monsoon,142.9,36.2,68.3,7226.4,7442.7,7312.0
Tamil Nadu,Villupuram,Villupuram(Uzhavar Sandhai ),Onion,Bellary,Local,30/11/2025,2025,11,30,Post-Monsoon,53.2,22.9,56.0,5442.0,5609.7,5530.1
Tamil Nadu,Villupuram,Villupuram(Uzhavar Sandhai ),Onion,Bellary,Local,31/05/2026,2026,5,31,Summer,9.9,31.2,46.4,5659.0,5869.0,5767.7
Tamil Nadu,Virudhunagar,Aruppukottai(Uzhavar Sandhai ),Onion,Bellary,Local,01/02/2026,2026,2,1,Winter,16.3,20.3,41.6,5665.3,5841.3,5760.9
Tamil Nadu,Virudhunagar,Aruppukottai(Uzhavar Sandhai ),Onion,Bellary,Local,01/03/2026,2026,3,1,Summer,10.0,23.5,48.7,6347.3,6604.2,6462.6
Tamil Nadu,Virudhunagar,Aruppukottai(Uzhavar Sandhai ),Onion,Bellary,Local,02/08/2026,2026,8,2,Monsoon,88.9,32.2,59.9,8033.5,8383.5,8220.3
Tamil Nadu,Virudhunagar,Aruppukottai(Uzhavar Sandhai ),Onion,Bellary,Local,02/11/2025,2025,11,2,Post-Monsoon,49.6,25.1,53.2,6033.5,6299.7,6169.5
Tamil Nadu,Virudhunagar,Aruppukottai(Uzhavar Sandhai ),Onion,Bellary,Local,03/05/2026,2026,5,3,Summer,12.4,29.5,42.3,6317.3,6480.5,6398.0
Tamil Nadu,Virudhunagar,Aruppukottai(Uzhavar Sandhai ),Onion,Bellary,Local,04/01/2026,2026,1,4,Winter,15.3,17.1,50.4,5347.6,5567.7,5453.0
Tamil Nadu,Virudhunagar,Aruppukottai(Uzhavar Sandhai ),Onion,Bellary,Local,05/04/2026,2026,4,5,Summer,10.9,27.3,48.7,6733.0,6913.0,6819.0
Tamil Nadu,Virudhunagar,Aruppukottai(Uzhavar Sandhai ),Onion,Bellary,Local,05/07/2026,2026,7,5,Monsoon,154.7,34.2,71.2,8027.5,8366.1,8205.1
Tamil Nadu,Virudhunagar,Aruppukottai(Uzhavar Sandhai ),Onion,Bellary,Local,05/10/2025,2025,10,5,Post-Monsoon,52.6,26.9,50.8,5995.4,6249.6,6123.1
Tamil Nadu,Virudhunagar,Aruppukottai(Uzhavar Sandhai ),Onion,Bellary,Local,06/09/2026,2026,9,6,Monsoon,87.8,28.0,61.5,8698.1,8972.8,8853.7
Tamil Nadu,Virudhunagar,Aruppukottai(Uzhavar Sandhai ),Onion,Bellary,Local,07/06/2026,2026,6,7,Monsoon,147.3,34.0,68.1,8579.7,8897.9,8709.8
Tamil Nadu,Virudhunagar,Aruppukottai(Uzhavar Sandhai ),Onion,Bellary,Local,07/12/2025,2025,12,7,Winter,5.4,18.3,43.5,5612.7,5843.9,5747.1
Tamil Nadu,Virudhunagar,Aruppukottai(Uzhavar Sandhai ),Onion,Bellary,Local,08/02/2026,2026,2,8,Winter,18.0,19.0,46.1,6177.4,6383.0,6289.0
Tamil Nadu,Virudhunagar,Aruppukottai(Uzhavar Sandhai ),Onion,Bellary,Local,08/03/2026,2026,3,8,Summer,8.8,24.2,46.8,6581.0,6773.0,6695.7
Tamil Nadu,Virudhunagar,Aruppukottai(Uzhavar Sandhai ),Onion,Bellary,Local,09/08/2026,2026,8,9,Monsoon,230.9,34.4,81.9,9436.4,9804.6,9619.4
Tamil Nadu,Virudhunagar,Aruppukottai(Uzhavar Sandhai ),Onion,Bellary,Local,09/11/2025,2025,11,9,Post-Monsoon,43.7,22.8,55.4,5893.6,6082.1,5967.4
Tamil Nadu,Virudhunagar,Aruppukottai(Uzhavar Sandhai ),Onion,Bellary,Local,10/05/2026,2026,5,10,Summer,15.0,28.5,47.6,6673.6,6826.6,6731.7
Tamil Nadu,Virudhunagar,Aruppukottai(Uzhavar Sandhai ),Onion,Bellary,Local,11/01/2026,2026,1,11,Winter,8.8,18.1,42.1,5486.3,5692.2,5591.0
Tamil Nadu,Virudhunagar,Aruppukottai(Uzhavar Sandhai ),Onion,Bellary,Local,12/04/2026,2026,4,12,Summer,0.2,25.7,45.1,6564.0,6873.5,6693.6
Tamil Nadu,Virudhunagar,Aruppukottai(Uzhavar Sandhai ),Onion,Bellary,Local,12/07/2026,2026,7,12,Monsoon,215.5,33.9,83.5,9579.0,9735.7,9665.6
Tamil Nadu,Virudhunagar,Aruppukottai(Uzhavar Sandhai ),Onion,Bellary,Local,12/10/2025,2025,10,12,Post-Monsoon,44.9,26.2,51.1,5895.1,6213.3,6050.1
Tamil Nadu,Virudhunagar,Aruppukottai(Uzhavar Sandhai ),Onion,Bellary,Local,13/09/2026,2026,9,13,Monsoon,217.6,29.1,79.1,9245.9,9422.8,9333.8
Tamil Nadu,Virudhunagar,Aruppukottai(Uzhavar Sandhai ),Onion,Bellary,Local,14/06/2026,2026,6,14,Monsoon,167.6,31.9,73.6,9147.4,9352.4,9273.9
Tamil Nadu,Virudhunagar,Aruppukottai(Uzhavar Sandhai ),Onion,Bellary,Local,14/12/2025,2025,12,14,Winter,1.5,19.6,41.3,5533.2,5763.8,5651.9
Tamil Nadu,Virudhunagar,Aruppukottai(Uzhavar Sandhai ),Onion,Bellary,Local,15/02/2026,2026,2,15,Winter,8.8,20.6,46.0,5469.4,5631.5,5562.6
Tamil Nadu,Virudhunagar,Aruppukottai(Uzhavar Sandhai ),Onion,Bellary,Local,15/03/2026,2026,3,15,Summer,19.3,24.2,48.1,6593.5,6750.6,6666.2
Tamil Nadu,Virudhunagar,Aruppukottai(Uzhavar Sandhai ),Onion,Bellary,Local,16/08/2026,2026,8,16,Monsoon,109.8,36.7,61.4,7972.2,8292.6,8118.4
Tamil Nadu,Virudhunagar,Aruppukottai(Uzhavar Sandhai ),Onion,Bellary,Local,16/11/2025,2025,11,16,Post-Monsoon,57.0,20.9,51.0,6108.0,6316.7,6189.7
Tamil Nadu,Virudhunagar,Aruppukottai(Uzhavar Sandhai ),Onion,Bellary,Local,17/05/2026,2026,5,17,Summer,13.0,30.3,45.0,6650.6,6902.9,6758.1
Tamil Nadu,Virudhunagar,Aruppukottai(Uzhavar Sandhai ),Onion,Bellary,Local,18/01/2026,2026,1,18,Winter,1.5,19.2,46.9,5607.6,5766.7,5679.2
Tamil Nadu,Virudhunagar,Aruppukottai(Uzhavar Sandhai ),Onion,Bellary,Local,19/04/2026,2026,4,19,Summer,11.3,27.6,46.6,7146.6,7293.9,7206.7
Tamil Nadu,Virudhunagar,Aruppukottai(Uzhavar Sandhai ),Onion,Bellary,Local,19/07/2026,2026,7,19,Monsoon,247.9,36.0,88.0,9209.4,9456.4,9336.2
Tamil Nadu,Virudhunagar,Aruppukottai(Uzhavar Sandhai ),Onion,Bellary,Local,19/10/2025,2025,10,19,Post-Monsoon,58.2,29.0,51.2,6490.5,6638.7,6570.7
Tamil Nadu,Virudhunagar,Aruppukottai(Uzhavar Sandhai ),Onion,Bellary,Local,20/09/2026,2026,9,20,Monsoon,88.7,31.8,58.4,8252.4,8414.5,8315.6
Tamil Nadu,Virudhunagar,Aruppukottai(Uzhavar Sandhai ),Onion,Bellary,Local,21/06/2026,2026,6,21,Monsoon,125.0,32.8,64.7,8288.4,8508.3,8394.2
Tamil Nadu,Virudhunagar,Aruppukottai(Uzhavar Sandhai ),Onion,Bellary,Local,21/12/2025,2025,12,21,Winter,4.8,21.6,47.2,5065.6,5392.7,5224.0
Tamil Nadu,Virudhunagar,Aruppukottai(Uzhavar Sandhai ),Onion,Bellary,Local,22/02/2026,2026,2,22,Winter,2.3,21.3,45.6,5487.4,5701.4,5589.4
Tamil Nadu,Virudhunagar,Aruppukottai(Uzhavar Sandhai ),Onion,Bellary,Local,22/03/2026,2026,3,22,Summer,13.8,23.7,51.3,6656.5,6972.6,6779.3
Tamil Nadu,Virudhunagar,Aruppukottai(Uzhavar Sandhai ),Onion,Bellary,Local,23/08/2026,2026,8,23,Monsoon,162.7,32.5,71.4,8881.2,9054.6,8971.6
Tamil Nadu,Virudhunagar,Aruppukottai(Uzhavar Sandhai ),Onion,Bellary,Local,23/11/2025,2025,11,23,Post-Monsoon,34.3,23.8,50.2,5874.6,6046.5,5962.2
Tamil Nadu,Virudhunagar,Aruppukottai(Uzhavar Sandhai ),Onion,Bellary,Local,24/05/2026,2026,5,24,Summer,15.4,33.4,48.5,6660.0,6938.6,6807.6
Tamil Nadu,Virudhunagar,Aruppukottai(Uzhavar Sandhai ),Onion,Bellary,Local,25/01/2026,2026,1,25,Winter,13.4,18.1,45.7,5671.6,5968.7,5856.3
Tamil Nadu,Virudhunagar,Aruppukottai(Uzhavar Sandhai ),Onion,Bellary,Local,26/04/2026,2026,4,26,Summer,15.2,26.9,50.2,6557.4,6797.6,6685.0
Tamil Nadu,Virudhunagar,Aruppukottai(Uzhavar Sandhai ),Onion,Bellary,Local,26/07/2026,2026,7,26,Monsoon,188.6,34.6,76.1,8408.4,8560.8,8500.4
Tamil Nadu,Virudhunagar,Aruppukottai(Uzhavar Sandhai ),Onion,Bellary,Local,26/10/2025,2025,10,26,Post-Monsoon,45.2,24.8,56.0,6124.2,6450.1,6335.0
Tamil Nadu,Virudhunagar,Aruppukottai(Uzhavar Sandhai ),Onion,Bellary,Local,28/06/2026,2026,6,28,Monsoon,207.8,34.4,85.1,9418.3,9598.1,9505.4
Tamil Nadu,Virudhunagar,Aruppukottai(Uzhavar Sandhai ),Onion,Bellary,Local,28/12/2025,2025,12,28,Winter,0.1,19.9,50.8,5618.7,5853.0,5712.2
Tamil Nadu,Virudhunagar,Aruppukottai(Uzhavar Sandhai ),Onion,Bellary,Local,29/03/2026,2026,3,29,Summer,19.5,22.5,44.0,6800.9,7074.1,6922.4
Tamil Nadu,Virudhunagar,Aruppukottai(Uzhavar Sandhai ),Onion,Bellary,Local,30/08/2026,2026,8,30,Monsoon,218.4,35.1,81.8,9589.1,9728.9,9662.8
Tamil Nadu,Virudhunagar,Aruppukottai(Uzhavar Sandhai ),Onion,Bellary,Local,30/11/2025,2025,11,30,Post-Monsoon,73.8,22.6,59.3,6461.4,6814.1,6635.3
Tamil Nadu,Virudhunagar,Aruppukottai(Uzhavar Sandhai ),Onion,Bellary,Local,31/05/2026,2026,5,31,Summer,4.5,31.1,48.8,6425.4,6736.9,6614.0
Tamil Nadu,Virudhunagar,Rajapalayam(Uzhavar Sandhai ),Onion,Bellary,Local,01/02/2026,2026,2,1,Winter,18.0,22.2,52.1,5718.9,6063.3,5885.9
Tamil Nadu,Virudhunagar,Rajapalayam(Uzhavar Sandhai ),Onion,Bellary,Local,01/03/2026,2026,3,1,Summer,4.6,23.0,43.8,6730.2,7127.3,6946.4
Tamil Nadu,Virudhunagar,Rajapalayam(Uzhavar Sandhai ),Onion,Bellary,Local,02/08/2026,2026,8,2,Monsoon,102.9,32.7,58.3,8645.3,8873.5,8775.0
Tamil Nadu,Virudhunagar,Rajapalayam(Uzhavar Sandhai ),Onion,Bellary,Local,02/11/2025,2025,11,2,Post-Monsoon,32.1,21.2,51.1,6367.8,6653.7,6484.2
Tamil Nadu,Virudhunagar,Rajapalayam(Uzhavar Sandhai ),Onion,Bellary,Local,03/05/2026,2026,5,3,Summer,8.3,32.5,49.9,6532.6,6841.0,6702.9
Tamil Nadu,Virudhunagar,Rajapalayam(Uzhavar Sandhai ),Onion,Bellary,Local,04/01/2026,2026,1,4,Winter,1.3,19.0,45.2,5489.8,5822.8,5691.1
Tamil Nadu,Virudhunagar,Rajapalayam(Uzhavar Sandhai ),Onion,Bellary,Local,05/04/2026,2026,4,5,Summer,7.9,25.4,41.9,6879.6,7041.2,6957.9
Tamil Nadu,Virudhunagar,Rajapalayam(Uzhavar Sandhai ),Onion,Bellary,Local,05/07/2026,2026,7,5,Monsoon,126.8,32.9,59.5,8484.9,8766.2,8649.4
Tamil Nadu,Virudhunagar,Rajapalayam(Uzhavar Sandhai ),Onion,Bellary,Local,05/10/2025,2025,10,5,Post-Monsoon,29.2,27.8,54.4,6406.8,6672.3,6527.7
Tamil Nadu,Virudhunagar,Rajapalayam(Uzhavar Sandhai ),Onion,Bellary,Local,06/09/2026,2026,9,6,Monsoon,114.2,28.3,60.8,9106.8,9378.6,9232.1
Tamil Nadu,Virudhunagar,Rajapalayam(Uzhavar Sandhai ),Onion,Bellary,Local,07/06/2026,2026,6,7,Monsoon,118.7,33.6,65.4,8673.0,8862.8,8773.0
Tamil Nadu,Virudhunagar,Rajapalayam(Uzhavar Sandhai ),Onion,Bellary,Local,07/12/2025,2025,12,7,Winter,18.7,18.7,48.3,6061.5,6299.9,6158.6
Tamil Nadu,Virudhunagar,Rajapalayam(Uzhavar Sandhai ),Onion,Bellary,Local,08/02/2026,2026,2,8,Winter,13.2,21.7,46.4,5677.1,5988.4,5818.4
Tamil Nadu,Virudhunagar,Rajapalayam(Uzhavar Sandhai ),Onion,Bellary,Local,08/03/2026,2026,3,8,Summer,10.7,21.9,50.0,6674.3,6971.6,6847.0
Tamil Nadu,Virudhunagar,Rajapalayam(Uzhavar Sandhai ),Onion,Bellary,Local,09/08/2026,2026,8,9,Monsoon,102.4,32.8,60.5,8406.4,8556.6,8471.9
Tamil Nadu,Virudhunagar,Rajapalayam(Uzhavar Sandhai ),Onion,Bellary,Local,09/11/2025,2025,11,9,Post-Monsoon,80.0,23.7,59.1,6945.6,7239.1,7060.7
Tamil Nadu,Virudhunagar,Rajapalayam(Uzhavar Sandhai ),Onion,Bellary,Local,10/05/2026,2026,5,10,Summer,15.5,31.1,48.0,7126.0,7451.7,7296.3
Tamil Nadu,Virudhunagar,Rajapalayam(Uzhavar Sandhai ),Onion,Bellary,Local,11/01/2026,2026,1,11,Winter,9.7,18.8,47.6,5826.6,5977.1,5909.9
Tamil Nadu,Virudhunagar,Rajapalayam(Uzhavar Sandhai ),Onion,Bellary,Local,12/04/2026,2026,4,12,Summer,12.8,25.1,45.0,6995.1,7093.3,7042.3
Tamil Nadu,Virudhunagar,Rajapalayam(Uzhavar Sandhai ),Onion,Bellary,Local,12/07/2026,2026,7,12,Monsoon,125.4,35.9,68.7,8879.6,9309.1,9096.0
Tamil Nadu,Virudhunagar,Rajapalayam(Uzhavar Sandhai ),Onion,Bellary,Local,12/10/2025,2025,10,12,Post-Monsoon,52.5,28.6,56.2,6477.2,6854.6,6647.3
Tamil Nadu,Virudhunagar,Rajapalayam(Uzhavar Sandhai ),Onion,Bellary,Local,13/09/2026,2026,9,13,Monsoon,159.8,32.0,63.9,9330.5,9587.2,9486.8
Tamil Nadu,Virudhunagar,Rajapalayam(Uzhavar Sandhai ),Onion,Bellary,Local,14/06/2026,2026,6,14,Monsoon,105.1,31.7,60.6,8230.9,8465.9,8344.6
Tamil Nadu,Virudhunagar,Rajapalayam(Uzhavar Sandhai ),Onion,Bellary,Local,14/12/2025,2025,12,14,Winter,10.9,20.8,46.3,5950.3,6097.1,6031.5
Tamil Nadu,Virudhunagar,Rajapalayam(Uzhavar Sandhai ),Onion,Bellary,Local,15/02/2026,2026,2,15,Winter,7.1,19.6,40.7,5768.2,6077.7,5902.1
Tamil Nadu,Virudhunagar,Rajapalayam(Uzhavar Sandhai ),Onion,Bellary,Local,15/03/2026,2026,3,15,Summer,2.2,22.9,47.0,6863.7,7200.4,7036.4
Tamil Nadu,Virudhunagar,Rajapalayam(Uzhavar Sandhai ),Onion,Bellary,Local,16/08/2026,2026,8,16,Monsoon,123.6,33.3,64.3,8185.8,8480.8,8338.5
Tamil Nadu,Virudhunagar,Rajapalayam(Uzhavar Sandhai ),Onion,Bellary,Local,16/11/2025,2025,11,16,Post-Monsoon,68.9,24.3,58.6,6315.5,6673.8,6487.0
Tamil Nadu,Virudhunagar,Rajapalayam(Uzhavar Sandhai ),Onion,Bellary,Local,17/05/2026,2026,5,17,Summer,15.4,30.4,45.5,6918.7,7122.5,7004.7
Tamil Nadu,Virudhunagar,Rajapalayam(Uzhavar Sandhai ),Onion,Bellary,Local,18/01/2026,2026,1,18,Winter,10.0,18.2,45.3,5785.4,6005.5,5896.7
Tamil Nadu,Virudhunagar,Rajapalayam(Uzhavar Sandhai ),Onion,Bellary,Local,19/04/2026,2026,4,19,Summer,8.4,26.3,43.3,6635.8,6841.1,6739.2
Tamil Nadu,Virudhunagar,Rajapalayam(Uzhavar Sandhai ),Onion,Bellary,Local,19/07/2026,2026,7,19,Monsoon,197.7,35.3,76.0,9178.0,9416.4,9282.3
Tamil Nadu,Virudhunagar,Rajapalayam(Uzhavar Sandhai ),Onion,Bellary,Local,19/10/2025,2025,10,19,Post-Monsoon,46.0,27.4,51.4,6279.5,6624.4,6463.1
Tamil Nadu,Virudhunagar,Rajapalayam(Uzhavar Sandhai ),Onion,Bellary,Local,20/09/2026,2026,9,20,Monsoon,99.1,30.3,57.3,8331.9,8561.0,8421.8
Tamil Nadu,Virudhunagar,Rajapalayam(Uzhavar Sandhai ),Onion,Bellary,Local,21/06/2026,2026,6,21,Monsoon,131.5,36.2,67.0,8705.6,8837.9,8769.8
Tamil Nadu,Virudhunagar,Rajapalayam(Uzhavar Sandhai ),Onion,Bellary,Local,21/12/2025,2025,12,21,Winter,1.3,22.0,42.9,5759.4,5900.0,5815.5
Tamil Nadu,Virudhunagar,Rajapalayam(Uzhavar Sandhai ),Onion,Bellary,Local,22/02/2026,2026,2,22,Winter,13.3,21.7,47.0,5531.3,5920.8,5716.9
Tamil Nadu,Virudhunagar,Rajapalayam(Uzhavar Sandhai ),Onion,Bellary,Local,22/03/2026,2026,3,22,Summer,14.7,23.4,51.1,6428.0,6606.7,6513.3
Tamil Nadu,Virudhunagar,Rajapalayam(Uzhavar Sandhai ),Onion,Bellary,Local,23/08/2026,2026,8,23,Monsoon,198.3,31.6,74.5,9275.0,9511.9,9410.4
Tamil Nadu,Virudhunagar,Rajapalayam(Uzhavar Sandhai ),Onion,Bellary,Local,23/11/2025,2025,11,23,Post-Monsoon,47.2,22.5,54.0,6143.0,6276.2,6204.6
Tamil Nadu,Virudhunagar,Rajapalayam(Uzhavar Sandhai ),Onion,Bellary,Local,24/05/2026,2026,5,24,Summer,14.3,30.1,46.7,7000.9,7218.5,7109.6
Tamil Nadu,Virudhunagar,Rajapalayam(Uzhavar Sandhai ),Onion,Bellary,Local,25/01/2026,2026,1,25,Winter,11.1,19.0,45.3,5875.7,6219.3,6088.3
Tamil Nadu,Virudhunagar,Rajapalayam(Uzhavar Sandhai ),Onion,Bellary,Local,26/04/2026,2026,4,26,Summer,15.4,25.8,44.0,6445.8,6714.6,6585.8
Tamil Nadu,Virudhunagar,Rajapalayam(Uzhavar Sandhai ),Onion,Bellary,Local,26/07/2026,2026,7,26,Monsoon,88.6,36.0,61.8,8526.9,8890.1,8690.1
Tamil Nadu,Virudhunagar,Rajapalayam(Uzhavar Sandhai ),Onion,Bellary,Local,26/10/2025,2025,10,26,Post-Monsoon,22.7,27.5,48.2,6249.5,6446.9,6354.7
Tamil Nadu,Virudhunagar,Rajapalayam(Uzhavar Sandhai ),Onion,Bellary,Local,28/06/2026,2026,6,28,Monsoon,213.6,35.1,76.1,9513.8,9917.5,9714.4
Tamil Nadu,Virudhunagar,Rajapalayam(Uzhavar Sandhai ),Onion,Bellary,Local,28/12/2025,2025,12,28,Winter,16.0,19.2,51.7,5196.4,5398.7,5309.8
Tamil Nadu,Virudhunagar,Rajapalayam(Uzhavar Sandhai ),Onion,Bellary,Local,29/03/2026,2026,3,29,Summer,19.1,23.7,41.5,6601.6,6820.8,6740.1
Tamil Nadu,Virudhunagar,Rajapalayam(Uzhavar Sandhai ),Onion,Bellary,Local,30/08/2026,2026,8,30,Monsoon,152.1,34.3,68.6,8170.0,8479.7,8303.7
Tamil Nadu,Virudhunagar,Rajapalayam(Uzhavar Sandhai ),Onion,Bellary,Local,30/11/2025,2025,11,30,Post-Monsoon,70.6,24.2,52.3,6469.0,6857.9,6620.7
Tamil Nadu,Virudhunagar,Rajapalayam(Uzhavar Sandhai ),Onion,Bellary,Local,31/05/2026,2026,5,31,Summer,18.1,32.0,49.0,6575.5,6888.9,6727.0
Tamil Nadu,Virudhunagar,Sivakasi(Uzhavar Sandhai ),Onion,Bellary,Local,01/02/2026,2026,2,1,Winter,15.3,20.8,48.9,5580.3,5904.4,5791.9
Tamil Nadu,Virudhunagar,Sivakasi(Uzhavar Sandhai ),Onion,Bellary,Local,01/03/2026,2026,3,1,Summer,18.8,23.1,42.7,6875.4,7242.1,7082.1
Tamil Nadu,Virudhunagar,Sivakasi(Uzhavar Sandhai ),Onion,Bellary,Local,02/08/2026,2026,8,2,Monsoon,86.9,35.8,60.3,8908.7,9206.4,9077.8
Tamil Nadu,Virudhunagar,Sivakasi(Uzhavar Sandhai ),Onion,Bellary,Local,02/11/2025,2025,11,2,Post-Monsoon,53.8,24.5,55.8,6260.7,6443.6,6358.2
Tamil Nadu,Virudhunagar,Sivakasi(Uzhavar Sandhai ),Onion,Bellary,Local,03/05/2026,2026,5,3,Summer,4.1,29.0,43.4,6529.5,6760.2,6652.9
Tamil Nadu,Virudhunagar,Sivakasi(Uzhavar Sandhai ),Onion,Bellary,Local,04/01/2026,2026,1,4,Winter,13.5,18.4,49.5,5680.1,5835.1,5750.5
Tamil Nadu,Virudhunagar,Sivakasi(Uzhavar Sandhai ),Onion,Bellary,Local,05/04/2026,2026,4,5,Summer,3.7,26.6,49.9,6669.7,6979.2,6835.7
Tamil Nadu,Virudhunagar,Sivakasi(Uzhavar Sandhai ),Onion,Bellary,Local,05/07/2026,2026,7,5,Monsoon,223.5,33.2,84.0,8803.3,9009.3,8906.1
Tamil Nadu,Virudhunagar,Sivakasi(Uzhavar Sandhai ),Onion,Bellary,Local,05/10/2025,2025,10,5,Post-Monsoon,28.8,24.8,53.3,6723.0,6879.2,6794.7
Tamil Nadu,Virudhunagar,Sivakasi(Uzhavar Sandhai ),Onion,Bellary,Local,06/09/2026,2026,9,6,Monsoon,172.5,32.5,72.3,8516.5,8839.8,8678.2
Tamil Nadu,Virudhunagar,Sivakasi(Uzhavar Sandhai ),Onion,Bellary,Local,07/06/2026,2026,6,7,Monsoon,105.6,32.0,61.0,8208.6,8416.5,8309.4
Tamil Nadu,Virudhunagar,Sivakasi(Uzhavar Sandhai ),Onion,Bellary,Local,07/12/2025,2025,12,7,Winter,10.7,21.8,37.4,6171.6,6324.8,6247.7
Tamil Nadu,Virudhunagar,Sivakasi(Uzhavar Sandhai ),Onion,Bellary,Local,08/02/2026,2026,2,8,Winter,1.0,23.2,44.3,6021.8,6142.5,6080.1
Tamil Nadu,Virudhunagar,Sivakasi(Uzhavar Sandhai ),Onion,Bellary,Local,08/03/2026,2026,3,8,Summer,15.2,22.3,46.1,7222.3,7575.7,7353.6
Tamil Nadu,Virudhunagar,Sivakasi(Uzhavar Sandhai ),Onion,Bellary,Local,09/08/2026,2026,8,9,Monsoon,184.2,30.9,78.6,9337.8,9627.7,9518.1
Tamil Nadu,Virudhunagar,Sivakasi(Uzhavar Sandhai ),Onion,Bellary,Local,09/11/2025,2025,11,9,Post-Monsoon,31.2,20.3,51.0,5980.5,6130.6,6079.3
Tamil Nadu,Virudhunagar,Sivakasi(Uzhavar Sandhai ),Onion,Bellary,Local,10/05/2026,2026,5,10,Summer,15.5,30.0,48.6,6769.3,7112.8,6945.5
Tamil Nadu,Virudhunagar,Sivakasi(Uzhavar Sandhai ),Onion,Bellary,Local,11/01/2026,2026,1,11,Winter,17.5,19.2,50.2,5374.4,5640.1,5487.5
Tamil Nadu,Virudhunagar,Sivakasi(Uzhavar Sandhai ),Onion,Bellary,Local,12/04/2026,2026,4,12,Summer,13.8,26.1,53.1,6598.7,6929.7,6793.4
Tamil Nadu,Virudhunagar,Sivakasi(Uzhavar Sandhai ),Onion,Bellary,Local,12/07/2026,2026,7,12,Monsoon,218.5,36.1,76.0,9974.3,10167.0,10042.7
Tamil Nadu,Virudhunagar,Sivakasi(Uzhavar Sandhai ),Onion,Bellary,Local,12/10/2025,2025,10,12,Post-Monsoon,31.2,26.1,48.3,6715.3,6884.6,6782.7
Tamil Nadu,Virudhunagar,Sivakasi(Uzhavar Sandhai ),Onion,Bellary,Local,13/09/2026,2026,9,13,Monsoon,113.2,31.5,61.5,8332.7,8492.4,8428.0
Tamil Nadu,Virudhunagar,Sivakasi(Uzhavar Sandhai ),Onion,Bellary,Local,14/06/2026,2026,6,14,Monsoon,96.0,33.4,61.3,8402.8,8661.9,8533.5
Tamil Nadu,Virudhunagar,Sivakasi(Uzhavar Sandhai ),Onion,Bellary,Local,14/12/2025,2025,12,14,Winter,12.8,21.9,46.3,6060.5,6267.7,6161.9
Tamil Nadu,Virudhunagar,Sivakasi(Uzhavar Sandhai ),Onion,Bellary,Local,15/02/2026,2026,2,15,Winter,5.0,22.9,45.5,5743.6,6000.3,5871.2
Tamil Nadu,Virudhunagar,Sivakasi(Uzhavar Sandhai ),Onion,Bellary,Local,15/03/2026,2026,3,15,Summer,9.6,23.6,47.8,6689.4,6949.1,6823.3
Tamil Nadu,Virudhunagar,Sivakasi(Uzhavar Sandhai ),Onion,Bellary,Local,16/08/2026,2026,8,16,Monsoon,241.7,36.9,85.0,9416.2,9698.3,9591.5
Tamil Nadu,Virudhunagar,Sivakasi(Uzhavar Sandhai ),Onion,Bellary,Local,16/11/2025,2025,11,16,Post-Monsoon,59.7,21.0,58.9,6087.4,6331.4,6207.4
Tamil Nadu,Virudhunagar,Sivakasi(Uzhavar Sandhai ),Onion,Bellary,Local,17/05/2026,2026,5,17,Summer,8.2,30.7,42.0,6565.0,6693.1,6629.2
Tamil Nadu,Virudhunagar,Sivakasi(Uzhavar Sandhai ),Onion,Bellary,Local,18/01/2026,2026,1,18,Winter,5.9,17.3,51.5,5763.9,5993.8,5880.4
Tamil Nadu,Virudhunagar,Sivakasi(Uzhavar Sandhai ),Onion,Bellary,Local,19/04/2026,2026,4,19,Summer,15.4,27.3,49.6,7023.1,7168.5,7091.2
Tamil Nadu,Virudhunagar,Sivakasi(Uzhavar Sandhai ),Onion,Bellary,Local,19/07/2026,2026,7,19,Monsoon,94.9,35.1,67.1,8726.0,8859.8,8810.0
Tamil Nadu,Virudhunagar,Sivakasi(Uzhavar Sandhai ),Onion,Bellary,Local,19/10/2025,2025,10,19,Post-Monsoon,77.4,26.6,53.3,5962.6,6364.3,6162.0
Tamil Nadu,Virudhunagar,Sivakasi(Uzhavar Sandhai ),Onion,Bellary,Local,20/09/2026,2026,9,20,Monsoon,133.0,32.2,66.8,9021.0,9258.3,9136.5
Tamil Nadu,Virudhunagar,Sivakasi(Uzhavar Sandhai ),Onion,Bellary,Local,21/06/2026,2026,6,21,Monsoon,241.8,34.9,87.1,9590.6,9974.9,9792.1
Tamil Nadu,Virudhunagar,Sivakasi(Uzhavar Sandhai ),Onion,Bellary,Local,21/12/2025,2025,12,21,Winter,17.6,21.6,48.7,5941.8,6090.9,6016.9
Tamil Nadu,Virudhunagar,Sivakasi(Uzhavar Sandhai ),Onion,Bellary,Local,22/02/2026,2026,2,22,Winter,10.4,20.5,43.8,5849.7,6287.4,6065.9
Tamil Nadu,Virudhunagar,Sivakasi(Uzhavar Sandhai ),Onion,Bellary,Local,22/03/2026,2026,3,22,Summer,8.6,23.8,46.1,7052.9,7367.9,7238.3
Tamil Nadu,Virudhunagar,Sivakasi(Uzhavar Sandhai ),Onion,Bellary,Local,23/08/2026,2026,8,23,Monsoon,172.9,32.7,76.7,8694.5,8928.7,8823.9
Tamil Nadu,Virudhunagar,Sivakasi(Uzhavar Sandhai ),Onion,Bellary,Local,23/11/2025,2025,11,23,Post-Monsoon,61.4,23.5,52.5,6018.4,6259.7,6154.9
Tamil Nadu,Virudhunagar,Sivakasi(Uzhavar Sandhai ),Onion,Bellary,Local,24/05/2026,2026,5,24,Summer,2.3,29.8,42.2,6700.8,7037.8,6864.2
Tamil Nadu,Virudhunagar,Sivakasi(Uzhavar Sandhai ),Onion,Bellary,Local,25/01/2026,2026,1,25,Winter,3.1,17.9,47.8,5956.7,6250.0,6085.0
Tamil Nadu,Virudhunagar,Sivakasi(Uzhavar Sandhai ),Onion,Bellary,Local,26/04/2026,2026,4,26,Summer,3.1,26.0,46.2,6710.7,6929.8,6818.4
Tamil Nadu,Virudhunagar,Sivakasi(Uzhavar Sandhai ),Onion,Bellary,Local,26/07/2026,2026,7,26,Monsoon,86.5,35.1,56.8,8277.7,8544.3,8437.1
Tamil Nadu,Virudhunagar,Sivakasi(Uzhavar Sandhai ),Onion,Bellary,Local,26/10/2025,2025,10,26,Post-Monsoon,53.8,27.5,55.5,6150.9,6359.6,6271.7
Tamil Nadu,Virudhunagar,Sivakasi(Uzhavar Sandhai ),Onion,Bellary,Local,28/06/2026,2026,6,28,Monsoon,228.7,33.9,84.6,9726.1,10041.9,9888.2
Tamil Nadu,Virudhunagar,Sivakasi(Uzhavar Sandhai ),Onion,Bellary,Local,28/12/2025,2025,12,28,Winter,6.2,19.3,45.6,5791.9,5992.2,5918.6
Tamil Nadu,Virudhunagar,Sivakasi(Uzhavar Sandhai ),Onion,Bellary,Local,29/03/2026,2026,3,29,Summer,19.0,23.0,42.2,6529.2,6701.4,6614.9
Tamil Nadu,Virudhunagar,Sivakasi(Uzhavar Sandhai ),Onion,Bellary,Local,30/08/2026,2026,8,30,Monsoon,134.8,32.3,65.9,8543.6,8798.0,8685.7
Tamil Nadu,Virudhunagar,Sivakasi(Uzhavar Sandhai ),Onion,Bellary,Local,30/11/2025,2025,11,30,Post-Monsoon,38.9,20.1,51.7,6195.7,6463.3,6313.9
Tamil Nadu,Virudhunagar,Sivakasi(Uzhavar Sandhai ),Onion,Bellary,Local,31/05/2026,2026,5,31,Summer,6.5,31.8,45.1,6560.6,6911.9,6790.8
Tamil Nadu,Virudhunagar,Srivilliputhur(Uzhavar Sandhai ),Onion,Bellary,Local,01/02/2026,2026,2,1,Winter,1.5,21.9,47.6,5420.0,5762.4,5583.0
Tamil Nadu,Virudhunagar,Srivilliputhur(Uzhavar Sandhai ),Onion,Bellary,Local,01/03/2026,2026,3,1,Summer,7.7,23.4,50.9,6279.7,6414.2,6328.7
Tamil Nadu,Virudhunagar,Srivilliputhur(Uzhavar Sandhai ),Onion,Bellary,Local,02/08/2026,2026,8,2,Monsoon,120.5,33.3,64.8,8240.5,8621.1,8402.4
Tamil Nadu,Virudhunagar,Srivilliputhur(Uzhavar Sandhai ),Onion,Bellary,Local,02/11/2025,2025,11,2,Post-Monsoon,46.2,21.8,55.1,6653.2,7045.9,6870.7
Tamil Nadu,Virudhunagar,Srivilliputhur(Uzhavar Sandhai ),Onion,Bellary,Local,03/05/2026,2026,5,3,Summer,12.8,32.0,46.2,6553.9,6833.5,6692.2
Tamil Nadu,Virudhunagar,Srivilliputhur(Uzhavar Sandhai ),Onion,Bellary,Local,04/01/2026,2026,1,4,Winter,4.0,17.6,45.5,5628.9,5761.2,5678.5
Tamil Nadu,Virudhunagar,Srivilliputhur(Uzhavar Sandhai ),Onion,Bellary,Local,05/04/2026,2026,4,5,Summer,7.3,27.2,50.3,6946.6,7194.2,7074.0
Tamil Nadu,Virudhunagar,Srivilliputhur(Uzhavar Sandhai ),Onion,Bellary,Local,05/07/2026,2026,7,5,Monsoon,158.1,32.4,76.3,9112.4,9375.2,9236.3
Tamil Nadu,Virudhunagar,Srivilliputhur(Uzhavar Sandhai ),Onion,Bellary,Local,05/10/2025,2025,10,5,Post-Monsoon,65.0,27.0,50.0,6217.7,6607.4,6401.7
Tamil Nadu,Virudhunagar,Srivilliputhur(Uzhavar Sandhai ),Onion,Bellary,Local,06/09/2026,2026,9,6,Monsoon,140.4,31.9,56.7,9085.1,9499.2,9299.5
Tamil Nadu,Virudhunagar,Srivilliputhur(Uzhavar Sandhai ),Onion,Bellary,Local,07/06/2026,2026,6,7,Monsoon,121.9,34.6,65.6,8990.2,9187.4,9089.7
Tamil Nadu,Virudhunagar,Srivilliputhur(Uzhavar Sandhai ),Onion,Bellary,Local,07/12/2025,2025,12,7,Winter,10.8,20.3,48.8,6018.9,6405.1,6194.8
Tamil Nadu,Virudhunagar,Srivilliputhur(Uzhavar Sandhai ),Onion,Bellary,Local,08/02/2026,2026,2,8,Winter,3.8,20.0,40.3,5805.6,6019.6,5900.3
Tamil Nadu,Virudhunagar,Srivilliputhur(Uzhavar Sandhai ),Onion,Bellary,Local,08/03/2026,2026,3,8,Summer,1.6,23.7,45.9,6455.6,6790.8,6620.6
Tamil Nadu,Virudhunagar,Srivilliputhur(Uzhavar Sandhai ),Onion,Bellary,Local,09/08/2026,2026,8,9,Monsoon,195.5,31.5,74.2,8596.1,8722.3,8647.7
Tamil Nadu,Virudhunagar,Srivilliputhur(Uzhavar Sandhai ),Onion,Bellary,Local,09/11/2025,2025,11,9,Post-Monsoon,66.5,24.0,60.9,7066.4,7208.8,7126.8
Tamil Nadu,Virudhunagar,Srivilliputhur(Uzhavar Sandhai ),Onion,Bellary,Local,10/05/2026,2026,5,10,Summer,9.9,31.3,45.7,6889.4,7177.0,7033.3
Tamil Nadu,Virudhunagar,Srivilliputhur(Uzhavar Sandhai ),Onion,Bellary,Local,11/01/2026,2026,1,11,Winter,15.4,18.5,47.9,5905.5,6193.2,6063.8
Tamil Nadu,Virudhunagar,Srivilliputhur(Uzhavar Sandhai ),Onion,Bellary,Local,12/04/2026,2026,4,12,Summer,5.0,27.1,43.3,6926.0,7161.1,7035.4
Tamil Nadu,Virudhunagar,Srivilliputhur(Uzhavar Sandhai ),Onion,Bellary,Local,12/07/2026,2026,7,12,Monsoon,200.5,35.4,77.9,8960.4,9156.7,9056.2
Tamil Nadu,Virudhunagar,Srivilliputhur(Uzhavar Sandhai ),Onion,Bellary,Local,12/10/2025,2025,10,12,Post-Monsoon,32.2,24.1,49.2,6458.9,6695.7,6562.6
Tamil Nadu,Virudhunagar,Srivilliputhur(Uzhavar Sandhai ),Onion,Bellary,Local,13/09/2026,2026,9,13,Monsoon,224.6,29.6,84.8,9532.6,9716.6,9627.4
Tamil Nadu,Virudhunagar,Srivilliputhur(Uzhavar Sandhai ),Onion,Bellary,Local,14/06/2026,2026,6,14,Monsoon,191.4,34.7,74.5,9643.3,9769.2,9706.7
Tamil Nadu,Virudhunagar,Srivilliputhur(Uzhavar Sandhai ),Onion,Bellary,Local,14/12/2025,2025,12,14,Winter,14.3,20.1,49.7,5864.8,6032.4,5951.6
Tamil Nadu,Virudhunagar,Srivilliputhur(Uzhavar Sandhai ),Onion,Bellary,Local,15/02/2026,2026,2,15,Winter,6.7,18.8,53.7,5962.0,6120.6,6042.4
Tamil Nadu,Virudhunagar,Srivilliputhur(Uzhavar Sandhai ),Onion,Bellary,Local,15/03/2026,2026,3,15,Summer,14.8,20.9,48.1,6642.4,6833.3,6753.8
Tamil Nadu,Virudhunagar,Srivilliputhur(Uzhavar Sandhai ),Onion,Bellary,Local,16/08/2026,2026,8,16,Monsoon,222.3,34.7,77.6,9095.3,9234.8,9161.6
Tamil Nadu,Virudhunagar,Srivilliputhur(Uzhavar Sandhai ),Onion,Bellary,Local,16/11/2025,2025,11,16,Post-Monsoon,36.1,23.1,49.5,6437.3,6650.0,6523.8
Tamil Nadu,Virudhunagar,Srivilliputhur(Uzhavar Sandhai ),Onion,Bellary,Local,17/05/2026,2026,5,17,Summer,13.7,30.4,49.6,6671.6,6867.9,6767.1
Tamil Nadu,Virudhunagar,Srivilliputhur(Uzhavar Sandhai ),Onion,Bellary,Local,18/01/2026,2026,1,18,Winter,16.9,19.6,46.4,5707.0,5888.4,5816.1
Tamil Nadu,Virudhunagar,Srivilliputhur(Uzhavar Sandhai ),Onion,Bellary,Local,19/04/2026,2026,4,19,Summer,2.3,26.4,37.7,7097.5,7300.1,7202.1
Tamil Nadu,Virudhunagar,Srivilliputhur(Uzhavar Sandhai ),Onion,Bellary,Local,19/07/2026,2026,7,19,Monsoon,211.3,34.7,84.5,8836.2,8961.8,8905.4
Tamil Nadu,Virudhunagar,Srivilliputhur(Uzhavar Sandhai ),Onion,Bellary,Local,19/10/2025,2025,10,19,Post-Monsoon,22.9,28.4,47.5,5888.9,6142.6,5995.4
Tamil Nadu,Virudhunagar,Srivilliputhur(Uzhavar Sandhai ),Onion,Bellary,Local,20/09/2026,2026,9,20,Monsoon,159.5,30.1,69.6,8729.5,8872.5,8794.5
Tamil Nadu,Virudhunagar,Srivilliputhur(Uzhavar Sandhai ),Onion,Bellary,Local,21/06/2026,2026,6,21,Monsoon,172.4,32.3,74.6,8585.4,8933.0,8749.8
Tamil Nadu,Virudhunagar,Srivilliputhur(Uzhavar Sandhai ),Onion,Bellary,Local,21/12/2025,2025,12,21,Winter,12.5,18.5,48.9,5815.1,6046.7,5920.2
Tamil Nadu,Virudhunagar,Srivilliputhur(Uzhavar Sandhai ),Onion,Bellary,Local,22/02/2026,2026,2,22,Winter,7.3,18.6,44.5,5500.2,5733.8,5621.9
Tamil Nadu,Virudhunagar,Srivilliputhur(Uzhavar Sandhai ),Onion,Bellary,Local,22/03/2026,2026,3,22,Summer,3.8,22.7,49.9,6416.2,6745.8,6607.0
Tamil Nadu,Virudhunagar,Srivilliputhur(Uzhavar Sandhai ),Onion,Bellary,Local,23/08/2026,2026,8,23,Monsoon,214.8,34.6,78.5,9012.8,9321.6,9193.2
Tamil Nadu,Virudhunagar,Srivilliputhur(Uzhavar Sandhai ),Onion,Bellary,Local,23/11/2025,2025,11,23,Post-Monsoon,70.5,23.1,58.2,6441.2,6620.5,6537.1
Tamil Nadu,Virudhunagar,Srivilliputhur(Uzhavar Sandhai ),Onion,Bellary,Local,24/05/2026,2026,5,24,Summer,2.7,30.0,47.3,6265.8,6507.5,6371.0
Tamil Nadu,Virudhunagar,Srivilliputhur(Uzhavar Sandhai ),Onion,Bellary,Local,25/01/2026,2026,1,25,Winter,1.3,18.4,48.4,5685.6,6016.1,5902.5
Tamil Nadu,Virudhunagar,Srivilliputhur(Uzhavar Sandhai ),Onion,Bellary,Local,26/04/2026,2026,4,26,Summer,11.1,27.3,44.6,7268.7,7445.3,7360.9
Tamil Nadu,Virudhunagar,Srivilliputhur(Uzhavar Sandhai ),Onion,Bellary,Local,26/07/2026,2026,7,26,Monsoon,243.5,34.7,88.1,9147.8,9405.0,9317.4
Tamil Nadu,Virudhunagar,Srivilliputhur(Uzhavar Sandhai ),Onion,Bellary,Local,26/10/2025,2025,10,26,Post-Monsoon,65.7,26.3,56.4,6497.0,6682.4,6581.5
Tamil Nadu,Virudhunagar,Srivilliputhur(Uzhavar Sandhai ),Onion,Bellary,Local,28/06/2026,2026,6,28,Monsoon,192.5,35.6,74.2,9385.0,9655.6,9524.1
Tamil Nadu,Virudhunagar,Srivilliputhur(Uzhavar Sandhai ),Onion,Bellary,Local,28/12/2025,2025,12,28,Winter,12.1,19.0,42.0,5786.5,5927.4,5843.8
Tamil Nadu,Virudhunagar,Srivilliputhur(Uzhavar Sandhai ),Onion,Bellary,Local,29/03/2026,2026,3,29,Summer,2.4,20.7,46.2,6662.9,6940.3,6798.8
Tamil Nadu,Virudhunagar,Srivilliputhur(Uzhavar Sandhai ),Onion,Bellary,Local,30/08/2026,2026,8,30,Monsoon,153.1,33.4,72.5,8513.8,8754.3,8671.0
Tamil Nadu,Virudhunagar,Srivilliputhur(Uzhavar Sandhai ),Onion,Bellary,Local,30/11/2025,2025,11,30,Post-Monsoon,22.5,21.1,46.1,6275.1,6461.7,6393.0
Tamil Nadu,Virudhunagar,Srivilliputhur(Uzhavar Sandhai ),Onion,Bellary,Local,31/05/2026,2026,5,31,Summer,17.9,29.9,51.4,6690.5,6863.2,6764.2
Tamil Nadu,Virudhunagar,Thalavaipuram(Uzhavar Sandhai ),Onion,Bellary,Local,01/02/2026,2026,2,1,Winter,11.1,20.8,44.3,6268.8,6496.6,6362.3
Tamil Nadu,Virudhunagar,Thalavaipuram(Uzhavar Sandhai ),Onion,Bellary,Local,01/03/2026,2026,3,1,Summer,4.6,26.2,43.6,6638.3,6794.5,6723.3
Tamil Nadu,Virudhunagar,Thalavaipuram(Uzhavar Sandhai ),Onion,Bellary,Local,02/08/2026,2026,8,2,Monsoon,170.9,33.0,76.0,9343.8,9746.7,9522.5
Tamil Nadu,Virudhunagar,Thalavaipuram(Uzhavar Sandhai ),Onion,Bellary,Local,02/11/2025,2025,11,2,Post-Monsoon,48.5,20.4,49.5,6638.7,6840.2,6751.0
Tamil Nadu,Virudhunagar,Thalavaipuram(Uzhavar Sandhai ),Onion,Bellary,Local,03/05/2026,2026,5,3,Summer,10.5,28.5,43.6,7191.5,7438.1,7323.5
Tamil Nadu,Virudhunagar,Thalavaipuram(Uzhavar Sandhai ),Onion,Bellary,Local,04/01/2026,2026,1,4,Winter,11.4,19.6,43.8,6097.0,6264.7,6182.6
Tamil Nadu,Virudhunagar,Thalavaipuram(Uzhavar Sandhai ),Onion,Bellary,Local,05/04/2026,2026,4,5,Summer,6.8,30.1,46.7,7244.6,7556.8,7403.5
Tamil Nadu,Virudhunagar,Thalavaipuram(Uzhavar Sandhai ),Onion,Bellary,Local,05/07/2026,2026,7,5,Monsoon,165.7,35.2,67.0,8874.7,9283.4,9082.3
Tamil Nadu,Virudhunagar,Thalavaipuram(Uzhavar Sandhai ),Onion,Bellary,Local,05/10/2025,2025,10,5,Post-Monsoon,42.0,26.3,49.7,6731.6,6982.5,6868.8
Tamil Nadu,Virudhunagar,Thalavaipuram(Uzhavar Sandhai ),Onion,Bellary,Local,06/09/2026,2026,9,6,Monsoon,140.6,32.3,67.9,9377.2,9557.6,9455.1
Tamil Nadu,Virudhunagar,Thalavaipuram(Uzhavar Sandhai ),Onion,Bellary,Local,07/06/2026,2026,6,7,Monsoon,185.4,36.3,81.8,9997.1,10283.6,10148.6
Tamil Nadu,Virudhunagar,Thalavaipuram(Uzhavar Sandhai ),Onion,Bellary,Local,07/12/2025,2025,12,7,Winter,9.7,21.0,44.2,6067.9,6346.7,6200.4
Tamil Nadu,Virudhunagar,Thalavaipuram(Uzhavar Sandhai ),Onion,Bellary,Local,08/02/2026,2026,2,8,Winter,14.5,19.9,47.7,6032.9,6423.5,6192.8
Tamil Nadu,Virudhunagar,Thalavaipuram(Uzhavar Sandhai ),Onion,Bellary,Local,08/03/2026,2026,3,8,Summer,16.7,23.2,56.3,7883.8,8094.4,7994.4
Tamil Nadu,Virudhunagar,Thalavaipuram(Uzhavar Sandhai ),Onion,Bellary,Local,09/08/2026,2026,8,9,Monsoon,203.3,34.3,77.1,9260.3,9501.9,9394.9
Tamil Nadu,Virudhunagar,Thalavaipuram(Uzhavar Sandhai ),Onion,Bellary,Local,09/11/2025,2025,11,9,Post-Monsoon,45.9,21.6,51.0,6548.6,6860.4,6708.7
Tamil Nadu,Virudhunagar,Thalavaipuram(Uzhavar Sandhai ),Onion,Bellary,Local,10/05/2026,2026,5,10,Summer,19.1,34.3,48.5,6597.6,6730.5,6654.5
Tamil Nadu,Virudhunagar,Thalavaipuram(Uzhavar Sandhai ),Onion,Bellary,Local,11/01/2026,2026,1,11,Winter,1.6,18.9,40.2,6175.6,6293.6,6236.1
Tamil Nadu,Virudhunagar,Thalavaipuram(Uzhavar Sandhai ),Onion,Bellary,Local,12/04/2026,2026,4,12,Summer,1.5,27.3,47.0,6682.1,6894.1,6783.1
Tamil Nadu,Virudhunagar,Thalavaipuram(Uzhavar Sandhai ),Onion,Bellary,Local,12/07/2026,2026,7,12,Monsoon,168.8,32.6,70.0,9267.9,9642.3,9448.9
Tamil Nadu,Virudhunagar,Thalavaipuram(Uzhavar Sandhai ),Onion,Bellary,Local,12/10/2025,2025,10,12,Post-Monsoon,73.4,25.7,56.8,6982.7,7422.7,7193.5
Tamil Nadu,Virudhunagar,Thalavaipuram(Uzhavar Sandhai ),Onion,Bellary,Local,13/09/2026,2026,9,13,Monsoon,217.1,29.5,79.7,10299.7,10524.9,10426.8
Tamil Nadu,Virudhunagar,Thalavaipuram(Uzhavar Sandhai ),Onion,Bellary,Local,14/06/2026,2026,6,14,Monsoon,157.6,33.9,65.8,9336.6,9671.4,9463.9
Tamil Nadu,Virudhunagar,Thalavaipuram(Uzhavar Sandhai ),Onion,Bellary,Local,14/12/2025,2025,12,14,Winter,4.7,20.9,40.6,5882.0,6106.9,6026.4
Tamil Nadu,Virudhunagar,Thalavaipuram(Uzhavar Sandhai ),Onion,Bellary,Local,15/02/2026,2026,2,15,Winter,0.8,18.2,44.9,5488.9,5756.9,5611.6
Tamil Nadu,Virudhunagar,Thalavaipuram(Uzhavar Sandhai ),Onion,Bellary,Local,15/03/2026,2026,3,15,Summer,6.7,22.5,47.7,7220.8,7501.6,7358.5
Tamil Nadu,Virudhunagar,Thalavaipuram(Uzhavar Sandhai ),Onion,Bellary,Local,16/08/2026,2026,8,16,Monsoon,202.2,36.6,79.0,9922.2,10107.7,10043.9
Tamil Nadu,Virudhunagar,Thalavaipuram(Uzhavar Sandhai ),Onion,Bellary,Local,16/11/2025,2025,11,16,Post-Monsoon,62.1,23.6,52.2,6777.9,7060.0,6920.9
Tamil Nadu,Virudhunagar,Thalavaipuram(Uzhavar Sandhai ),Onion,Bellary,Local,17/05/2026,2026,5,17,Summer,14.8,31.7,42.4,6766.0,7147.0,6975.7
Tamil Nadu,Virudhunagar,Thalavaipuram(Uzhavar Sandhai ),Onion,Bellary,Local,18/01/2026,2026,1,18,Winter,13.9,17.0,54.4,5936.6,6291.9,6129.7
Tamil Nadu,Virudhunagar,Thalavaipuram(Uzhavar Sandhai ),Onion,Bellary,Local,19/04/2026,2026,4,19,Summer,8.9,27.5,41.1,7214.6,7602.2,7422.2
Tamil Nadu,Virudhunagar,Thalavaipuram(Uzhavar Sandhai ),Onion,Bellary,Local,19/07/2026,2026,7,19,Monsoon,99.2,33.6,60.5,8336.0,8712.7,8494.3
Tamil Nadu,Virudhunagar,Thalavaipuram(Uzhavar Sandhai ),Onion,Bellary,Local,19/10/2025,2025,10,19,Post-Monsoon,57.4,27.3,58.7,6449.8,6746.4,6568.1
Tamil Nadu,Virudhunagar,Thalavaipuram(Uzhavar Sandhai ),Onion,Bellary,Local,20/09/2026,2026,9,20,Monsoon,169.4,31.0,71.2,9817.9,10039.7,9946.1
Tamil Nadu,Virudhunagar,Thalavaipuram(Uzhavar Sandhai ),Onion,Bellary,Local,21/06/2026,2026,6,21,Monsoon,182.3,35.1,74.4,9330.5,9640.2,9456.1
Tamil Nadu,Virudhunagar,Thalavaipuram(Uzhavar Sandhai ),Onion,Bellary,Local,21/12/2025,2025,12,21,Winter,11.2,19.9,45.8,5953.2,6155.5,6077.7
Tamil Nadu,Virudhunagar,Thalavaipuram(Uzhavar Sandhai ),Onion,Bellary,Local,22/02/2026,2026,2,22,Winter,12.1,19.4,47.7,5803.1,6144.9,5957.8
Tamil Nadu,Virudhunagar,Thalavaipuram(Uzhavar Sandhai ),Onion,Bellary,Local,22/03/2026,2026,3,22,Summer,10.7,24.8,44.0,7096.6,7347.2,7223.7
Tamil Nadu,Virudhunagar,Thalavaipuram(Uzhavar Sandhai ),Onion,Bellary,Local,23/08/2026,2026,8,23,Monsoon,136.6,36.5,62.9,8971.9,9300.4,9154.9
Tamil Nadu,Virudhunagar,Thalavaipuram(Uzhavar Sandhai ),Onion,Bellary,Local,23/11/2025,2025,11,23,Post-Monsoon,72.2,25.2,59.4,6722.5,6830.0,6769.7
Tamil Nadu,Virudhunagar,Thalavaipuram(Uzhavar Sandhai ),Onion,Bellary,Local,24/05/2026,2026,5,24,Summer,4.8,28.8,47.5,6821.5,7065.2,6965.8
Tamil Nadu,Virudhunagar,Thalavaipuram(Uzhavar Sandhai ),Onion,Bellary,Local,25/01/2026,2026,1,25,Winter,19.7,17.5,47.8,5603.3,5834.9,5732.3
Tamil Nadu,Virudhunagar,Thalavaipuram(Uzhavar Sandhai ),Onion,Bellary,Local,26/04/2026,2026,4,26,Summer,4.3,29.2,51.3,6772.2,7156.7,6983.6
Tamil Nadu,Virudhunagar,Thalavaipuram(Uzhavar Sandhai ),Onion,Bellary,Local,26/07/2026,2026,7,26,Monsoon,100.4,37.1,66.0,8576.7,8831.3,8710.8
Tamil Nadu,Virudhunagar,Thalavaipuram(Uzhavar Sandhai ),Onion,Bellary,Local,26/10/2025,2025,10,26,Post-Monsoon,42.3,25.1,54.5,6438.4,6751.5,6612.7
Tamil Nadu,Virudhunagar,Thalavaipuram(Uzhavar Sandhai ),Onion,Bellary,Local,28/06/2026,2026,6,28,Monsoon,235.6,30.7,81.6,9699.4,9933.9,9801.3
Tamil Nadu,Virudhunagar,Thalavaipuram(Uzhavar Sandhai ),Onion,Bellary,Local,28/12/2025,2025,12,28,Winter,4.6,22.5,47.7,5773.6,6000.6,5875.0
Tamil Nadu,Virudhunagar,Thalavaipuram(Uzhavar Sandhai ),Onion,Bellary,Local,29/03/2026,2026,3,29,Summer,12.1,24.0,46.9,7265.6,7386.1,7325.3
Tamil Nadu,Virudhunagar,Thalavaipuram(Uzhavar Sandhai ),Onion,Bellary,Local,30/08/2026,2026,8,30,Monsoon,213.5,36.0,72.0,9543.7,9831.0,9685.2
Tamil Nadu,Virudhunagar,Thalavaipuram(Uzhavar Sandhai ),Onion,Bellary,Local,30/11/2025,2025,11,30,Post-Monsoon,74.8,23.1,59.8,6240.5,6425.4,6355.4
Tamil Nadu,Virudhunagar,Thalavaipuram(Uzhavar Sandhai ),Onion,Bellary,Local,31/05/2026,2026,5,31,Summer,7.0,31.6,46.5,7058.8,7399.0,7247.9
Uttarakhand,Dehradoon,Vikasnagar APMC,Onion,Other,FAQ,01/02/2026,2026,2,1,Winter,11.4,21.3,44.5,1945.4,2247.5,2110.7
Uttarakhand,Dehradoon,Vikasnagar APMC,Onion,Other,FAQ,01/03/2026,2026,3,1,Summer,4.6,23.0,46.9,2219.5,2334.9,2273.3
Uttarakhand,Dehradoon,Vikasnagar APMC,Onion,Other,FAQ,02/08/2026,2026,8,2,Monsoon,169.9,34.9,72.5,3120.4,3313.3,3233.9
Uttarakhand,Dehradoon,Vikasnagar APMC,Onion,Other,FAQ,02/11/2025,2025,11,2,Post-Monsoon,47.4,20.1,47.6,2021.5,2368.9,2207.7
Uttarakhand,Dehradoon,Vikasnagar APMC,Onion,Other,FAQ,03/05/2026,2026,5,3,Summer,9.6,31.0,47.1,2154.1,2453.8,2271.0
Uttarakhand,Dehradoon,Vikasnagar APMC,Onion,Other,FAQ,04/01/2026,2026,1,4,Winter,0.4,19.4,48.3,1917.6,2117.5,1996.2
Uttarakhand,Dehradoon,Vikasnagar APMC,Onion,Other,FAQ,05/04/2026,2026,4,5,Summer,3.3,26.4,47.6,2076.4,2277.5,2166.9
Uttarakhand,Dehradoon,Vikasnagar APMC,Onion,Other,FAQ,05/07/2026,2026,7,5,Monsoon,153.8,34.1,72.3,2958.7,3156.6,3060.2
Uttarakhand,Dehradoon,Vikasnagar APMC,Onion,Other,FAQ,05/10/2025,2025,10,5,Post-Monsoon,72.1,25.3,58.4,2106.1,2223.6,2154.6
Uttarakhand,Dehradoon,Vikasnagar APMC,Onion,Other,FAQ,06/09/2026,2026,9,6,Monsoon,152.8,30.4,66.4,2678.8,2825.4,2753.6
Uttarakhand,Dehradoon,Vikasnagar APMC,Onion,Other,FAQ,07/06/2026,2026,6,7,Monsoon,249.7,34.5,84.6,3171.8,3328.6,3238.5
Uttarakhand,Dehradoon,Vikasnagar APMC,Onion,Other,FAQ,07/12/2025,2025,12,7,Winter,17.3,19.2,45.4,1850.1,2206.2,1988.3
Uttarakhand,Dehradoon,Vikasnagar APMC,Onion,Other,FAQ,08/02/2026,2026,2,8,Winter,3.7,19.0,47.1,1905.0,2221.6,2034.0
Uttarakhand,Dehradoon,Vikasnagar APMC,Onion,Other,FAQ,08/03/2026,2026,3,8,Summer,11.1,21.3,47.9,2090.2,2401.0,2260.5
Uttarakhand,Dehradoon,Vikasnagar APMC,Onion,Other,FAQ,09/08/2026,2026,8,9,Monsoon,213.2,30.7,77.2,3195.1,3358.9,3296.4
Uttarakhand,Dehradoon,Vikasnagar APMC,Onion,Other,FAQ,09/11/2025,2025,11,9,Post-Monsoon,74.3,23.4,55.9,2038.2,2211.7,2109.7
Uttarakhand,Dehradoon,Vikasnagar APMC,Onion,Other,FAQ,10/05/2026,2026,5,10,Summer,16.5,31.4,46.2,2346.6,2642.2,2467.6
Uttarakhand,Dehradoon,Vikasnagar APMC,Onion,Other,FAQ,11/01/2026,2026,1,11,Winter,3.6,18.7,46.2,1938.0,2082.5,2008.6
Uttarakhand,Dehradoon,Vikasnagar APMC,Onion,Other,FAQ,12/04/2026,2026,4,12,Summer,19.1,27.1,49.9,2130.8,2359.6,2236.7
Uttarakhand,Dehradoon,Vikasnagar APMC,Onion,Other,FAQ,12/07/2026,2026,7,12,Monsoon,104.9,36.0,61.2,2752.4,2941.0,2860.5
Uttarakhand,Dehradoon,Vikasnagar APMC,Onion,Other,FAQ,12/10/2025,2025,10,12,Post-Monsoon,59.4,27.6,52.8,2103.4,2345.7,2222.8
Uttarakhand,Dehradoon,Vikasnagar APMC,Onion,Other,FAQ,13/09/2026,2026,9,13,Monsoon,159.1,30.5,71.6,2904.5,3079.7,3005.8
Uttarakhand,Dehradoon,Vikasnagar APMC,Onion,Other,FAQ,14/06/2026,2026,6,14,Monsoon,221.1,36.1,82.6,3058.4,3237.7,3151.1
Uttarakhand,Dehradoon,Vikasnagar APMC,Onion,Other,FAQ,14/12/2025,2025,12,14,Winter,13.0,18.6,42.5,1886.5,2109.0,2006.5
Uttarakhand,Dehradoon,Vikasnagar APMC,Onion,Other,FAQ,15/02/2026,2026,2,15,Winter,9.8,23.0,47.6,1821.2,1984.2,1894.1
Uttarakhand,Dehradoon,Vikasnagar APMC,Onion,Other,FAQ,15/03/2026,2026,3,15,Summer,2.4,22.4,52.2,2146.6,2512.0,2303.7
Uttarakhand,Dehradoon,Vikasnagar APMC,Onion,Other,FAQ,16/08/2026,2026,8,16,Monsoon,158.8,35.2,70.2,2841.6,3103.4,2979.9
Uttarakhand,Dehradoon,Vikasnagar APMC,Onion,Other,FAQ,16/11/2025,2025,11,16,Post-Monsoon,67.3,23.5,53.7,2100.8,2440.4,2253.0
Uttarakhand,Dehradoon,Vikasnagar APMC,Onion,Other,FAQ,17/05/2026,2026,5,17,Summer,17.3,29.9,46.1,2275.5,2374.9,2327.7
Uttarakhand,Dehradoon,Vikasnagar APMC,Onion,Other,FAQ,18/01/2026,2026,1,18,Winter,2.2,18.7,48.1,1914.2,2059.3,1989.0
Uttarakhand,Dehradoon,Vikasnagar APMC,Onion,Other,FAQ,19/04/2026,2026,4,19,Summer,0.1,27.9,48.2,2080.6,2485.6,2278.5
Uttarakhand,Dehradoon,Vikasnagar APMC,Onion,Other,FAQ,19/07/2026,2026,7,19,Monsoon,178.4,34.4,72.2,3052.5,3193.7,3118.0
Uttarakhand,Dehradoon,Vikasnagar APMC,Onion,Other,FAQ,19/10/2025,2025,10,19,Post-Monsoon,24.0,25.4,49.1,2022.2,2223.7,2134.7
Uttarakhand,Dehradoon,Vikasnagar APMC,Onion,Other,FAQ,20/09/2026,2026,9,20,Monsoon,172.5,31.2,68.6,3124.6,3236.9,3179.4
Uttarakhand,Dehradoon,Vikasnagar APMC,Onion,Other,FAQ,21/06/2026,2026,6,21,Monsoon,135.4,34.0,73.9,3038.9,3276.5,3147.3
Uttarakhand,Dehradoon,Vikasnagar APMC,Onion,Other,FAQ,21/12/2025,2025,12,21,Winter,14.2,19.2,49.1,1963.1,2114.9,2048.9
Uttarakhand,Dehradoon,Vikasnagar APMC,Onion,Other,FAQ,22/02/2026,2026,2,22,Winter,3.5,18.6,39.6,1661.4,1965.0,1815.2
Uttarakhand,Dehradoon,Vikasnagar APMC,Onion,Other,FAQ,22/03/2026,2026,3,22,Summer,20.0,22.7,46.3,2352.9,2554.8,2431.0
Uttarakhand,Dehradoon,Vikasnagar APMC,Onion,Other,FAQ,23/08/2026,2026,8,23,Monsoon,181.0,34.5,67.7,3110.8,3368.5,3268.3
Uttarakhand,Dehradoon,Vikasnagar APMC,Onion,Other,FAQ,23/11/2025,2025,11,23,Post-Monsoon,68.2,23.6,53.3,2068.4,2277.3,2166.1
Uttarakhand,Dehradoon,Vikasnagar APMC,Onion,Other,FAQ,24/05/2026,2026,5,24,Summer,6.5,30.0,45.0,2102.1,2497.0,2301.1
Uttarakhand,Dehradoon,Vikasnagar APMC,Onion,Other,FAQ,25/01/2026,2026,1,25,Winter,15.2,18.3,47.8,1868.9,2045.6,1941.9
Uttarakhand,Dehradoon,Vikasnagar APMC,Onion,Other,FAQ,26/04/2026,2026,4,26,Summer,5.3,29.6,46.3,2117.6,2350.6,2240.2
Uttarakhand,Dehradoon,Vikasnagar APMC,Onion,Other,FAQ,26/07/2026,2026,7,26,Monsoon,108.5,33.4,56.4,2650.4,3065.3,2847.0
Uttarakhand,Dehradoon,Vikasnagar APMC,Onion,Other,FAQ,26/10/2025,2025,10,26,Post-Monsoon,79.7,28.6,58.2,2023.9,2231.0,2099.5
Uttarakhand,Dehradoon,Vikasnagar APMC,Onion,Other,FAQ,28/06/2026,2026,6,28,Monsoon,203.9,32.3,82.2,2974.0,3294.3,3114.1
Uttarakhand,Dehradoon,Vikasnagar APMC,Onion,Other,FAQ,28/12/2025,2025,12,28,Winter,6.6,19.9,43.7,1901.6,2031.4,1972.7
Uttarakhand,Dehradoon,Vikasnagar APMC,Onion,Other,FAQ,29/03/2026,2026,3,29,Summer,6.7,23.6,49.7,2129.9,2445.8,2289.8
Uttarakhand,Dehradoon,Vikasnagar APMC,Onion,Other,FAQ,30/08/2026,2026,8,30,Monsoon,244.9,33.5,79.5,3200.1,3438.3,3292.1
Uttarakhand,Dehradoon,Vikasnagar APMC,Onion,Other,FAQ,30/11/2025,2025,11,30,Post-Monsoon,24.6,23.7,48.3,1973.3,2305.4,2152.6
Uttarakhand,Dehradoon,Vikasnagar APMC,Onion,Other,FAQ,31/05/2026,2026,5,31,Summer,17.7,31.6,45.8,2364.4,2494.8,2440.7
Uttarakhand,Haridwar,Roorkee APMC,Onion,Other,Medium,01/02/2026,2026,2,1,Winter,13.0,21.8,48.1,3372.2,3700.9,3494.2
Uttarakhand,Haridwar,Roorkee APMC,Onion,Other,Medium,01/03/2026,2026,3,1,Summer,16.5,22.3,45.7,4067.7,4377.8,4225.0
Uttarakhand,Haridwar,Roorkee APMC,Onion,Other,Medium,02/08/2026,2026,8,2,Monsoon,187.8,35.9,74.3,5405.4,5677.1,5524.2
Uttarakhand,Haridwar,Roorkee APMC,Onion,Other,Medium,02/11/2025,2025,11,2,Post-Monsoon,67.4,21.6,57.6,3467.2,3737.9,3585.7
Uttarakhand,Haridwar,Roorkee APMC,Onion,Other,Medium,03/05/2026,2026,5,3,Summer,4.4,29.8,48.9,3995.3,4289.1,4179.9
Uttarakhand,Haridwar,Roorkee APMC,Onion,Other,Medium,04/01/2026,2026,1,4,Winter,16.1,20.2,40.6,3623.5,3859.2,3761.1
Uttarakhand,Haridwar,Roorkee APMC,Onion,Other,Medium,05/04/2026,2026,4,5,Summer,4.0,27.8,47.2,4644.9,4929.3,4791.6
Uttarakhand,Haridwar,Roorkee APMC,Onion,Other,Medium,05/07/2026,2026,7,5,Monsoon,170.3,34.4,71.5,5688.1,5928.8,5802.6
Uttarakhand,Haridwar,Roorkee APMC,Onion,Other,Medium,05/10/2025,2025,10,5,Post-Monsoon,36.8,29.3,55.5,3881.5,4242.7,4079.4
Uttarakhand,Haridwar,Roorkee APMC,Onion,Other,Medium,06/09/2026,2026,9,6,Monsoon,222.0,30.7,83.4,5630.1,5952.3,5752.4
Uttarakhand,Haridwar,Roorkee APMC,Onion,Other,Medium,07/06/2026,2026,6,7,Monsoon,121.6,35.7,63.5,5142.3,5514.3,5308.5
Uttarakhand,Haridwar,Roorkee APMC,Onion,Other,Medium,07/12/2025,2025,12,7,Winter,13.7,17.3,51.6,3509.3,3751.2,3639.9
Uttarakhand,Haridwar,Roorkee APMC,Onion,Other,Medium,08/02/2026,2026,2,8,Winter,1.6,21.8,40.5,3270.0,3600.9,3477.0
Uttarakhand,Haridwar,Roorkee APMC,Onion,Other,Medium,08/03/2026,2026,3,8,Summer,4.1,22.7,46.4,4276.3,4430.6,4363.4
Uttarakhand,Haridwar,Roorkee APMC,Onion,Other,Medium,09/08/2026,2026,8,9,Monsoon,117.6,32.5,62.8,5584.7,5817.3,5685.8
Uttarakhand,Haridwar,Roorkee APMC,Onion,Other,Medium,09/11/2025,2025,11,9,Post-Monsoon,68.8,23.8,54.8,3654.2,3971.3,3794.0
Uttarakhand,Haridwar,Roorkee APMC,Onion,Other,Medium,10/05/2026,2026,5,10,Summer,7.9,28.3,51.6,4029.1,4262.9,4156.7
Uttarakhand,Haridwar,Roorkee APMC,Onion,Other,Medium,11/01/2026,2026,1,11,Winter,8.3,17.2,42.3,3436.5,3730.4,3571.7
Uttarakhand,Haridwar,Roorkee APMC,Onion,Other,Medium,12/04/2026,2026,4,12,Summer,19.9,26.5,49.0,3909.1,4306.7,4097.1
Uttarakhand,Haridwar,Roorkee APMC,Onion,Other,Medium,12/07/2026,2026,7,12,Monsoon,134.8,36.4,65.3,5332.1,5612.6,5487.2
Uttarakhand,Haridwar,Roorkee APMC,Onion,Other,Medium,12/10/2025,2025,10,12,Post-Monsoon,66.8,25.6,53.2,4092.7,4263.2,4193.6
Uttarakhand,Haridwar,Roorkee APMC,Onion,Other,Medium,13/09/2026,2026,9,13,Monsoon,144.3,30.7,67.8,5487.7,5762.0,5624.0
Uttarakhand,Haridwar,Roorkee APMC,Onion,Other,Medium,14/06/2026,2026,6,14,Monsoon,119.3,34.6,64.0,5385.4,5569.8,5490.1
Uttarakhand,Haridwar,Roorkee APMC,Onion,Other,Medium,14/12/2025,2025,12,14,Winter,14.1,20.0,48.4,3461.9,3645.1,3550.3
Uttarakhand,Haridwar,Roorkee APMC,Onion,Other,Medium,15/02/2026,2026,2,15,Winter,17.9,20.3,50.0,3573.7,3739.7,3678.0
Uttarakhand,Haridwar,Roorkee APMC,Onion,Other,Medium,15/03/2026,2026,3,15,Summer,13.2,23.5,51.5,4027.6,4217.9,4093.1
Uttarakhand,Haridwar,Roorkee APMC,Onion,Other,Medium,16/08/2026,2026,8,16,Monsoon,171.7,35.0,71.5,5203.8,5501.3,5357.7
Uttarakhand,Haridwar,Roorkee APMC,Onion,Other,Medium,16/11/2025,2025,11,16,Post-Monsoon,76.4,23.3,56.6,3514.7,3823.7,3628.2
Uttarakhand,Haridwar,Roorkee APMC,Onion,Other,Medium,17/05/2026,2026,5,17,Summer,18.9,31.0,45.5,4277.6,4430.5,4369.8
Uttarakhand,Haridwar,Roorkee APMC,Onion,Other,Medium,18/01/2026,2026,1,18,Winter,6.2,17.4,44.3,3346.6,3670.4,3534.3
Uttarakhand,Haridwar,Roorkee APMC,Onion,Other,Medium,19/04/2026,2026,4,19,Summer,6.7,28.1,44.7,4392.1,4577.5,4490.6
Uttarakhand,Haridwar,Roorkee APMC,Onion,Other,Medium,19/07/2026,2026,7,19,Monsoon,187.9,34.7,73.9,5424.6,5781.8,5607.8
Uttarakhand,Haridwar,Roorkee APMC,Onion,Other,Medium,19/10/2025,2025,10,19,Post-Monsoon,37.8,25.5,50.9,3744.1,4081.5,3927.1
Uttarakhand,Haridwar,Roorkee APMC,Onion,Other,Medium,20/09/2026,2026,9,20,Monsoon,181.2,31.0,74.3,5513.6,5747.1,5601.8
Uttarakhand,Haridwar,Roorkee APMC,Onion,Other,Medium,21/06/2026,2026,6,21,Monsoon,170.2,35.1,76.8,5795.7,6067.3,5961.0
Uttarakhand,Haridwar,Roorkee APMC,Onion,Other,Medium,21/12/2025,2025,12,21,Winter,13.1,19.3,50.1,3433.3,3719.1,3595.2
Uttarakhand,Haridwar,Roorkee APMC,Onion,Other,Medium,22/02/2026,2026,2,22,Winter,17.7,18.4,52.2,3614.0,3867.1,3736.8
Uttarakhand,Haridwar,Roorkee APMC,Onion,Other,Medium,22/03/2026,2026,3,22,Summer,0.3,22.4,46.2,4286.4,4489.7,4399.2
Uttarakhand,Haridwar,Roorkee APMC,Onion,Other,Medium,23/08/2026,2026,8,23,Monsoon,204.8,34.4,79.4,6057.1,6280.4,6161.4
Uttarakhand,Haridwar,Roorkee APMC,Onion,Other,Medium,23/11/2025,2025,11,23,Post-Monsoon,60.3,21.3,51.9,3959.5,4099.0,4035.6
Uttarakhand,Haridwar,Roorkee APMC,Onion,Other,Medium,24/05/2026,2026,5,24,Summer,5.0,33.1,54.6,3909.1,4199.5,4051.9
Uttarakhand,Haridwar,Roorkee APMC,Onion,Other,Medium,25/01/2026,2026,1,25,Winter,5.4,19.0,50.2,3299.9,3521.9,3408.7
Uttarakhand,Haridwar,Roorkee APMC,Onion,Other,Medium,26/04/2026,2026,4,26,Summer,5.4,25.8,51.7,4138.5,4284.3,4213.6
Uttarakhand,Haridwar,Roorkee APMC,Onion,Other,Medium,26/07/2026,2026,7,26,Monsoon,180.8,35.0,73.9,5022.2,5286.2,5161.9
Uttarakhand,Haridwar,Roorkee APMC,Onion,Other,Medium,26/10/2025,2025,10,26,Post-Monsoon,48.5,25.4,49.1,3811.0,3993.3,3911.3
Uttarakhand,Haridwar,Roorkee APMC,Onion,Other,Medium,28/06/2026,2026,6,28,Monsoon,157.7,32.0,73.3,5238.3,5488.3,5390.1
Uttarakhand,Haridwar,Roorkee APMC,Onion,Other,Medium,28/12/2025,2025,12,28,Winter,5.5,21.0,43.0,3780.6,4062.0,3956.0
Uttarakhand,Haridwar,Roorkee APMC,Onion,Other,Medium,29/03/2026,2026,3,29,Summer,7.3,22.4,42.4,4322.6,4538.9,4445.8
Uttarakhand,Haridwar,Roorkee APMC,Onion,Other,Medium,30/08/2026,2026,8,30,Monsoon,134.0,33.5,64.0,5015.8,5316.6,5170.9
Uttarakhand,Haridwar,Roorkee APMC,Onion,Other,Medium,30/11/2025,2025,11,30,Post-Monsoon,68.9,21.7,57.6,3519.4,3729.7,3645.2
Uttarakhand,Haridwar,Roorkee APMC,Onion,Other,Medium,31/05/2026,2026,5,31,Summer,10.7,32.1,46.1,4134.0,4270.2,4219.6
West Bengal,Medinipur(E),Tamluk (Medinipur E) APMC,Onion,Onion,FAQ,01/02/2026,2026,2,1,Winter,10.2,19.6,43.7,3726.5,4008.4,3908.2
West Bengal,Medinipur(E),Tamluk (Medinipur E) APMC,Onion,Onion,FAQ,01/03/2026,2026,3,1,Summer,10.0,22.3,52.1,4368.6,4560.5,4468.9
West Bengal,Medinipur(E),Tamluk (Medinipur E) APMC,Onion,Onion,FAQ,02/08/2026,2026,8,2,Monsoon,221.7,32.7,78.4,6365.4,6636.6,6505.3
West Bengal,Medinipur(E),Tamluk (Medinipur E) APMC,Onion,Onion,FAQ,02/11/2025,2025,11,2,Post-Monsoon,59.4,22.1,54.1,4256.3,4533.0,4383.2
West Bengal,Medinipur(E),Tamluk (Medinipur E) APMC,Onion,Onion,FAQ,03/05/2026,2026,5,3,Summer,8.9,30.0,44.3,4325.4,4619.5,4476.9
West Bengal,Medinipur(E),Tamluk (Medinipur E) APMC,Onion,Onion,FAQ,04/01/2026,2026,1,4,Winter,1.6,18.0,48.8,4012.5,4167.1,4084.5
West Bengal,Medinipur(E),Tamluk (Medinipur E) APMC,Onion,Onion,FAQ,05/04/2026,2026,4,5,Summer,5.0,29.1,46.0,4177.9,4378.5,4282.4
West Bengal,Medinipur(E),Tamluk (Medinipur E) APMC,Onion,Onion,FAQ,05/07/2026,2026,7,5,Monsoon,118.9,35.5,66.5,5818.4,6128.6,5982.9
West Bengal,Medinipur(E),Tamluk (Medinipur E) APMC,Onion,Onion,FAQ,05/10/2025,2025,10,5,Post-Monsoon,38.9,27.3,48.4,4304.6,4533.2,4420.7
West Bengal,Medinipur(E),Tamluk (Medinipur E) APMC,Onion,Onion,FAQ,06/09/2026,2026,9,6,Monsoon,155.2,30.1,63.7,6530.3,6787.3,6629.8
West Bengal,Medinipur(E),Tamluk (Medinipur E) APMC,Onion,Onion,FAQ,07/06/2026,2026,6,7,Monsoon,163.5,32.3,73.2,6453.2,6596.4,6521.0
West Bengal,Medinipur(E),Tamluk (Medinipur E) APMC,Onion,Onion,FAQ,07/12/2025,2025,12,7,Winter,14.0,20.3,45.0,3855.5,4059.8,3950.5
West Bengal,Medinipur(E),Tamluk (Medinipur E) APMC,Onion,Onion,FAQ,08/02/2026,2026,2,8,Winter,11.3,18.9,49.9,3992.7,4346.2,4149.0
West Bengal,Medinipur(E),Tamluk (Medinipur E) APMC,Onion,Onion,FAQ,08/03/2026,2026,3,8,Summer,18.7,23.3,47.4,4631.5,4843.6,4757.3
West Bengal,Medinipur(E),Tamluk (Medinipur E) APMC,Onion,Onion,FAQ,09/08/2026,2026,8,9,Monsoon,174.5,34.6,72.6,5824.1,6075.3,5945.9
West Bengal,Medinipur(E),Tamluk (Medinipur E) APMC,Onion,Onion,FAQ,09/11/2025,2025,11,9,Post-Monsoon,74.9,24.9,58.8,4155.0,4430.5,4292.4
West Bengal,Medinipur(E),Tamluk (Medinipur E) APMC,Onion,Onion,FAQ,10/05/2026,2026,5,10,Summer,10.7,32.8,49.5,4742.6,5042.2,4923.4
West Bengal,Medinipur(E),Tamluk (Medinipur E) APMC,Onion,Onion,FAQ,11/01/2026,2026,1,11,Winter,6.6,17.8,40.7,3996.3,4275.3,4135.0
West Bengal,Medinipur(E),Tamluk (Medinipur E) APMC,Onion,Onion,FAQ,12/04/2026,2026,4,12,Summer,18.5,25.5,49.7,4505.9,4805.6,4680.3
West Bengal,Medinipur(E),Tamluk (Medinipur E) APMC,Onion,Onion,FAQ,12/07/2026,2026,7,12,Monsoon,239.5,39.3,84.8,6456.2,6740.1,6596.3
West Bengal,Medinipur(E),Tamluk (Medinipur E) APMC,Onion,Onion,FAQ,12/10/2025,2025,10,12,Post-Monsoon,25.5,25.3,49.8,4134.2,4302.3,4240.3
West Bengal,Medinipur(E),Tamluk (Medinipur E) APMC,Onion,Onion,FAQ,13/09/2026,2026,9,13,Monsoon,208.3,31.5,78.7,6055.3,6437.9,6269.1
West Bengal,Medinipur(E),Tamluk (Medinipur E) APMC,Onion,Onion,FAQ,14/06/2026,2026,6,14,Monsoon,244.5,31.8,83.0,6651.2,6841.9,6738.9
West Bengal,Medinipur(E),Tamluk (Medinipur E) APMC,Onion,Onion,FAQ,14/12/2025,2025,12,14,Winter,1.0,21.8,50.3,3998.4,4294.3,4147.2
West Bengal,Medinipur(E),Tamluk (Medinipur E) APMC,Onion,Onion,FAQ,15/02/2026,2026,2,15,Winter,3.3,19.2,44.3,3781.4,3934.4,3873.4
West Bengal,Medinipur(E),Tamluk (Medinipur E) APMC,Onion,Onion,FAQ,15/03/2026,2026,3,15,Summer,11.8,24.5,50.8,4710.5,5089.0,4868.5
West Bengal,Medinipur(E),Tamluk (Medinipur E) APMC,Onion,Onion,FAQ,16/08/2026,2026,8,16,Monsoon,242.7,35.1,84.8,7047.7,7184.0,7104.6
West Bengal,Medinipur(E),Tamluk (Medinipur E) APMC,Onion,Onion,FAQ,16/11/2025,2025,11,16,Post-Monsoon,33.8,22.5,49.6,4343.4,4483.8,4418.2
West Bengal,Medinipur(E),Tamluk (Medinipur E) APMC,Onion,Onion,FAQ,17/05/2026,2026,5,17,Summer,7.9,30.2,46.6,4559.3,4688.8,4618.3
West Bengal,Medinipur(E),Tamluk (Medinipur E) APMC,Onion,Onion,FAQ,18/01/2026,2026,1,18,Winter,16.6,19.3,50.9,3990.7,4267.4,4151.9
West Bengal,Medinipur(E),Tamluk (Medinipur E) APMC,Onion,Onion,FAQ,19/04/2026,2026,4,19,Summer,14.1,24.1,46.6,4755.6,5018.2,4884.9
West Bengal,Medinipur(E),Tamluk (Medinipur E) APMC,Onion,Onion,FAQ,19/07/2026,2026,7,19,Monsoon,233.7,34.5,85.9,6267.7,6545.7,6394.1
West Bengal,Medinipur(E),Tamluk (Medinipur E) APMC,Onion,Onion,FAQ,19/10/2025,2025,10,19,Post-Monsoon,66.9,24.5,58.8,4287.8,4597.6,4424.8
West Bengal,Medinipur(E),Tamluk (Medinipur E) APMC,Onion,Onion,FAQ,20/09/2026,2026,9,20,Monsoon,90.0,30.7,54.1,5662.9,6043.5,5827.8
West Bengal,Medinipur(E),Tamluk (Medinipur E) APMC,Onion,Onion,FAQ,21/06/2026,2026,6,21,Monsoon,211.7,33.4,77.2,6400.1,6667.0,6513.5
West Bengal,Medinipur(E),Tamluk (Medinipur E) APMC,Onion,Onion,FAQ,21/12/2025,2025,12,21,Winter,2.6,21.0,41.4,3646.2,3897.4,3784.1
West Bengal,Medinipur(E),Tamluk (Medinipur E) APMC,Onion,Onion,FAQ,22/02/2026,2026,2,22,Winter,0.9,21.1,46.8,4172.9,4357.8,4247.8
West Bengal,Medinipur(E),Tamluk (Medinipur E) APMC,Onion,Onion,FAQ,22/03/2026,2026,3,22,Summer,0.4,24.6,44.8,4510.1,4786.6,4613.4
West Bengal,Medinipur(E),Tamluk (Medinipur E) APMC,Onion,Onion,FAQ,23/08/2026,2026,8,23,Monsoon,147.3,35.3,69.2,6179.1,6526.0,6398.4
West Bengal,Medinipur(E),Tamluk (Medinipur E) APMC,Onion,Onion,FAQ,23/11/2025,2025,11,23,Post-Monsoon,45.0,21.3,54.1,4455.1,4734.0,4578.8
West Bengal,Medinipur(E),Tamluk (Medinipur E) APMC,Onion,Onion,FAQ,24/05/2026,2026,5,24,Summer,9.3,29.6,39.4,4388.5,4617.2,4500.7
West Bengal,Medinipur(E),Tamluk (Medinipur E) APMC,Onion,Onion,FAQ,25/01/2026,2026,1,25,Winter,16.2,22.0,49.6,4037.6,4189.8,4113.0
West Bengal,Medinipur(E),Tamluk (Medinipur E) APMC,Onion,Onion,FAQ,26/04/2026,2026,4,26,Summer,0.5,28.6,46.0,4486.4,4733.6,4591.8
West Bengal,Medinipur(E),Tamluk (Medinipur E) APMC,Onion,Onion,FAQ,26/07/2026,2026,7,26,Monsoon,176.1,33.6,75.1,6079.0,6397.7,6248.0
West Bengal,Medinipur(E),Tamluk (Medinipur E) APMC,Onion,Onion,FAQ,26/10/2025,2025,10,26,Post-Monsoon,23.6,28.9,54.3,4293.8,4429.2,4380.1
West Bengal,Medinipur(E),Tamluk (Medinipur E) APMC,Onion,Onion,FAQ,28/06/2026,2026,6,28,Monsoon,155.5,34.5,72.6,5892.9,6079.3,5977.5
West Bengal,Medinipur(E),Tamluk (Medinipur E) APMC,Onion,Onion,FAQ,28/12/2025,2025,12,28,Winter,9.3,21.2,46.0,4036.2,4231.1,4131.7
West Bengal,Medinipur(E),Tamluk (Medinipur E) APMC,Onion,Onion,FAQ,29/03/2026,2026,3,29,Summer,12.9,23.6,49.7,4437.2,4670.3,4540.3
West Bengal,Medinipur(E),Tamluk (Medinipur E) APMC,Onion,Onion,FAQ,30/08/2026,2026,8,30,Monsoon,147.1,32.1,71.7,6039.6,6430.4,6249.8
West Bengal,Medinipur(E),Tamluk (Medinipur E) APMC,Onion,Onion,FAQ,30/11/2025,2025,11,30,Post-Monsoon,65.9,22.1,51.2,4466.1,4629.4,4547.3
West Bengal,Medinipur(E),Tamluk (Medinipur E) APMC,Onion,Onion,FAQ,31/05/2026,2026,5,31,Summer,12.3,33.1,52.4,4505.5,4788.1,4662.5
